bid_id,tender_id,project_id,contractor_id,bid_amount,submission_date,eligibility_status,technical_score,financial_rank,bid_status
BID-000001,TND-00001,MPLADS-SYN-0001,CON-001,724648.51,2026-02-17,Eligible,78.54,1,Selected
BID-000002,TND-00001,MPLADS-SYN-0001,CON-005,830710.93,2026-02-17,Eligible,81.32,5,Not Selected
BID-000003,TND-00001,MPLADS-SYN-0001,CON-003,901401.15,2026-02-17,Eligible,69.21,6,Not Selected
BID-000004,TND-00001,MPLADS-SYN-0001,CON-004,751582.7,2026-02-17,Ineligible,,,Ineligible
BID-000005,TND-00001,MPLADS-SYN-0001,CON-006,763299.39,2026-02-17,Eligible,64.28,3,Not Selected
BID-000006,TND-00001,MPLADS-SYN-0001,CON-002,781784.32,2026-02-17,Eligible,73.24,4,Not Selected
BID-000007,TND-00001,MPLADS-SYN-0001,CON-007,762751.36,2026-02-17,Eligible,89.25,2,Not Selected
BID-000008,TND-00002,MPLADS-SYN-0002,CON-002,1989335.55,2026-05-06,Eligible,65.93,3,Not Selected
BID-000009,TND-00002,MPLADS-SYN-0002,CON-003,2260346.5,2026-05-06,Eligible,64.27,4,Not Selected
BID-000010,TND-00002,MPLADS-SYN-0002,CON-006,1891359.56,2026-05-06,Eligible,93.01,2,Not Selected
BID-000011,TND-00002,MPLADS-SYN-0002,CON-005,2310523.34,2026-05-06,Eligible,73.04,6,Not Selected
BID-000012,TND-00002,MPLADS-SYN-0002,CON-004,2301843.72,2026-05-06,Eligible,77.1,5,Not Selected
BID-000013,TND-00002,MPLADS-SYN-0002,CON-007,1873954.59,2026-05-06,Eligible,88.12,1,Not Selected
BID-000014,TND-00003,MPLADS-SYN-0003,CON-002,674432.71,2026-01-26,Ineligible,,,Not Selected
BID-000015,TND-00003,MPLADS-SYN-0003,CON-004,671112.58,2026-01-26,Eligible,86.55,1,Not Selected
BID-000016,TND-00004,MPLADS-SYN-0004,CON-001,1779058.37,2026-06-06,Eligible,60.72,4,Submitted
BID-000017,TND-00004,MPLADS-SYN-0004,CON-005,1760306.81,2026-06-06,Ineligible,,,Submitted
BID-000018,TND-00004,MPLADS-SYN-0004,CON-002,1806664.55,2026-06-06,Eligible,78.42,6,Under Evaluation
BID-000019,TND-00004,MPLADS-SYN-0004,CON-006,1648806.39,2026-06-06,Eligible,67.56,3,Submitted
BID-000020,TND-00004,MPLADS-SYN-0004,CON-003,1801301.44,2026-06-06,Eligible,69.4,5,Submitted
BID-000021,TND-00004,MPLADS-SYN-0004,CON-004,1620883.84,2026-06-06,Eligible,74.95,2,Under Evaluation
BID-000022,TND-00004,MPLADS-SYN-0004,CON-007,1467264.67,2026-06-06,Eligible,73.37,1,Not Selected
BID-000023,TND-00005,MPLADS-SYN-0005,CON-005,1131362.92,2026-02-14,Eligible,83.78,1,Not Selected
BID-000024,TND-00005,MPLADS-SYN-0005,CON-002,1240816.41,2026-02-14,Eligible,95.88,2,Not Selected
BID-000025,TND-00005,MPLADS-SYN-0005,CON-007,1261243.76,2026-02-14,Eligible,65.76,3,Not Selected
BID-000026,TND-00006,MPLADS-SYN-0006,CON-007,636943.77,2026-07-25,Eligible,92.78,1,Not Selected
BID-000027,TND-00006,MPLADS-SYN-0006,CON-005,667619.71,2026-07-25,Eligible,76.34,2,Not Selected
BID-000028,TND-00006,MPLADS-SYN-0006,CON-001,775620.38,2026-07-25,Eligible,84.94,6,Not Selected
BID-000029,TND-00006,MPLADS-SYN-0006,CON-003,713671.97,2026-07-25,Eligible,72.06,4,Not Selected
BID-000030,TND-00006,MPLADS-SYN-0006,CON-002,712321.25,2026-07-25,Eligible,67.0,3,Not Selected
BID-000031,TND-00006,MPLADS-SYN-0006,CON-004,763114.05,2026-07-25,Eligible,87.63,5,Not Selected
BID-000032,TND-00006,MPLADS-SYN-0006,CON-006,749778.3,2026-07-25,Ineligible,,,Ineligible
BID-000033,TND-00007,MPLADS-SYN-0007,CON-007,1765673.08,2026-03-29,Eligible,65.0,4,Not Selected
BID-000034,TND-00007,MPLADS-SYN-0007,CON-003,1447568.75,2026-03-29,Eligible,83.01,2,Not Selected
BID-000035,TND-00007,MPLADS-SYN-0007,CON-006,1695222.95,2026-03-29,Eligible,68.77,3,Not Selected
BID-000036,TND-00007,MPLADS-SYN-0007,CON-002,1447520.7,2026-03-29,Eligible,86.15,1,Not Selected
BID-000037,TND-00008,MPLADS-SYN-0008,CON-004,473923.53,2026-02-27,Eligible,66.99,1,Not Selected
BID-000038,TND-00008,MPLADS-SYN-0008,CON-005,463963.89,2026-02-27,Ineligible,,,Ineligible
BID-000039,TND-00009,MPLADS-SYN-0009,CON-001,2610367.01,2026-07-03,Eligible,96.11,3,Not Selected
BID-000040,TND-00009,MPLADS-SYN-0009,CON-002,2164476.14,2026-07-03,Eligible,88.8,2,Not Selected
BID-000041,TND-00009,MPLADS-SYN-0009,CON-007,2071016.45,2026-07-03,Eligible,92.95,1,Selected
BID-000042,TND-00010,MPLADS-SYN-0010,CON-004,2202067.95,2026-03-29,Eligible,74.98,1,Not Selected
BID-000043,TND-00010,MPLADS-SYN-0010,CON-003,2527548.55,2026-03-29,Eligible,79.78,4,Not Selected
BID-000044,TND-00010,MPLADS-SYN-0010,CON-002,2243562.59,2026-03-29,Eligible,93.36,2,Not Selected
BID-000045,TND-00010,MPLADS-SYN-0010,CON-001,2123632.86,2026-03-29,Ineligible,,,Ineligible
BID-000046,TND-00010,MPLADS-SYN-0010,CON-006,2553581.35,2026-03-29,Eligible,81.19,5,Not Selected
BID-000047,TND-00010,MPLADS-SYN-0010,CON-007,2281143.79,2026-03-29,Eligible,67.21,3,Not Selected
BID-000048,TND-00011,MPLADS-SYN-0011,CON-004,746416.41,2026-05-16,Eligible,91.54,4,Under Evaluation
BID-000049,TND-00011,MPLADS-SYN-0011,CON-007,702934.9,2026-05-16,Eligible,89.59,3,Submitted
BID-000050,TND-00011,MPLADS-SYN-0011,CON-006,791656.25,2026-05-16,Eligible,75.72,6,Under Evaluation
BID-000051,TND-00011,MPLADS-SYN-0011,CON-003,702786.67,2026-05-16,Eligible,82.43,2,Under Evaluation
BID-000052,TND-00011,MPLADS-SYN-0011,CON-002,750555.78,2026-05-16,Eligible,63.43,5,Under Evaluation
BID-000053,TND-00011,MPLADS-SYN-0011,CON-001,679643.65,2026-05-16,Eligible,87.86,1,Not Selected
BID-000054,TND-00012,MPLADS-SYN-0012,CON-001,3142652.08,2026-05-30,Eligible,66.16,4,Not Selected
BID-000055,TND-00012,MPLADS-SYN-0012,CON-005,2809101.34,2026-05-30,Eligible,75.94,2,Not Selected
BID-000056,TND-00012,MPLADS-SYN-0012,CON-006,2939793.26,2026-05-30,Ineligible,,,Ineligible
BID-000057,TND-00012,MPLADS-SYN-0012,CON-007,2923358.58,2026-05-30,Eligible,64.47,3,Not Selected
BID-000058,TND-00012,MPLADS-SYN-0012,CON-002,2798770.04,2026-05-30,Eligible,60.13,1,Not Selected
BID-000059,TND-00012,MPLADS-SYN-0012,CON-004,3301076.18,2026-05-30,Eligible,77.43,5,Not Selected
BID-000060,TND-00012,MPLADS-SYN-0012,CON-003,3372413.26,2026-05-30,Eligible,83.1,6,Not Selected
BID-000061,TND-00013,MPLADS-SYN-0013,CON-004,3073871.2,2026-07-06,Eligible,65.63,6,Submitted
BID-000062,TND-00013,MPLADS-SYN-0013,CON-002,2948758.93,2026-07-06,Eligible,92.45,3,Submitted
BID-000063,TND-00013,MPLADS-SYN-0013,CON-005,2958739.98,2026-07-06,Eligible,94.97,4,Under Evaluation
BID-000064,TND-00013,MPLADS-SYN-0013,CON-001,2509170.32,2026-07-06,Ineligible,,,Submitted
BID-000065,TND-00013,MPLADS-SYN-0013,CON-003,2590871.38,2026-07-06,Eligible,85.12,1,Not Selected
BID-000066,TND-00013,MPLADS-SYN-0013,CON-006,2982638.56,2026-07-06,Eligible,88.47,5,Under Evaluation
BID-000067,TND-00013,MPLADS-SYN-0013,CON-007,2735537.24,2026-07-06,Eligible,89.2,2,Submitted
BID-000068,TND-00014,MPLADS-SYN-0014,CON-003,2589054.79,2026-02-11,Eligible,80.03,1,Under Evaluation
BID-000069,TND-00014,MPLADS-SYN-0014,CON-007,2874803.35,2026-02-11,Eligible,62.21,3,Not Selected
BID-000070,TND-00014,MPLADS-SYN-0014,CON-006,2909026.38,2026-02-11,Eligible,87.51,4,Under Evaluation
BID-000071,TND-00014,MPLADS-SYN-0014,CON-001,2933499.9,2026-02-11,Eligible,83.14,5,Under Evaluation
BID-000072,TND-00014,MPLADS-SYN-0014,CON-004,2722327.87,2026-02-11,Eligible,83.34,2,Submitted
BID-000073,TND-00015,MPLADS-SYN-0015,CON-004,1417462.54,2026-05-21,Eligible,60.06,3,Selected
BID-000074,TND-00015,MPLADS-SYN-0015,CON-006,1181275.45,2026-05-21,Eligible,88.02,1,Not Selected
BID-000075,TND-00015,MPLADS-SYN-0015,CON-005,1244529.14,2026-05-21,Ineligible,,,Ineligible
BID-000076,TND-00015,MPLADS-SYN-0015,CON-002,1315844.19,2026-05-21,Eligible,73.29,2,Not Selected
BID-000077,TND-00016,MPLADS-SYN-0016,CON-006,1876600.47,2026-01-20,Eligible,91.62,4,Not Selected
BID-000078,TND-00016,MPLADS-SYN-0016,CON-002,1635277.09,2026-01-20,Eligible,95.05,1,Not Selected
BID-000079,TND-00016,MPLADS-SYN-0016,CON-005,1764994.26,2026-01-20,Ineligible,,,Ineligible
BID-000080,TND-00016,MPLADS-SYN-0016,CON-001,1909750.74,2026-01-20,Eligible,78.3,5,Not Selected
BID-000081,TND-00016,MPLADS-SYN-0016,CON-003,1832376.22,2026-01-20,Eligible,77.57,3,Not Selected
BID-000082,TND-00016,MPLADS-SYN-0016,CON-007,1917445.81,2026-01-20,Eligible,91.73,6,Not Selected
BID-000083,TND-00016,MPLADS-SYN-0016,CON-004,1683201.4,2026-01-20,Eligible,81.1,2,Not Selected
BID-000084,TND-00017,MPLADS-SYN-0017,CON-001,979576.31,2026-03-09,Eligible,96.85,2,Submitted
BID-000085,TND-00017,MPLADS-SYN-0017,CON-005,966120.76,2026-03-09,Eligible,97.38,1,Under Evaluation
BID-000086,TND-00018,MPLADS-SYN-0018,CON-005,565737.54,2026-07-18,Eligible,68.21,4,Not Selected
BID-000087,TND-00018,MPLADS-SYN-0018,CON-006,555347.74,2026-07-18,Eligible,74.22,3,Not Selected
BID-000088,TND-00018,MPLADS-SYN-0018,CON-004,515609.26,2026-07-18,Eligible,94.71,1,Not Selected
BID-000089,TND-00018,MPLADS-SYN-0018,CON-003,576566.11,2026-07-18,Eligible,90.36,5,Not Selected
BID-000090,TND-00018,MPLADS-SYN-0018,CON-007,645743.37,2026-07-18,Eligible,67.23,6,Not Selected
BID-000091,TND-00018,MPLADS-SYN-0018,CON-001,648545.52,2026-07-18,Eligible,89.47,7,Not Selected
BID-000092,TND-00018,MPLADS-SYN-0018,CON-002,531494.26,2026-07-18,Eligible,91.24,2,Selected
BID-000093,TND-00019,MPLADS-SYN-0019,CON-007,997566.77,2026-03-19,Eligible,71.82,5,Submitted
BID-000094,TND-00019,MPLADS-SYN-0019,CON-005,835177.27,2026-03-19,Eligible,77.74,1,Under Evaluation
BID-000095,TND-00019,MPLADS-SYN-0019,CON-001,835688.89,2026-03-19,Eligible,81.95,2,Submitted
BID-000096,TND-00019,MPLADS-SYN-0019,CON-006,900194.65,2026-03-19,Eligible,67.62,4,Under Evaluation
BID-000097,TND-00019,MPLADS-SYN-0019,CON-004,893992.59,2026-03-19,Eligible,85.5,3,Under Evaluation
BID-000098,TND-00020,MPLADS-SYN-0020,CON-002,4571853.09,2026-07-11,Eligible,62.71,3,Submitted
BID-000099,TND-00020,MPLADS-SYN-0020,CON-001,4364423.39,2026-07-11,Eligible,76.86,2,Not Selected
BID-000100,TND-00020,MPLADS-SYN-0020,CON-007,3838955.48,2026-07-11,Ineligible,,,Not Selected
BID-000101,TND-00020,MPLADS-SYN-0020,CON-004,3752370.91,2026-07-11,Ineligible,,,Submitted
BID-000102,TND-00020,MPLADS-SYN-0020,CON-005,3791155.04,2026-07-11,Ineligible,,,Submitted
BID-000103,TND-00020,MPLADS-SYN-0020,CON-003,4463836.88,2026-07-11,Ineligible,,,Not Selected
BID-000104,TND-00020,MPLADS-SYN-0020,CON-006,4084241.44,2026-07-11,Eligible,87.09,1,Submitted
BID-000105,TND-00021,MPLADS-SYN-0021,CON-005,1309843.57,2026-07-02,Ineligible,,,Submitted
BID-000106,TND-00021,MPLADS-SYN-0021,CON-004,1445844.06,2026-07-02,Ineligible,,,Under Evaluation
BID-000107,TND-00021,MPLADS-SYN-0021,CON-007,1361885.33,2026-07-02,Eligible,92.72,1,Submitted
BID-000108,TND-00021,MPLADS-SYN-0021,CON-006,1506353.28,2026-07-02,Eligible,66.97,2,Under Evaluation
BID-000109,TND-00021,MPLADS-SYN-0021,CON-002,1618974.16,2026-07-02,Eligible,77.22,3,Under Evaluation
BID-000110,TND-00022,MPLADS-SYN-0022,CON-001,515434.62,2026-07-27,Eligible,63.91,2,Not Selected
BID-000111,TND-00022,MPLADS-SYN-0022,CON-004,579913.52,2026-07-27,Eligible,81.13,4,Under Evaluation
BID-000112,TND-00022,MPLADS-SYN-0022,CON-003,477252.05,2026-07-27,Eligible,77.52,1,Not Selected
BID-000113,TND-00022,MPLADS-SYN-0022,CON-002,548698.69,2026-07-27,Eligible,69.26,3,Not Selected
BID-000114,TND-00022,MPLADS-SYN-0022,CON-007,489365.29,2026-07-27,Ineligible,,,Under Evaluation
BID-000115,TND-00023,MPLADS-SYN-0023,CON-001,1197233.91,2026-06-12,Ineligible,,,Not Selected
BID-000116,TND-00023,MPLADS-SYN-0023,CON-002,1308539.62,2026-06-12,Eligible,85.18,1,Submitted
BID-000117,TND-00023,MPLADS-SYN-0023,CON-005,1086842.0,2026-06-12,Ineligible,,,Submitted
BID-000118,TND-00024,MPLADS-SYN-0024,CON-005,2199042.55,2025-12-26,Ineligible,,,Ineligible
BID-000119,TND-00024,MPLADS-SYN-0024,CON-004,2050074.53,2025-12-26,Eligible,63.44,1,Not Selected
BID-000120,TND-00024,MPLADS-SYN-0024,CON-006,2319368.47,2025-12-26,Eligible,88.77,3,Not Selected
BID-000121,TND-00024,MPLADS-SYN-0024,CON-002,2233484.77,2025-12-26,Eligible,80.19,2,Selected
BID-000122,TND-00024,MPLADS-SYN-0024,CON-001,2084490.46,2025-12-26,Ineligible,,,Ineligible
BID-000123,TND-00025,MPLADS-SYN-0025,CON-002,690256.4,2026-01-14,Eligible,97.63,5,Not Selected
BID-000124,TND-00025,MPLADS-SYN-0025,CON-005,627279.5,2026-01-14,Ineligible,,,Ineligible
BID-000125,TND-00025,MPLADS-SYN-0025,CON-003,669002.79,2026-01-14,Eligible,62.37,3,Not Selected
BID-000126,TND-00025,MPLADS-SYN-0025,CON-004,677419.42,2026-01-14,Eligible,60.03,4,Not Selected
BID-000127,TND-00025,MPLADS-SYN-0025,CON-007,623704.77,2026-01-14,Eligible,64.17,2,Not Selected
BID-000128,TND-00025,MPLADS-SYN-0025,CON-006,579947.96,2026-01-14,Eligible,68.94,1,Not Selected
BID-000129,TND-00026,MPLADS-SYN-0026,CON-005,1185588.07,2026-04-17,Ineligible,,,Ineligible
BID-000130,TND-00026,MPLADS-SYN-0026,CON-003,1421514.77,2026-04-17,Eligible,91.92,3,Selected
BID-000131,TND-00026,MPLADS-SYN-0026,CON-002,1190679.54,2026-04-17,Eligible,65.1,2,Not Selected
BID-000132,TND-00026,MPLADS-SYN-0026,CON-006,1163034.91,2026-04-17,Eligible,65.47,1,Not Selected
BID-000133,TND-00026,MPLADS-SYN-0026,CON-004,1435437.71,2026-04-17,Ineligible,,,Ineligible
BID-000134,TND-00027,MPLADS-SYN-0027,CON-007,945463.39,2026-02-19,Eligible,79.36,2,Selected
BID-000135,TND-00027,MPLADS-SYN-0027,CON-001,928731.76,2026-02-19,Ineligible,,,Ineligible
BID-000136,TND-00027,MPLADS-SYN-0027,CON-006,889407.96,2026-02-19,Eligible,67.06,1,Not Selected
BID-000137,TND-00027,MPLADS-SYN-0027,CON-005,941074.72,2026-02-19,Ineligible,,,Ineligible
BID-000138,TND-00027,MPLADS-SYN-0027,CON-004,997998.91,2026-02-19,Eligible,87.06,3,Not Selected
BID-000139,TND-00028,MPLADS-SYN-0028,CON-002,2266084.84,2026-01-19,Eligible,81.59,1,Not Selected
BID-000140,TND-00028,MPLADS-SYN-0028,CON-007,2709222.48,2026-01-19,Eligible,82.05,2,Not Selected
BID-000141,TND-00028,MPLADS-SYN-0028,CON-005,2878746.91,2026-01-19,Eligible,65.4,3,Selected
BID-000142,TND-00029,MPLADS-SYN-0029,CON-006,1826073.17,2026-06-16,Eligible,69.32,1,Not Selected
BID-000143,TND-00029,MPLADS-SYN-0029,CON-007,2116098.0,2026-06-16,Eligible,85.99,3,Not Selected
BID-000144,TND-00029,MPLADS-SYN-0029,CON-004,2068078.54,2026-06-16,Eligible,83.3,2,Not Selected
BID-000145,TND-00029,MPLADS-SYN-0029,CON-005,2259382.27,2026-06-16,Eligible,77.82,4,Not Selected
BID-000146,TND-00030,MPLADS-SYN-0030,CON-004,972574.65,2026-04-20,Eligible,87.62,6,Not Selected
BID-000147,TND-00030,MPLADS-SYN-0030,CON-006,941380.24,2026-04-20,Eligible,83.91,4,Selected
BID-000148,TND-00030,MPLADS-SYN-0030,CON-003,944808.51,2026-04-20,Eligible,84.94,5,Not Selected
BID-000149,TND-00030,MPLADS-SYN-0030,CON-007,876791.39,2026-04-20,Eligible,70.9,3,Not Selected
BID-000150,TND-00030,MPLADS-SYN-0030,CON-002,827096.16,2026-04-20,Eligible,92.35,1,Not Selected
BID-000151,TND-00030,MPLADS-SYN-0030,CON-001,873489.09,2026-04-20,Eligible,83.4,2,Not Selected
BID-000152,TND-00031,MPLADS-SYN-0031,CON-002,920463.07,2026-06-29,Eligible,85.05,1,Not Selected
BID-000153,TND-00031,MPLADS-SYN-0031,CON-006,970714.96,2026-06-29,Eligible,69.93,2,Selected
BID-000154,TND-00031,MPLADS-SYN-0031,CON-005,1055949.53,2026-06-29,Ineligible,,,Ineligible
BID-000155,TND-00032,MPLADS-SYN-0032,CON-002,1716545.26,2026-03-26,Eligible,96.76,1,Not Selected
BID-000156,TND-00032,MPLADS-SYN-0032,CON-004,1997772.05,2026-03-26,Eligible,91.83,2,Not Selected
BID-000157,TND-00033,MPLADS-SYN-0033,CON-006,752994.83,2026-07-11,Eligible,81.95,1,Submitted
BID-000158,TND-00033,MPLADS-SYN-0033,CON-003,774134.53,2026-07-11,Eligible,70.05,3,Not Selected
BID-000159,TND-00033,MPLADS-SYN-0033,CON-004,770064.41,2026-07-11,Eligible,77.63,2,Submitted
BID-000160,TND-00034,MPLADS-SYN-0034,CON-004,4085079.77,2026-05-01,Ineligible,,,Under Evaluation
BID-000161,TND-00034,MPLADS-SYN-0034,CON-007,3527424.08,2026-05-01,Ineligible,,,Submitted
BID-000162,TND-00034,MPLADS-SYN-0034,CON-002,3670348.26,2026-05-01,Ineligible,,,Under Evaluation
BID-000163,TND-00034,MPLADS-SYN-0034,CON-006,4058100.94,2026-05-01,Eligible,94.87,1,Submitted
BID-000164,TND-00035,MPLADS-SYN-0035,CON-005,1447299.87,2026-04-11,Eligible,69.7,1,Submitted
BID-000165,TND-00035,MPLADS-SYN-0035,CON-007,1543868.52,2026-04-11,Ineligible,,,Not Selected
BID-000166,TND-00035,MPLADS-SYN-0035,CON-004,1607772.73,2026-04-11,Eligible,72.82,3,Not Selected
BID-000167,TND-00035,MPLADS-SYN-0035,CON-003,1584982.85,2026-04-11,Eligible,80.81,2,Under Evaluation
BID-000168,TND-00036,MPLADS-SYN-0036,CON-005,1944634.68,2026-06-10,Eligible,60.9,2,Not Selected
BID-000169,TND-00036,MPLADS-SYN-0036,CON-006,1859458.73,2026-06-10,Eligible,96.12,1,Not Selected
BID-000170,TND-00036,MPLADS-SYN-0036,CON-001,2150279.14,2026-06-10,Eligible,63.28,3,Selected
BID-000171,TND-00036,MPLADS-SYN-0036,CON-004,2132495.18,2026-06-10,Ineligible,,,Ineligible
BID-000172,TND-00036,MPLADS-SYN-0036,CON-002,2160030.14,2026-06-10,Eligible,94.05,4,Not Selected
BID-000173,TND-00036,MPLADS-SYN-0036,CON-003,2180935.56,2026-06-10,Eligible,71.19,5,Not Selected
BID-000174,TND-00037,MPLADS-SYN-0037,CON-005,354395.53,2026-04-13,Eligible,69.78,3,Not Selected
BID-000175,TND-00037,MPLADS-SYN-0037,CON-001,355362.16,2026-04-13,Eligible,89.53,4,Not Selected
BID-000176,TND-00037,MPLADS-SYN-0037,CON-004,321537.92,2026-04-13,Eligible,97.85,2,Not Selected
BID-000177,TND-00037,MPLADS-SYN-0037,CON-007,310950.28,2026-04-13,Eligible,66.76,1,Not Selected
BID-000178,TND-00038,MPLADS-SYN-0038,CON-001,1327422.06,2026-03-16,Ineligible,,,Ineligible
BID-000179,TND-00038,MPLADS-SYN-0038,CON-007,1227950.66,2026-03-16,Ineligible,,,Ineligible
BID-000180,TND-00038,MPLADS-SYN-0038,CON-002,1266435.27,2026-03-16,Eligible,94.68,1,Not Selected
BID-000181,TND-00039,MPLADS-SYN-0039,CON-006,833907.42,2026-05-18,Ineligible,,,Ineligible
BID-000182,TND-00039,MPLADS-SYN-0039,CON-001,950144.16,2026-05-18,Ineligible,,,Ineligible
BID-000183,TND-00039,MPLADS-SYN-0039,CON-004,1039792.04,2026-05-18,Eligible,80.52,3,Not Selected
BID-000184,TND-00039,MPLADS-SYN-0039,CON-002,833810.3,2026-05-18,Ineligible,,,Ineligible
BID-000185,TND-00039,MPLADS-SYN-0039,CON-003,862694.89,2026-05-18,Eligible,72.67,1,Not Selected
BID-000186,TND-00039,MPLADS-SYN-0039,CON-005,907192.88,2026-05-18,Eligible,84.03,2,Not Selected
BID-000187,TND-00040,MPLADS-SYN-0040,CON-007,839916.96,2025-12-11,Eligible,81.07,3,Not Selected
BID-000188,TND-00040,MPLADS-SYN-0040,CON-001,906258.94,2025-12-11,Eligible,71.36,4,Not Selected
BID-000189,TND-00040,MPLADS-SYN-0040,CON-004,786446.73,2025-12-11,Eligible,83.96,2,Not Selected
BID-000190,TND-00040,MPLADS-SYN-0040,CON-003,780046.68,2025-12-11,Eligible,93.64,1,Not Selected
BID-000191,TND-00041,MPLADS-SYN-0041,CON-004,573061.41,2025-12-29,Ineligible,,,Submitted
BID-000192,TND-00041,MPLADS-SYN-0041,CON-002,660356.42,2025-12-29,Eligible,80.29,2,Under Evaluation
BID-000193,TND-00041,MPLADS-SYN-0041,CON-001,666894.42,2025-12-29,Ineligible,,,Submitted
BID-000194,TND-00041,MPLADS-SYN-0041,CON-005,541334.22,2025-12-29,Eligible,89.94,1,Under Evaluation
BID-000195,TND-00042,MPLADS-SYN-0042,CON-001,4041357.81,2026-02-26,Eligible,77.34,5,Not Selected
BID-000196,TND-00042,MPLADS-SYN-0042,CON-006,3418935.09,2026-02-26,Eligible,91.08,1,Not Selected
BID-000197,TND-00042,MPLADS-SYN-0042,CON-005,3357312.12,2026-02-26,Ineligible,,,Ineligible
BID-000198,TND-00042,MPLADS-SYN-0042,CON-004,3825190.87,2026-02-26,Eligible,62.4,4,Not Selected
BID-000199,TND-00042,MPLADS-SYN-0042,CON-007,3449528.89,2026-02-26,Eligible,90.84,2,Not Selected
BID-000200,TND-00042,MPLADS-SYN-0042,CON-002,4195949.56,2026-02-26,Ineligible,,,Ineligible
BID-000201,TND-00042,MPLADS-SYN-0042,CON-003,3565954.96,2026-02-26,Eligible,72.22,3,Not Selected
BID-000202,TND-00043,MPLADS-SYN-0043,CON-007,490996.08,2026-07-29,Eligible,62.4,1,Under Evaluation
BID-000203,TND-00043,MPLADS-SYN-0043,CON-002,523529.8,2026-07-29,Ineligible,,,Submitted
BID-000204,TND-00044,MPLADS-SYN-0044,CON-005,909843.0,2026-07-24,Ineligible,,,Ineligible
BID-000205,TND-00044,MPLADS-SYN-0044,CON-004,1075747.87,2026-07-24,Eligible,93.43,3,Not Selected
BID-000206,TND-00044,MPLADS-SYN-0044,CON-007,896286.07,2026-07-24,Eligible,66.82,1,Not Selected
BID-000207,TND-00044,MPLADS-SYN-0044,CON-001,898453.87,2026-07-24,Eligible,75.82,2,Not Selected
BID-000208,TND-00045,MPLADS-SYN-0045,CON-006,1767141.33,2026-07-17,Eligible,75.91,5,Not Selected
BID-000209,TND-00045,MPLADS-SYN-0045,CON-005,1672132.65,2026-07-17,Eligible,64.47,3,Not Selected
BID-000210,TND-00045,MPLADS-SYN-0045,CON-002,1660509.09,2026-07-17,Eligible,83.52,2,Not Selected
BID-000211,TND-00045,MPLADS-SYN-0045,CON-004,1801003.87,2026-07-17,Eligible,77.64,6,Not Selected
BID-000212,TND-00045,MPLADS-SYN-0045,CON-003,1701181.14,2026-07-17,Eligible,70.5,4,Selected
BID-000213,TND-00045,MPLADS-SYN-0045,CON-001,1518346.27,2026-07-17,Eligible,86.04,1,Not Selected
BID-000214,TND-00045,MPLADS-SYN-0045,CON-007,1845722.45,2026-07-17,Ineligible,,,Ineligible
BID-000215,TND-00046,MPLADS-SYN-0046,CON-004,2071473.95,2026-08-16,Eligible,66.01,2,Not Selected
BID-000216,TND-00046,MPLADS-SYN-0046,CON-002,2057439.14,2026-08-16,Eligible,62.69,1,Not Selected
BID-000217,TND-00046,MPLADS-SYN-0046,CON-007,2181179.9,2026-08-16,Ineligible,,,Ineligible
BID-000218,TND-00046,MPLADS-SYN-0046,CON-001,2395624.0,2026-08-16,Eligible,75.92,4,Not Selected
BID-000219,TND-00046,MPLADS-SYN-0046,CON-003,2488252.05,2026-08-16,Eligible,68.74,6,Not Selected
BID-000220,TND-00046,MPLADS-SYN-0046,CON-005,2106079.72,2026-08-16,Eligible,63.73,3,Not Selected
BID-000221,TND-00046,MPLADS-SYN-0046,CON-006,2482648.72,2026-08-16,Eligible,74.27,5,Not Selected
BID-000222,TND-00047,MPLADS-SYN-0047,CON-002,915560.33,2026-02-28,Ineligible,,,Ineligible
BID-000223,TND-00047,MPLADS-SYN-0047,CON-004,896202.71,2026-02-28,Ineligible,,,Ineligible
BID-000224,TND-00047,MPLADS-SYN-0047,CON-007,978457.54,2026-02-28,Eligible,97.07,2,Not Selected
BID-000225,TND-00047,MPLADS-SYN-0047,CON-005,855525.09,2026-02-28,Eligible,61.22,1,Not Selected
BID-000226,TND-00048,MPLADS-SYN-0048,CON-004,1591019.8,2026-01-01,Eligible,65.96,1,Not Selected
BID-000227,TND-00048,MPLADS-SYN-0048,CON-002,1782690.29,2026-01-01,Eligible,96.87,3,Not Selected
BID-000228,TND-00048,MPLADS-SYN-0048,CON-001,1808376.71,2026-01-01,Eligible,92.57,4,Under Evaluation
BID-000229,TND-00048,MPLADS-SYN-0048,CON-007,1652915.69,2026-01-01,Eligible,77.99,2,Not Selected
BID-000230,TND-00049,MPLADS-SYN-0049,CON-004,2136299.24,2026-04-20,Eligible,72.44,2,Not Selected
BID-000231,TND-00049,MPLADS-SYN-0049,CON-001,1989733.52,2026-04-20,Eligible,94.72,1,Not Selected
BID-000232,TND-00049,MPLADS-SYN-0049,CON-003,2149125.9,2026-04-20,Ineligible,,,Ineligible
BID-000233,TND-00050,MPLADS-SYN-0050,CON-007,844142.79,2026-02-07,Eligible,76.18,3,Not Selected
BID-000234,TND-00050,MPLADS-SYN-0050,CON-001,768349.83,2026-02-07,Eligible,77.19,2,Not Selected
BID-000235,TND-00050,MPLADS-SYN-0050,CON-004,737203.58,2026-02-07,Eligible,86.34,1,Not Selected
BID-000236,TND-00051,MPLADS-SYN-0051,CON-003,3289244.83,2026-06-12,Eligible,97.1,7,Not Selected
BID-000237,TND-00051,MPLADS-SYN-0051,CON-002,2984755.1,2026-06-12,Eligible,93.22,4,Not Selected
BID-000238,TND-00051,MPLADS-SYN-0051,CON-007,2939640.89,2026-06-12,Eligible,83.82,3,Not Selected
BID-000239,TND-00051,MPLADS-SYN-0051,CON-001,3170264.34,2026-06-12,Eligible,92.69,6,Not Selected
BID-000240,TND-00051,MPLADS-SYN-0051,CON-005,2681114.66,2026-06-12,Eligible,80.17,1,Not Selected
BID-000241,TND-00051,MPLADS-SYN-0051,CON-006,2855615.76,2026-06-12,Eligible,86.53,2,Not Selected
BID-000242,TND-00051,MPLADS-SYN-0051,CON-004,3099657.21,2026-06-12,Eligible,89.93,5,Selected
BID-000243,TND-00052,MPLADS-SYN-0052,CON-001,1052524.89,2026-06-07,Eligible,86.95,5,Not Selected
BID-000244,TND-00052,MPLADS-SYN-0052,CON-007,937225.27,2026-06-07,Eligible,80.51,1,Submitted
BID-000245,TND-00052,MPLADS-SYN-0052,CON-006,1052749.98,2026-06-07,Eligible,88.91,6,Not Selected
BID-000246,TND-00052,MPLADS-SYN-0052,CON-005,967320.59,2026-06-07,Eligible,85.85,3,Not Selected
BID-000247,TND-00052,MPLADS-SYN-0052,CON-004,956057.79,2026-06-07,Eligible,73.12,2,Under Evaluation
BID-000248,TND-00052,MPLADS-SYN-0052,CON-003,1010419.0,2026-06-07,Eligible,86.97,4,Under Evaluation
BID-000249,TND-00052,MPLADS-SYN-0052,CON-002,1060360.16,2026-06-07,Eligible,83.6,7,Under Evaluation
BID-000250,TND-00053,MPLADS-SYN-0053,CON-006,2701732.99,2026-02-13,Eligible,64.16,2,Not Selected
BID-000251,TND-00053,MPLADS-SYN-0053,CON-007,2692628.05,2026-02-13,Eligible,78.86,1,Not Selected
BID-000252,TND-00053,MPLADS-SYN-0053,CON-001,3131432.47,2026-02-13,Eligible,71.14,4,Not Selected
BID-000253,TND-00053,MPLADS-SYN-0053,CON-004,3200713.4,2026-02-13,Eligible,78.01,5,Not Selected
BID-000254,TND-00053,MPLADS-SYN-0053,CON-002,2798245.21,2026-02-13,Eligible,71.08,3,Not Selected
BID-000255,TND-00054,MPLADS-SYN-0054,CON-001,2161235.2,2026-08-01,Eligible,75.64,1,Not Selected
BID-000256,TND-00054,MPLADS-SYN-0054,CON-007,2226961.52,2026-08-01,Eligible,78.47,2,Not Selected
BID-000257,TND-00055,MPLADS-SYN-0055,CON-005,3326579.27,2025-12-28,Eligible,68.62,2,Not Selected
BID-000258,TND-00055,MPLADS-SYN-0055,CON-004,3385282.33,2025-12-28,Eligible,89.25,3,Not Selected
BID-000259,TND-00055,MPLADS-SYN-0055,CON-002,3093968.75,2025-12-28,Eligible,70.81,1,Selected
BID-000260,TND-00055,MPLADS-SYN-0055,CON-007,3909701.94,2025-12-28,Eligible,87.05,4,Not Selected
BID-000261,TND-00056,MPLADS-SYN-0056,CON-002,1282397.83,2026-06-16,Eligible,69.04,2,Submitted
BID-000262,TND-00056,MPLADS-SYN-0056,CON-007,1040948.32,2026-06-16,Eligible,64.81,1,Not Selected
BID-000263,TND-00057,MPLADS-SYN-0057,CON-002,1416961.36,2026-03-15,Eligible,97.16,2,Not Selected
BID-000264,TND-00057,MPLADS-SYN-0057,CON-005,1224040.75,2026-03-15,Eligible,80.51,1,Selected
BID-000265,TND-00058,MPLADS-SYN-0058,CON-002,1696842.6,2026-01-20,Eligible,86.81,3,Not Selected
BID-000266,TND-00058,MPLADS-SYN-0058,CON-003,1665781.59,2026-01-20,Eligible,85.34,2,Not Selected
BID-000267,TND-00058,MPLADS-SYN-0058,CON-007,1805817.76,2026-01-20,Ineligible,,,Under Evaluation
BID-000268,TND-00058,MPLADS-SYN-0058,CON-004,1758333.2,2026-01-20,Ineligible,,,Submitted
BID-000269,TND-00058,MPLADS-SYN-0058,CON-001,1521952.02,2026-01-20,Eligible,60.94,1,Under Evaluation
BID-000270,TND-00058,MPLADS-SYN-0058,CON-006,1727534.46,2026-01-20,Eligible,73.58,4,Under Evaluation
BID-000271,TND-00059,MPLADS-SYN-0059,CON-003,1096520.67,2026-05-23,Eligible,89.69,1,Not Selected
BID-000272,TND-00059,MPLADS-SYN-0059,CON-005,1270964.01,2026-05-23,Eligible,60.86,2,Not Selected
BID-000273,TND-00060,MPLADS-SYN-0060,CON-004,3292608.87,2026-07-17,Eligible,94.52,3,Not Selected
BID-000274,TND-00060,MPLADS-SYN-0060,CON-005,3093475.85,2026-07-17,Eligible,87.21,1,Not Selected
BID-000275,TND-00060,MPLADS-SYN-0060,CON-001,3148234.29,2026-07-17,Ineligible,,,Ineligible
BID-000276,TND-00060,MPLADS-SYN-0060,CON-002,3103153.62,2026-07-17,Eligible,73.11,2,Not Selected
BID-000277,TND-00060,MPLADS-SYN-0060,CON-003,3049900.2,2026-07-17,Ineligible,,,Ineligible
BID-000278,TND-00061,MPLADS-SYN-0061,CON-007,1713112.89,2026-07-06,Ineligible,,,Ineligible
BID-000279,TND-00061,MPLADS-SYN-0061,CON-001,1438567.27,2026-07-06,Eligible,87.69,1,Selected
BID-000280,TND-00061,MPLADS-SYN-0061,CON-006,1487535.58,2026-07-06,Eligible,65.46,3,Not Selected
BID-000281,TND-00061,MPLADS-SYN-0061,CON-004,1444260.14,2026-07-06,Eligible,62.51,2,Not Selected
BID-000282,TND-00062,MPLADS-SYN-0062,CON-007,1295898.72,2026-06-05,Ineligible,,,Not Selected
BID-000283,TND-00062,MPLADS-SYN-0062,CON-006,1438369.67,2026-06-05,Eligible,67.07,1,Submitted
BID-000284,TND-00062,MPLADS-SYN-0062,CON-001,1370891.46,2026-06-05,Ineligible,,,Submitted
BID-000285,TND-00062,MPLADS-SYN-0062,CON-003,1530764.72,2026-06-05,Eligible,71.55,2,Not Selected
BID-000286,TND-00062,MPLADS-SYN-0062,CON-004,1435239.38,2026-06-05,Ineligible,,,Submitted
BID-000287,TND-00063,MPLADS-SYN-0063,CON-001,1439642.64,2026-07-26,Eligible,64.72,3,Selected
BID-000288,TND-00063,MPLADS-SYN-0063,CON-002,1382410.58,2026-07-26,Eligible,75.85,2,Not Selected
BID-000289,TND-00063,MPLADS-SYN-0063,CON-006,1323241.41,2026-07-26,Eligible,61.08,1,Not Selected
BID-000290,TND-00064,MPLADS-SYN-0064,CON-006,1547012.91,2026-03-31,Eligible,66.19,3,Under Evaluation
BID-000291,TND-00064,MPLADS-SYN-0064,CON-004,1417989.26,2026-03-31,Eligible,93.38,1,Under Evaluation
BID-000292,TND-00064,MPLADS-SYN-0064,CON-007,1449553.93,2026-03-31,Eligible,70.36,2,Submitted
BID-000293,TND-00064,MPLADS-SYN-0064,CON-005,1566000.74,2026-03-31,Eligible,71.01,4,Submitted
BID-000294,TND-00064,MPLADS-SYN-0064,CON-003,1611141.06,2026-03-31,Eligible,67.36,5,Not Selected
BID-000295,TND-00064,MPLADS-SYN-0064,CON-001,1651492.28,2026-03-31,Eligible,88.6,6,Not Selected
BID-000296,TND-00065,MPLADS-SYN-0065,CON-004,571962.12,2026-06-22,Eligible,63.64,5,Not Selected
BID-000297,TND-00065,MPLADS-SYN-0065,CON-007,557206.53,2026-06-22,Eligible,60.49,4,Not Selected
BID-000298,TND-00065,MPLADS-SYN-0065,CON-006,548543.9,2026-06-22,Eligible,89.59,3,Not Selected
BID-000299,TND-00065,MPLADS-SYN-0065,CON-005,533679.23,2026-06-22,Eligible,63.89,2,Not Selected
BID-000300,TND-00065,MPLADS-SYN-0065,CON-003,497637.69,2026-06-22,Eligible,91.6,1,Not Selected
BID-000301,TND-00066,MPLADS-SYN-0066,CON-006,3438471.22,2026-07-15,Eligible,77.5,3,Under Evaluation
BID-000302,TND-00066,MPLADS-SYN-0066,CON-004,2746356.26,2026-07-15,Eligible,78.22,1,Submitted
BID-000303,TND-00066,MPLADS-SYN-0066,CON-005,2932143.04,2026-07-15,Eligible,91.05,2,Submitted
BID-000304,TND-00067,MPLADS-SYN-0067,CON-007,1904842.22,2026-04-25,Eligible,66.54,2,Not Selected
BID-000305,TND-00067,MPLADS-SYN-0067,CON-005,1694893.05,2026-04-25,Eligible,68.45,1,Not Selected
BID-000306,TND-00068,MPLADS-SYN-0068,CON-006,370161.14,2026-03-06,Eligible,97.28,1,Not Selected
BID-000307,TND-00068,MPLADS-SYN-0068,CON-001,401604.53,2026-03-06,Eligible,62.95,2,Not Selected
BID-000308,TND-00068,MPLADS-SYN-0068,CON-002,438342.69,2026-03-06,Eligible,61.62,3,Selected
BID-000309,TND-00069,MPLADS-SYN-0069,CON-001,622667.74,2026-05-10,Eligible,94.52,2,Not Selected
BID-000310,TND-00069,MPLADS-SYN-0069,CON-006,619790.67,2026-05-10,Eligible,85.37,1,Not Selected
BID-000311,TND-00069,MPLADS-SYN-0069,CON-004,747819.05,2026-05-10,Eligible,94.96,3,Not Selected
BID-000312,TND-00070,MPLADS-SYN-0070,CON-002,969864.23,2026-05-15,Eligible,85.59,3,Under Evaluation
BID-000313,TND-00070,MPLADS-SYN-0070,CON-007,903136.06,2026-05-15,Eligible,76.12,1,Under Evaluation
BID-000314,TND-00070,MPLADS-SYN-0070,CON-003,1007919.63,2026-05-15,Ineligible,,,Submitted
BID-000315,TND-00070,MPLADS-SYN-0070,CON-001,1071562.93,2026-05-15,Eligible,77.7,5,Submitted
BID-000316,TND-00070,MPLADS-SYN-0070,CON-006,1009329.85,2026-05-15,Ineligible,,,Under Evaluation
BID-000317,TND-00070,MPLADS-SYN-0070,CON-005,1056968.21,2026-05-15,Eligible,72.47,4,Submitted
BID-000318,TND-00070,MPLADS-SYN-0070,CON-004,905298.57,2026-05-15,Eligible,82.81,2,Under Evaluation
BID-000319,TND-00071,MPLADS-SYN-0071,CON-003,2026381.89,2026-03-21,Eligible,67.17,2,Under Evaluation
BID-000320,TND-00071,MPLADS-SYN-0071,CON-007,1778174.69,2026-03-21,Ineligible,,,Not Selected
BID-000321,TND-00071,MPLADS-SYN-0071,CON-004,1930813.71,2026-03-21,Eligible,78.68,1,Not Selected
BID-000322,TND-00072,MPLADS-SYN-0072,CON-001,1430638.26,2026-02-25,Eligible,65.45,2,Submitted
BID-000323,TND-00072,MPLADS-SYN-0072,CON-004,1339720.06,2026-02-25,Eligible,95.16,1,Not Selected
BID-000324,TND-00073,MPLADS-SYN-0073,CON-007,2802979.7,2026-07-19,Eligible,69.53,5,Submitted
BID-000325,TND-00073,MPLADS-SYN-0073,CON-001,2620916.62,2026-07-19,Eligible,63.78,3,Submitted
BID-000326,TND-00073,MPLADS-SYN-0073,CON-003,2322043.25,2026-07-19,Eligible,85.77,1,Under Evaluation
BID-000327,TND-00073,MPLADS-SYN-0073,CON-005,2940218.79,2026-07-19,Ineligible,,,Not Selected
BID-000328,TND-00073,MPLADS-SYN-0073,CON-004,2743264.93,2026-07-19,Eligible,83.63,4,Under Evaluation
BID-000329,TND-00073,MPLADS-SYN-0073,CON-006,2351284.37,2026-07-19,Eligible,88.56,2,Not Selected
BID-000330,TND-00073,MPLADS-SYN-0073,CON-002,2802692.24,2026-07-19,Ineligible,,,Submitted
BID-000331,TND-00074,MPLADS-SYN-0074,CON-003,346284.45,2026-03-30,Eligible,96.2,1,Not Selected
BID-000332,TND-00074,MPLADS-SYN-0074,CON-004,317422.86,2026-03-30,Ineligible,,,Ineligible
BID-000333,TND-00074,MPLADS-SYN-0074,CON-005,395911.62,2026-03-30,Eligible,74.58,2,Not Selected
BID-000334,TND-00075,MPLADS-SYN-0075,CON-003,1987010.42,2026-05-03,Ineligible,,,Ineligible
BID-000335,TND-00075,MPLADS-SYN-0075,CON-004,1970477.2,2026-05-03,Ineligible,,,Ineligible
BID-000336,TND-00075,MPLADS-SYN-0075,CON-001,2167256.12,2026-05-03,Eligible,81.62,1,Not Selected
BID-000337,TND-00075,MPLADS-SYN-0075,CON-007,2168983.69,2026-05-03,Eligible,78.08,2,Selected
BID-000338,TND-00075,MPLADS-SYN-0075,CON-006,2371800.94,2026-05-03,Eligible,74.87,3,Not Selected
BID-000339,TND-00076,MPLADS-SYN-0076,CON-004,3749686.72,2026-01-08,Eligible,82.19,6,Not Selected
BID-000340,TND-00076,MPLADS-SYN-0076,CON-007,3686196.71,2026-01-08,Eligible,63.7,5,Under Evaluation
BID-000341,TND-00076,MPLADS-SYN-0076,CON-005,3314451.58,2026-01-08,Eligible,73.35,2,Under Evaluation
BID-000342,TND-00076,MPLADS-SYN-0076,CON-003,3594197.41,2026-01-08,Eligible,84.63,4,Submitted
BID-000343,TND-00076,MPLADS-SYN-0076,CON-001,3533390.53,2026-01-08,Eligible,64.35,3,Under Evaluation
BID-000344,TND-00076,MPLADS-SYN-0076,CON-002,3159254.63,2026-01-08,Eligible,77.51,1,Submitted
BID-000345,TND-00077,MPLADS-SYN-0077,CON-007,1267326.72,2026-02-03,Eligible,74.35,2,Under Evaluation
BID-000346,TND-00077,MPLADS-SYN-0077,CON-004,1241323.51,2026-02-03,Eligible,63.8,1,Under Evaluation
BID-000347,TND-00077,MPLADS-SYN-0077,CON-002,1334598.95,2026-02-03,Eligible,79.11,3,Under Evaluation
BID-000348,TND-00077,MPLADS-SYN-0077,CON-006,1364006.03,2026-02-03,Eligible,83.36,4,Submitted
BID-000349,TND-00078,MPLADS-SYN-0078,CON-003,3161208.83,2026-04-06,Ineligible,,,Ineligible
BID-000350,TND-00078,MPLADS-SYN-0078,CON-004,3594935.58,2026-04-06,Eligible,87.27,4,Not Selected
BID-000351,TND-00078,MPLADS-SYN-0078,CON-006,3401355.23,2026-04-06,Eligible,70.39,2,Selected
BID-000352,TND-00078,MPLADS-SYN-0078,CON-005,3391296.19,2026-04-06,Ineligible,,,Ineligible
BID-000353,TND-00078,MPLADS-SYN-0078,CON-002,3272175.54,2026-04-06,Eligible,90.23,1,Not Selected
BID-000354,TND-00078,MPLADS-SYN-0078,CON-001,3464063.98,2026-04-06,Eligible,79.18,3,Not Selected
BID-000355,TND-00079,MPLADS-SYN-0079,CON-003,416344.22,2025-12-17,Eligible,93.47,2,Not Selected
BID-000356,TND-00079,MPLADS-SYN-0079,CON-005,402784.39,2025-12-17,Eligible,81.92,1,Selected
BID-000357,TND-00079,MPLADS-SYN-0079,CON-004,361295.28,2025-12-17,Ineligible,,,Ineligible
BID-000358,TND-00079,MPLADS-SYN-0079,CON-006,366793.6,2025-12-17,Ineligible,,,Ineligible
BID-000359,TND-00080,MPLADS-SYN-0080,CON-007,1404252.73,2025-12-29,Ineligible,,,Ineligible
BID-000360,TND-00080,MPLADS-SYN-0080,CON-006,1383620.04,2025-12-29,Eligible,88.36,1,Not Selected
BID-000361,TND-00080,MPLADS-SYN-0080,CON-001,1624556.73,2025-12-29,Ineligible,,,Ineligible
BID-000362,TND-00081,MPLADS-SYN-0081,CON-003,1142639.57,2026-02-15,Eligible,69.06,2,Under Evaluation
BID-000363,TND-00081,MPLADS-SYN-0081,CON-007,1109363.2,2026-02-15,Eligible,90.29,1,Submitted
BID-000364,TND-00081,MPLADS-SYN-0081,CON-005,1159543.93,2026-02-15,Ineligible,,,Not Selected
BID-000365,TND-00081,MPLADS-SYN-0081,CON-006,1372279.1,2026-02-15,Ineligible,,,Not Selected
BID-000366,TND-00081,MPLADS-SYN-0081,CON-002,1345517.38,2026-02-15,Eligible,70.36,3,Submitted
BID-000367,TND-00082,MPLADS-SYN-0082,CON-001,3144495.05,2025-12-22,Eligible,84.48,1,Not Selected
BID-000368,TND-00082,MPLADS-SYN-0082,CON-006,2943108.68,2025-12-22,Ineligible,,,Ineligible
BID-000369,TND-00083,MPLADS-SYN-0083,CON-006,845379.57,2026-03-28,Eligible,85.24,2,Not Selected
BID-000370,TND-00083,MPLADS-SYN-0083,CON-001,925447.59,2026-03-28,Eligible,93.61,4,Under Evaluation
BID-000371,TND-00083,MPLADS-SYN-0083,CON-007,845852.87,2026-03-28,Eligible,72.51,3,Under Evaluation
BID-000372,TND-00083,MPLADS-SYN-0083,CON-003,926355.85,2026-03-28,Ineligible,,,Not Selected
BID-000373,TND-00083,MPLADS-SYN-0083,CON-004,963470.46,2026-03-28,Ineligible,,,Submitted
BID-000374,TND-00083,MPLADS-SYN-0083,CON-002,824044.61,2026-03-28,Eligible,96.86,1,Submitted
BID-000375,TND-00084,MPLADS-SYN-0084,CON-004,1619349.0,2026-06-12,Eligible,80.74,2,Under Evaluation
BID-000376,TND-00084,MPLADS-SYN-0084,CON-002,1530567.38,2026-06-12,Eligible,93.42,1,Under Evaluation
BID-000377,TND-00084,MPLADS-SYN-0084,CON-005,1713104.06,2026-06-12,Eligible,87.2,4,Under Evaluation
BID-000378,TND-00084,MPLADS-SYN-0084,CON-003,1667439.32,2026-06-12,Eligible,96.74,3,Not Selected
BID-000379,TND-00085,MPLADS-SYN-0085,CON-005,2843024.31,2026-03-08,Eligible,81.0,2,Under Evaluation
BID-000380,TND-00085,MPLADS-SYN-0085,CON-006,2577941.61,2026-03-08,Eligible,64.64,1,Not Selected
BID-000381,TND-00085,MPLADS-SYN-0085,CON-001,2965532.29,2026-03-08,Ineligible,,,Under Evaluation
BID-000382,TND-00086,MPLADS-SYN-0086,CON-001,2207165.6,2025-12-16,Eligible,89.99,2,Selected
BID-000383,TND-00086,MPLADS-SYN-0086,CON-007,2011535.0,2025-12-16,Eligible,91.28,1,Not Selected
BID-000384,TND-00086,MPLADS-SYN-0086,CON-003,2376421.24,2025-12-16,Ineligible,,,Ineligible
BID-000385,TND-00086,MPLADS-SYN-0086,CON-002,2264975.73,2025-12-16,Eligible,87.26,3,Not Selected
BID-000386,TND-00086,MPLADS-SYN-0086,CON-004,2341526.77,2025-12-16,Eligible,91.33,4,Not Selected
BID-000387,TND-00087,MPLADS-SYN-0087,CON-005,1354948.79,2026-08-10,Eligible,76.85,1,Not Selected
BID-000388,TND-00087,MPLADS-SYN-0087,CON-004,1586131.28,2026-08-10,Eligible,67.6,4,Under Evaluation
BID-000389,TND-00087,MPLADS-SYN-0087,CON-003,1454427.41,2026-08-10,Eligible,66.0,2,Submitted
BID-000390,TND-00087,MPLADS-SYN-0087,CON-006,1537173.61,2026-08-10,Eligible,86.06,3,Not Selected
BID-000391,TND-00087,MPLADS-SYN-0087,CON-001,1645612.1,2026-08-10,Eligible,78.18,6,Under Evaluation
BID-000392,TND-00087,MPLADS-SYN-0087,CON-007,1623055.05,2026-08-10,Eligible,86.12,5,Submitted
BID-000393,TND-00088,MPLADS-SYN-0088,CON-006,1500097.68,2026-08-15,Eligible,94.46,3,Not Selected
BID-000394,TND-00088,MPLADS-SYN-0088,CON-002,1509074.01,2026-08-15,Eligible,69.95,5,Not Selected
BID-000395,TND-00088,MPLADS-SYN-0088,CON-003,1466881.65,2026-08-15,Eligible,75.24,2,Not Selected
BID-000396,TND-00088,MPLADS-SYN-0088,CON-007,1320971.66,2026-08-15,Eligible,65.67,1,Not Selected
BID-000397,TND-00088,MPLADS-SYN-0088,CON-005,1503521.34,2026-08-15,Eligible,96.0,4,Not Selected
BID-000398,TND-00088,MPLADS-SYN-0088,CON-001,1213485.93,2026-08-15,Ineligible,,,Ineligible
BID-000399,TND-00089,MPLADS-SYN-0089,CON-006,3116327.87,2026-08-02,Ineligible,,,Under Evaluation
BID-000400,TND-00089,MPLADS-SYN-0089,CON-007,2983018.43,2026-08-02,Eligible,68.19,1,Not Selected
BID-000401,TND-00089,MPLADS-SYN-0089,CON-004,3569355.11,2026-08-02,Eligible,66.85,3,Under Evaluation
BID-000402,TND-00089,MPLADS-SYN-0089,CON-002,3542631.69,2026-08-02,Eligible,97.09,2,Under Evaluation
BID-000403,TND-00089,MPLADS-SYN-0089,CON-003,3071985.35,2026-08-02,Ineligible,,,Submitted
BID-000404,TND-00090,MPLADS-SYN-0090,CON-003,521147.73,2026-03-03,Eligible,97.03,1,Selected
BID-000405,TND-00090,MPLADS-SYN-0090,CON-005,560139.32,2026-03-03,Eligible,87.11,2,Not Selected
BID-000406,TND-00090,MPLADS-SYN-0090,CON-004,605996.84,2026-03-03,Eligible,62.78,4,Not Selected
BID-000407,TND-00090,MPLADS-SYN-0090,CON-001,583657.5,2026-03-03,Eligible,72.65,3,Not Selected
BID-000408,TND-00091,MPLADS-SYN-0091,CON-002,1234443.36,2026-06-02,Ineligible,,,Under Evaluation
BID-000409,TND-00091,MPLADS-SYN-0091,CON-007,1586852.4,2026-06-02,Eligible,96.79,3,Submitted
BID-000410,TND-00091,MPLADS-SYN-0091,CON-005,1435340.64,2026-06-02,Eligible,66.45,2,Under Evaluation
BID-000411,TND-00091,MPLADS-SYN-0091,CON-006,1411154.44,2026-06-02,Eligible,65.01,1,Under Evaluation
BID-000412,TND-00091,MPLADS-SYN-0091,CON-001,1347527.55,2026-06-02,Ineligible,,,Submitted
BID-000413,TND-00092,MPLADS-SYN-0092,CON-002,2003171.35,2026-06-12,Ineligible,,,Ineligible
BID-000414,TND-00092,MPLADS-SYN-0092,CON-003,1954293.4,2026-06-12,Eligible,88.42,1,Not Selected
BID-000415,TND-00093,MPLADS-SYN-0093,CON-007,1058731.39,2026-03-07,Eligible,68.73,2,Not Selected
BID-000416,TND-00093,MPLADS-SYN-0093,CON-002,1013579.36,2026-03-07,Eligible,66.22,1,Not Selected
BID-000417,TND-00093,MPLADS-SYN-0093,CON-005,1140804.19,2026-03-07,Eligible,97.82,4,Not Selected
BID-000418,TND-00093,MPLADS-SYN-0093,CON-006,1276525.87,2026-03-07,Eligible,76.78,6,Not Selected
BID-000419,TND-00093,MPLADS-SYN-0093,CON-003,1294701.48,2026-03-07,Ineligible,,,Ineligible
BID-000420,TND-00093,MPLADS-SYN-0093,CON-004,1138039.11,2026-03-07,Eligible,92.14,3,Not Selected
BID-000421,TND-00093,MPLADS-SYN-0093,CON-001,1258729.39,2026-03-07,Eligible,73.28,5,Selected
BID-000422,TND-00094,MPLADS-SYN-0094,CON-002,1689028.7,2025-12-18,Eligible,82.17,1,Not Selected
BID-000423,TND-00094,MPLADS-SYN-0094,CON-006,1748650.94,2025-12-18,Eligible,75.82,2,Not Selected
BID-000424,TND-00094,MPLADS-SYN-0094,CON-005,1390734.19,2025-12-18,Ineligible,,,Ineligible
BID-000425,TND-00095,MPLADS-SYN-0095,CON-005,933694.04,2026-05-27,Ineligible,,,Not Selected
BID-000426,TND-00095,MPLADS-SYN-0095,CON-007,1001696.35,2026-05-27,Eligible,96.85,4,Under Evaluation
BID-000427,TND-00095,MPLADS-SYN-0095,CON-001,932919.73,2026-05-27,Ineligible,,,Under Evaluation
BID-000428,TND-00095,MPLADS-SYN-0095,CON-003,999906.23,2026-05-27,Eligible,92.8,3,Submitted
BID-000429,TND-00095,MPLADS-SYN-0095,CON-002,966358.33,2026-05-27,Eligible,90.33,2,Under Evaluation
BID-000430,TND-00095,MPLADS-SYN-0095,CON-004,953074.0,2026-05-27,Ineligible,,,Submitted
BID-000431,TND-00095,MPLADS-SYN-0095,CON-006,873737.45,2026-05-27,Eligible,96.67,1,Submitted
BID-000432,TND-00096,MPLADS-SYN-0096,CON-007,1795970.43,2026-03-13,Eligible,94.34,3,Not Selected
BID-000433,TND-00096,MPLADS-SYN-0096,CON-001,1711502.07,2026-03-13,Eligible,85.29,2,Not Selected
BID-000434,TND-00096,MPLADS-SYN-0096,CON-006,1809202.6,2026-03-13,Eligible,78.61,5,Not Selected
BID-000435,TND-00096,MPLADS-SYN-0096,CON-002,1832014.07,2026-03-13,Eligible,70.2,6,Selected
BID-000436,TND-00096,MPLADS-SYN-0096,CON-003,1710145.67,2026-03-13,Eligible,88.75,1,Not Selected
BID-000437,TND-00096,MPLADS-SYN-0096,CON-004,1800200.09,2026-03-13,Eligible,76.5,4,Not Selected
BID-000438,TND-00097,MPLADS-SYN-0097,CON-003,1590241.56,2026-01-19,Ineligible,,,Ineligible
BID-000439,TND-00097,MPLADS-SYN-0097,CON-001,1732487.01,2026-01-19,Eligible,95.37,1,Not Selected
BID-000440,TND-00098,MPLADS-SYN-0098,CON-004,493220.95,2026-02-02,Eligible,79.88,6,Submitted
BID-000441,TND-00098,MPLADS-SYN-0098,CON-005,415741.68,2026-02-02,Eligible,62.91,4,Not Selected
BID-000442,TND-00098,MPLADS-SYN-0098,CON-001,387573.18,2026-02-02,Eligible,76.15,1,Not Selected
BID-000443,TND-00098,MPLADS-SYN-0098,CON-006,393129.49,2026-02-02,Eligible,69.68,3,Under Evaluation
BID-000444,TND-00098,MPLADS-SYN-0098,CON-003,391699.08,2026-02-02,Eligible,88.14,2,Submitted
BID-000445,TND-00098,MPLADS-SYN-0098,CON-002,434573.88,2026-02-02,Eligible,61.72,5,Under Evaluation
BID-000446,TND-00099,MPLADS-SYN-0099,CON-003,1596606.29,2026-04-04,Eligible,64.04,4,Not Selected
BID-000447,TND-00099,MPLADS-SYN-0099,CON-005,1514734.76,2026-04-04,Eligible,64.43,2,Under Evaluation
BID-000448,TND-00099,MPLADS-SYN-0099,CON-006,1375118.11,2026-04-04,Ineligible,,,Under Evaluation
BID-000449,TND-00099,MPLADS-SYN-0099,CON-004,1575345.4,2026-04-04,Ineligible,,,Under Evaluation
BID-000450,TND-00099,MPLADS-SYN-0099,CON-007,1547122.26,2026-04-04,Eligible,85.6,3,Not Selected
BID-000451,TND-00099,MPLADS-SYN-0099,CON-002,1574762.94,2026-04-04,Ineligible,,,Under Evaluation
BID-000452,TND-00099,MPLADS-SYN-0099,CON-001,1342739.53,2026-04-04,Eligible,67.25,1,Submitted
BID-000453,TND-00100,MPLADS-SYN-0100,CON-006,3069870.1,2026-01-03,Eligible,63.27,2,Not Selected
BID-000454,TND-00100,MPLADS-SYN-0100,CON-005,3179412.37,2026-01-03,Eligible,78.01,3,Not Selected
BID-000455,TND-00100,MPLADS-SYN-0100,CON-002,2609135.33,2026-01-03,Eligible,94.29,1,Not Selected
BID-000456,TND-00100,MPLADS-SYN-0100,CON-001,3155820.65,2026-01-03,Ineligible,,,Ineligible
BID-000457,TND-00100,MPLADS-SYN-0100,CON-004,3327448.49,2026-01-03,Ineligible,,,Ineligible
BID-000458,TND-00100,MPLADS-SYN-0100,CON-007,2607466.18,2026-01-03,Ineligible,,,Ineligible
BID-000459,TND-00101,MPLADS-SYN-0101,CON-005,1974284.55,2026-02-26,Ineligible,,,Ineligible
BID-000460,TND-00101,MPLADS-SYN-0101,CON-002,2039335.81,2026-02-26,Eligible,61.41,3,Not Selected
BID-000461,TND-00101,MPLADS-SYN-0101,CON-004,1823846.58,2026-02-26,Ineligible,,,Ineligible
BID-000462,TND-00101,MPLADS-SYN-0101,CON-006,1743314.78,2026-02-26,Eligible,80.08,1,Not Selected
BID-000463,TND-00101,MPLADS-SYN-0101,CON-001,1834562.18,2026-02-26,Eligible,81.02,2,Not Selected
BID-000464,TND-00101,MPLADS-SYN-0101,CON-007,1760567.46,2026-02-26,Ineligible,,,Ineligible
BID-000465,TND-00102,MPLADS-SYN-0102,CON-007,1170943.42,2026-01-19,Eligible,73.07,2,Under Evaluation
BID-000466,TND-00102,MPLADS-SYN-0102,CON-001,1153192.74,2026-01-19,Eligible,94.54,1,Not Selected
BID-000467,TND-00102,MPLADS-SYN-0102,CON-005,1187181.08,2026-01-19,Ineligible,,,Submitted
BID-000468,TND-00102,MPLADS-SYN-0102,CON-004,1359907.55,2026-01-19,Ineligible,,,Under Evaluation
BID-000469,TND-00102,MPLADS-SYN-0102,CON-002,1344003.14,2026-01-19,Eligible,90.39,3,Under Evaluation
BID-000470,TND-00103,MPLADS-SYN-0103,CON-006,2089963.37,2026-03-14,Eligible,73.63,2,Submitted
BID-000471,TND-00103,MPLADS-SYN-0103,CON-005,2104964.6,2026-03-14,Eligible,91.46,3,Submitted
BID-000472,TND-00103,MPLADS-SYN-0103,CON-002,2469313.05,2026-03-14,Eligible,72.83,7,Submitted
BID-000473,TND-00103,MPLADS-SYN-0103,CON-001,2020532.34,2026-03-14,Eligible,81.36,1,Submitted
BID-000474,TND-00103,MPLADS-SYN-0103,CON-004,2234660.05,2026-03-14,Eligible,89.24,4,Under Evaluation
BID-000475,TND-00103,MPLADS-SYN-0103,CON-007,2397804.56,2026-03-14,Eligible,92.43,5,Submitted
BID-000476,TND-00103,MPLADS-SYN-0103,CON-003,2457375.01,2026-03-14,Eligible,61.92,6,Not Selected
BID-000477,TND-00104,MPLADS-SYN-0104,CON-007,1727990.6,2025-12-10,Eligible,61.59,3,Not Selected
BID-000478,TND-00104,MPLADS-SYN-0104,CON-006,1384637.38,2025-12-10,Eligible,94.62,1,Submitted
BID-000479,TND-00104,MPLADS-SYN-0104,CON-001,1405027.86,2025-12-10,Eligible,76.78,2,Not Selected
BID-000480,TND-00105,MPLADS-SYN-0105,CON-004,1026538.74,2026-04-08,Ineligible,,,Submitted
BID-000481,TND-00105,MPLADS-SYN-0105,CON-006,1038915.08,2026-04-08,Ineligible,,,Under Evaluation
BID-000482,TND-00105,MPLADS-SYN-0105,CON-001,1050726.12,2026-04-08,Eligible,70.11,1,Submitted
BID-000483,TND-00105,MPLADS-SYN-0105,CON-005,1172831.93,2026-04-08,Ineligible,,,Under Evaluation
BID-000484,TND-00105,MPLADS-SYN-0105,CON-003,1148390.51,2026-04-08,Eligible,88.62,3,Submitted
BID-000485,TND-00105,MPLADS-SYN-0105,CON-007,1119950.33,2026-04-08,Eligible,90.47,2,Submitted
BID-000486,TND-00106,MPLADS-SYN-0106,CON-003,814433.03,2026-05-17,Eligible,71.96,6,Under Evaluation
BID-000487,TND-00106,MPLADS-SYN-0106,CON-004,821614.67,2026-05-17,Eligible,62.34,7,Under Evaluation
BID-000488,TND-00106,MPLADS-SYN-0106,CON-006,779848.57,2026-05-17,Eligible,62.2,4,Not Selected
BID-000489,TND-00106,MPLADS-SYN-0106,CON-001,755926.42,2026-05-17,Eligible,75.28,2,Under Evaluation
BID-000490,TND-00106,MPLADS-SYN-0106,CON-002,765163.25,2026-05-17,Eligible,88.22,3,Not Selected
BID-000491,TND-00106,MPLADS-SYN-0106,CON-007,807980.78,2026-05-17,Eligible,94.21,5,Under Evaluation
BID-000492,TND-00106,MPLADS-SYN-0106,CON-005,751950.2,2026-05-17,Eligible,75.35,1,Not Selected
BID-000493,TND-00107,MPLADS-SYN-0107,CON-005,2247654.13,2026-01-05,Eligible,93.73,1,Not Selected
BID-000494,TND-00107,MPLADS-SYN-0107,CON-007,2446214.41,2026-01-05,Ineligible,,,Ineligible
BID-000495,TND-00107,MPLADS-SYN-0107,CON-006,2442609.2,2026-01-05,Eligible,63.2,2,Not Selected
BID-000496,TND-00108,MPLADS-SYN-0108,CON-004,2965561.93,2026-03-06,Eligible,79.44,2,Not Selected
BID-000497,TND-00108,MPLADS-SYN-0108,CON-003,2988363.19,2026-03-06,Eligible,88.77,3,Not Selected
BID-000498,TND-00108,MPLADS-SYN-0108,CON-006,2865822.01,2026-03-06,Eligible,93.83,1,Not Selected
BID-000499,TND-00108,MPLADS-SYN-0108,CON-007,3171645.78,2026-03-06,Eligible,69.17,4,Selected
BID-000500,TND-00108,MPLADS-SYN-0108,CON-005,3360197.02,2026-03-06,Ineligible,,,Ineligible
BID-000501,TND-00109,MPLADS-SYN-0109,CON-007,1582537.25,2026-05-21,Eligible,61.81,1,Not Selected
BID-000502,TND-00109,MPLADS-SYN-0109,CON-001,1640639.78,2026-05-21,Eligible,77.05,3,Not Selected
BID-000503,TND-00109,MPLADS-SYN-0109,CON-003,1608836.29,2026-05-21,Eligible,77.22,2,Not Selected
BID-000504,TND-00109,MPLADS-SYN-0109,CON-006,1775094.98,2026-05-21,Eligible,73.31,4,Not Selected
BID-000505,TND-00110,MPLADS-SYN-0110,CON-002,1664492.03,2026-07-06,Eligible,91.27,4,Not Selected
BID-000506,TND-00110,MPLADS-SYN-0110,CON-006,1598538.7,2026-07-06,Eligible,65.57,3,Not Selected
BID-000507,TND-00110,MPLADS-SYN-0110,CON-005,1625919.16,2026-07-06,Ineligible,,,Ineligible
BID-000508,TND-00110,MPLADS-SYN-0110,CON-004,1479827.54,2026-07-06,Eligible,76.15,1,Not Selected
BID-000509,TND-00110,MPLADS-SYN-0110,CON-001,1500276.91,2026-07-06,Eligible,76.95,2,Selected
BID-000510,TND-00110,MPLADS-SYN-0110,CON-003,1601950.04,2026-07-06,Ineligible,,,Ineligible
BID-000511,TND-00111,MPLADS-SYN-0111,CON-005,1282292.8,2026-08-26,Ineligible,,,Ineligible
BID-000512,TND-00111,MPLADS-SYN-0111,CON-004,1412761.4,2026-08-26,Ineligible,,,Ineligible
BID-000513,TND-00111,MPLADS-SYN-0111,CON-003,1431156.25,2026-08-26,Ineligible,,,Ineligible
BID-000514,TND-00112,MPLADS-SYN-0112,CON-006,429636.45,2025-12-21,Ineligible,,,Not Selected
BID-000515,TND-00112,MPLADS-SYN-0112,CON-003,424348.41,2025-12-21,Eligible,68.08,1,Not Selected
BID-000516,TND-00112,MPLADS-SYN-0112,CON-002,426069.11,2025-12-21,Eligible,74.03,2,Not Selected
BID-000517,TND-00113,MPLADS-SYN-0113,CON-007,514163.68,2026-03-27,Eligible,81.73,2,Under Evaluation
BID-000518,TND-00113,MPLADS-SYN-0113,CON-005,464438.09,2026-03-27,Eligible,74.12,1,Submitted
BID-000519,TND-00114,MPLADS-SYN-0114,CON-007,1836327.03,2026-01-20,Eligible,60.08,1,Selected
BID-000520,TND-00114,MPLADS-SYN-0114,CON-003,2023112.87,2026-01-20,Eligible,93.08,4,Not Selected
BID-000521,TND-00114,MPLADS-SYN-0114,CON-004,1956507.27,2026-01-20,Eligible,81.5,2,Not Selected
BID-000522,TND-00114,MPLADS-SYN-0114,CON-006,2203897.24,2026-01-20,Ineligible,,,Ineligible
BID-000523,TND-00114,MPLADS-SYN-0114,CON-001,1986054.12,2026-01-20,Eligible,88.95,3,Not Selected
BID-000524,TND-00114,MPLADS-SYN-0114,CON-005,2001191.48,2026-01-20,Ineligible,,,Ineligible
BID-000525,TND-00114,MPLADS-SYN-0114,CON-002,2132860.38,2026-01-20,Ineligible,,,Ineligible
BID-000526,TND-00115,MPLADS-SYN-0115,CON-002,2460868.11,2026-05-26,Eligible,86.87,5,Submitted
BID-000527,TND-00115,MPLADS-SYN-0115,CON-006,2363336.9,2026-05-26,Eligible,84.52,3,Not Selected
BID-000528,TND-00115,MPLADS-SYN-0115,CON-001,2406128.94,2026-05-26,Eligible,96.3,4,Submitted
BID-000529,TND-00115,MPLADS-SYN-0115,CON-005,2345391.43,2026-05-26,Eligible,79.83,2,Not Selected
BID-000530,TND-00115,MPLADS-SYN-0115,CON-003,2469582.35,2026-05-26,Eligible,85.01,6,Submitted
BID-000531,TND-00115,MPLADS-SYN-0115,CON-007,2339456.36,2026-05-26,Eligible,89.9,1,Under Evaluation
BID-000532,TND-00115,MPLADS-SYN-0115,CON-004,2168945.58,2026-05-26,Ineligible,,,Submitted
BID-000533,TND-00116,MPLADS-SYN-0116,CON-006,1685957.15,2026-01-31,Ineligible,,,Ineligible
BID-000534,TND-00116,MPLADS-SYN-0116,CON-005,1763400.19,2026-01-31,Eligible,92.67,1,Not Selected
BID-000535,TND-00116,MPLADS-SYN-0116,CON-003,1830810.85,2026-01-31,Eligible,63.46,3,Not Selected
BID-000536,TND-00116,MPLADS-SYN-0116,CON-001,2157044.66,2026-01-31,Eligible,70.84,4,Not Selected
BID-000537,TND-00116,MPLADS-SYN-0116,CON-007,1764464.45,2026-01-31,Eligible,65.86,2,Not Selected
BID-000538,TND-00117,MPLADS-SYN-0117,CON-007,1833224.28,2026-06-18,Eligible,66.9,1,Not Selected
BID-000539,TND-00117,MPLADS-SYN-0117,CON-005,2180049.33,2026-06-18,Eligible,74.82,2,Not Selected
BID-000540,TND-00118,MPLADS-SYN-0118,CON-003,816905.29,2026-04-28,Eligible,67.7,2,Not Selected
BID-000541,TND-00118,MPLADS-SYN-0118,CON-004,788905.41,2026-04-28,Eligible,78.73,1,Not Selected
BID-000542,TND-00118,MPLADS-SYN-0118,CON-007,788954.1,2026-04-28,Ineligible,,,Ineligible
BID-000543,TND-00119,MPLADS-SYN-0119,CON-007,2895661.2,2026-01-23,Eligible,61.1,1,Under Evaluation
BID-000544,TND-00119,MPLADS-SYN-0119,CON-002,2954569.0,2026-01-23,Eligible,81.05,3,Under Evaluation
BID-000545,TND-00119,MPLADS-SYN-0119,CON-003,2919871.5,2026-01-23,Eligible,88.99,2,Submitted
BID-000546,TND-00120,MPLADS-SYN-0120,CON-005,4166962.46,2026-03-31,Eligible,89.75,2,Not Selected
BID-000547,TND-00120,MPLADS-SYN-0120,CON-001,3657493.96,2026-03-31,Eligible,89.72,1,Not Selected
BID-000548,TND-00120,MPLADS-SYN-0120,CON-004,4065505.54,2026-03-31,Ineligible,,,Ineligible
BID-000549,TND-00120,MPLADS-SYN-0120,CON-007,4503096.05,2026-03-31,Ineligible,,,Ineligible
BID-000550,TND-00121,MPLADS-SYN-0121,CON-001,3830140.61,2026-01-03,Eligible,60.02,3,Selected
BID-000551,TND-00121,MPLADS-SYN-0121,CON-006,4095163.94,2026-01-03,Ineligible,,,Ineligible
BID-000552,TND-00121,MPLADS-SYN-0121,CON-007,3471271.28,2026-01-03,Eligible,91.9,1,Not Selected
BID-000553,TND-00121,MPLADS-SYN-0121,CON-005,3572245.07,2026-01-03,Eligible,92.01,2,Not Selected
BID-000554,TND-00122,MPLADS-SYN-0122,CON-002,1454117.96,2025-12-19,Eligible,80.3,2,Not Selected
BID-000555,TND-00122,MPLADS-SYN-0122,CON-006,1370624.41,2025-12-19,Eligible,86.54,1,Under Evaluation
BID-000556,TND-00123,MPLADS-SYN-0123,CON-006,4123284.18,2026-01-29,Eligible,84.14,4,Not Selected
BID-000557,TND-00123,MPLADS-SYN-0123,CON-007,4215403.83,2026-01-29,Ineligible,,,Ineligible
BID-000558,TND-00123,MPLADS-SYN-0123,CON-002,3535275.15,2026-01-29,Eligible,72.98,1,Not Selected
BID-000559,TND-00123,MPLADS-SYN-0123,CON-005,3715056.87,2026-01-29,Eligible,60.6,2,Not Selected
BID-000560,TND-00123,MPLADS-SYN-0123,CON-003,3938400.87,2026-01-29,Eligible,83.13,3,Not Selected
BID-000561,TND-00124,MPLADS-SYN-0124,CON-001,436170.97,2026-08-05,Eligible,89.92,1,Not Selected
BID-000562,TND-00124,MPLADS-SYN-0124,CON-002,465646.19,2026-08-05,Eligible,80.47,2,Not Selected
BID-000563,TND-00124,MPLADS-SYN-0124,CON-004,493645.8,2026-08-05,Eligible,85.55,4,Selected
BID-000564,TND-00124,MPLADS-SYN-0124,CON-005,431594.39,2026-08-05,Ineligible,,,Ineligible
BID-000565,TND-00124,MPLADS-SYN-0124,CON-007,486158.69,2026-08-05,Eligible,74.7,3,Not Selected
BID-000566,TND-00125,MPLADS-SYN-0125,CON-006,633257.99,2026-02-07,Eligible,78.73,5,Under Evaluation
BID-000567,TND-00125,MPLADS-SYN-0125,CON-007,595086.92,2026-02-07,Eligible,67.45,2,Submitted
BID-000568,TND-00125,MPLADS-SYN-0125,CON-001,612062.9,2026-02-07,Ineligible,,,Submitted
BID-000569,TND-00125,MPLADS-SYN-0125,CON-003,619137.85,2026-02-07,Ineligible,,,Submitted
BID-000570,TND-00125,MPLADS-SYN-0125,CON-002,573008.85,2026-02-07,Eligible,82.35,1,Submitted
BID-000571,TND-00125,MPLADS-SYN-0125,CON-005,601166.15,2026-02-07,Eligible,95.48,3,Under Evaluation
BID-000572,TND-00125,MPLADS-SYN-0125,CON-004,617044.45,2026-02-07,Eligible,92.21,4,Submitted
BID-000573,TND-00126,MPLADS-SYN-0126,CON-001,1504275.16,2026-01-16,Ineligible,,,Under Evaluation
BID-000574,TND-00126,MPLADS-SYN-0126,CON-007,1382274.2,2026-01-16,Ineligible,,,Under Evaluation
BID-000575,TND-00126,MPLADS-SYN-0126,CON-005,1476377.7,2026-01-16,Eligible,68.53,2,Not Selected
BID-000576,TND-00126,MPLADS-SYN-0126,CON-004,1443588.71,2026-01-16,Ineligible,,,Not Selected
BID-000577,TND-00126,MPLADS-SYN-0126,CON-006,1510678.14,2026-01-16,Eligible,67.4,3,Under Evaluation
BID-000578,TND-00126,MPLADS-SYN-0126,CON-003,1366609.99,2026-01-16,Eligible,68.57,1,Not Selected
BID-000579,TND-00127,MPLADS-SYN-0127,CON-005,4309714.92,2026-06-10,Ineligible,,,Ineligible
BID-000580,TND-00127,MPLADS-SYN-0127,CON-007,4722877.07,2026-06-10,Eligible,82.52,2,Not Selected
BID-000581,TND-00127,MPLADS-SYN-0127,CON-002,4962411.19,2026-06-10,Eligible,91.94,3,Selected
BID-000582,TND-00127,MPLADS-SYN-0127,CON-003,4495116.77,2026-06-10,Ineligible,,,Ineligible
BID-000583,TND-00127,MPLADS-SYN-0127,CON-001,4484277.73,2026-06-10,Eligible,91.64,1,Not Selected
BID-000584,TND-00127,MPLADS-SYN-0127,CON-006,5203163.65,2026-06-10,Eligible,95.85,4,Not Selected
BID-000585,TND-00128,MPLADS-SYN-0128,CON-006,779788.68,2026-03-17,Eligible,89.74,2,Not Selected
BID-000586,TND-00128,MPLADS-SYN-0128,CON-005,727020.47,2026-03-17,Ineligible,,,Ineligible
BID-000587,TND-00128,MPLADS-SYN-0128,CON-001,725505.65,2026-03-17,Ineligible,,,Ineligible
BID-000588,TND-00128,MPLADS-SYN-0128,CON-004,727815.95,2026-03-17,Eligible,81.25,1,Not Selected
BID-000589,TND-00129,MPLADS-SYN-0129,CON-003,2979837.02,2026-05-23,Ineligible,,,Ineligible
BID-000590,TND-00129,MPLADS-SYN-0129,CON-001,3370451.31,2026-05-23,Eligible,72.91,4,Not Selected
BID-000591,TND-00129,MPLADS-SYN-0129,CON-006,3415848.07,2026-05-23,Eligible,77.25,5,Not Selected
BID-000592,TND-00129,MPLADS-SYN-0129,CON-002,2935952.51,2026-05-23,Eligible,64.1,2,Not Selected
BID-000593,TND-00129,MPLADS-SYN-0129,CON-005,2687177.26,2026-05-23,Eligible,82.53,1,Not Selected
BID-000594,TND-00129,MPLADS-SYN-0129,CON-004,3339613.83,2026-05-23,Eligible,84.22,3,Not Selected
BID-000595,TND-00130,MPLADS-SYN-0130,CON-002,346016.19,2026-01-25,Eligible,65.23,3,Not Selected
BID-000596,TND-00130,MPLADS-SYN-0130,CON-003,309966.37,2026-01-25,Eligible,71.84,1,Not Selected
BID-000597,TND-00130,MPLADS-SYN-0130,CON-006,345226.33,2026-01-25,Eligible,71.83,2,Selected
BID-000598,TND-00131,MPLADS-SYN-0131,CON-007,1492741.45,2026-06-13,Eligible,74.02,2,Under Evaluation
BID-000599,TND-00131,MPLADS-SYN-0131,CON-006,1371752.94,2026-06-13,Eligible,69.02,1,Submitted
BID-000600,TND-00131,MPLADS-SYN-0131,CON-002,1698221.47,2026-06-13,Eligible,73.07,3,Under Evaluation
BID-000601,TND-00132,MPLADS-SYN-0132,CON-007,1300093.15,2026-07-31,Ineligible,,,Ineligible
BID-000602,TND-00132,MPLADS-SYN-0132,CON-005,1269924.53,2026-07-31,Eligible,92.38,3,Not Selected
BID-000603,TND-00132,MPLADS-SYN-0132,CON-002,1259235.77,2026-07-31,Eligible,83.41,2,Not Selected
BID-000604,TND-00132,MPLADS-SYN-0132,CON-001,1212435.75,2026-07-31,Eligible,63.98,1,Not Selected
BID-000605,TND-00132,MPLADS-SYN-0132,CON-004,1357663.49,2026-07-31,Eligible,78.85,4,Not Selected
BID-000606,TND-00133,MPLADS-SYN-0133,CON-007,2803856.08,2026-06-10,Ineligible,,,Not Selected
BID-000607,TND-00133,MPLADS-SYN-0133,CON-005,2474999.88,2026-06-10,Ineligible,,,Not Selected
BID-000608,TND-00134,MPLADS-SYN-0134,CON-006,2733059.67,2026-07-06,Eligible,76.74,2,Selected
BID-000609,TND-00134,MPLADS-SYN-0134,CON-003,3134362.63,2026-07-06,Eligible,61.67,5,Not Selected
BID-000610,TND-00134,MPLADS-SYN-0134,CON-007,2666580.53,2026-07-06,Eligible,70.8,1,Not Selected
BID-000611,TND-00134,MPLADS-SYN-0134,CON-001,2813729.77,2026-07-06,Eligible,87.32,3,Not Selected
BID-000612,TND-00134,MPLADS-SYN-0134,CON-005,2907708.1,2026-07-06,Eligible,66.78,4,Not Selected
BID-000613,TND-00135,MPLADS-SYN-0135,CON-001,1379407.66,2026-05-06,Eligible,91.59,2,Not Selected
BID-000614,TND-00135,MPLADS-SYN-0135,CON-006,1131917.93,2026-05-06,Eligible,72.86,1,Not Selected
BID-000615,TND-00136,MPLADS-SYN-0136,CON-002,471543.78,2026-01-27,Eligible,95.76,2,Not Selected
BID-000616,TND-00136,MPLADS-SYN-0136,CON-004,547137.73,2026-01-27,Eligible,93.38,3,Selected
BID-000617,TND-00136,MPLADS-SYN-0136,CON-003,433172.19,2026-01-27,Eligible,93.54,1,Not Selected
BID-000618,TND-00137,MPLADS-SYN-0137,CON-001,2249360.72,2026-05-11,Ineligible,,,Not Selected
BID-000619,TND-00137,MPLADS-SYN-0137,CON-002,2204952.53,2026-05-11,Eligible,82.32,2,Not Selected
BID-000620,TND-00137,MPLADS-SYN-0137,CON-004,2573933.44,2026-05-11,Eligible,72.45,3,Submitted
BID-000621,TND-00137,MPLADS-SYN-0137,CON-005,2089221.68,2026-05-11,Eligible,92.36,1,Submitted
BID-000622,TND-00138,MPLADS-SYN-0138,CON-007,3352042.54,2026-03-22,Eligible,79.72,3,Under Evaluation
BID-000623,TND-00138,MPLADS-SYN-0138,CON-002,2890041.3,2026-03-22,Eligible,86.39,1,Not Selected
BID-000624,TND-00138,MPLADS-SYN-0138,CON-001,3323387.27,2026-03-22,Ineligible,,,Under Evaluation
BID-000625,TND-00138,MPLADS-SYN-0138,CON-004,2962180.88,2026-03-22,Ineligible,,,Not Selected
BID-000626,TND-00138,MPLADS-SYN-0138,CON-005,3489357.07,2026-03-22,Eligible,68.34,4,Submitted
BID-000627,TND-00138,MPLADS-SYN-0138,CON-006,2909422.9,2026-03-22,Eligible,68.31,2,Under Evaluation
BID-000628,TND-00139,MPLADS-SYN-0139,CON-003,747873.56,2026-01-02,Eligible,80.92,2,Under Evaluation
BID-000629,TND-00139,MPLADS-SYN-0139,CON-002,609671.98,2026-01-02,Eligible,76.89,1,Under Evaluation
BID-000630,TND-00140,MPLADS-SYN-0140,CON-003,1652395.7,2026-01-19,Eligible,77.14,2,Under Evaluation
BID-000631,TND-00140,MPLADS-SYN-0140,CON-005,1638396.17,2026-01-19,Eligible,72.05,1,Under Evaluation
BID-000632,TND-00141,MPLADS-SYN-0141,CON-003,1760055.08,2026-04-24,Eligible,77.94,4,Selected
BID-000633,TND-00141,MPLADS-SYN-0141,CON-002,1584622.02,2026-04-24,Eligible,92.89,3,Not Selected
BID-000634,TND-00141,MPLADS-SYN-0141,CON-005,1469169.29,2026-04-24,Eligible,78.03,1,Not Selected
BID-000635,TND-00141,MPLADS-SYN-0141,CON-001,1585909.27,2026-04-24,Ineligible,,,Ineligible
BID-000636,TND-00141,MPLADS-SYN-0141,CON-006,1669616.69,2026-04-24,Ineligible,,,Ineligible
BID-000637,TND-00141,MPLADS-SYN-0141,CON-007,1514967.13,2026-04-24,Eligible,71.9,2,Not Selected
BID-000638,TND-00141,MPLADS-SYN-0141,CON-004,1453077.85,2026-04-24,Ineligible,,,Ineligible
BID-000639,TND-00142,MPLADS-SYN-0142,CON-002,2149912.26,2025-12-12,Eligible,71.61,1,Not Selected
BID-000640,TND-00142,MPLADS-SYN-0142,CON-004,2513716.57,2025-12-12,Ineligible,,,Ineligible
BID-000641,TND-00142,MPLADS-SYN-0142,CON-003,2557818.84,2025-12-12,Eligible,72.91,2,Not Selected
BID-000642,TND-00143,MPLADS-SYN-0143,CON-003,3511306.02,2026-02-28,Eligible,65.84,1,Submitted
BID-000643,TND-00143,MPLADS-SYN-0143,CON-005,3852084.23,2026-02-28,Eligible,83.93,2,Not Selected
BID-000644,TND-00143,MPLADS-SYN-0143,CON-006,3542657.47,2026-02-28,Ineligible,,,Under Evaluation
BID-000645,TND-00143,MPLADS-SYN-0143,CON-001,3189721.09,2026-02-28,Ineligible,,,Submitted
BID-000646,TND-00144,MPLADS-SYN-0144,CON-004,1771862.37,2026-08-04,Ineligible,,,Not Selected
BID-000647,TND-00144,MPLADS-SYN-0144,CON-002,2168845.62,2026-08-04,Eligible,63.96,1,Submitted
BID-000648,TND-00145,MPLADS-SYN-0145,CON-004,1568563.15,2026-01-26,Eligible,85.06,3,Not Selected
BID-000649,TND-00145,MPLADS-SYN-0145,CON-001,1509441.05,2026-01-26,Eligible,74.01,2,Not Selected
BID-000650,TND-00145,MPLADS-SYN-0145,CON-005,1483805.48,2026-01-26,Eligible,92.67,1,Selected
BID-000651,TND-00145,MPLADS-SYN-0145,CON-002,1657724.64,2026-01-26,Eligible,97.6,4,Not Selected
BID-000652,TND-00145,MPLADS-SYN-0145,CON-003,1535174.89,2026-01-26,Ineligible,,,Ineligible
BID-000653,TND-00146,MPLADS-SYN-0146,CON-004,1024907.78,2026-03-28,Eligible,76.42,2,Not Selected
BID-000654,TND-00146,MPLADS-SYN-0146,CON-001,986321.19,2026-03-28,Ineligible,,,Ineligible
BID-000655,TND-00146,MPLADS-SYN-0146,CON-007,854107.5,2026-03-28,Eligible,82.32,1,Not Selected
BID-000656,TND-00146,MPLADS-SYN-0146,CON-002,936594.01,2026-03-28,Ineligible,,,Ineligible
BID-000657,TND-00147,MPLADS-SYN-0147,CON-002,587300.41,2026-03-30,Ineligible,,,Ineligible
BID-000658,TND-00147,MPLADS-SYN-0147,CON-001,607982.22,2026-03-30,Eligible,88.02,2,Selected
BID-000659,TND-00147,MPLADS-SYN-0147,CON-003,580846.11,2026-03-30,Ineligible,,,Ineligible
BID-000660,TND-00147,MPLADS-SYN-0147,CON-007,590118.14,2026-03-30,Eligible,74.86,1,Not Selected
BID-000661,TND-00147,MPLADS-SYN-0147,CON-005,665190.16,2026-03-30,Eligible,75.77,3,Not Selected
BID-000662,TND-00148,MPLADS-SYN-0148,CON-002,507750.15,2026-05-21,Ineligible,,,Not Selected
BID-000663,TND-00148,MPLADS-SYN-0148,CON-005,474806.37,2026-05-21,Eligible,86.55,1,Under Evaluation
BID-000664,TND-00149,MPLADS-SYN-0149,CON-001,1521494.46,2026-02-11,Eligible,94.53,4,Selected
BID-000665,TND-00149,MPLADS-SYN-0149,CON-007,1343475.55,2026-02-11,Eligible,97.82,2,Not Selected
BID-000666,TND-00149,MPLADS-SYN-0149,CON-002,1225478.11,2026-02-11,Eligible,79.17,1,Not Selected
BID-000667,TND-00149,MPLADS-SYN-0149,CON-004,1473277.5,2026-02-11,Ineligible,,,Ineligible
BID-000668,TND-00149,MPLADS-SYN-0149,CON-006,1357454.93,2026-02-11,Eligible,67.88,3,Not Selected
BID-000669,TND-00150,MPLADS-SYN-0150,CON-001,503412.79,2026-04-18,Eligible,75.07,2,Not Selected
BID-000670,TND-00150,MPLADS-SYN-0150,CON-005,451922.7,2026-04-18,Eligible,86.95,1,Not Selected
BID-000671,TND-00150,MPLADS-SYN-0150,CON-004,468583.68,2026-04-18,Ineligible,,,Ineligible
BID-000672,TND-00150,MPLADS-SYN-0150,CON-003,514730.6,2026-04-18,Eligible,63.14,3,Not Selected
BID-000673,TND-00150,MPLADS-SYN-0150,CON-006,537555.5,2026-04-18,Ineligible,,,Ineligible
BID-000674,TND-00151,MPLADS-SYN-0151,CON-001,709948.05,2026-06-06,Eligible,66.73,2,Not Selected
BID-000675,TND-00151,MPLADS-SYN-0151,CON-006,590295.36,2026-06-06,Ineligible,,,Ineligible
BID-000676,TND-00151,MPLADS-SYN-0151,CON-002,597715.94,2026-06-06,Eligible,85.74,1,Not Selected
BID-000677,TND-00152,MPLADS-SYN-0152,CON-002,1618460.91,2025-12-24,Eligible,93.92,1,Not Selected
BID-000678,TND-00152,MPLADS-SYN-0152,CON-003,1759703.72,2025-12-24,Ineligible,,,Ineligible
BID-000679,TND-00153,MPLADS-SYN-0153,CON-005,3939226.7,2026-02-27,Eligible,67.6,7,Submitted
BID-000680,TND-00153,MPLADS-SYN-0153,CON-006,3108594.98,2026-02-27,Eligible,72.81,1,Submitted
BID-000681,TND-00153,MPLADS-SYN-0153,CON-007,3268858.16,2026-02-27,Eligible,96.43,3,Submitted
BID-000682,TND-00153,MPLADS-SYN-0153,CON-003,3181908.92,2026-02-27,Eligible,66.35,2,Not Selected
BID-000683,TND-00153,MPLADS-SYN-0153,CON-004,3472268.81,2026-02-27,Eligible,72.26,4,Under Evaluation
BID-000684,TND-00153,MPLADS-SYN-0153,CON-001,3664375.66,2026-02-27,Eligible,75.01,6,Not Selected
BID-000685,TND-00153,MPLADS-SYN-0153,CON-002,3483371.07,2026-02-27,Eligible,64.02,5,Submitted
BID-000686,TND-00154,MPLADS-SYN-0154,CON-003,2286683.55,2026-04-07,Eligible,61.67,4,Not Selected
BID-000687,TND-00154,MPLADS-SYN-0154,CON-001,2324862.08,2026-04-07,Eligible,71.46,5,Selected
BID-000688,TND-00154,MPLADS-SYN-0154,CON-005,2169386.48,2026-04-07,Eligible,87.08,2,Not Selected
BID-000689,TND-00154,MPLADS-SYN-0154,CON-002,2273758.43,2026-04-07,Eligible,69.57,3,Not Selected
BID-000690,TND-00154,MPLADS-SYN-0154,CON-006,1895898.93,2026-04-07,Eligible,97.29,1,Not Selected
BID-000691,TND-00155,MPLADS-SYN-0155,CON-005,715418.62,2026-02-09,Eligible,88.95,1,Not Selected
BID-000692,TND-00155,MPLADS-SYN-0155,CON-007,827744.08,2026-02-09,Ineligible,,,Submitted
BID-000693,TND-00155,MPLADS-SYN-0155,CON-006,756358.81,2026-02-09,Ineligible,,,Under Evaluation
BID-000694,TND-00156,MPLADS-SYN-0156,CON-004,2420120.43,2026-05-30,Eligible,68.84,1,Not Selected
BID-000695,TND-00156,MPLADS-SYN-0156,CON-006,2490136.18,2026-05-30,Eligible,71.74,2,Not Selected
BID-000696,TND-00157,MPLADS-SYN-0157,CON-006,1432743.17,2026-07-22,Eligible,69.05,1,Not Selected
BID-000697,TND-00157,MPLADS-SYN-0157,CON-005,1639810.1,2026-07-22,Eligible,88.09,4,Selected
BID-000698,TND-00157,MPLADS-SYN-0157,CON-001,1482154.22,2026-07-22,Eligible,72.07,3,Not Selected
BID-000699,TND-00157,MPLADS-SYN-0157,CON-003,1664320.93,2026-07-22,Eligible,79.79,5,Not Selected
BID-000700,TND-00157,MPLADS-SYN-0157,CON-002,1740083.08,2026-07-22,Eligible,88.52,6,Not Selected
BID-000701,TND-00157,MPLADS-SYN-0157,CON-004,1442531.48,2026-07-22,Eligible,73.02,2,Not Selected
BID-000702,TND-00158,MPLADS-SYN-0158,CON-002,943500.9,2026-08-13,Eligible,83.11,3,Not Selected
BID-000703,TND-00158,MPLADS-SYN-0158,CON-001,813019.47,2026-08-13,Eligible,66.97,1,Not Selected
BID-000704,TND-00158,MPLADS-SYN-0158,CON-007,866403.24,2026-08-13,Eligible,93.05,2,Not Selected
BID-000705,TND-00159,MPLADS-SYN-0159,CON-001,3125448.65,2026-05-22,Eligible,68.98,3,Not Selected
BID-000706,TND-00159,MPLADS-SYN-0159,CON-002,2591232.56,2026-05-22,Ineligible,,,Ineligible
BID-000707,TND-00159,MPLADS-SYN-0159,CON-005,2765039.91,2026-05-22,Eligible,69.31,2,Selected
BID-000708,TND-00159,MPLADS-SYN-0159,CON-007,2664444.45,2026-05-22,Eligible,71.52,1,Not Selected
BID-000709,TND-00160,MPLADS-SYN-0160,CON-005,1424341.68,2026-07-25,Eligible,77.89,1,Not Selected
BID-000710,TND-00160,MPLADS-SYN-0160,CON-007,1433511.47,2026-07-25,Ineligible,,,Ineligible
BID-000711,TND-00160,MPLADS-SYN-0160,CON-002,1560121.67,2026-07-25,Ineligible,,,Ineligible
BID-000712,TND-00160,MPLADS-SYN-0160,CON-004,1282429.15,2026-07-25,Ineligible,,,Ineligible
BID-000713,TND-00160,MPLADS-SYN-0160,CON-003,1435273.98,2026-07-25,Eligible,88.84,2,Not Selected
BID-000714,TND-00161,MPLADS-SYN-0161,CON-007,3427908.74,2026-06-29,Eligible,74.26,2,Not Selected
BID-000715,TND-00161,MPLADS-SYN-0161,CON-005,3705573.45,2026-06-29,Eligible,72.66,3,Not Selected
BID-000716,TND-00161,MPLADS-SYN-0161,CON-002,3806248.62,2026-06-29,Eligible,65.88,4,Not Selected
BID-000717,TND-00161,MPLADS-SYN-0161,CON-006,3320403.88,2026-06-29,Eligible,92.74,1,Not Selected
BID-000718,TND-00161,MPLADS-SYN-0161,CON-004,3820590.99,2026-06-29,Eligible,78.68,5,Selected
BID-000719,TND-00162,MPLADS-SYN-0162,CON-007,1060297.32,2026-05-14,Ineligible,,,Under Evaluation
BID-000720,TND-00162,MPLADS-SYN-0162,CON-003,1230524.76,2026-05-14,Eligible,86.95,2,Not Selected
BID-000721,TND-00162,MPLADS-SYN-0162,CON-004,1190319.02,2026-05-14,Eligible,62.19,1,Not Selected
BID-000722,TND-00162,MPLADS-SYN-0162,CON-005,1116673.28,2026-05-14,Ineligible,,,Not Selected
BID-000723,TND-00162,MPLADS-SYN-0162,CON-001,1075803.58,2026-05-14,Ineligible,,,Submitted
BID-000724,TND-00162,MPLADS-SYN-0162,CON-002,1274833.22,2026-05-14,Eligible,86.85,3,Not Selected
BID-000725,TND-00163,MPLADS-SYN-0163,CON-001,1670973.45,2026-04-13,Eligible,79.7,2,Not Selected
BID-000726,TND-00163,MPLADS-SYN-0163,CON-005,1579082.23,2026-04-13,Ineligible,,,Ineligible
BID-000727,TND-00163,MPLADS-SYN-0163,CON-002,1568962.39,2026-04-13,Ineligible,,,Ineligible
BID-000728,TND-00163,MPLADS-SYN-0163,CON-007,1607263.34,2026-04-13,Eligible,79.02,1,Not Selected
BID-000729,TND-00163,MPLADS-SYN-0163,CON-006,1730608.58,2026-04-13,Eligible,82.27,3,Selected
BID-000730,TND-00163,MPLADS-SYN-0163,CON-004,1818930.71,2026-04-13,Eligible,64.15,4,Not Selected
BID-000731,TND-00164,MPLADS-SYN-0164,CON-005,2283505.84,2026-06-10,Eligible,74.24,3,Submitted
BID-000732,TND-00164,MPLADS-SYN-0164,CON-006,2267486.08,2026-06-10,Eligible,66.92,2,Under Evaluation
BID-000733,TND-00164,MPLADS-SYN-0164,CON-002,2402537.03,2026-06-10,Ineligible,,,Not Selected
BID-000734,TND-00164,MPLADS-SYN-0164,CON-001,2328439.68,2026-06-10,Eligible,62.24,4,Submitted
BID-000735,TND-00164,MPLADS-SYN-0164,CON-007,1979457.99,2026-06-10,Eligible,97.35,1,Under Evaluation
BID-000736,TND-00164,MPLADS-SYN-0164,CON-004,2360067.59,2026-06-10,Ineligible,,,Not Selected
BID-000737,TND-00164,MPLADS-SYN-0164,CON-003,2382916.7,2026-06-10,Eligible,66.31,5,Not Selected
BID-000738,TND-00165,MPLADS-SYN-0165,CON-003,874168.73,2026-07-07,Eligible,60.36,2,Selected
BID-000739,TND-00165,MPLADS-SYN-0165,CON-002,824868.17,2026-07-07,Eligible,85.28,1,Not Selected
BID-000740,TND-00165,MPLADS-SYN-0165,CON-005,942571.61,2026-07-07,Eligible,63.68,4,Not Selected
BID-000741,TND-00165,MPLADS-SYN-0165,CON-004,882525.27,2026-07-07,Eligible,74.28,3,Not Selected
BID-000742,TND-00166,MPLADS-SYN-0166,CON-004,2318911.68,2026-03-20,Eligible,60.12,4,Submitted
BID-000743,TND-00166,MPLADS-SYN-0166,CON-007,2263387.0,2026-03-20,Ineligible,,,Not Selected
BID-000744,TND-00166,MPLADS-SYN-0166,CON-002,2244773.21,2026-03-20,Eligible,82.87,2,Submitted
BID-000745,TND-00166,MPLADS-SYN-0166,CON-006,2262572.8,2026-03-20,Eligible,88.55,3,Not Selected
BID-000746,TND-00166,MPLADS-SYN-0166,CON-005,1933724.95,2026-03-20,Ineligible,,,Not Selected
BID-000747,TND-00166,MPLADS-SYN-0166,CON-003,2165677.99,2026-03-20,Ineligible,,,Not Selected
BID-000748,TND-00166,MPLADS-SYN-0166,CON-001,2020957.09,2026-03-20,Eligible,97.47,1,Submitted
BID-000749,TND-00167,MPLADS-SYN-0167,CON-007,2078226.84,2026-03-21,Eligible,73.24,2,Not Selected
BID-000750,TND-00167,MPLADS-SYN-0167,CON-006,2321410.34,2026-03-21,Ineligible,,,Ineligible
BID-000751,TND-00167,MPLADS-SYN-0167,CON-001,2346976.23,2026-03-21,Eligible,87.9,5,Not Selected
BID-000752,TND-00167,MPLADS-SYN-0167,CON-003,1976216.69,2026-03-21,Eligible,87.05,1,Not Selected
BID-000753,TND-00167,MPLADS-SYN-0167,CON-004,2284374.42,2026-03-21,Eligible,64.86,4,Not Selected
BID-000754,TND-00167,MPLADS-SYN-0167,CON-002,2245299.11,2026-03-21,Eligible,91.63,3,Not Selected
BID-000755,TND-00167,MPLADS-SYN-0167,CON-005,2352023.04,2026-03-21,Ineligible,,,Ineligible
BID-000756,TND-00168,MPLADS-SYN-0168,CON-002,316411.08,2026-06-02,Eligible,68.04,1,Submitted
BID-000757,TND-00168,MPLADS-SYN-0168,CON-004,373792.73,2026-06-02,Eligible,76.53,2,Submitted
BID-000758,TND-00169,MPLADS-SYN-0169,CON-006,726229.9,2026-01-25,Eligible,84.47,5,Not Selected
BID-000759,TND-00169,MPLADS-SYN-0169,CON-002,642091.75,2026-01-25,Ineligible,,,Ineligible
BID-000760,TND-00169,MPLADS-SYN-0169,CON-007,689166.34,2026-01-25,Ineligible,,,Ineligible
BID-000761,TND-00169,MPLADS-SYN-0169,CON-004,715436.07,2026-01-25,Eligible,69.85,4,Not Selected
BID-000762,TND-00169,MPLADS-SYN-0169,CON-001,627466.01,2026-01-25,Eligible,63.39,2,Not Selected
BID-000763,TND-00169,MPLADS-SYN-0169,CON-005,703898.81,2026-01-25,Eligible,88.3,3,Not Selected
BID-000764,TND-00169,MPLADS-SYN-0169,CON-003,597738.06,2026-01-25,Eligible,64.84,1,Selected
BID-000765,TND-00170,MPLADS-SYN-0170,CON-003,508732.62,2025-12-26,Eligible,97.23,3,Under Evaluation
BID-000766,TND-00170,MPLADS-SYN-0170,CON-006,474254.48,2025-12-26,Eligible,95.49,2,Not Selected
BID-000767,TND-00170,MPLADS-SYN-0170,CON-001,449604.19,2025-12-26,Eligible,75.02,1,Submitted
BID-000768,TND-00171,MPLADS-SYN-0171,CON-004,1397721.89,2026-04-28,Eligible,88.39,1,Submitted
BID-000769,TND-00171,MPLADS-SYN-0171,CON-002,1540308.71,2026-04-28,Eligible,72.17,3,Not Selected
BID-000770,TND-00171,MPLADS-SYN-0171,CON-007,1414612.02,2026-04-28,Eligible,97.88,2,Under Evaluation
BID-000771,TND-00171,MPLADS-SYN-0171,CON-006,1488614.32,2026-04-28,Ineligible,,,Not Selected
BID-000772,TND-00172,MPLADS-SYN-0172,CON-006,2155890.98,2026-01-21,Eligible,92.23,2,Not Selected
BID-000773,TND-00172,MPLADS-SYN-0172,CON-004,2503135.0,2026-01-21,Eligible,86.62,5,Not Selected
BID-000774,TND-00172,MPLADS-SYN-0172,CON-005,1993857.04,2026-01-21,Eligible,92.56,1,Not Selected
BID-000775,TND-00172,MPLADS-SYN-0172,CON-003,2383570.88,2026-01-21,Eligible,97.41,4,Not Selected
BID-000776,TND-00172,MPLADS-SYN-0172,CON-007,2344217.05,2026-01-21,Eligible,97.66,3,Not Selected
BID-000777,TND-00173,MPLADS-SYN-0173,CON-004,3556154.58,2026-06-09,Ineligible,,,Ineligible
BID-000778,TND-00173,MPLADS-SYN-0173,CON-003,3070761.11,2026-06-09,Eligible,70.73,1,Not Selected
BID-000779,TND-00173,MPLADS-SYN-0173,CON-005,3501681.67,2026-06-09,Ineligible,,,Ineligible
BID-000780,TND-00174,MPLADS-SYN-0174,CON-001,358396.11,2026-03-06,Eligible,94.09,5,Not Selected
BID-000781,TND-00174,MPLADS-SYN-0174,CON-003,315854.56,2026-03-06,Eligible,87.94,4,Not Selected
BID-000782,TND-00174,MPLADS-SYN-0174,CON-006,298299.1,2026-03-06,Eligible,85.78,1,Not Selected
BID-000783,TND-00174,MPLADS-SYN-0174,CON-007,383992.37,2026-03-06,Eligible,74.31,7,Not Selected
BID-000784,TND-00174,MPLADS-SYN-0174,CON-002,383486.3,2026-03-06,Eligible,95.19,6,Not Selected
BID-000785,TND-00174,MPLADS-SYN-0174,CON-005,305904.18,2026-03-06,Eligible,66.83,3,Selected
BID-000786,TND-00174,MPLADS-SYN-0174,CON-004,302091.31,2026-03-06,Eligible,82.55,2,Not Selected
BID-000787,TND-00175,MPLADS-SYN-0175,CON-007,1765814.88,2026-07-10,Ineligible,,,Ineligible
BID-000788,TND-00175,MPLADS-SYN-0175,CON-005,1795804.46,2026-07-10,Eligible,84.81,1,Not Selected
BID-000789,TND-00175,MPLADS-SYN-0175,CON-003,1831055.25,2026-07-10,Eligible,89.55,2,Not Selected
BID-000790,TND-00175,MPLADS-SYN-0175,CON-001,2068474.46,2026-07-10,Ineligible,,,Ineligible
BID-000791,TND-00176,MPLADS-SYN-0176,CON-002,1859048.29,2025-12-03,Eligible,60.88,2,Selected
BID-000792,TND-00176,MPLADS-SYN-0176,CON-005,1827571.68,2025-12-03,Ineligible,,,Ineligible
BID-000793,TND-00176,MPLADS-SYN-0176,CON-003,1689913.41,2025-12-03,Eligible,90.19,1,Not Selected
BID-000794,TND-00176,MPLADS-SYN-0176,CON-001,1647304.43,2025-12-03,Ineligible,,,Ineligible
BID-000795,TND-00176,MPLADS-SYN-0176,CON-004,2023978.93,2025-12-03,Ineligible,,,Ineligible
BID-000796,TND-00177,MPLADS-SYN-0177,CON-003,2055660.17,2026-06-20,Eligible,90.89,2,Under Evaluation
BID-000797,TND-00177,MPLADS-SYN-0177,CON-001,1675675.73,2026-06-20,Ineligible,,,Submitted
BID-000798,TND-00177,MPLADS-SYN-0177,CON-005,1920261.55,2026-06-20,Eligible,96.7,1,Submitted
BID-000799,TND-00177,MPLADS-SYN-0177,CON-007,2105825.13,2026-06-20,Eligible,86.42,3,Not Selected
BID-000800,TND-00178,MPLADS-SYN-0178,CON-001,352512.17,2026-05-30,Eligible,84.8,2,Not Selected
BID-000801,TND-00178,MPLADS-SYN-0178,CON-004,357501.65,2026-05-30,Eligible,92.36,3,Not Selected
BID-000802,TND-00178,MPLADS-SYN-0178,CON-003,352088.04,2026-05-30,Eligible,79.23,1,Not Selected
BID-000803,TND-00179,MPLADS-SYN-0179,CON-003,914726.44,2026-03-09,Eligible,79.86,4,Not Selected
BID-000804,TND-00179,MPLADS-SYN-0179,CON-004,1008784.49,2026-03-09,Eligible,83.03,6,Not Selected
BID-000805,TND-00179,MPLADS-SYN-0179,CON-007,899435.78,2026-03-09,Eligible,85.18,3,Not Selected
BID-000806,TND-00179,MPLADS-SYN-0179,CON-001,792289.18,2026-03-09,Eligible,67.15,1,Not Selected
BID-000807,TND-00179,MPLADS-SYN-0179,CON-005,850933.12,2026-03-09,Eligible,96.38,2,Not Selected
BID-000808,TND-00179,MPLADS-SYN-0179,CON-006,920493.21,2026-03-09,Eligible,82.49,5,Not Selected
BID-000809,TND-00179,MPLADS-SYN-0179,CON-002,845801.02,2026-03-09,Ineligible,,,Ineligible
BID-000810,TND-00180,MPLADS-SYN-0180,CON-001,342357.48,2026-05-13,Eligible,86.48,3,Not Selected
BID-000811,TND-00180,MPLADS-SYN-0180,CON-002,341299.6,2026-05-13,Eligible,84.98,2,Not Selected
BID-000812,TND-00180,MPLADS-SYN-0180,CON-003,400948.28,2026-05-13,Eligible,91.22,5,Under Evaluation
BID-000813,TND-00180,MPLADS-SYN-0180,CON-007,353054.23,2026-05-13,Ineligible,,,Under Evaluation
BID-000814,TND-00180,MPLADS-SYN-0180,CON-004,325461.44,2026-05-13,Eligible,70.26,1,Submitted
BID-000815,TND-00180,MPLADS-SYN-0180,CON-006,373489.67,2026-05-13,Ineligible,,,Submitted
BID-000816,TND-00180,MPLADS-SYN-0180,CON-005,354288.96,2026-05-13,Eligible,94.55,4,Under Evaluation
BID-000817,TND-00181,MPLADS-SYN-0181,CON-006,2102152.9,2026-08-29,Eligible,96.17,3,Under Evaluation
BID-000818,TND-00181,MPLADS-SYN-0181,CON-002,2007712.14,2026-08-29,Eligible,80.01,2,Submitted
BID-000819,TND-00181,MPLADS-SYN-0181,CON-001,2052245.72,2026-08-29,Ineligible,,,Submitted
BID-000820,TND-00181,MPLADS-SYN-0181,CON-004,1885900.86,2026-08-29,Eligible,70.3,1,Not Selected
BID-000821,TND-00182,MPLADS-SYN-0182,CON-001,736603.76,2026-04-05,Eligible,69.84,2,Not Selected
BID-000822,TND-00182,MPLADS-SYN-0182,CON-003,776465.09,2026-04-05,Eligible,84.99,3,Not Selected
BID-000823,TND-00182,MPLADS-SYN-0182,CON-006,673107.33,2026-04-05,Eligible,62.01,1,Not Selected
BID-000824,TND-00182,MPLADS-SYN-0182,CON-002,783829.66,2026-04-05,Eligible,86.89,5,Selected
BID-000825,TND-00182,MPLADS-SYN-0182,CON-005,693331.21,2026-04-05,Ineligible,,,Ineligible
BID-000826,TND-00182,MPLADS-SYN-0182,CON-007,780289.48,2026-04-05,Eligible,76.68,4,Not Selected
BID-000827,TND-00182,MPLADS-SYN-0182,CON-004,713260.27,2026-04-05,Ineligible,,,Ineligible
BID-000828,TND-00183,MPLADS-SYN-0183,CON-004,1205746.0,2026-03-04,Eligible,84.15,2,Under Evaluation
BID-000829,TND-00183,MPLADS-SYN-0183,CON-002,1098386.82,2026-03-04,Eligible,89.28,1,Under Evaluation
BID-000830,TND-00184,MPLADS-SYN-0184,CON-006,1028081.54,2026-01-15,Ineligible,,,Submitted
BID-000831,TND-00184,MPLADS-SYN-0184,CON-005,1134163.25,2026-01-15,Ineligible,,,Not Selected
BID-000832,TND-00184,MPLADS-SYN-0184,CON-001,1016257.41,2026-01-15,Eligible,78.92,2,Under Evaluation
BID-000833,TND-00184,MPLADS-SYN-0184,CON-002,1062131.68,2026-01-15,Eligible,60.53,3,Under Evaluation
BID-000834,TND-00184,MPLADS-SYN-0184,CON-003,933447.84,2026-01-15,Eligible,76.15,1,Not Selected
BID-000835,TND-00185,MPLADS-SYN-0185,CON-004,1492481.49,2026-05-01,Eligible,83.08,2,Not Selected
BID-000836,TND-00185,MPLADS-SYN-0185,CON-003,1604007.91,2026-05-01,Eligible,66.64,3,Not Selected
BID-000837,TND-00185,MPLADS-SYN-0185,CON-007,1384391.22,2026-05-01,Eligible,79.52,1,Selected
BID-000838,TND-00186,MPLADS-SYN-0186,CON-007,1140077.37,2026-07-28,Eligible,91.61,1,Not Selected
BID-000839,TND-00186,MPLADS-SYN-0186,CON-003,1296487.0,2026-07-28,Eligible,71.02,3,Not Selected
BID-000840,TND-00186,MPLADS-SYN-0186,CON-001,1184353.03,2026-07-28,Eligible,68.1,2,Not Selected
BID-000841,TND-00187,MPLADS-SYN-0187,CON-006,2037650.89,2026-07-18,Eligible,95.55,2,Not Selected
BID-000842,TND-00187,MPLADS-SYN-0187,CON-004,2360871.65,2026-07-18,Ineligible,,,Ineligible
BID-000843,TND-00187,MPLADS-SYN-0187,CON-002,1901623.2,2026-07-18,Eligible,83.39,1,Not Selected
BID-000844,TND-00188,MPLADS-SYN-0188,CON-003,1302208.32,2026-07-24,Eligible,63.85,1,Not Selected
BID-000845,TND-00188,MPLADS-SYN-0188,CON-001,1333025.8,2026-07-24,Eligible,80.11,2,Selected
BID-000846,TND-00188,MPLADS-SYN-0188,CON-007,1472239.66,2026-07-24,Ineligible,,,Ineligible
BID-000847,TND-00188,MPLADS-SYN-0188,CON-002,1206916.11,2026-07-24,Ineligible,,,Ineligible
BID-000848,TND-00189,MPLADS-SYN-0189,CON-001,1116059.12,2026-02-12,Eligible,97.6,6,Not Selected
BID-000849,TND-00189,MPLADS-SYN-0189,CON-006,1074914.11,2026-02-12,Ineligible,,,Ineligible
BID-000850,TND-00189,MPLADS-SYN-0189,CON-002,943886.09,2026-02-12,Eligible,88.39,2,Not Selected
BID-000851,TND-00189,MPLADS-SYN-0189,CON-004,902539.71,2026-02-12,Eligible,64.21,1,Not Selected
BID-000852,TND-00189,MPLADS-SYN-0189,CON-003,976498.44,2026-02-12,Eligible,74.99,4,Not Selected
BID-000853,TND-00189,MPLADS-SYN-0189,CON-007,1098139.86,2026-02-12,Eligible,66.09,5,Not Selected
BID-000854,TND-00189,MPLADS-SYN-0189,CON-005,953732.86,2026-02-12,Eligible,96.47,3,Selected
BID-000855,TND-00190,MPLADS-SYN-0190,CON-007,819475.29,2026-07-25,Ineligible,,,Ineligible
BID-000856,TND-00190,MPLADS-SYN-0190,CON-001,858408.89,2026-07-25,Ineligible,,,Ineligible
BID-000857,TND-00190,MPLADS-SYN-0190,CON-004,776911.89,2026-07-25,Eligible,90.12,2,Not Selected
BID-000858,TND-00190,MPLADS-SYN-0190,CON-005,775747.19,2026-07-25,Eligible,79.0,1,Not Selected
BID-000859,TND-00190,MPLADS-SYN-0190,CON-002,916824.69,2026-07-25,Eligible,61.98,3,Not Selected
BID-000860,TND-00191,MPLADS-SYN-0191,CON-006,1134956.46,2025-12-20,Eligible,78.47,1,Not Selected
BID-000861,TND-00191,MPLADS-SYN-0191,CON-004,1217063.22,2025-12-20,Eligible,83.47,3,Not Selected
BID-000862,TND-00191,MPLADS-SYN-0191,CON-005,1207805.21,2025-12-20,Eligible,69.48,2,Not Selected
BID-000863,TND-00191,MPLADS-SYN-0191,CON-001,1218767.82,2025-12-20,Eligible,97.78,4,Not Selected
BID-000864,TND-00192,MPLADS-SYN-0192,CON-002,1602495.56,2026-03-31,Eligible,76.2,6,Not Selected
BID-000865,TND-00192,MPLADS-SYN-0192,CON-006,1466010.59,2026-03-31,Eligible,92.85,3,Not Selected
BID-000866,TND-00192,MPLADS-SYN-0192,CON-005,1379828.72,2026-03-31,Eligible,86.61,2,Not Selected
BID-000867,TND-00192,MPLADS-SYN-0192,CON-004,1598745.38,2026-03-31,Eligible,72.77,5,Not Selected
BID-000868,TND-00192,MPLADS-SYN-0192,CON-007,1415906.26,2026-03-31,Ineligible,,,Ineligible
BID-000869,TND-00192,MPLADS-SYN-0192,CON-001,1476013.7,2026-03-31,Eligible,64.18,4,Not Selected
BID-000870,TND-00192,MPLADS-SYN-0192,CON-003,1373705.29,2026-03-31,Eligible,87.04,1,Not Selected
BID-000871,TND-00193,MPLADS-SYN-0193,CON-002,745232.27,2026-03-09,Eligible,76.37,1,Not Selected
BID-000872,TND-00193,MPLADS-SYN-0193,CON-007,739583.27,2026-03-09,Ineligible,,,Ineligible
BID-000873,TND-00193,MPLADS-SYN-0193,CON-001,762125.2,2026-03-09,Eligible,64.24,2,Not Selected
BID-000874,TND-00193,MPLADS-SYN-0193,CON-005,823961.88,2026-03-09,Eligible,72.59,4,Not Selected
BID-000875,TND-00193,MPLADS-SYN-0193,CON-003,838611.65,2026-03-09,Eligible,88.23,5,Selected
BID-000876,TND-00193,MPLADS-SYN-0193,CON-004,807754.49,2026-03-09,Eligible,69.05,3,Not Selected
BID-000877,TND-00194,MPLADS-SYN-0194,CON-002,1957372.56,2026-04-27,Eligible,82.29,1,Submitted
BID-000878,TND-00194,MPLADS-SYN-0194,CON-005,2037503.55,2026-04-27,Eligible,86.78,2,Submitted
BID-000879,TND-00194,MPLADS-SYN-0194,CON-001,2043799.05,2026-04-27,Eligible,83.52,3,Not Selected
BID-000880,TND-00194,MPLADS-SYN-0194,CON-006,1748947.61,2026-04-27,Ineligible,,,Submitted
BID-000881,TND-00195,MPLADS-SYN-0195,CON-004,1278839.08,2025-12-15,Ineligible,,,Not Selected
BID-000882,TND-00195,MPLADS-SYN-0195,CON-002,1490456.13,2025-12-15,Eligible,77.04,1,Under Evaluation
BID-000883,TND-00196,MPLADS-SYN-0196,CON-006,1621153.72,2026-02-21,Ineligible,,,Ineligible
BID-000884,TND-00196,MPLADS-SYN-0196,CON-007,1834359.09,2026-02-21,Eligible,66.34,1,Not Selected
BID-000885,TND-00197,MPLADS-SYN-0197,CON-002,1686751.01,2026-07-17,Eligible,76.63,6,Submitted
BID-000886,TND-00197,MPLADS-SYN-0197,CON-007,1544164.96,2026-07-17,Ineligible,,,Under Evaluation
BID-000887,TND-00197,MPLADS-SYN-0197,CON-003,1582851.26,2026-07-17,Eligible,60.14,4,Submitted
BID-000888,TND-00197,MPLADS-SYN-0197,CON-001,1568899.7,2026-07-17,Eligible,77.31,3,Not Selected
BID-000889,TND-00197,MPLADS-SYN-0197,CON-004,1622562.84,2026-07-17,Eligible,92.39,5,Under Evaluation
BID-000890,TND-00197,MPLADS-SYN-0197,CON-006,1460063.66,2026-07-17,Eligible,64.53,2,Not Selected
BID-000891,TND-00197,MPLADS-SYN-0197,CON-005,1431452.13,2026-07-17,Eligible,61.49,1,Under Evaluation
BID-000892,TND-00198,MPLADS-SYN-0198,CON-002,1450688.32,2026-01-17,Eligible,97.44,5,Under Evaluation
BID-000893,TND-00198,MPLADS-SYN-0198,CON-007,1358759.92,2026-01-17,Eligible,68.33,4,Under Evaluation
BID-000894,TND-00198,MPLADS-SYN-0198,CON-006,1473264.27,2026-01-17,Eligible,96.92,6,Under Evaluation
BID-000895,TND-00198,MPLADS-SYN-0198,CON-005,1328868.68,2026-01-17,Eligible,88.34,3,Not Selected
BID-000896,TND-00198,MPLADS-SYN-0198,CON-001,1276418.58,2026-01-17,Eligible,84.1,2,Not Selected
BID-000897,TND-00198,MPLADS-SYN-0198,CON-003,1333421.26,2026-01-17,Ineligible,,,Submitted
BID-000898,TND-00198,MPLADS-SYN-0198,CON-004,1256938.77,2026-01-17,Eligible,83.93,1,Not Selected
BID-000899,TND-00199,MPLADS-SYN-0199,CON-007,1971103.65,2026-05-03,Ineligible,,,Under Evaluation
BID-000900,TND-00199,MPLADS-SYN-0199,CON-003,1818521.27,2026-05-03,Ineligible,,,Submitted
BID-000901,TND-00200,MPLADS-SYN-0200,CON-004,4688587.39,2026-01-30,Eligible,78.64,2,Not Selected
BID-000902,TND-00200,MPLADS-SYN-0200,CON-007,4542427.99,2026-01-30,Eligible,71.79,1,Submitted
BID-000903,TND-00201,MPLADS-SYN-0201,CON-007,2278283.65,2026-05-31,Ineligible,,,Submitted
BID-000904,TND-00201,MPLADS-SYN-0201,CON-006,2577691.83,2026-05-31,Eligible,88.52,4,Not Selected
BID-000905,TND-00201,MPLADS-SYN-0201,CON-005,2132367.83,2026-05-31,Eligible,74.59,1,Under Evaluation
BID-000906,TND-00201,MPLADS-SYN-0201,CON-002,2193772.2,2026-05-31,Eligible,95.52,2,Not Selected
BID-000907,TND-00201,MPLADS-SYN-0201,CON-004,2207611.9,2026-05-31,Eligible,65.42,3,Under Evaluation
BID-000908,TND-00202,MPLADS-SYN-0202,CON-005,1065109.48,2025-12-23,Eligible,67.69,3,Not Selected
BID-000909,TND-00202,MPLADS-SYN-0202,CON-001,979807.42,2025-12-23,Ineligible,,,Ineligible
BID-000910,TND-00202,MPLADS-SYN-0202,CON-007,1064404.89,2025-12-23,Eligible,72.61,2,Not Selected
BID-000911,TND-00202,MPLADS-SYN-0202,CON-006,897514.61,2025-12-23,Eligible,80.65,1,Not Selected
BID-000912,TND-00203,MPLADS-SYN-0203,CON-002,3335677.71,2026-04-27,Eligible,63.91,1,Not Selected
BID-000913,TND-00203,MPLADS-SYN-0203,CON-004,3604320.03,2026-04-27,Eligible,65.39,2,Selected
BID-000914,TND-00204,MPLADS-SYN-0204,CON-007,739028.63,2025-11-21,Eligible,78.69,4,Not Selected
BID-000915,TND-00204,MPLADS-SYN-0204,CON-001,757407.49,2025-11-21,Eligible,63.87,7,Not Selected
BID-000916,TND-00204,MPLADS-SYN-0204,CON-003,751383.96,2025-11-21,Eligible,62.9,6,Not Selected
BID-000917,TND-00204,MPLADS-SYN-0204,CON-002,644067.53,2025-11-21,Eligible,95.09,2,Not Selected
BID-000918,TND-00204,MPLADS-SYN-0204,CON-005,745178.2,2025-11-21,Eligible,82.97,5,Not Selected
BID-000919,TND-00204,MPLADS-SYN-0204,CON-004,617216.69,2025-11-21,Eligible,82.79,1,Selected
BID-000920,TND-00204,MPLADS-SYN-0204,CON-006,703702.25,2025-11-21,Eligible,93.94,3,Not Selected
BID-000921,TND-00205,MPLADS-SYN-0205,CON-005,4629048.6,2026-01-29,Eligible,92.75,2,Not Selected
BID-000922,TND-00205,MPLADS-SYN-0205,CON-003,4826799.49,2026-01-29,Eligible,72.17,5,Not Selected
BID-000923,TND-00205,MPLADS-SYN-0205,CON-007,4179136.03,2026-01-29,Ineligible,,,Ineligible
BID-000924,TND-00205,MPLADS-SYN-0205,CON-002,4646651.36,2026-01-29,Eligible,81.96,3,Not Selected
BID-000925,TND-00205,MPLADS-SYN-0205,CON-004,4806442.81,2026-01-29,Eligible,65.5,4,Not Selected
BID-000926,TND-00205,MPLADS-SYN-0205,CON-006,4104666.39,2026-01-29,Eligible,66.91,1,Selected
BID-000927,TND-00206,MPLADS-SYN-0206,CON-003,770335.55,2026-03-14,Eligible,65.25,1,Not Selected
BID-000928,TND-00206,MPLADS-SYN-0206,CON-006,836225.83,2026-03-14,Eligible,74.56,2,Not Selected
BID-000929,TND-00206,MPLADS-SYN-0206,CON-004,760247.81,2026-03-14,Ineligible,,,Ineligible
BID-000930,TND-00207,MPLADS-SYN-0207,CON-004,2090006.07,2026-01-15,Ineligible,,,Ineligible
BID-000931,TND-00207,MPLADS-SYN-0207,CON-006,2061646.62,2026-01-15,Eligible,86.72,2,Not Selected
BID-000932,TND-00207,MPLADS-SYN-0207,CON-003,1908476.36,2026-01-15,Eligible,67.72,1,Not Selected
BID-000933,TND-00208,MPLADS-SYN-0208,CON-006,2031815.79,2026-02-14,Eligible,62.26,1,Not Selected
BID-000934,TND-00208,MPLADS-SYN-0208,CON-003,2155874.83,2026-02-14,Eligible,71.2,2,Not Selected
BID-000935,TND-00208,MPLADS-SYN-0208,CON-004,2037880.64,2026-02-14,Ineligible,,,Ineligible
BID-000936,TND-00209,MPLADS-SYN-0209,CON-002,1698144.63,2026-03-01,Eligible,74.34,1,Selected
BID-000937,TND-00209,MPLADS-SYN-0209,CON-006,1644646.5,2026-03-01,Ineligible,,,Ineligible
BID-000938,TND-00209,MPLADS-SYN-0209,CON-001,1810408.43,2026-03-01,Eligible,85.18,2,Not Selected
BID-000939,TND-00210,MPLADS-SYN-0210,CON-001,2468009.99,2026-02-25,Ineligible,,,Ineligible
BID-000940,TND-00210,MPLADS-SYN-0210,CON-006,2455058.08,2026-02-25,Eligible,77.87,3,Not Selected
BID-000941,TND-00210,MPLADS-SYN-0210,CON-007,2442615.27,2026-02-25,Ineligible,,,Ineligible
BID-000942,TND-00210,MPLADS-SYN-0210,CON-003,2477477.67,2026-02-25,Eligible,70.9,4,Not Selected
BID-000943,TND-00210,MPLADS-SYN-0210,CON-005,2106863.25,2026-02-25,Eligible,82.96,1,Selected
BID-000944,TND-00210,MPLADS-SYN-0210,CON-004,2117346.27,2026-02-25,Eligible,60.41,2,Not Selected
BID-000945,TND-00210,MPLADS-SYN-0210,CON-002,2507862.96,2026-02-25,Ineligible,,,Ineligible
BID-000946,TND-00211,MPLADS-SYN-0211,CON-004,411044.55,2026-03-22,Eligible,96.98,1,Under Evaluation
BID-000947,TND-00211,MPLADS-SYN-0211,CON-006,421561.36,2026-03-22,Eligible,68.05,2,Not Selected
BID-000948,TND-00211,MPLADS-SYN-0211,CON-007,432047.2,2026-03-22,Eligible,66.98,3,Under Evaluation
BID-000949,TND-00211,MPLADS-SYN-0211,CON-002,445694.54,2026-03-22,Eligible,77.8,4,Not Selected
BID-000950,TND-00212,MPLADS-SYN-0212,CON-003,3163723.91,2026-01-22,Eligible,69.1,6,Not Selected
BID-000951,TND-00212,MPLADS-SYN-0212,CON-005,2654256.5,2026-01-22,Eligible,62.48,2,Not Selected
BID-000952,TND-00212,MPLADS-SYN-0212,CON-006,2977847.51,2026-01-22,Eligible,67.13,4,Not Selected
BID-000953,TND-00212,MPLADS-SYN-0212,CON-002,2683285.81,2026-01-22,Eligible,69.13,3,Not Selected
BID-000954,TND-00212,MPLADS-SYN-0212,CON-001,2596354.32,2026-01-22,Eligible,81.42,1,Not Selected
BID-000955,TND-00212,MPLADS-SYN-0212,CON-007,3121718.15,2026-01-22,Eligible,61.83,5,Not Selected
BID-000956,TND-00213,MPLADS-SYN-0213,CON-001,2415691.99,2026-05-28,Eligible,60.9,2,Not Selected
BID-000957,TND-00213,MPLADS-SYN-0213,CON-003,2895287.81,2026-05-28,Ineligible,,,Ineligible
BID-000958,TND-00213,MPLADS-SYN-0213,CON-007,2750587.16,2026-05-28,Eligible,71.02,4,Selected
BID-000959,TND-00213,MPLADS-SYN-0213,CON-006,2450561.09,2026-05-28,Ineligible,,,Ineligible
BID-000960,TND-00213,MPLADS-SYN-0213,CON-004,2400339.47,2026-05-28,Eligible,96.21,1,Not Selected
BID-000961,TND-00213,MPLADS-SYN-0213,CON-002,2505783.35,2026-05-28,Eligible,90.68,3,Not Selected
BID-000962,TND-00213,MPLADS-SYN-0213,CON-005,2797411.9,2026-05-28,Eligible,97.75,5,Not Selected
BID-000963,TND-00214,MPLADS-SYN-0214,CON-004,990840.49,2026-03-09,Eligible,92.53,2,Not Selected
BID-000964,TND-00214,MPLADS-SYN-0214,CON-007,1015188.88,2026-03-09,Ineligible,,,Submitted
BID-000965,TND-00214,MPLADS-SYN-0214,CON-005,956337.47,2026-03-09,Eligible,81.54,1,Submitted
BID-000966,TND-00214,MPLADS-SYN-0214,CON-006,1164517.2,2026-03-09,Eligible,65.42,4,Submitted
BID-000967,TND-00214,MPLADS-SYN-0214,CON-002,1131671.23,2026-03-09,Eligible,63.58,3,Under Evaluation
BID-000968,TND-00215,MPLADS-SYN-0215,CON-003,1292846.12,2026-03-25,Eligible,75.24,3,Under Evaluation
BID-000969,TND-00215,MPLADS-SYN-0215,CON-007,1415452.82,2026-03-25,Eligible,73.94,5,Under Evaluation
BID-000970,TND-00215,MPLADS-SYN-0215,CON-002,1411407.85,2026-03-25,Eligible,63.17,4,Under Evaluation
BID-000971,TND-00215,MPLADS-SYN-0215,CON-001,1267887.08,2026-03-25,Ineligible,,,Under Evaluation
BID-000972,TND-00215,MPLADS-SYN-0215,CON-004,1422238.37,2026-03-25,Eligible,97.14,6,Not Selected
BID-000973,TND-00215,MPLADS-SYN-0215,CON-006,1149472.01,2026-03-25,Eligible,91.21,2,Not Selected
BID-000974,TND-00215,MPLADS-SYN-0215,CON-005,1133141.03,2026-03-25,Eligible,74.28,1,Under Evaluation
BID-000975,TND-00216,MPLADS-SYN-0216,CON-004,967122.17,2026-07-01,Ineligible,,,Submitted
BID-000976,TND-00216,MPLADS-SYN-0216,CON-006,871455.64,2026-07-01,Eligible,89.19,1,Under Evaluation
BID-000977,TND-00216,MPLADS-SYN-0216,CON-002,899867.75,2026-07-01,Eligible,72.06,2,Submitted
BID-000978,TND-00216,MPLADS-SYN-0216,CON-007,1099109.56,2026-07-01,Ineligible,,,Submitted
BID-000979,TND-00216,MPLADS-SYN-0216,CON-005,1025572.71,2026-07-01,Ineligible,,,Submitted
BID-000980,TND-00216,MPLADS-SYN-0216,CON-003,919593.77,2026-07-01,Eligible,65.92,3,Not Selected
BID-000981,TND-00217,MPLADS-SYN-0217,CON-004,889424.96,2026-07-12,Eligible,96.2,1,Not Selected
BID-000982,TND-00217,MPLADS-SYN-0217,CON-005,1051545.4,2026-07-12,Eligible,69.58,5,Not Selected
BID-000983,TND-00217,MPLADS-SYN-0217,CON-003,920847.2,2026-07-12,Eligible,62.63,2,Selected
BID-000984,TND-00217,MPLADS-SYN-0217,CON-001,979805.13,2026-07-12,Eligible,93.2,3,Not Selected
BID-000985,TND-00217,MPLADS-SYN-0217,CON-007,991740.89,2026-07-12,Ineligible,,,Ineligible
BID-000986,TND-00217,MPLADS-SYN-0217,CON-002,1010630.32,2026-07-12,Eligible,66.99,4,Not Selected
BID-000987,TND-00218,MPLADS-SYN-0218,CON-001,2259078.85,2025-12-17,Eligible,76.6,4,Not Selected
BID-000988,TND-00218,MPLADS-SYN-0218,CON-007,2382710.29,2025-12-17,Ineligible,,,Submitted
BID-000989,TND-00218,MPLADS-SYN-0218,CON-003,2188401.91,2025-12-17,Eligible,87.46,2,Submitted
BID-000990,TND-00218,MPLADS-SYN-0218,CON-002,2198115.37,2025-12-17,Eligible,85.23,3,Under Evaluation
BID-000991,TND-00218,MPLADS-SYN-0218,CON-004,2333485.86,2025-12-17,Eligible,65.72,5,Submitted
BID-000992,TND-00218,MPLADS-SYN-0218,CON-005,2131909.13,2025-12-17,Eligible,92.84,1,Under Evaluation
BID-000993,TND-00219,MPLADS-SYN-0219,CON-001,384719.07,2026-07-13,Eligible,88.34,1,Not Selected
BID-000994,TND-00219,MPLADS-SYN-0219,CON-007,394642.26,2026-07-13,Eligible,82.84,2,Not Selected
BID-000995,TND-00219,MPLADS-SYN-0219,CON-003,397775.1,2026-07-13,Eligible,96.19,3,Not Selected
BID-000996,TND-00219,MPLADS-SYN-0219,CON-004,480891.9,2026-07-13,Eligible,74.07,6,Not Selected
BID-000997,TND-00219,MPLADS-SYN-0219,CON-006,414017.39,2026-07-13,Eligible,94.07,4,Not Selected
BID-000998,TND-00219,MPLADS-SYN-0219,CON-002,429229.37,2026-07-13,Eligible,86.57,5,Not Selected
BID-000999,TND-00219,MPLADS-SYN-0219,CON-005,445380.28,2026-07-13,Ineligible,,,Ineligible
BID-001000,TND-00220,MPLADS-SYN-0220,CON-003,2132000.02,2026-03-01,Eligible,66.72,2,Not Selected
BID-001001,TND-00220,MPLADS-SYN-0220,CON-006,2207177.73,2026-03-01,Ineligible,,,Ineligible
BID-001002,TND-00220,MPLADS-SYN-0220,CON-007,2089313.74,2026-03-01,Eligible,84.1,1,Selected
BID-001003,TND-00220,MPLADS-SYN-0220,CON-001,2266406.17,2026-03-01,Eligible,97.82,3,Not Selected
BID-001004,TND-00220,MPLADS-SYN-0220,CON-002,2323781.72,2026-03-01,Eligible,63.41,4,Not Selected
BID-001005,TND-00221,MPLADS-SYN-0221,CON-001,443802.72,2026-03-31,Ineligible,,,Ineligible
BID-001006,TND-00221,MPLADS-SYN-0221,CON-007,484069.52,2026-03-31,Eligible,67.43,4,Selected
BID-001007,TND-00221,MPLADS-SYN-0221,CON-006,474022.84,2026-03-31,Eligible,73.32,2,Not Selected
BID-001008,TND-00221,MPLADS-SYN-0221,CON-005,513734.52,2026-03-31,Ineligible,,,Ineligible
BID-001009,TND-00221,MPLADS-SYN-0221,CON-004,467084.51,2026-03-31,Ineligible,,,Ineligible
BID-001010,TND-00221,MPLADS-SYN-0221,CON-003,417431.63,2026-03-31,Eligible,89.72,1,Not Selected
BID-001011,TND-00221,MPLADS-SYN-0221,CON-002,478676.2,2026-03-31,Eligible,93.43,3,Not Selected
BID-001012,TND-00222,MPLADS-SYN-0222,CON-002,2413430.73,2026-05-15,Eligible,94.21,2,Not Selected
BID-001013,TND-00222,MPLADS-SYN-0222,CON-006,2260124.82,2026-05-15,Eligible,61.0,1,Not Selected
BID-001014,TND-00222,MPLADS-SYN-0222,CON-004,2482877.25,2026-05-15,Eligible,72.73,3,Not Selected
BID-001015,TND-00223,MPLADS-SYN-0223,CON-007,1302412.81,2026-03-13,Ineligible,,,Ineligible
BID-001016,TND-00223,MPLADS-SYN-0223,CON-002,1093949.84,2026-03-13,Ineligible,,,Ineligible
BID-001017,TND-00223,MPLADS-SYN-0223,CON-006,1356980.25,2026-03-13,Eligible,75.32,3,Not Selected
BID-001018,TND-00223,MPLADS-SYN-0223,CON-004,1152618.73,2026-03-13,Eligible,76.62,2,Not Selected
BID-001019,TND-00223,MPLADS-SYN-0223,CON-001,1084869.16,2026-03-13,Eligible,79.16,1,Selected
BID-001020,TND-00224,MPLADS-SYN-0224,CON-005,829650.53,2026-01-30,Eligible,60.44,2,Selected
BID-001021,TND-00224,MPLADS-SYN-0224,CON-006,990382.65,2026-01-30,Eligible,61.06,6,Not Selected
BID-001022,TND-00224,MPLADS-SYN-0224,CON-002,975549.28,2026-01-30,Eligible,81.73,5,Not Selected
BID-001023,TND-00224,MPLADS-SYN-0224,CON-004,813506.35,2026-01-30,Eligible,97.37,1,Not Selected
BID-001024,TND-00224,MPLADS-SYN-0224,CON-003,958185.0,2026-01-30,Eligible,67.09,3,Not Selected
BID-001025,TND-00224,MPLADS-SYN-0224,CON-001,962474.15,2026-01-30,Eligible,71.28,4,Not Selected
BID-001026,TND-00225,MPLADS-SYN-0225,CON-004,302114.56,2026-03-24,Eligible,62.94,2,Submitted
BID-001027,TND-00225,MPLADS-SYN-0225,CON-002,350181.45,2026-03-24,Eligible,63.83,6,Under Evaluation
BID-001028,TND-00225,MPLADS-SYN-0225,CON-006,346123.92,2026-03-24,Ineligible,,,Submitted
BID-001029,TND-00225,MPLADS-SYN-0225,CON-005,320637.68,2026-03-24,Eligible,86.12,4,Submitted
BID-001030,TND-00225,MPLADS-SYN-0225,CON-001,311458.49,2026-03-24,Eligible,94.52,3,Not Selected
BID-001031,TND-00225,MPLADS-SYN-0225,CON-007,347205.3,2026-03-24,Eligible,60.39,5,Under Evaluation
BID-001032,TND-00225,MPLADS-SYN-0225,CON-003,295240.86,2026-03-24,Eligible,97.08,1,Submitted
BID-001033,TND-00226,MPLADS-SYN-0226,CON-007,3161028.93,2026-02-21,Eligible,66.02,1,Not Selected
BID-001034,TND-00226,MPLADS-SYN-0226,CON-004,3261586.25,2026-02-21,Eligible,67.33,2,Not Selected
BID-001035,TND-00227,MPLADS-SYN-0227,CON-001,2267723.73,2026-01-06,Eligible,92.94,2,Not Selected
BID-001036,TND-00227,MPLADS-SYN-0227,CON-005,1915559.71,2026-01-06,Eligible,61.12,1,Not Selected
BID-001037,TND-00228,MPLADS-SYN-0228,CON-001,1096540.45,2026-05-20,Eligible,77.75,1,Selected
BID-001038,TND-00228,MPLADS-SYN-0228,CON-005,1168000.76,2026-05-20,Ineligible,,,Ineligible
BID-001039,TND-00228,MPLADS-SYN-0228,CON-002,1085762.19,2026-05-20,Ineligible,,,Ineligible
BID-001040,TND-00228,MPLADS-SYN-0228,CON-003,1199451.6,2026-05-20,Eligible,66.57,3,Not Selected
BID-001041,TND-00228,MPLADS-SYN-0228,CON-006,1134158.44,2026-05-20,Eligible,96.55,2,Not Selected
BID-001042,TND-00229,MPLADS-SYN-0229,CON-001,1542144.97,2026-05-03,Eligible,96.24,1,Not Selected
BID-001043,TND-00229,MPLADS-SYN-0229,CON-006,1681487.25,2026-05-03,Ineligible,,,Ineligible
BID-001044,TND-00229,MPLADS-SYN-0229,CON-005,1653766.39,2026-05-03,Eligible,91.0,2,Not Selected
BID-001045,TND-00230,MPLADS-SYN-0230,CON-005,917706.82,2026-01-23,Ineligible,,,Ineligible
BID-001046,TND-00230,MPLADS-SYN-0230,CON-004,775876.67,2026-01-23,Eligible,96.41,1,Selected
BID-001047,TND-00230,MPLADS-SYN-0230,CON-003,794541.35,2026-01-23,Ineligible,,,Ineligible
BID-001048,TND-00230,MPLADS-SYN-0230,CON-006,803330.5,2026-01-23,Eligible,75.14,2,Not Selected
BID-001049,TND-00231,MPLADS-SYN-0231,CON-001,3021133.3,2026-06-09,Eligible,62.76,1,Not Selected
BID-001050,TND-00231,MPLADS-SYN-0231,CON-006,3417984.26,2026-06-09,Eligible,65.51,3,Not Selected
BID-001051,TND-00231,MPLADS-SYN-0231,CON-004,3129426.56,2026-06-09,Eligible,72.11,2,Not Selected
BID-001052,TND-00232,MPLADS-SYN-0232,CON-001,461453.33,2026-05-06,Eligible,70.57,4,Not Selected
BID-001053,TND-00232,MPLADS-SYN-0232,CON-003,470928.76,2026-05-06,Eligible,93.92,5,Not Selected
BID-001054,TND-00232,MPLADS-SYN-0232,CON-004,449055.64,2026-05-06,Ineligible,,,Under Evaluation
BID-001055,TND-00232,MPLADS-SYN-0232,CON-006,495073.85,2026-05-06,Eligible,61.89,6,Submitted
BID-001056,TND-00232,MPLADS-SYN-0232,CON-007,457537.28,2026-05-06,Eligible,76.01,3,Under Evaluation
BID-001057,TND-00232,MPLADS-SYN-0232,CON-005,414080.89,2026-05-06,Eligible,72.42,1,Not Selected
BID-001058,TND-00232,MPLADS-SYN-0232,CON-002,444485.76,2026-05-06,Eligible,60.68,2,Under Evaluation
BID-001059,TND-00233,MPLADS-SYN-0233,CON-006,1253880.46,2026-07-28,Eligible,77.86,3,Not Selected
BID-001060,TND-00233,MPLADS-SYN-0233,CON-005,1311253.57,2026-07-28,Ineligible,,,Ineligible
BID-001061,TND-00233,MPLADS-SYN-0233,CON-001,1278208.64,2026-07-28,Eligible,72.05,4,Not Selected
BID-001062,TND-00233,MPLADS-SYN-0233,CON-004,1161205.59,2026-07-28,Eligible,81.15,2,Not Selected
BID-001063,TND-00233,MPLADS-SYN-0233,CON-003,1151084.14,2026-07-28,Eligible,74.95,1,Not Selected
BID-001064,TND-00234,MPLADS-SYN-0234,CON-005,827480.22,2026-05-21,Eligible,65.27,2,Not Selected
BID-001065,TND-00234,MPLADS-SYN-0234,CON-004,1054449.69,2026-05-21,Eligible,68.6,7,Selected
BID-001066,TND-00234,MPLADS-SYN-0234,CON-006,837124.01,2026-05-21,Eligible,91.01,4,Not Selected
BID-001067,TND-00234,MPLADS-SYN-0234,CON-007,945014.01,2026-05-21,Eligible,95.5,5,Not Selected
BID-001068,TND-00234,MPLADS-SYN-0234,CON-001,1024323.57,2026-05-21,Eligible,93.57,6,Not Selected
BID-001069,TND-00234,MPLADS-SYN-0234,CON-003,826338.28,2026-05-21,Eligible,95.99,1,Not Selected
BID-001070,TND-00234,MPLADS-SYN-0234,CON-002,834010.12,2026-05-21,Eligible,86.14,3,Not Selected
BID-001071,TND-00235,MPLADS-SYN-0235,CON-006,1993456.72,2026-07-16,Ineligible,,,Ineligible
BID-001072,TND-00235,MPLADS-SYN-0235,CON-003,1937713.75,2026-07-16,Eligible,79.83,1,Not Selected
BID-001073,TND-00235,MPLADS-SYN-0235,CON-005,1747451.25,2026-07-16,Ineligible,,,Ineligible
BID-001074,TND-00235,MPLADS-SYN-0235,CON-007,1949409.11,2026-07-16,Eligible,72.23,2,Selected
BID-001075,TND-00235,MPLADS-SYN-0235,CON-001,1982815.0,2026-07-16,Eligible,63.49,3,Not Selected
BID-001076,TND-00235,MPLADS-SYN-0235,CON-002,1999776.95,2026-07-16,Eligible,73.41,4,Not Selected
BID-001077,TND-00236,MPLADS-SYN-0236,CON-006,794862.65,2026-04-16,Ineligible,,,Ineligible
BID-001078,TND-00236,MPLADS-SYN-0236,CON-002,735952.29,2026-04-16,Eligible,90.93,1,Not Selected
BID-001079,TND-00236,MPLADS-SYN-0236,CON-005,873936.53,2026-04-16,Eligible,88.9,4,Not Selected
BID-001080,TND-00236,MPLADS-SYN-0236,CON-001,779483.34,2026-04-16,Eligible,84.9,3,Selected
BID-001081,TND-00236,MPLADS-SYN-0236,CON-004,892039.47,2026-04-16,Eligible,94.74,5,Not Selected
BID-001082,TND-00236,MPLADS-SYN-0236,CON-007,759944.81,2026-04-16,Eligible,74.65,2,Not Selected
BID-001083,TND-00237,MPLADS-SYN-0237,CON-004,1127812.73,2026-03-11,Eligible,96.16,1,Not Selected
BID-001084,TND-00237,MPLADS-SYN-0237,CON-005,1173286.47,2026-03-11,Eligible,65.6,2,Selected
BID-001085,TND-00237,MPLADS-SYN-0237,CON-002,1261477.89,2026-03-11,Eligible,69.14,3,Not Selected
BID-001086,TND-00237,MPLADS-SYN-0237,CON-003,1266758.93,2026-03-11,Eligible,70.14,4,Not Selected
BID-001087,TND-00237,MPLADS-SYN-0237,CON-001,1143490.93,2026-03-11,Ineligible,,,Ineligible
BID-001088,TND-00238,MPLADS-SYN-0238,CON-003,1360979.73,2026-05-27,Eligible,65.72,2,Not Selected
BID-001089,TND-00238,MPLADS-SYN-0238,CON-001,1414544.02,2026-05-27,Eligible,62.02,3,Not Selected
BID-001090,TND-00238,MPLADS-SYN-0238,CON-004,1331313.46,2026-05-27,Eligible,61.87,1,Not Selected
BID-001091,TND-00239,MPLADS-SYN-0239,CON-003,951204.15,2026-05-27,Eligible,70.49,1,Not Selected
BID-001092,TND-00239,MPLADS-SYN-0239,CON-007,1061973.76,2026-05-27,Ineligible,,,Submitted
BID-001093,TND-00239,MPLADS-SYN-0239,CON-002,1081507.54,2026-05-27,Eligible,68.34,2,Submitted
BID-001094,TND-00240,MPLADS-SYN-0240,CON-001,512439.03,2026-01-10,Ineligible,,,Ineligible
BID-001095,TND-00240,MPLADS-SYN-0240,CON-002,473988.51,2026-01-10,Eligible,68.36,2,Not Selected
BID-001096,TND-00240,MPLADS-SYN-0240,CON-003,528008.58,2026-01-10,Eligible,78.82,3,Not Selected
BID-001097,TND-00240,MPLADS-SYN-0240,CON-005,446378.64,2026-01-10,Eligible,73.21,1,Not Selected
BID-001098,TND-00241,MPLADS-SYN-0241,CON-003,1354018.99,2026-01-15,Ineligible,,,Ineligible
BID-001099,TND-00241,MPLADS-SYN-0241,CON-005,1603897.67,2026-01-15,Eligible,66.47,2,Not Selected
BID-001100,TND-00241,MPLADS-SYN-0241,CON-006,1581558.96,2026-01-15,Eligible,67.12,1,Selected
BID-001101,TND-00242,MPLADS-SYN-0242,CON-007,2143441.72,2026-07-16,Eligible,66.49,5,Not Selected
BID-001102,TND-00242,MPLADS-SYN-0242,CON-001,2038527.77,2026-07-16,Eligible,82.57,3,Not Selected
BID-001103,TND-00242,MPLADS-SYN-0242,CON-004,2141075.35,2026-07-16,Eligible,78.56,4,Not Selected
BID-001104,TND-00242,MPLADS-SYN-0242,CON-003,1787280.11,2026-07-16,Eligible,61.72,2,Not Selected
BID-001105,TND-00242,MPLADS-SYN-0242,CON-002,1674521.5,2026-07-16,Eligible,91.74,1,Not Selected
BID-001106,TND-00243,MPLADS-SYN-0243,CON-004,1793125.13,2026-07-12,Ineligible,,,Not Selected
BID-001107,TND-00243,MPLADS-SYN-0243,CON-002,1800374.9,2026-07-12,Eligible,78.49,2,Not Selected
BID-001108,TND-00243,MPLADS-SYN-0243,CON-001,1806858.88,2026-07-12,Eligible,71.44,3,Under Evaluation
BID-001109,TND-00243,MPLADS-SYN-0243,CON-003,1792194.66,2026-07-12,Ineligible,,,Submitted
BID-001110,TND-00243,MPLADS-SYN-0243,CON-006,1761569.97,2026-07-12,Eligible,97.19,1,Submitted
BID-001111,TND-00244,MPLADS-SYN-0244,CON-006,755734.77,2026-06-26,Ineligible,,,Ineligible
BID-001112,TND-00244,MPLADS-SYN-0244,CON-005,686094.14,2026-06-26,Eligible,67.37,1,Not Selected
BID-001113,TND-00244,MPLADS-SYN-0244,CON-001,794753.63,2026-06-26,Eligible,96.69,2,Selected
BID-001114,TND-00244,MPLADS-SYN-0244,CON-004,780578.79,2026-06-26,Ineligible,,,Ineligible
BID-001115,TND-00244,MPLADS-SYN-0244,CON-002,800688.03,2026-06-26,Eligible,70.08,3,Not Selected
BID-001116,TND-00245,MPLADS-SYN-0245,CON-005,2503400.23,2026-02-01,Eligible,91.7,1,Not Selected
BID-001117,TND-00245,MPLADS-SYN-0245,CON-007,2562954.32,2026-02-01,Ineligible,,,Ineligible
BID-001118,TND-00245,MPLADS-SYN-0245,CON-003,2885746.92,2026-02-01,Eligible,70.96,2,Not Selected
BID-001119,TND-00245,MPLADS-SYN-0245,CON-002,3178789.35,2026-02-01,Ineligible,,,Ineligible
BID-001120,TND-00246,MPLADS-SYN-0246,CON-007,1581357.69,2026-05-30,Eligible,81.21,1,Not Selected
BID-001121,TND-00246,MPLADS-SYN-0246,CON-002,1380510.14,2026-05-30,Ineligible,,,Under Evaluation
BID-001122,TND-00247,MPLADS-SYN-0247,CON-001,452828.34,2026-03-02,Eligible,70.75,1,Not Selected
BID-001123,TND-00247,MPLADS-SYN-0247,CON-003,469185.92,2026-03-02,Eligible,78.56,2,Not Selected
BID-001124,TND-00248,MPLADS-SYN-0248,CON-001,1854322.35,2026-01-20,Eligible,93.39,1,Under Evaluation
BID-001125,TND-00248,MPLADS-SYN-0248,CON-003,2249579.02,2026-01-20,Eligible,87.1,3,Submitted
BID-001126,TND-00248,MPLADS-SYN-0248,CON-006,1904171.29,2026-01-20,Eligible,82.24,2,Under Evaluation
BID-001127,TND-00249,MPLADS-SYN-0249,CON-001,430038.37,2026-03-30,Eligible,93.94,3,Not Selected
BID-001128,TND-00249,MPLADS-SYN-0249,CON-002,486021.84,2026-03-30,Eligible,66.59,5,Not Selected
BID-001129,TND-00249,MPLADS-SYN-0249,CON-004,431529.33,2026-03-30,Eligible,90.57,4,Selected
BID-001130,TND-00249,MPLADS-SYN-0249,CON-003,398157.34,2026-03-30,Eligible,69.5,1,Not Selected
BID-001131,TND-00249,MPLADS-SYN-0249,CON-006,429335.13,2026-03-30,Eligible,71.44,2,Not Selected
BID-001132,TND-00249,MPLADS-SYN-0249,CON-005,392129.77,2026-03-30,Ineligible,,,Ineligible
BID-001133,TND-00250,MPLADS-SYN-0250,CON-004,267245.09,2026-05-27,Ineligible,,,Ineligible
BID-001134,TND-00250,MPLADS-SYN-0250,CON-003,218502.64,2026-05-27,Ineligible,,,Ineligible
BID-001135,TND-00251,MPLADS-SYN-0251,CON-005,2954664.09,2026-01-30,Ineligible,,,Ineligible
BID-001136,TND-00251,MPLADS-SYN-0251,CON-004,3677504.3,2026-01-30,Eligible,62.08,5,Not Selected
BID-001137,TND-00251,MPLADS-SYN-0251,CON-003,3669433.3,2026-01-30,Eligible,72.67,4,Selected
BID-001138,TND-00251,MPLADS-SYN-0251,CON-007,3033993.69,2026-01-30,Eligible,81.49,1,Not Selected
BID-001139,TND-00251,MPLADS-SYN-0251,CON-001,3548589.34,2026-01-30,Eligible,64.61,3,Not Selected
BID-001140,TND-00251,MPLADS-SYN-0251,CON-002,3456655.67,2026-01-30,Eligible,86.66,2,Not Selected
BID-001141,TND-00251,MPLADS-SYN-0251,CON-006,3397359.05,2026-01-30,Ineligible,,,Ineligible
BID-001142,TND-00252,MPLADS-SYN-0252,CON-001,995856.82,2026-06-25,Eligible,62.55,3,Submitted
BID-001143,TND-00252,MPLADS-SYN-0252,CON-007,879372.97,2026-06-25,Eligible,63.68,2,Not Selected
BID-001144,TND-00252,MPLADS-SYN-0252,CON-005,892062.68,2026-06-25,Ineligible,,,Submitted
BID-001145,TND-00252,MPLADS-SYN-0252,CON-002,1047599.8,2026-06-25,Ineligible,,,Under Evaluation
BID-001146,TND-00252,MPLADS-SYN-0252,CON-006,855274.16,2026-06-25,Eligible,75.37,1,Under Evaluation
BID-001147,TND-00252,MPLADS-SYN-0252,CON-004,1084717.33,2026-06-25,Eligible,69.89,4,Not Selected
BID-001148,TND-00253,MPLADS-SYN-0253,CON-005,1096042.45,2026-03-28,Ineligible,,,Under Evaluation
BID-001149,TND-00253,MPLADS-SYN-0253,CON-004,1108802.04,2026-03-28,Eligible,64.56,1,Under Evaluation
BID-001150,TND-00253,MPLADS-SYN-0253,CON-001,1184196.69,2026-03-28,Eligible,84.51,3,Submitted
BID-001151,TND-00253,MPLADS-SYN-0253,CON-002,1341631.55,2026-03-28,Ineligible,,,Submitted
BID-001152,TND-00253,MPLADS-SYN-0253,CON-006,1346283.86,2026-03-28,Eligible,77.78,5,Submitted
BID-001153,TND-00253,MPLADS-SYN-0253,CON-003,1288457.9,2026-03-28,Eligible,97.31,4,Submitted
BID-001154,TND-00253,MPLADS-SYN-0253,CON-007,1174296.14,2026-03-28,Eligible,94.3,2,Under Evaluation
BID-001155,TND-00254,MPLADS-SYN-0254,CON-004,2800071.51,2026-07-02,Eligible,70.58,4,Not Selected
BID-001156,TND-00254,MPLADS-SYN-0254,CON-002,2736914.49,2026-07-02,Eligible,95.09,3,Not Selected
BID-001157,TND-00254,MPLADS-SYN-0254,CON-005,2280348.15,2026-07-02,Ineligible,,,Ineligible
BID-001158,TND-00254,MPLADS-SYN-0254,CON-003,2483063.7,2026-07-02,Eligible,83.02,2,Selected
BID-001159,TND-00254,MPLADS-SYN-0254,CON-006,2354096.26,2026-07-02,Eligible,64.92,1,Not Selected
BID-001160,TND-00255,MPLADS-SYN-0255,CON-003,926084.6,2026-06-22,Eligible,78.98,1,Not Selected
BID-001161,TND-00255,MPLADS-SYN-0255,CON-007,1040227.18,2026-06-22,Eligible,88.88,2,Selected
BID-001162,TND-00255,MPLADS-SYN-0255,CON-005,1117238.74,2026-06-22,Eligible,64.01,4,Not Selected
BID-001163,TND-00255,MPLADS-SYN-0255,CON-001,1091592.63,2026-06-22,Ineligible,,,Ineligible
BID-001164,TND-00255,MPLADS-SYN-0255,CON-006,1059732.54,2026-06-22,Ineligible,,,Ineligible
BID-001165,TND-00255,MPLADS-SYN-0255,CON-002,1102205.83,2026-06-22,Eligible,83.25,3,Not Selected
BID-001166,TND-00256,MPLADS-SYN-0256,CON-001,1097427.03,2026-01-18,Eligible,64.09,1,Under Evaluation
BID-001167,TND-00256,MPLADS-SYN-0256,CON-006,1231843.08,2026-01-18,Eligible,81.8,4,Not Selected
BID-001168,TND-00256,MPLADS-SYN-0256,CON-005,1151915.02,2026-01-18,Eligible,76.63,2,Under Evaluation
BID-001169,TND-00256,MPLADS-SYN-0256,CON-007,1179548.59,2026-01-18,Eligible,66.16,3,Not Selected
BID-001170,TND-00257,MPLADS-SYN-0257,CON-006,1513214.81,2026-03-25,Eligible,72.95,3,Not Selected
BID-001171,TND-00257,MPLADS-SYN-0257,CON-002,1479855.94,2026-03-25,Ineligible,,,Ineligible
BID-001172,TND-00257,MPLADS-SYN-0257,CON-005,1301424.63,2026-03-25,Eligible,81.67,1,Not Selected
BID-001173,TND-00257,MPLADS-SYN-0257,CON-001,1404228.17,2026-03-25,Eligible,73.55,2,Not Selected
BID-001174,TND-00257,MPLADS-SYN-0257,CON-007,1558661.46,2026-03-25,Eligible,90.46,4,Not Selected
BID-001175,TND-00257,MPLADS-SYN-0257,CON-003,1391593.3,2026-03-25,Ineligible,,,Ineligible
BID-001176,TND-00258,MPLADS-SYN-0258,CON-007,1255845.02,2025-12-29,Eligible,95.05,4,Not Selected
BID-001177,TND-00258,MPLADS-SYN-0258,CON-004,1086286.1,2025-12-29,Eligible,62.58,2,Not Selected
BID-001178,TND-00258,MPLADS-SYN-0258,CON-001,1270763.32,2025-12-29,Eligible,62.84,5,Not Selected
BID-001179,TND-00258,MPLADS-SYN-0258,CON-005,1182668.37,2025-12-29,Eligible,75.17,3,Not Selected
BID-001180,TND-00258,MPLADS-SYN-0258,CON-003,1028352.84,2025-12-29,Eligible,82.15,1,Not Selected
BID-001181,TND-00258,MPLADS-SYN-0258,CON-002,1290235.75,2025-12-29,Eligible,84.82,6,Not Selected
BID-001182,TND-00259,MPLADS-SYN-0259,CON-001,822268.66,2025-12-25,Eligible,94.67,3,Not Selected
BID-001183,TND-00259,MPLADS-SYN-0259,CON-003,675154.06,2025-12-25,Ineligible,,,Submitted
BID-001184,TND-00259,MPLADS-SYN-0259,CON-002,820104.1,2025-12-25,Eligible,97.28,2,Under Evaluation
BID-001185,TND-00259,MPLADS-SYN-0259,CON-007,848232.02,2025-12-25,Eligible,78.19,4,Not Selected
BID-001186,TND-00259,MPLADS-SYN-0259,CON-005,688245.59,2025-12-25,Eligible,61.35,1,Submitted
BID-001187,TND-00260,MPLADS-SYN-0260,CON-004,660936.43,2026-07-24,Eligible,89.7,1,Not Selected
BID-001188,TND-00260,MPLADS-SYN-0260,CON-005,737687.59,2026-07-24,Eligible,60.81,2,Not Selected
BID-001189,TND-00261,MPLADS-SYN-0261,CON-001,778496.24,2026-01-13,Eligible,76.59,6,Not Selected
BID-001190,TND-00261,MPLADS-SYN-0261,CON-006,717518.92,2026-01-13,Eligible,63.5,3,Not Selected
BID-001191,TND-00261,MPLADS-SYN-0261,CON-004,707585.3,2026-01-13,Eligible,88.4,1,Selected
BID-001192,TND-00261,MPLADS-SYN-0261,CON-007,889829.58,2026-01-13,Eligible,97.66,7,Not Selected
BID-001193,TND-00261,MPLADS-SYN-0261,CON-005,708591.45,2026-01-13,Eligible,90.88,2,Not Selected
BID-001194,TND-00261,MPLADS-SYN-0261,CON-002,721396.92,2026-01-13,Eligible,76.67,4,Not Selected
BID-001195,TND-00261,MPLADS-SYN-0261,CON-003,764138.67,2026-01-13,Eligible,73.29,5,Not Selected
BID-001196,TND-00262,MPLADS-SYN-0262,CON-005,3959471.84,2026-04-29,Eligible,76.85,5,Submitted
BID-001197,TND-00262,MPLADS-SYN-0262,CON-002,3545353.36,2026-04-29,Eligible,71.12,2,Not Selected
BID-001198,TND-00262,MPLADS-SYN-0262,CON-003,3881364.01,2026-04-29,Eligible,86.52,4,Under Evaluation
BID-001199,TND-00262,MPLADS-SYN-0262,CON-004,3737548.97,2026-04-29,Eligible,94.22,3,Under Evaluation
BID-001200,TND-00262,MPLADS-SYN-0262,CON-001,3931017.85,2026-04-29,Ineligible,,,Under Evaluation
BID-001201,TND-00262,MPLADS-SYN-0262,CON-006,3330612.12,2026-04-29,Eligible,68.76,1,Not Selected
BID-001202,TND-00263,MPLADS-SYN-0263,CON-006,2637690.59,2026-05-30,Ineligible,,,Ineligible
BID-001203,TND-00263,MPLADS-SYN-0263,CON-002,2440069.62,2026-05-30,Ineligible,,,Ineligible
BID-001204,TND-00263,MPLADS-SYN-0263,CON-003,2622709.59,2026-05-30,Eligible,78.96,2,Not Selected
BID-001205,TND-00263,MPLADS-SYN-0263,CON-001,2068838.1,2026-05-30,Eligible,82.35,1,Not Selected
BID-001206,TND-00264,MPLADS-SYN-0264,CON-003,1198905.27,2026-05-21,Eligible,76.38,2,Not Selected
BID-001207,TND-00264,MPLADS-SYN-0264,CON-007,1147876.33,2026-05-21,Eligible,80.58,1,Submitted
BID-001208,TND-00264,MPLADS-SYN-0264,CON-001,1246145.01,2026-05-21,Eligible,88.67,4,Not Selected
BID-001209,TND-00264,MPLADS-SYN-0264,CON-006,1242292.58,2026-05-21,Eligible,68.23,3,Not Selected
BID-001210,TND-00264,MPLADS-SYN-0264,CON-004,1139592.26,2026-05-21,Ineligible,,,Under Evaluation
BID-001211,TND-00264,MPLADS-SYN-0264,CON-002,1390718.72,2026-05-21,Eligible,81.03,5,Submitted
BID-001212,TND-00265,MPLADS-SYN-0265,CON-007,1051554.63,2026-01-19,Eligible,66.18,4,Not Selected
BID-001213,TND-00265,MPLADS-SYN-0265,CON-003,1039855.03,2026-01-19,Eligible,65.01,3,Not Selected
BID-001214,TND-00265,MPLADS-SYN-0265,CON-005,939175.44,2026-01-19,Eligible,63.25,1,Not Selected
BID-001215,TND-00265,MPLADS-SYN-0265,CON-004,1003731.47,2026-01-19,Eligible,72.83,2,Not Selected
BID-001216,TND-00266,MPLADS-SYN-0266,CON-003,517233.04,2025-12-28,Eligible,89.73,1,Not Selected
BID-001217,TND-00266,MPLADS-SYN-0266,CON-005,578910.68,2025-12-28,Eligible,64.72,2,Not Selected
BID-001218,TND-00267,MPLADS-SYN-0267,CON-004,1177091.0,2026-08-01,Ineligible,,,Ineligible
BID-001219,TND-00267,MPLADS-SYN-0267,CON-003,1028928.99,2026-08-01,Eligible,70.5,1,Not Selected
BID-001220,TND-00267,MPLADS-SYN-0267,CON-002,1193072.74,2026-08-01,Eligible,96.23,4,Not Selected
BID-001221,TND-00267,MPLADS-SYN-0267,CON-001,1142530.76,2026-08-01,Eligible,89.11,3,Not Selected
BID-001222,TND-00267,MPLADS-SYN-0267,CON-006,1093652.94,2026-08-01,Eligible,64.83,2,Selected
BID-001223,TND-00267,MPLADS-SYN-0267,CON-007,1199025.61,2026-08-01,Eligible,93.11,5,Not Selected
BID-001224,TND-00268,MPLADS-SYN-0268,CON-005,1701403.28,2026-02-01,Eligible,81.03,4,Not Selected
BID-001225,TND-00268,MPLADS-SYN-0268,CON-002,1550949.66,2026-02-01,Eligible,97.06,3,Not Selected
BID-001226,TND-00268,MPLADS-SYN-0268,CON-007,1460390.52,2026-02-01,Eligible,80.54,1,Not Selected
BID-001227,TND-00268,MPLADS-SYN-0268,CON-004,1472623.39,2026-02-01,Eligible,73.29,2,Not Selected
BID-001228,TND-00269,MPLADS-SYN-0269,CON-001,4575846.69,2026-05-04,Ineligible,,,Submitted
BID-001229,TND-00269,MPLADS-SYN-0269,CON-004,4658274.8,2026-05-04,Eligible,60.94,2,Submitted
BID-001230,TND-00269,MPLADS-SYN-0269,CON-002,4618029.17,2026-05-04,Eligible,97.05,1,Under Evaluation
BID-001231,TND-00269,MPLADS-SYN-0269,CON-003,4952744.54,2026-05-04,Eligible,95.81,3,Under Evaluation
BID-001232,TND-00270,MPLADS-SYN-0270,CON-003,2134376.97,2026-04-19,Eligible,64.04,3,Not Selected
BID-001233,TND-00270,MPLADS-SYN-0270,CON-001,1787682.43,2026-04-19,Eligible,79.41,1,Not Selected
BID-001234,TND-00270,MPLADS-SYN-0270,CON-002,2069532.51,2026-04-19,Eligible,95.72,2,Not Selected
BID-001235,TND-00271,MPLADS-SYN-0271,CON-003,3103650.39,2026-04-17,Eligible,74.48,1,Not Selected
BID-001236,TND-00271,MPLADS-SYN-0271,CON-005,3364332.95,2026-04-17,Eligible,96.3,2,Not Selected
BID-001237,TND-00272,MPLADS-SYN-0272,CON-007,4619690.52,2026-02-02,Eligible,92.21,3,Not Selected
BID-001238,TND-00272,MPLADS-SYN-0272,CON-004,4389267.78,2026-02-02,Eligible,83.07,2,Not Selected
BID-001239,TND-00272,MPLADS-SYN-0272,CON-006,4536153.5,2026-02-02,Ineligible,,,Ineligible
BID-001240,TND-00272,MPLADS-SYN-0272,CON-005,4153679.73,2026-02-02,Eligible,91.77,1,Not Selected
BID-001241,TND-00273,MPLADS-SYN-0273,CON-003,2407611.12,2026-05-14,Eligible,77.32,2,Not Selected
BID-001242,TND-00273,MPLADS-SYN-0273,CON-002,2281503.55,2026-05-14,Eligible,86.34,1,Not Selected
BID-001243,TND-00273,MPLADS-SYN-0273,CON-007,2114754.12,2026-05-14,Ineligible,,,Ineligible
BID-001244,TND-00274,MPLADS-SYN-0274,CON-003,490743.42,2026-07-04,Ineligible,,,Ineligible
BID-001245,TND-00274,MPLADS-SYN-0274,CON-004,462794.82,2026-07-04,Eligible,95.18,1,Not Selected
BID-001246,TND-00274,MPLADS-SYN-0274,CON-007,464730.35,2026-07-04,Ineligible,,,Ineligible
BID-001247,TND-00274,MPLADS-SYN-0274,CON-005,519448.4,2026-07-04,Eligible,83.01,2,Not Selected
BID-001248,TND-00274,MPLADS-SYN-0274,CON-002,534971.63,2026-07-04,Eligible,71.93,3,Selected
BID-001249,TND-00275,MPLADS-SYN-0275,CON-001,735954.93,2026-07-30,Eligible,93.3,3,Submitted
BID-001250,TND-00275,MPLADS-SYN-0275,CON-003,623330.99,2026-07-30,Eligible,70.01,1,Under Evaluation
BID-001251,TND-00275,MPLADS-SYN-0275,CON-007,721710.63,2026-07-30,Ineligible,,,Not Selected
BID-001252,TND-00275,MPLADS-SYN-0275,CON-005,638931.66,2026-07-30,Eligible,60.91,2,Under Evaluation
BID-001253,TND-00276,MPLADS-SYN-0276,CON-002,3683727.83,2026-01-07,Ineligible,,,Under Evaluation
BID-001254,TND-00276,MPLADS-SYN-0276,CON-001,3519719.79,2026-01-07,Ineligible,,,Not Selected
BID-001255,TND-00276,MPLADS-SYN-0276,CON-004,3709631.98,2026-01-07,Eligible,72.8,1,Submitted
BID-001256,TND-00277,MPLADS-SYN-0277,CON-006,857689.45,2026-03-09,Eligible,65.79,6,Not Selected
BID-001257,TND-00277,MPLADS-SYN-0277,CON-003,707115.13,2026-03-09,Eligible,85.61,1,Not Selected
BID-001258,TND-00277,MPLADS-SYN-0277,CON-005,799606.88,2026-03-09,Eligible,76.67,4,Not Selected
BID-001259,TND-00277,MPLADS-SYN-0277,CON-001,811048.44,2026-03-09,Eligible,95.9,5,Not Selected
BID-001260,TND-00277,MPLADS-SYN-0277,CON-007,725606.46,2026-03-09,Eligible,78.75,2,Not Selected
BID-001261,TND-00277,MPLADS-SYN-0277,CON-004,715519.75,2026-03-09,Ineligible,,,Ineligible
BID-001262,TND-00277,MPLADS-SYN-0277,CON-002,764690.87,2026-03-09,Eligible,72.11,3,Selected
BID-001263,TND-00278,MPLADS-SYN-0278,CON-002,3869134.35,2026-01-01,Eligible,70.94,2,Submitted
BID-001264,TND-00278,MPLADS-SYN-0278,CON-006,4012951.39,2026-01-01,Eligible,70.96,3,Submitted
BID-001265,TND-00278,MPLADS-SYN-0278,CON-007,4458018.09,2026-01-01,Eligible,85.32,5,Submitted
BID-001266,TND-00278,MPLADS-SYN-0278,CON-005,3656085.73,2026-01-01,Eligible,91.87,1,Not Selected
BID-001267,TND-00278,MPLADS-SYN-0278,CON-003,4289897.84,2026-01-01,Eligible,94.3,4,Not Selected
BID-001268,TND-00278,MPLADS-SYN-0278,CON-001,4501552.05,2026-01-01,Eligible,78.56,6,Submitted
BID-001269,TND-00279,MPLADS-SYN-0279,CON-006,3313581.98,2026-01-24,Eligible,93.78,3,Under Evaluation
BID-001270,TND-00279,MPLADS-SYN-0279,CON-003,3134070.72,2026-01-24,Eligible,97.74,2,Submitted
BID-001271,TND-00279,MPLADS-SYN-0279,CON-002,3325965.16,2026-01-24,Eligible,90.54,4,Under Evaluation
BID-001272,TND-00279,MPLADS-SYN-0279,CON-007,3336143.42,2026-01-24,Eligible,62.83,6,Not Selected
BID-001273,TND-00279,MPLADS-SYN-0279,CON-004,2863165.39,2026-01-24,Eligible,77.23,1,Under Evaluation
BID-001274,TND-00279,MPLADS-SYN-0279,CON-001,3329095.0,2026-01-24,Eligible,86.14,5,Not Selected
BID-001275,TND-00280,MPLADS-SYN-0280,CON-007,1367861.51,2026-05-15,Eligible,96.07,4,Not Selected
BID-001276,TND-00280,MPLADS-SYN-0280,CON-001,1298799.43,2026-05-15,Eligible,65.2,3,Not Selected
BID-001277,TND-00280,MPLADS-SYN-0280,CON-005,1217827.42,2026-05-15,Eligible,85.59,2,Not Selected
BID-001278,TND-00280,MPLADS-SYN-0280,CON-004,1182054.75,2026-05-15,Eligible,78.41,1,Not Selected
BID-001279,TND-00280,MPLADS-SYN-0280,CON-002,1156841.32,2026-05-15,Ineligible,,,Ineligible
BID-001280,TND-00281,MPLADS-SYN-0281,CON-002,1577176.87,2026-01-26,Eligible,76.5,2,Submitted
BID-001281,TND-00281,MPLADS-SYN-0281,CON-001,1410375.54,2026-01-26,Eligible,66.77,1,Not Selected
BID-001282,TND-00282,MPLADS-SYN-0282,CON-003,817811.05,2026-06-03,Eligible,78.4,1,Not Selected
BID-001283,TND-00282,MPLADS-SYN-0282,CON-002,912811.72,2026-06-03,Eligible,93.36,2,Not Selected
BID-001284,TND-00282,MPLADS-SYN-0282,CON-005,954155.67,2026-06-03,Eligible,85.38,3,Not Selected
BID-001285,TND-00283,MPLADS-SYN-0283,CON-004,2803175.43,2026-02-21,Eligible,75.94,4,Selected
BID-001286,TND-00283,MPLADS-SYN-0283,CON-005,2471808.6,2026-02-21,Eligible,85.17,2,Not Selected
BID-001287,TND-00283,MPLADS-SYN-0283,CON-003,2258913.82,2026-02-21,Ineligible,,,Ineligible
BID-001288,TND-00283,MPLADS-SYN-0283,CON-002,2798932.73,2026-02-21,Eligible,73.21,3,Not Selected
BID-001289,TND-00283,MPLADS-SYN-0283,CON-001,2440272.38,2026-02-21,Eligible,89.4,1,Not Selected
BID-001290,TND-00284,MPLADS-SYN-0284,CON-004,2434563.41,2026-04-25,Eligible,79.28,1,Not Selected
BID-001291,TND-00284,MPLADS-SYN-0284,CON-006,3045765.54,2026-04-25,Ineligible,,,Ineligible
BID-001292,TND-00284,MPLADS-SYN-0284,CON-002,2457170.32,2026-04-25,Eligible,69.94,2,Not Selected
BID-001293,TND-00285,MPLADS-SYN-0285,CON-003,2595334.44,2026-01-10,Eligible,84.18,2,Under Evaluation
BID-001294,TND-00285,MPLADS-SYN-0285,CON-004,2437782.19,2026-01-10,Ineligible,,,Under Evaluation
BID-001295,TND-00285,MPLADS-SYN-0285,CON-001,2562076.86,2026-01-10,Eligible,67.84,1,Not Selected
BID-001296,TND-00286,MPLADS-SYN-0286,CON-005,2035565.03,2026-08-16,Ineligible,,,Ineligible
BID-001297,TND-00286,MPLADS-SYN-0286,CON-007,2076700.36,2026-08-16,Eligible,94.66,1,Not Selected
BID-001298,TND-00286,MPLADS-SYN-0286,CON-003,2479271.02,2026-08-16,Eligible,84.89,3,Not Selected
BID-001299,TND-00286,MPLADS-SYN-0286,CON-001,2331596.15,2026-08-16,Eligible,80.35,2,Not Selected
BID-001300,TND-00286,MPLADS-SYN-0286,CON-006,2609204.29,2026-08-16,Eligible,92.67,4,Selected
BID-001301,TND-00287,MPLADS-SYN-0287,CON-002,1767368.05,2025-12-13,Eligible,68.19,2,Under Evaluation
BID-001302,TND-00287,MPLADS-SYN-0287,CON-006,1694667.08,2025-12-13,Eligible,92.13,1,Submitted
BID-001303,TND-00288,MPLADS-SYN-0288,CON-006,1952162.22,2026-07-08,Eligible,70.76,2,Not Selected
BID-001304,TND-00288,MPLADS-SYN-0288,CON-004,1720682.79,2026-07-08,Eligible,61.28,1,Not Selected
BID-001305,TND-00288,MPLADS-SYN-0288,CON-007,2085332.48,2026-07-08,Ineligible,,,Ineligible
BID-001306,TND-00289,MPLADS-SYN-0289,CON-005,1221455.09,2026-05-25,Eligible,92.76,1,Not Selected
BID-001307,TND-00289,MPLADS-SYN-0289,CON-001,1025575.49,2026-05-25,Ineligible,,,Ineligible
BID-001308,TND-00290,MPLADS-SYN-0290,CON-001,1635804.65,2026-06-16,Eligible,87.96,1,Submitted
BID-001309,TND-00290,MPLADS-SYN-0290,CON-006,1739937.3,2026-06-16,Eligible,92.65,2,Not Selected
BID-001310,TND-00291,MPLADS-SYN-0291,CON-006,1353734.76,2026-02-22,Eligible,70.81,3,Under Evaluation
BID-001311,TND-00291,MPLADS-SYN-0291,CON-003,1271892.63,2026-02-22,Eligible,60.65,1,Under Evaluation
BID-001312,TND-00291,MPLADS-SYN-0291,CON-004,1208080.82,2026-02-22,Ineligible,,,Under Evaluation
BID-001313,TND-00291,MPLADS-SYN-0291,CON-001,1290437.12,2026-02-22,Eligible,68.51,2,Under Evaluation
BID-001314,TND-00291,MPLADS-SYN-0291,CON-005,1356309.08,2026-02-22,Ineligible,,,Submitted
BID-001315,TND-00291,MPLADS-SYN-0291,CON-002,1192596.44,2026-02-22,Ineligible,,,Not Selected
BID-001316,TND-00292,MPLADS-SYN-0292,CON-001,4841434.01,2026-07-29,Eligible,63.19,3,Not Selected
BID-001317,TND-00292,MPLADS-SYN-0292,CON-003,4240562.51,2026-07-29,Ineligible,,,Ineligible
BID-001318,TND-00292,MPLADS-SYN-0292,CON-002,4374597.32,2026-07-29,Eligible,62.24,2,Not Selected
BID-001319,TND-00292,MPLADS-SYN-0292,CON-005,4341160.78,2026-07-29,Ineligible,,,Ineligible
BID-001320,TND-00292,MPLADS-SYN-0292,CON-007,4138272.28,2026-07-29,Eligible,91.7,1,Not Selected
BID-001321,TND-00293,MPLADS-SYN-0293,CON-001,1122564.89,2026-05-17,Eligible,72.23,5,Not Selected
BID-001322,TND-00293,MPLADS-SYN-0293,CON-005,1058033.55,2026-05-17,Eligible,95.01,3,Not Selected
BID-001323,TND-00293,MPLADS-SYN-0293,CON-007,985118.27,2026-05-17,Eligible,74.28,2,Not Selected
BID-001324,TND-00293,MPLADS-SYN-0293,CON-002,1070398.33,2026-05-17,Eligible,79.76,4,Not Selected
BID-001325,TND-00293,MPLADS-SYN-0293,CON-004,906780.5,2026-05-17,Eligible,76.63,1,Selected
BID-001326,TND-00293,MPLADS-SYN-0293,CON-003,1125768.44,2026-05-17,Eligible,93.65,6,Not Selected
BID-001327,TND-00294,MPLADS-SYN-0294,CON-004,2387888.55,2026-05-13,Eligible,79.85,5,Not Selected
BID-001328,TND-00294,MPLADS-SYN-0294,CON-005,2218343.02,2026-05-13,Eligible,81.42,4,Not Selected
BID-001329,TND-00294,MPLADS-SYN-0294,CON-001,1970184.98,2026-05-13,Eligible,79.88,1,Not Selected
BID-001330,TND-00294,MPLADS-SYN-0294,CON-007,1991465.17,2026-05-13,Eligible,79.74,2,Not Selected
BID-001331,TND-00294,MPLADS-SYN-0294,CON-003,2017309.75,2026-05-13,Ineligible,,,Ineligible
BID-001332,TND-00294,MPLADS-SYN-0294,CON-006,1994865.97,2026-05-13,Eligible,95.23,3,Not Selected
BID-001333,TND-00295,MPLADS-SYN-0295,CON-006,665690.45,2026-04-11,Eligible,97.75,2,Not Selected
BID-001334,TND-00295,MPLADS-SYN-0295,CON-001,638550.46,2026-04-11,Eligible,67.57,1,Not Selected
BID-001335,TND-00295,MPLADS-SYN-0295,CON-004,655096.47,2026-04-11,Ineligible,,,Ineligible
BID-001336,TND-00295,MPLADS-SYN-0295,CON-003,699569.09,2026-04-11,Eligible,83.75,3,Not Selected
BID-001337,TND-00295,MPLADS-SYN-0295,CON-002,748960.21,2026-04-11,Eligible,73.32,4,Not Selected
BID-001338,TND-00296,MPLADS-SYN-0296,CON-004,1653561.28,2026-06-29,Ineligible,,,Ineligible
BID-001339,TND-00296,MPLADS-SYN-0296,CON-002,1793010.77,2026-06-29,Eligible,73.96,1,Selected
BID-001340,TND-00296,MPLADS-SYN-0296,CON-005,1875144.98,2026-06-29,Eligible,81.32,3,Not Selected
BID-001341,TND-00296,MPLADS-SYN-0296,CON-007,1818719.71,2026-06-29,Eligible,62.94,2,Not Selected
BID-001342,TND-00297,MPLADS-SYN-0297,CON-002,1003853.07,2026-07-15,Eligible,96.73,2,Not Selected
BID-001343,TND-00297,MPLADS-SYN-0297,CON-006,1044659.55,2026-07-15,Ineligible,,,Ineligible
BID-001344,TND-00297,MPLADS-SYN-0297,CON-001,911349.94,2026-07-15,Eligible,89.77,1,Not Selected
BID-001345,TND-00297,MPLADS-SYN-0297,CON-005,1108244.52,2026-07-15,Eligible,95.32,6,Not Selected
BID-001346,TND-00297,MPLADS-SYN-0297,CON-007,1013768.23,2026-07-15,Eligible,66.26,3,Not Selected
BID-001347,TND-00297,MPLADS-SYN-0297,CON-004,1079340.06,2026-07-15,Eligible,62.96,4,Not Selected
BID-001348,TND-00297,MPLADS-SYN-0297,CON-003,1103385.12,2026-07-15,Eligible,79.44,5,Selected
BID-001349,TND-00298,MPLADS-SYN-0298,CON-004,1201455.05,2026-07-15,Ineligible,,,Ineligible
BID-001350,TND-00298,MPLADS-SYN-0298,CON-005,1246512.15,2026-07-15,Eligible,86.84,2,Selected
BID-001351,TND-00298,MPLADS-SYN-0298,CON-003,1239147.24,2026-07-15,Eligible,80.17,1,Not Selected
BID-001352,TND-00298,MPLADS-SYN-0298,CON-001,1413484.25,2026-07-15,Eligible,96.3,3,Not Selected
BID-001353,TND-00299,MPLADS-SYN-0299,CON-007,752578.01,2026-07-20,Ineligible,,,Under Evaluation
BID-001354,TND-00299,MPLADS-SYN-0299,CON-006,726880.21,2026-07-20,Eligible,64.57,1,Not Selected
BID-001355,TND-00299,MPLADS-SYN-0299,CON-005,763207.78,2026-07-20,Eligible,60.96,2,Submitted
BID-001356,TND-00300,MPLADS-SYN-0300,CON-003,2186336.88,2026-05-24,Eligible,74.53,2,Not Selected
BID-001357,TND-00300,MPLADS-SYN-0300,CON-004,2165298.39,2026-05-24,Eligible,67.44,1,Selected
BID-001358,TND-00300,MPLADS-SYN-0300,CON-005,2275399.78,2026-05-24,Eligible,60.21,4,Not Selected
BID-001359,TND-00300,MPLADS-SYN-0300,CON-006,2244786.37,2026-05-24,Eligible,94.62,3,Not Selected
BID-001360,TND-00301,MPLADS-SYN-0301,CON-007,1778336.59,2026-03-25,Ineligible,,,Ineligible
BID-001361,TND-00301,MPLADS-SYN-0301,CON-004,1515323.65,2026-03-25,Eligible,70.42,1,Not Selected
BID-001362,TND-00301,MPLADS-SYN-0301,CON-001,1521179.88,2026-03-25,Eligible,92.8,2,Selected
BID-001363,TND-00301,MPLADS-SYN-0301,CON-002,1904132.93,2026-03-25,Ineligible,,,Ineligible
BID-001364,TND-00301,MPLADS-SYN-0301,CON-005,1711732.21,2026-03-25,Ineligible,,,Ineligible
BID-001365,TND-00302,MPLADS-SYN-0302,CON-006,527734.74,2026-03-16,Eligible,86.81,2,Not Selected
BID-001366,TND-00302,MPLADS-SYN-0302,CON-005,500767.07,2026-03-16,Eligible,63.15,1,Not Selected
BID-001367,TND-00302,MPLADS-SYN-0302,CON-004,592769.02,2026-03-16,Eligible,62.13,4,Selected
BID-001368,TND-00302,MPLADS-SYN-0302,CON-001,565246.94,2026-03-16,Eligible,71.94,3,Not Selected
BID-001369,TND-00303,MPLADS-SYN-0303,CON-007,4478793.56,2026-06-28,Eligible,92.23,3,Not Selected
BID-001370,TND-00303,MPLADS-SYN-0303,CON-002,4023089.91,2026-06-28,Eligible,87.44,1,Not Selected
BID-001371,TND-00303,MPLADS-SYN-0303,CON-006,4076972.74,2026-06-28,Eligible,75.32,2,Not Selected
BID-001372,TND-00303,MPLADS-SYN-0303,CON-005,4587328.3,2026-06-28,Eligible,67.33,4,Submitted
BID-001373,TND-00304,MPLADS-SYN-0304,CON-006,2775906.35,2026-02-26,Ineligible,,,Submitted
BID-001374,TND-00304,MPLADS-SYN-0304,CON-002,2794445.05,2026-02-26,Eligible,70.4,2,Under Evaluation
BID-001375,TND-00304,MPLADS-SYN-0304,CON-001,2597349.21,2026-02-26,Eligible,81.59,1,Under Evaluation
BID-001376,TND-00304,MPLADS-SYN-0304,CON-003,2836682.34,2026-02-26,Ineligible,,,Submitted
BID-001377,TND-00305,MPLADS-SYN-0305,CON-001,1553790.51,2026-02-15,Eligible,71.7,2,Selected
BID-001378,TND-00305,MPLADS-SYN-0305,CON-006,1642558.46,2026-02-15,Eligible,88.4,3,Not Selected
BID-001379,TND-00305,MPLADS-SYN-0305,CON-002,1665589.46,2026-02-15,Eligible,62.03,5,Not Selected
BID-001380,TND-00305,MPLADS-SYN-0305,CON-005,1652630.37,2026-02-15,Eligible,70.6,4,Not Selected
BID-001381,TND-00305,MPLADS-SYN-0305,CON-007,1595928.58,2026-02-15,Ineligible,,,Ineligible
BID-001382,TND-00305,MPLADS-SYN-0305,CON-003,1459449.05,2026-02-15,Eligible,70.37,1,Not Selected
BID-001383,TND-00306,MPLADS-SYN-0306,CON-002,1863445.3,2026-06-15,Eligible,96.09,2,Submitted
BID-001384,TND-00306,MPLADS-SYN-0306,CON-007,1892980.92,2026-06-15,Eligible,81.61,3,Not Selected
BID-001385,TND-00306,MPLADS-SYN-0306,CON-004,2087033.93,2026-06-15,Ineligible,,,Under Evaluation
BID-001386,TND-00306,MPLADS-SYN-0306,CON-001,1921853.79,2026-06-15,Eligible,73.0,4,Submitted
BID-001387,TND-00306,MPLADS-SYN-0306,CON-003,2075032.97,2026-06-15,Eligible,79.5,5,Submitted
BID-001388,TND-00306,MPLADS-SYN-0306,CON-006,1715092.94,2026-06-15,Eligible,69.91,1,Under Evaluation
BID-001389,TND-00307,MPLADS-SYN-0307,CON-007,342644.66,2026-05-18,Ineligible,,,Ineligible
BID-001390,TND-00307,MPLADS-SYN-0307,CON-004,300884.3,2026-05-18,Eligible,74.15,1,Not Selected
BID-001391,TND-00308,MPLADS-SYN-0308,CON-003,3170164.38,2026-03-19,Eligible,66.18,7,Not Selected
BID-001392,TND-00308,MPLADS-SYN-0308,CON-005,2900881.91,2026-03-19,Eligible,76.68,4,Not Selected
BID-001393,TND-00308,MPLADS-SYN-0308,CON-001,2952210.06,2026-03-19,Eligible,87.78,5,Selected
BID-001394,TND-00308,MPLADS-SYN-0308,CON-007,2847075.47,2026-03-19,Eligible,69.6,3,Not Selected
BID-001395,TND-00308,MPLADS-SYN-0308,CON-004,2773312.86,2026-03-19,Eligible,78.34,1,Not Selected
BID-001396,TND-00308,MPLADS-SYN-0308,CON-006,2793847.53,2026-03-19,Eligible,96.89,2,Not Selected
BID-001397,TND-00308,MPLADS-SYN-0308,CON-002,3143913.04,2026-03-19,Eligible,76.0,6,Not Selected
BID-001398,TND-00309,MPLADS-SYN-0309,CON-006,4123040.45,2026-08-11,Eligible,64.94,6,Not Selected
BID-001399,TND-00309,MPLADS-SYN-0309,CON-007,3537156.89,2026-08-11,Eligible,96.87,3,Selected
BID-001400,TND-00309,MPLADS-SYN-0309,CON-003,3514536.68,2026-08-11,Eligible,90.46,2,Not Selected
BID-001401,TND-00309,MPLADS-SYN-0309,CON-001,3656131.06,2026-08-11,Eligible,77.5,4,Not Selected
BID-001402,TND-00309,MPLADS-SYN-0309,CON-004,3845531.65,2026-08-11,Eligible,93.55,5,Not Selected
BID-001403,TND-00309,MPLADS-SYN-0309,CON-005,3506965.01,2026-08-11,Eligible,67.01,1,Not Selected
BID-001404,TND-00309,MPLADS-SYN-0309,CON-002,4034229.68,2026-08-11,Ineligible,,,Ineligible
BID-001405,TND-00310,MPLADS-SYN-0310,CON-001,1872355.93,2026-01-15,Eligible,80.89,3,Selected
BID-001406,TND-00310,MPLADS-SYN-0310,CON-002,1897023.65,2026-01-15,Eligible,94.69,4,Not Selected
BID-001407,TND-00310,MPLADS-SYN-0310,CON-005,2034218.43,2026-01-15,Ineligible,,,Ineligible
BID-001408,TND-00310,MPLADS-SYN-0310,CON-006,2053112.05,2026-01-15,Eligible,74.73,5,Not Selected
BID-001409,TND-00310,MPLADS-SYN-0310,CON-003,1859178.35,2026-01-15,Eligible,75.2,1,Not Selected
BID-001410,TND-00310,MPLADS-SYN-0310,CON-004,1863555.92,2026-01-15,Eligible,91.15,2,Not Selected
BID-001411,TND-00311,MPLADS-SYN-0311,CON-006,1611152.89,2026-06-24,Eligible,68.42,2,Not Selected
BID-001412,TND-00311,MPLADS-SYN-0311,CON-003,1723664.6,2026-06-24,Eligible,74.03,3,Not Selected
BID-001413,TND-00311,MPLADS-SYN-0311,CON-001,1608135.91,2026-06-24,Eligible,83.2,1,Not Selected
BID-001414,TND-00312,MPLADS-SYN-0312,CON-006,389188.79,2026-01-26,Eligible,61.68,1,Not Selected
BID-001415,TND-00312,MPLADS-SYN-0312,CON-007,407213.17,2026-01-26,Eligible,72.9,2,Not Selected
BID-001416,TND-00312,MPLADS-SYN-0312,CON-005,445944.94,2026-01-26,Ineligible,,,Ineligible
BID-001417,TND-00313,MPLADS-SYN-0313,CON-002,1658978.75,2026-03-14,Eligible,96.42,2,Selected
BID-001418,TND-00313,MPLADS-SYN-0313,CON-003,1633792.52,2026-03-14,Eligible,75.13,1,Not Selected
BID-001419,TND-00313,MPLADS-SYN-0313,CON-005,1674666.51,2026-03-14,Eligible,77.67,3,Not Selected
BID-001420,TND-00314,MPLADS-SYN-0314,CON-001,288865.92,2026-07-09,Ineligible,,,Ineligible
BID-001421,TND-00314,MPLADS-SYN-0314,CON-005,346792.9,2026-07-09,Eligible,66.11,1,Not Selected
BID-001422,TND-00315,MPLADS-SYN-0315,CON-001,2084012.31,2025-12-25,Eligible,84.85,1,Under Evaluation
BID-001423,TND-00315,MPLADS-SYN-0315,CON-004,2075799.41,2025-12-25,Ineligible,,,Submitted
BID-001424,TND-00316,MPLADS-SYN-0316,CON-003,1152380.32,2026-02-04,Eligible,92.08,2,Not Selected
BID-001425,TND-00316,MPLADS-SYN-0316,CON-002,1300601.65,2026-02-04,Eligible,89.85,4,Selected
BID-001426,TND-00316,MPLADS-SYN-0316,CON-005,1303268.52,2026-02-04,Ineligible,,,Ineligible
BID-001427,TND-00316,MPLADS-SYN-0316,CON-006,1270418.5,2026-02-04,Eligible,65.71,3,Not Selected
BID-001428,TND-00316,MPLADS-SYN-0316,CON-004,1111791.92,2026-02-04,Eligible,67.51,1,Not Selected
BID-001429,TND-00316,MPLADS-SYN-0316,CON-007,1253318.45,2026-02-04,Ineligible,,,Ineligible
BID-001430,TND-00317,MPLADS-SYN-0317,CON-004,299331.87,2026-02-02,Ineligible,,,Ineligible
BID-001431,TND-00317,MPLADS-SYN-0317,CON-001,328121.31,2026-02-02,Eligible,93.79,1,Selected
BID-001432,TND-00318,MPLADS-SYN-0318,CON-005,873000.24,2026-07-18,Eligible,66.79,1,Not Selected
BID-001433,TND-00318,MPLADS-SYN-0318,CON-002,958005.77,2026-07-18,Eligible,76.98,3,Not Selected
BID-001434,TND-00318,MPLADS-SYN-0318,CON-003,942909.25,2026-07-18,Eligible,82.64,2,Selected
BID-001435,TND-00318,MPLADS-SYN-0318,CON-007,958097.34,2026-07-18,Eligible,80.19,4,Not Selected
BID-001436,TND-00319,MPLADS-SYN-0319,CON-003,1896384.71,2026-03-25,Ineligible,,,Ineligible
BID-001437,TND-00319,MPLADS-SYN-0319,CON-002,2049638.79,2026-03-25,Eligible,73.12,1,Not Selected
BID-001438,TND-00319,MPLADS-SYN-0319,CON-004,2064046.52,2026-03-25,Eligible,94.91,2,Not Selected
BID-001439,TND-00319,MPLADS-SYN-0319,CON-001,2302415.56,2026-03-25,Ineligible,,,Ineligible
BID-001440,TND-00320,MPLADS-SYN-0320,CON-001,289037.49,2026-06-26,Ineligible,,,Ineligible
BID-001441,TND-00320,MPLADS-SYN-0320,CON-003,264102.68,2026-06-26,Eligible,72.84,2,Not Selected
BID-001442,TND-00320,MPLADS-SYN-0320,CON-005,272480.02,2026-06-26,Eligible,76.06,3,Not Selected
BID-001443,TND-00320,MPLADS-SYN-0320,CON-006,231010.88,2026-06-26,Eligible,87.42,1,Not Selected
BID-001444,TND-00320,MPLADS-SYN-0320,CON-007,279631.23,2026-06-26,Eligible,91.8,4,Not Selected
BID-001445,TND-00321,MPLADS-SYN-0321,CON-004,4399763.46,2026-01-03,Eligible,83.39,1,Under Evaluation
BID-001446,TND-00321,MPLADS-SYN-0321,CON-001,4825468.09,2026-01-03,Eligible,90.36,2,Not Selected
BID-001447,TND-00322,MPLADS-SYN-0322,CON-003,3289855.17,2026-03-12,Eligible,70.44,2,Selected
BID-001448,TND-00322,MPLADS-SYN-0322,CON-004,3331355.56,2026-03-12,Eligible,63.69,3,Not Selected
BID-001449,TND-00322,MPLADS-SYN-0322,CON-006,3126411.37,2026-03-12,Eligible,68.4,1,Not Selected
BID-001450,TND-00322,MPLADS-SYN-0322,CON-002,3459820.67,2026-03-12,Ineligible,,,Ineligible
BID-001451,TND-00322,MPLADS-SYN-0322,CON-001,3439575.97,2026-03-12,Eligible,80.58,5,Not Selected
BID-001452,TND-00322,MPLADS-SYN-0322,CON-005,3342707.49,2026-03-12,Eligible,73.03,4,Not Selected
BID-001453,TND-00322,MPLADS-SYN-0322,CON-007,3208191.92,2026-03-12,Ineligible,,,Ineligible
BID-001454,TND-00323,MPLADS-SYN-0323,CON-002,532411.35,2026-06-14,Eligible,78.49,1,Not Selected
BID-001455,TND-00323,MPLADS-SYN-0323,CON-006,613892.61,2026-06-14,Eligible,88.42,3,Submitted
BID-001456,TND-00323,MPLADS-SYN-0323,CON-004,550142.84,2026-06-14,Eligible,88.53,2,Under Evaluation
BID-001457,TND-00323,MPLADS-SYN-0323,CON-003,539209.89,2026-06-14,Ineligible,,,Submitted
BID-001458,TND-00324,MPLADS-SYN-0324,CON-002,743108.21,2026-03-27,Eligible,97.7,1,Submitted
BID-001459,TND-00324,MPLADS-SYN-0324,CON-005,843783.32,2026-03-27,Eligible,89.14,4,Submitted
BID-001460,TND-00324,MPLADS-SYN-0324,CON-004,931681.33,2026-03-27,Ineligible,,,Not Selected
BID-001461,TND-00324,MPLADS-SYN-0324,CON-003,809309.69,2026-03-27,Eligible,94.22,3,Under Evaluation
BID-001462,TND-00324,MPLADS-SYN-0324,CON-006,781761.94,2026-03-27,Eligible,64.01,2,Not Selected
BID-001463,TND-00324,MPLADS-SYN-0324,CON-007,910511.05,2026-03-27,Eligible,80.35,5,Not Selected
BID-001464,TND-00324,MPLADS-SYN-0324,CON-001,805836.84,2026-03-27,Ineligible,,,Under Evaluation
BID-001465,TND-00325,MPLADS-SYN-0325,CON-006,1998611.83,2026-01-20,Ineligible,,,Ineligible
BID-001466,TND-00325,MPLADS-SYN-0325,CON-003,1916550.06,2026-01-20,Eligible,74.57,3,Not Selected
BID-001467,TND-00325,MPLADS-SYN-0325,CON-007,1915091.75,2026-01-20,Ineligible,,,Ineligible
BID-001468,TND-00325,MPLADS-SYN-0325,CON-002,1800363.82,2026-01-20,Eligible,83.52,2,Not Selected
BID-001469,TND-00325,MPLADS-SYN-0325,CON-001,1671975.29,2026-01-20,Eligible,82.78,1,Not Selected
BID-001470,TND-00325,MPLADS-SYN-0325,CON-005,1952439.93,2026-01-20,Eligible,72.35,4,Not Selected
BID-001471,TND-00326,MPLADS-SYN-0326,CON-002,3242125.33,2026-05-05,Eligible,82.85,2,Not Selected
BID-001472,TND-00326,MPLADS-SYN-0326,CON-004,3121460.5,2026-05-05,Ineligible,,,Not Selected
BID-001473,TND-00326,MPLADS-SYN-0326,CON-001,2913944.91,2026-05-05,Eligible,77.4,1,Submitted
BID-001474,TND-00327,MPLADS-SYN-0327,CON-006,261371.4,2025-12-05,Eligible,65.04,2,Under Evaluation
BID-001475,TND-00327,MPLADS-SYN-0327,CON-002,233874.87,2025-12-05,Eligible,81.95,1,Submitted
BID-001476,TND-00328,MPLADS-SYN-0328,CON-004,451151.01,2026-08-16,Ineligible,,,Ineligible
BID-001477,TND-00328,MPLADS-SYN-0328,CON-005,419273.11,2026-08-16,Eligible,90.54,1,Not Selected
BID-001478,TND-00328,MPLADS-SYN-0328,CON-002,455571.61,2026-08-16,Eligible,69.3,2,Not Selected
BID-001479,TND-00329,MPLADS-SYN-0329,CON-006,1854804.64,2026-05-13,Ineligible,,,Ineligible
BID-001480,TND-00329,MPLADS-SYN-0329,CON-001,2135211.66,2026-05-13,Eligible,87.2,5,Not Selected
BID-001481,TND-00329,MPLADS-SYN-0329,CON-005,1963418.69,2026-05-13,Eligible,76.66,2,Not Selected
BID-001482,TND-00329,MPLADS-SYN-0329,CON-003,2071599.38,2026-05-13,Eligible,71.13,4,Not Selected
BID-001483,TND-00329,MPLADS-SYN-0329,CON-004,1861214.4,2026-05-13,Eligible,73.81,1,Not Selected
BID-001484,TND-00329,MPLADS-SYN-0329,CON-007,2017146.07,2026-05-13,Eligible,76.29,3,Selected
BID-001485,TND-00330,MPLADS-SYN-0330,CON-001,1075024.95,2026-02-10,Eligible,88.93,2,Not Selected
BID-001486,TND-00330,MPLADS-SYN-0330,CON-002,1037797.01,2026-02-10,Eligible,60.99,1,Not Selected
BID-001487,TND-00330,MPLADS-SYN-0330,CON-006,1251949.9,2026-02-10,Eligible,87.12,6,Not Selected
BID-001488,TND-00330,MPLADS-SYN-0330,CON-004,1084198.85,2026-02-10,Eligible,81.57,3,Selected
BID-001489,TND-00330,MPLADS-SYN-0330,CON-003,1083636.85,2026-02-10,Ineligible,,,Ineligible
BID-001490,TND-00330,MPLADS-SYN-0330,CON-007,1191434.02,2026-02-10,Eligible,88.26,4,Not Selected
BID-001491,TND-00330,MPLADS-SYN-0330,CON-005,1197811.64,2026-02-10,Eligible,83.08,5,Not Selected
BID-001492,TND-00331,MPLADS-SYN-0331,CON-007,677549.12,2025-12-03,Ineligible,,,Ineligible
BID-001493,TND-00331,MPLADS-SYN-0331,CON-002,697855.38,2025-12-03,Eligible,96.95,1,Not Selected
BID-001494,TND-00331,MPLADS-SYN-0331,CON-006,727893.27,2025-12-03,Eligible,79.89,2,Not Selected
BID-001495,TND-00331,MPLADS-SYN-0331,CON-005,680036.17,2025-12-03,Ineligible,,,Ineligible
BID-001496,TND-00331,MPLADS-SYN-0331,CON-001,728707.77,2025-12-03,Ineligible,,,Ineligible
BID-001497,TND-00331,MPLADS-SYN-0331,CON-003,643569.72,2025-12-03,Ineligible,,,Ineligible
BID-001498,TND-00332,MPLADS-SYN-0332,CON-001,1292872.77,2026-03-12,Eligible,91.92,5,Not Selected
BID-001499,TND-00332,MPLADS-SYN-0332,CON-007,1422324.89,2026-03-12,Eligible,88.17,6,Not Selected
BID-001500,TND-00332,MPLADS-SYN-0332,CON-003,1260792.71,2026-03-12,Eligible,75.14,4,Selected
BID-001501,TND-00332,MPLADS-SYN-0332,CON-002,1172111.41,2026-03-12,Eligible,79.28,2,Not Selected
BID-001502,TND-00332,MPLADS-SYN-0332,CON-006,1229943.64,2026-03-12,Eligible,96.88,3,Not Selected
BID-001503,TND-00332,MPLADS-SYN-0332,CON-004,1157751.56,2026-03-12,Eligible,69.3,1,Not Selected
BID-001504,TND-00333,MPLADS-SYN-0333,CON-006,1649790.01,2026-05-04,Eligible,86.21,3,Selected
BID-001505,TND-00333,MPLADS-SYN-0333,CON-002,1494225.59,2026-05-04,Eligible,97.22,2,Not Selected
BID-001506,TND-00333,MPLADS-SYN-0333,CON-007,1420483.29,2026-05-04,Eligible,63.47,1,Not Selected
BID-001507,TND-00334,MPLADS-SYN-0334,CON-002,754202.9,2025-11-17,Eligible,67.46,5,Not Selected
BID-001508,TND-00334,MPLADS-SYN-0334,CON-006,632953.15,2025-11-17,Eligible,78.09,2,Not Selected
BID-001509,TND-00334,MPLADS-SYN-0334,CON-001,629977.66,2025-11-17,Eligible,82.74,1,Not Selected
BID-001510,TND-00334,MPLADS-SYN-0334,CON-007,665992.97,2025-11-17,Eligible,82.11,3,Not Selected
BID-001511,TND-00334,MPLADS-SYN-0334,CON-004,767005.04,2025-11-17,Eligible,87.36,6,Not Selected
BID-001512,TND-00334,MPLADS-SYN-0334,CON-005,691675.53,2025-11-17,Eligible,82.38,4,Not Selected
BID-001513,TND-00334,MPLADS-SYN-0334,CON-003,726287.86,2025-11-17,Ineligible,,,Ineligible
BID-001514,TND-00335,MPLADS-SYN-0335,CON-007,1688541.87,2026-01-03,Eligible,72.49,1,Not Selected
BID-001515,TND-00335,MPLADS-SYN-0335,CON-002,1786308.64,2026-01-03,Eligible,96.15,3,Not Selected
BID-001516,TND-00335,MPLADS-SYN-0335,CON-003,1701833.14,2026-01-03,Eligible,72.96,2,Not Selected
BID-001517,TND-00336,MPLADS-SYN-0336,CON-005,3381774.25,2026-07-04,Eligible,78.53,1,Submitted
BID-001518,TND-00336,MPLADS-SYN-0336,CON-004,3124134.34,2026-07-04,Ineligible,,,Under Evaluation
BID-001519,TND-00337,MPLADS-SYN-0337,CON-002,1777479.23,2026-04-08,Eligible,89.59,2,Submitted
BID-001520,TND-00337,MPLADS-SYN-0337,CON-001,1925319.35,2026-04-08,Eligible,79.07,4,Under Evaluation
BID-001521,TND-00337,MPLADS-SYN-0337,CON-004,1720507.34,2026-04-08,Ineligible,,,Submitted
BID-001522,TND-00337,MPLADS-SYN-0337,CON-003,1889195.17,2026-04-08,Eligible,85.53,3,Not Selected
BID-001523,TND-00337,MPLADS-SYN-0337,CON-007,1722241.51,2026-04-08,Eligible,89.86,1,Under Evaluation
BID-001524,TND-00338,MPLADS-SYN-0338,CON-006,1179335.17,2026-02-16,Eligible,95.5,1,Under Evaluation
BID-001525,TND-00338,MPLADS-SYN-0338,CON-005,1376192.69,2026-02-16,Eligible,71.64,3,Submitted
BID-001526,TND-00338,MPLADS-SYN-0338,CON-002,1341180.63,2026-02-16,Eligible,71.7,2,Under Evaluation
BID-001527,TND-00338,MPLADS-SYN-0338,CON-007,1288068.08,2026-02-16,Ineligible,,,Submitted
BID-001528,TND-00338,MPLADS-SYN-0338,CON-004,1352722.39,2026-02-16,Ineligible,,,Submitted
BID-001529,TND-00338,MPLADS-SYN-0338,CON-003,1419820.98,2026-02-16,Eligible,90.6,4,Not Selected
BID-001530,TND-00339,MPLADS-SYN-0339,CON-007,703678.76,2026-03-31,Eligible,71.2,1,Not Selected
BID-001531,TND-00339,MPLADS-SYN-0339,CON-006,735827.66,2026-03-31,Eligible,76.24,2,Not Selected
BID-001532,TND-00339,MPLADS-SYN-0339,CON-001,737569.24,2026-03-31,Eligible,90.3,3,Not Selected
BID-001533,TND-00339,MPLADS-SYN-0339,CON-005,783423.39,2026-03-31,Ineligible,,,Ineligible
BID-001534,TND-00340,MPLADS-SYN-0340,CON-006,279411.23,2025-12-16,Ineligible,,,Ineligible
BID-001535,TND-00340,MPLADS-SYN-0340,CON-001,325612.06,2025-12-16,Ineligible,,,Ineligible
BID-001536,TND-00340,MPLADS-SYN-0340,CON-002,326403.4,2025-12-16,Eligible,89.69,1,Not Selected
BID-001537,TND-00341,MPLADS-SYN-0341,CON-003,1036888.39,2026-03-04,Eligible,97.5,2,Under Evaluation
BID-001538,TND-00341,MPLADS-SYN-0341,CON-007,1006493.88,2026-03-04,Eligible,62.13,1,Submitted
BID-001539,TND-00342,MPLADS-SYN-0342,CON-003,1703609.98,2026-01-31,Eligible,72.33,1,Not Selected
BID-001540,TND-00342,MPLADS-SYN-0342,CON-004,1837106.88,2026-01-31,Ineligible,,,Ineligible
BID-001541,TND-00342,MPLADS-SYN-0342,CON-001,1858696.71,2026-01-31,Eligible,82.41,2,Selected
BID-001542,TND-00343,MPLADS-SYN-0343,CON-005,322999.2,2026-01-16,Eligible,65.34,2,Not Selected
BID-001543,TND-00343,MPLADS-SYN-0343,CON-004,364866.76,2026-01-16,Eligible,96.37,5,Not Selected
BID-001544,TND-00343,MPLADS-SYN-0343,CON-003,329107.59,2026-01-16,Eligible,88.4,3,Selected
BID-001545,TND-00343,MPLADS-SYN-0343,CON-006,316296.12,2026-01-16,Eligible,77.8,1,Not Selected
BID-001546,TND-00343,MPLADS-SYN-0343,CON-007,337820.32,2026-01-16,Eligible,67.56,4,Not Selected
BID-001547,TND-00344,MPLADS-SYN-0344,CON-007,1016319.88,2026-01-05,Ineligible,,,Submitted
BID-001548,TND-00344,MPLADS-SYN-0344,CON-002,1297037.01,2026-01-05,Eligible,78.7,5,Not Selected
BID-001549,TND-00344,MPLADS-SYN-0344,CON-005,1182507.6,2026-01-05,Eligible,62.87,3,Not Selected
BID-001550,TND-00344,MPLADS-SYN-0344,CON-001,1038912.7,2026-01-05,Eligible,66.01,1,Not Selected
BID-001551,TND-00344,MPLADS-SYN-0344,CON-004,1164266.36,2026-01-05,Eligible,95.05,2,Not Selected
BID-001552,TND-00344,MPLADS-SYN-0344,CON-003,1192984.37,2026-01-05,Eligible,89.15,4,Submitted
BID-001553,TND-00345,MPLADS-SYN-0345,CON-004,1092303.13,2026-06-17,Eligible,66.9,1,Submitted
BID-001554,TND-00345,MPLADS-SYN-0345,CON-002,1222381.31,2026-06-17,Ineligible,,,Not Selected
BID-001555,TND-00345,MPLADS-SYN-0345,CON-007,1285692.22,2026-06-17,Ineligible,,,Submitted
BID-001556,TND-00345,MPLADS-SYN-0345,CON-006,1168950.82,2026-06-17,Eligible,83.7,2,Submitted
BID-001557,TND-00346,MPLADS-SYN-0346,CON-003,624208.73,2026-07-02,Ineligible,,,Ineligible
BID-001558,TND-00346,MPLADS-SYN-0346,CON-001,678980.13,2026-07-02,Eligible,89.26,4,Selected
BID-001559,TND-00346,MPLADS-SYN-0346,CON-002,665718.43,2026-07-02,Eligible,93.94,3,Not Selected
BID-001560,TND-00346,MPLADS-SYN-0346,CON-006,689246.5,2026-07-02,Eligible,67.18,5,Not Selected
BID-001561,TND-00346,MPLADS-SYN-0346,CON-005,594337.54,2026-07-02,Eligible,66.9,2,Not Selected
BID-001562,TND-00346,MPLADS-SYN-0346,CON-007,573892.6,2026-07-02,Eligible,89.62,1,Not Selected
BID-001563,TND-00347,MPLADS-SYN-0347,CON-004,1025051.79,2025-12-03,Eligible,95.28,1,Not Selected
BID-001564,TND-00347,MPLADS-SYN-0347,CON-007,1115995.94,2025-12-03,Eligible,71.51,2,Not Selected
BID-001565,TND-00348,MPLADS-SYN-0348,CON-003,1994699.04,2026-04-30,Eligible,61.04,1,Under Evaluation
BID-001566,TND-00348,MPLADS-SYN-0348,CON-002,1967713.29,2026-04-30,Ineligible,,,Submitted
BID-001567,TND-00349,MPLADS-SYN-0349,CON-006,1285422.32,2026-06-05,Eligible,79.25,3,Submitted
BID-001568,TND-00349,MPLADS-SYN-0349,CON-003,1213382.58,2026-06-05,Eligible,88.75,1,Submitted
BID-001569,TND-00349,MPLADS-SYN-0349,CON-004,1073709.29,2026-06-05,Ineligible,,,Not Selected
BID-001570,TND-00349,MPLADS-SYN-0349,CON-002,1221478.77,2026-06-05,Eligible,67.26,2,Under Evaluation
BID-001571,TND-00349,MPLADS-SYN-0349,CON-007,1337471.39,2026-06-05,Eligible,69.7,4,Under Evaluation
BID-001572,TND-00349,MPLADS-SYN-0349,CON-005,1071157.67,2026-06-05,Ineligible,,,Submitted
BID-001573,TND-00350,MPLADS-SYN-0350,CON-001,3726644.06,2026-06-07,Eligible,68.72,4,Not Selected
BID-001574,TND-00350,MPLADS-SYN-0350,CON-006,3516790.95,2026-06-07,Ineligible,,,Ineligible
BID-001575,TND-00350,MPLADS-SYN-0350,CON-003,3666620.11,2026-06-07,Eligible,96.15,3,Not Selected
BID-001576,TND-00350,MPLADS-SYN-0350,CON-007,3151069.08,2026-06-07,Eligible,61.72,1,Selected
BID-001577,TND-00350,MPLADS-SYN-0350,CON-004,3642158.2,2026-06-07,Eligible,81.45,2,Not Selected
BID-001578,TND-00351,MPLADS-SYN-0351,CON-001,1914445.32,2026-01-17,Eligible,62.32,1,Not Selected
BID-001579,TND-00351,MPLADS-SYN-0351,CON-002,1964612.78,2026-01-17,Eligible,74.12,2,Not Selected
BID-001580,TND-00352,MPLADS-SYN-0352,CON-003,1483819.7,2026-05-24,Eligible,93.4,4,Under Evaluation
BID-001581,TND-00352,MPLADS-SYN-0352,CON-002,1237060.53,2026-05-24,Eligible,78.91,2,Submitted
BID-001582,TND-00352,MPLADS-SYN-0352,CON-007,1306387.85,2026-05-24,Eligible,83.63,3,Under Evaluation
BID-001583,TND-00352,MPLADS-SYN-0352,CON-006,1208538.56,2026-05-24,Eligible,61.08,1,Under Evaluation
BID-001584,TND-00353,MPLADS-SYN-0353,CON-004,965832.87,2026-06-04,Ineligible,,,Ineligible
BID-001585,TND-00353,MPLADS-SYN-0353,CON-006,939171.1,2026-06-04,Ineligible,,,Ineligible
BID-001586,TND-00354,MPLADS-SYN-0354,CON-006,4574689.65,2026-02-27,Eligible,77.65,4,Under Evaluation
BID-001587,TND-00354,MPLADS-SYN-0354,CON-002,3977217.61,2026-02-27,Ineligible,,,Submitted
BID-001588,TND-00354,MPLADS-SYN-0354,CON-001,4437834.59,2026-02-27,Eligible,78.1,2,Under Evaluation
BID-001589,TND-00354,MPLADS-SYN-0354,CON-003,4482279.82,2026-02-27,Eligible,72.27,3,Submitted
BID-001590,TND-00354,MPLADS-SYN-0354,CON-004,4107435.5,2026-02-27,Eligible,78.73,1,Under Evaluation
BID-001591,TND-00355,MPLADS-SYN-0355,CON-006,1323571.54,2026-01-15,Eligible,87.74,1,Not Selected
BID-001592,TND-00355,MPLADS-SYN-0355,CON-004,1350904.47,2026-01-15,Ineligible,,,Ineligible
BID-001593,TND-00355,MPLADS-SYN-0355,CON-001,1484950.07,2026-01-15,Eligible,88.88,3,Not Selected
BID-001594,TND-00355,MPLADS-SYN-0355,CON-003,1289073.09,2026-01-15,Ineligible,,,Ineligible
BID-001595,TND-00355,MPLADS-SYN-0355,CON-005,1377791.3,2026-01-15,Eligible,82.02,2,Not Selected
BID-001596,TND-00355,MPLADS-SYN-0355,CON-002,1582137.91,2026-01-15,Eligible,88.42,4,Not Selected
BID-001597,TND-00356,MPLADS-SYN-0356,CON-006,2884962.59,2026-03-07,Ineligible,,,Ineligible
BID-001598,TND-00356,MPLADS-SYN-0356,CON-005,3009979.77,2026-03-07,Eligible,67.13,3,Not Selected
BID-001599,TND-00356,MPLADS-SYN-0356,CON-007,3308882.53,2026-03-07,Ineligible,,,Ineligible
BID-001600,TND-00356,MPLADS-SYN-0356,CON-001,2985380.69,2026-03-07,Eligible,77.22,2,Not Selected
BID-001601,TND-00356,MPLADS-SYN-0356,CON-002,2838673.6,2026-03-07,Ineligible,,,Ineligible
BID-001602,TND-00356,MPLADS-SYN-0356,CON-004,2726309.82,2026-03-07,Eligible,84.91,1,Not Selected
BID-001603,TND-00357,MPLADS-SYN-0357,CON-004,934295.71,2026-02-25,Eligible,69.7,1,Not Selected
BID-001604,TND-00357,MPLADS-SYN-0357,CON-003,893985.06,2026-02-25,Ineligible,,,Ineligible
BID-001605,TND-00358,MPLADS-SYN-0358,CON-006,1310581.22,2026-06-12,Eligible,96.66,3,Not Selected
BID-001606,TND-00358,MPLADS-SYN-0358,CON-004,1207733.15,2026-06-12,Eligible,97.05,1,Not Selected
BID-001607,TND-00358,MPLADS-SYN-0358,CON-001,1448801.7,2026-06-12,Eligible,80.92,5,Not Selected
BID-001608,TND-00358,MPLADS-SYN-0358,CON-002,1265781.85,2026-06-12,Eligible,71.67,2,Not Selected
BID-001609,TND-00358,MPLADS-SYN-0358,CON-007,1313886.21,2026-06-12,Eligible,96.72,4,Not Selected
BID-001610,TND-00358,MPLADS-SYN-0358,CON-003,1497300.32,2026-06-12,Eligible,75.11,6,Not Selected
BID-001611,TND-00359,MPLADS-SYN-0359,CON-007,1010236.42,2026-04-07,Eligible,81.39,4,Not Selected
BID-001612,TND-00359,MPLADS-SYN-0359,CON-002,992466.79,2026-04-07,Eligible,90.41,3,Not Selected
BID-001613,TND-00359,MPLADS-SYN-0359,CON-006,950070.68,2026-04-07,Eligible,86.36,2,Not Selected
BID-001614,TND-00359,MPLADS-SYN-0359,CON-001,1110286.65,2026-04-07,Eligible,74.23,6,Not Selected
BID-001615,TND-00359,MPLADS-SYN-0359,CON-003,883784.86,2026-04-07,Eligible,84.13,1,Not Selected
BID-001616,TND-00359,MPLADS-SYN-0359,CON-005,1075382.56,2026-04-07,Eligible,92.04,5,Not Selected
BID-001617,TND-00360,MPLADS-SYN-0360,CON-006,1724456.09,2026-02-21,Ineligible,,,Ineligible
BID-001618,TND-00360,MPLADS-SYN-0360,CON-002,1848248.22,2026-02-21,Ineligible,,,Ineligible
BID-001619,TND-00360,MPLADS-SYN-0360,CON-007,2146872.25,2026-02-21,Ineligible,,,Ineligible
BID-001620,TND-00360,MPLADS-SYN-0360,CON-005,1860960.64,2026-02-21,Eligible,60.01,2,Not Selected
BID-001621,TND-00360,MPLADS-SYN-0360,CON-003,1825664.62,2026-02-21,Eligible,67.93,1,Not Selected
BID-001622,TND-00361,MPLADS-SYN-0361,CON-006,2871864.93,2026-04-24,Eligible,65.34,2,Not Selected
BID-001623,TND-00361,MPLADS-SYN-0361,CON-005,3145692.04,2026-04-24,Eligible,67.82,5,Not Selected
BID-001624,TND-00361,MPLADS-SYN-0361,CON-001,2931342.98,2026-04-24,Eligible,88.9,3,Selected
BID-001625,TND-00361,MPLADS-SYN-0361,CON-004,2822411.38,2026-04-24,Eligible,79.78,1,Not Selected
BID-001626,TND-00361,MPLADS-SYN-0361,CON-002,3247309.39,2026-04-24,Ineligible,,,Ineligible
BID-001627,TND-00361,MPLADS-SYN-0361,CON-007,3005629.92,2026-04-24,Ineligible,,,Ineligible
BID-001628,TND-00361,MPLADS-SYN-0361,CON-003,3060775.38,2026-04-24,Eligible,80.57,4,Not Selected
BID-001629,TND-00362,MPLADS-SYN-0362,CON-005,2653187.62,2026-06-27,Eligible,74.5,4,Not Selected
BID-001630,TND-00362,MPLADS-SYN-0362,CON-002,2617581.22,2026-06-27,Eligible,83.82,3,Not Selected
BID-001631,TND-00362,MPLADS-SYN-0362,CON-007,2333805.45,2026-06-27,Eligible,93.3,1,Not Selected
BID-001632,TND-00362,MPLADS-SYN-0362,CON-006,2495776.52,2026-06-27,Ineligible,,,Ineligible
BID-001633,TND-00362,MPLADS-SYN-0362,CON-003,2536660.32,2026-06-27,Eligible,79.87,2,Not Selected
BID-001634,TND-00363,MPLADS-SYN-0363,CON-001,2162721.21,2026-02-07,Eligible,63.16,1,Under Evaluation
BID-001635,TND-00363,MPLADS-SYN-0363,CON-006,2030655.97,2026-02-07,Ineligible,,,Submitted
BID-001636,TND-00363,MPLADS-SYN-0363,CON-007,2311754.79,2026-02-07,Eligible,76.48,2,Not Selected
BID-001637,TND-00363,MPLADS-SYN-0363,CON-002,2126137.42,2026-02-07,Ineligible,,,Not Selected
BID-001638,TND-00363,MPLADS-SYN-0363,CON-004,2323851.56,2026-02-07,Ineligible,,,Not Selected
BID-001639,TND-00363,MPLADS-SYN-0363,CON-003,2273000.74,2026-02-07,Ineligible,,,Submitted
BID-001640,TND-00363,MPLADS-SYN-0363,CON-005,2320964.14,2026-02-07,Eligible,63.61,3,Not Selected
BID-001641,TND-00364,MPLADS-SYN-0364,CON-007,1695088.43,2026-07-29,Ineligible,,,Under Evaluation
BID-001642,TND-00364,MPLADS-SYN-0364,CON-002,1698794.21,2026-07-29,Eligible,84.59,1,Under Evaluation
BID-001643,TND-00364,MPLADS-SYN-0364,CON-005,1584101.1,2026-07-29,Ineligible,,,Not Selected
BID-001644,TND-00365,MPLADS-SYN-0365,CON-007,1047785.1,2026-04-03,Eligible,68.21,2,Not Selected
BID-001645,TND-00365,MPLADS-SYN-0365,CON-001,922039.95,2026-04-03,Eligible,63.75,1,Not Selected
BID-001646,TND-00365,MPLADS-SYN-0365,CON-003,1112572.45,2026-04-03,Eligible,87.7,5,Not Selected
BID-001647,TND-00365,MPLADS-SYN-0365,CON-006,1094228.25,2026-04-03,Eligible,73.63,4,Not Selected
BID-001648,TND-00365,MPLADS-SYN-0365,CON-004,1051375.51,2026-04-03,Eligible,97.0,3,Not Selected
BID-001649,TND-00366,MPLADS-SYN-0366,CON-002,3168645.25,2026-05-01,Eligible,67.96,1,Selected
BID-001650,TND-00366,MPLADS-SYN-0366,CON-004,3607749.7,2026-05-01,Eligible,88.15,3,Not Selected
BID-001651,TND-00366,MPLADS-SYN-0366,CON-001,3592621.07,2026-05-01,Eligible,92.1,2,Not Selected
BID-001652,TND-00366,MPLADS-SYN-0366,CON-006,3681999.1,2026-05-01,Eligible,73.37,4,Not Selected
BID-001653,TND-00367,MPLADS-SYN-0367,CON-004,722637.86,2026-05-03,Eligible,84.3,1,Not Selected
BID-001654,TND-00367,MPLADS-SYN-0367,CON-006,724020.25,2026-05-03,Ineligible,,,Ineligible
BID-001655,TND-00367,MPLADS-SYN-0367,CON-007,787697.63,2026-05-03,Ineligible,,,Ineligible
BID-001656,TND-00367,MPLADS-SYN-0367,CON-003,702419.08,2026-05-03,Ineligible,,,Ineligible
BID-001657,TND-00368,MPLADS-SYN-0368,CON-003,1349500.42,2026-05-17,Eligible,67.21,2,Not Selected
BID-001658,TND-00368,MPLADS-SYN-0368,CON-006,1345066.25,2026-05-17,Eligible,88.76,1,Not Selected
BID-001659,TND-00368,MPLADS-SYN-0368,CON-007,1427617.21,2026-05-17,Ineligible,,,Ineligible
BID-001660,TND-00368,MPLADS-SYN-0368,CON-002,1456695.73,2026-05-17,Eligible,67.55,3,Not Selected
BID-001661,TND-00369,MPLADS-SYN-0369,CON-001,4126177.82,2026-07-30,Eligible,65.06,5,Under Evaluation
BID-001662,TND-00369,MPLADS-SYN-0369,CON-005,3794703.26,2026-07-30,Eligible,81.66,4,Not Selected
BID-001663,TND-00369,MPLADS-SYN-0369,CON-007,3490917.13,2026-07-30,Eligible,91.39,2,Under Evaluation
BID-001664,TND-00369,MPLADS-SYN-0369,CON-003,3655018.35,2026-07-30,Eligible,97.72,3,Not Selected
BID-001665,TND-00369,MPLADS-SYN-0369,CON-002,3434925.09,2026-07-30,Eligible,97.36,1,Not Selected
BID-001666,TND-00370,MPLADS-SYN-0370,CON-002,1547735.56,2026-01-12,Eligible,60.47,2,Not Selected
BID-001667,TND-00370,MPLADS-SYN-0370,CON-006,1339052.47,2026-01-12,Eligible,92.59,1,Not Selected
BID-001668,TND-00371,MPLADS-SYN-0371,CON-004,2696711.85,2026-04-22,Eligible,67.07,1,Under Evaluation
BID-001669,TND-00371,MPLADS-SYN-0371,CON-005,2674424.97,2026-04-22,Ineligible,,,Not Selected
BID-001670,TND-00372,MPLADS-SYN-0372,CON-005,1119780.75,2026-02-26,Eligible,76.39,2,Not Selected
BID-001671,TND-00372,MPLADS-SYN-0372,CON-007,1119943.07,2026-02-26,Eligible,72.17,3,Not Selected
BID-001672,TND-00372,MPLADS-SYN-0372,CON-003,1117729.57,2026-02-26,Eligible,72.22,1,Not Selected
BID-001673,TND-00372,MPLADS-SYN-0372,CON-002,1257665.75,2026-02-26,Eligible,90.23,5,Not Selected
BID-001674,TND-00372,MPLADS-SYN-0372,CON-006,1183740.14,2026-02-26,Eligible,97.28,4,Not Selected
BID-001675,TND-00373,MPLADS-SYN-0373,CON-006,1659902.71,2026-03-12,Ineligible,,,Ineligible
BID-001676,TND-00373,MPLADS-SYN-0373,CON-004,1675767.17,2026-03-12,Ineligible,,,Ineligible
BID-001677,TND-00373,MPLADS-SYN-0373,CON-003,1489802.84,2026-03-12,Eligible,60.84,1,Not Selected
BID-001678,TND-00373,MPLADS-SYN-0373,CON-005,1654841.36,2026-03-12,Eligible,94.04,3,Selected
BID-001679,TND-00373,MPLADS-SYN-0373,CON-007,1666949.37,2026-03-12,Eligible,62.42,4,Not Selected
BID-001680,TND-00373,MPLADS-SYN-0373,CON-002,1614397.28,2026-03-12,Eligible,81.65,2,Not Selected
BID-001681,TND-00373,MPLADS-SYN-0373,CON-001,1869360.98,2026-03-12,Eligible,87.12,5,Not Selected
BID-001682,TND-00374,MPLADS-SYN-0374,CON-004,1107400.78,2026-06-13,Ineligible,,,Ineligible
BID-001683,TND-00374,MPLADS-SYN-0374,CON-005,921877.06,2026-06-13,Ineligible,,,Ineligible
BID-001684,TND-00375,MPLADS-SYN-0375,CON-003,4327144.53,2026-05-25,Ineligible,,,Submitted
BID-001685,TND-00375,MPLADS-SYN-0375,CON-005,4541267.27,2026-05-25,Eligible,96.89,2,Submitted
BID-001686,TND-00375,MPLADS-SYN-0375,CON-002,3763738.3,2026-05-25,Eligible,64.55,1,Not Selected
BID-001687,TND-00376,MPLADS-SYN-0376,CON-007,1247355.3,2026-04-05,Ineligible,,,Ineligible
BID-001688,TND-00376,MPLADS-SYN-0376,CON-005,1420706.03,2026-04-05,Ineligible,,,Ineligible
BID-001689,TND-00376,MPLADS-SYN-0376,CON-004,1503256.74,2026-04-05,Ineligible,,,Ineligible
BID-001690,TND-00376,MPLADS-SYN-0376,CON-006,1464468.38,2026-04-05,Eligible,92.2,2,Selected
BID-001691,TND-00376,MPLADS-SYN-0376,CON-002,1280918.78,2026-04-05,Eligible,73.5,1,Not Selected
BID-001692,TND-00376,MPLADS-SYN-0376,CON-001,1468346.51,2026-04-05,Eligible,78.99,3,Not Selected
BID-001693,TND-00376,MPLADS-SYN-0376,CON-003,1281482.48,2026-04-05,Ineligible,,,Ineligible
BID-001694,TND-00377,MPLADS-SYN-0377,CON-002,817977.56,2026-03-01,Eligible,92.66,4,Not Selected
BID-001695,TND-00377,MPLADS-SYN-0377,CON-003,827585.22,2026-03-01,Eligible,84.19,5,Not Selected
BID-001696,TND-00377,MPLADS-SYN-0377,CON-005,740658.26,2026-03-01,Eligible,97.08,2,Not Selected
BID-001697,TND-00377,MPLADS-SYN-0377,CON-001,664423.5,2026-03-01,Eligible,82.79,1,Selected
BID-001698,TND-00377,MPLADS-SYN-0377,CON-004,755057.15,2026-03-01,Ineligible,,,Ineligible
BID-001699,TND-00377,MPLADS-SYN-0377,CON-006,780209.84,2026-03-01,Eligible,79.28,3,Not Selected
BID-001700,TND-00377,MPLADS-SYN-0377,CON-007,800728.68,2026-03-01,Ineligible,,,Ineligible
BID-001701,TND-00378,MPLADS-SYN-0378,CON-001,769468.27,2025-12-25,Eligible,85.96,3,Under Evaluation
BID-001702,TND-00378,MPLADS-SYN-0378,CON-004,708243.87,2025-12-25,Eligible,78.91,1,Submitted
BID-001703,TND-00378,MPLADS-SYN-0378,CON-007,710621.85,2025-12-25,Eligible,95.29,2,Under Evaluation
BID-001704,TND-00378,MPLADS-SYN-0378,CON-003,700766.53,2025-12-25,Ineligible,,,Under Evaluation
BID-001705,TND-00379,MPLADS-SYN-0379,CON-007,320555.38,2026-04-16,Eligible,73.9,1,Not Selected
BID-001706,TND-00379,MPLADS-SYN-0379,CON-005,336649.25,2026-04-16,Ineligible,,,Ineligible
BID-001707,TND-00380,MPLADS-SYN-0380,CON-002,810599.67,2026-01-07,Eligible,92.22,2,Not Selected
BID-001708,TND-00380,MPLADS-SYN-0380,CON-003,672008.54,2026-01-07,Eligible,94.65,1,Not Selected
BID-001709,TND-00380,MPLADS-SYN-0380,CON-004,762876.86,2026-01-07,Ineligible,,,Ineligible
BID-001710,TND-00381,MPLADS-SYN-0381,CON-006,2794396.32,2026-06-22,Eligible,80.05,6,Not Selected
BID-001711,TND-00381,MPLADS-SYN-0381,CON-005,2305893.8,2026-06-22,Eligible,71.67,1,Not Selected
BID-001712,TND-00381,MPLADS-SYN-0381,CON-002,2671604.81,2026-06-22,Eligible,84.36,3,Not Selected
BID-001713,TND-00381,MPLADS-SYN-0381,CON-001,2773302.23,2026-06-22,Eligible,61.79,5,Not Selected
BID-001714,TND-00381,MPLADS-SYN-0381,CON-003,2480973.77,2026-06-22,Eligible,73.37,2,Selected
BID-001715,TND-00381,MPLADS-SYN-0381,CON-004,2638301.66,2026-06-22,Ineligible,,,Ineligible
BID-001716,TND-00381,MPLADS-SYN-0381,CON-007,2772821.86,2026-06-22,Eligible,79.33,4,Not Selected
BID-001717,TND-00382,MPLADS-SYN-0382,CON-005,2027029.63,2026-08-24,Eligible,81.7,2,Not Selected
BID-001718,TND-00382,MPLADS-SYN-0382,CON-001,2257322.09,2026-08-24,Eligible,95.04,4,Selected
BID-001719,TND-00382,MPLADS-SYN-0382,CON-002,2028391.78,2026-08-24,Eligible,95.12,3,Not Selected
BID-001720,TND-00382,MPLADS-SYN-0382,CON-004,1915165.57,2026-08-24,Eligible,85.06,1,Not Selected
BID-001721,TND-00382,MPLADS-SYN-0382,CON-003,2427325.31,2026-08-24,Eligible,97.41,5,Not Selected
BID-001722,TND-00382,MPLADS-SYN-0382,CON-006,2467735.59,2026-08-24,Eligible,74.13,6,Not Selected
BID-001723,TND-00383,MPLADS-SYN-0383,CON-006,652863.32,2026-05-20,Eligible,67.79,3,Selected
BID-001724,TND-00383,MPLADS-SYN-0383,CON-001,684588.97,2026-05-20,Eligible,75.55,4,Not Selected
BID-001725,TND-00383,MPLADS-SYN-0383,CON-002,545636.38,2026-05-20,Ineligible,,,Ineligible
BID-001726,TND-00383,MPLADS-SYN-0383,CON-005,604341.08,2026-05-20,Eligible,91.04,1,Not Selected
BID-001727,TND-00383,MPLADS-SYN-0383,CON-007,622114.64,2026-05-20,Eligible,83.81,2,Not Selected
BID-001728,TND-00383,MPLADS-SYN-0383,CON-004,607274.96,2026-05-20,Ineligible,,,Ineligible
BID-001729,TND-00384,MPLADS-SYN-0384,CON-001,2166562.7,2026-07-19,Eligible,66.36,1,Not Selected
BID-001730,TND-00384,MPLADS-SYN-0384,CON-005,2587558.09,2026-07-19,Ineligible,,,Ineligible
BID-001731,TND-00384,MPLADS-SYN-0384,CON-002,2303004.24,2026-07-19,Eligible,70.82,2,Selected
BID-001732,TND-00384,MPLADS-SYN-0384,CON-007,2481317.71,2026-07-19,Eligible,88.92,4,Not Selected
BID-001733,TND-00384,MPLADS-SYN-0384,CON-004,2371816.4,2026-07-19,Eligible,96.11,3,Not Selected
BID-001734,TND-00385,MPLADS-SYN-0385,CON-004,1007503.5,2026-01-17,Eligible,76.8,4,Not Selected
BID-001735,TND-00385,MPLADS-SYN-0385,CON-001,1094395.72,2026-01-17,Eligible,89.2,6,Selected
BID-001736,TND-00385,MPLADS-SYN-0385,CON-007,1082788.92,2026-01-17,Eligible,81.61,5,Not Selected
BID-001737,TND-00385,MPLADS-SYN-0385,CON-002,1141504.72,2026-01-17,Eligible,92.66,7,Not Selected
BID-001738,TND-00385,MPLADS-SYN-0385,CON-006,958335.57,2026-01-17,Eligible,73.3,3,Not Selected
BID-001739,TND-00385,MPLADS-SYN-0385,CON-005,945170.44,2026-01-17,Eligible,74.87,2,Not Selected
BID-001740,TND-00385,MPLADS-SYN-0385,CON-003,932688.1,2026-01-17,Eligible,79.21,1,Not Selected
BID-001741,TND-00386,MPLADS-SYN-0386,CON-002,2717175.32,2026-01-23,Eligible,82.86,4,Not Selected
BID-001742,TND-00386,MPLADS-SYN-0386,CON-005,2609123.13,2026-01-23,Eligible,65.45,3,Not Selected
BID-001743,TND-00386,MPLADS-SYN-0386,CON-003,3087654.9,2026-01-23,Eligible,64.23,5,Not Selected
BID-001744,TND-00386,MPLADS-SYN-0386,CON-006,2451580.43,2026-01-23,Eligible,83.51,1,Not Selected
BID-001745,TND-00386,MPLADS-SYN-0386,CON-001,2525715.03,2026-01-23,Eligible,74.07,2,Not Selected
BID-001746,TND-00387,MPLADS-SYN-0387,CON-002,1923471.49,2026-01-10,Eligible,84.66,2,Not Selected
BID-001747,TND-00387,MPLADS-SYN-0387,CON-001,2101520.59,2026-01-10,Ineligible,,,Ineligible
BID-001748,TND-00387,MPLADS-SYN-0387,CON-003,1795203.37,2026-01-10,Ineligible,,,Ineligible
BID-001749,TND-00387,MPLADS-SYN-0387,CON-004,1876714.71,2026-01-10,Eligible,85.95,1,Not Selected
BID-001750,TND-00387,MPLADS-SYN-0387,CON-006,1956146.64,2026-01-10,Eligible,97.24,3,Not Selected
BID-001751,TND-00387,MPLADS-SYN-0387,CON-007,1967890.07,2026-01-10,Ineligible,,,Ineligible
BID-001752,TND-00387,MPLADS-SYN-0387,CON-005,2105720.43,2026-01-10,Eligible,77.26,4,Not Selected
BID-001753,TND-00388,MPLADS-SYN-0388,CON-007,2006998.26,2026-01-13,Ineligible,,,Ineligible
BID-001754,TND-00388,MPLADS-SYN-0388,CON-002,2023604.62,2026-01-13,Eligible,73.99,3,Not Selected
BID-001755,TND-00388,MPLADS-SYN-0388,CON-003,1573631.08,2026-01-13,Eligible,65.47,1,Selected
BID-001756,TND-00388,MPLADS-SYN-0388,CON-006,1775568.75,2026-01-13,Eligible,97.52,2,Not Selected
BID-001757,TND-00389,MPLADS-SYN-0389,CON-001,4487093.83,2026-03-01,Ineligible,,,Ineligible
BID-001758,TND-00389,MPLADS-SYN-0389,CON-005,4329788.13,2026-03-01,Eligible,96.19,3,Selected
BID-001759,TND-00389,MPLADS-SYN-0389,CON-002,4047034.22,2026-03-01,Eligible,72.39,2,Not Selected
BID-001760,TND-00389,MPLADS-SYN-0389,CON-003,3979330.01,2026-03-01,Eligible,69.35,1,Not Selected
BID-001761,TND-00390,MPLADS-SYN-0390,CON-005,857565.24,2026-06-09,Ineligible,,,Ineligible
BID-001762,TND-00390,MPLADS-SYN-0390,CON-004,804819.66,2026-06-09,Ineligible,,,Ineligible
BID-001763,TND-00390,MPLADS-SYN-0390,CON-007,750567.64,2026-06-09,Eligible,72.83,2,Not Selected
BID-001764,TND-00390,MPLADS-SYN-0390,CON-006,933058.61,2026-06-09,Ineligible,,,Ineligible
BID-001765,TND-00390,MPLADS-SYN-0390,CON-003,943324.03,2026-06-09,Ineligible,,,Ineligible
BID-001766,TND-00390,MPLADS-SYN-0390,CON-002,778718.56,2026-06-09,Ineligible,,,Ineligible
BID-001767,TND-00390,MPLADS-SYN-0390,CON-001,744684.2,2026-06-09,Eligible,74.67,1,Not Selected
BID-001768,TND-00391,MPLADS-SYN-0391,CON-005,1966761.39,2025-12-05,Eligible,63.26,6,Not Selected
BID-001769,TND-00391,MPLADS-SYN-0391,CON-002,1644682.64,2025-12-05,Eligible,72.6,1,Not Selected
BID-001770,TND-00391,MPLADS-SYN-0391,CON-006,1683899.41,2025-12-05,Eligible,67.71,3,Selected
BID-001771,TND-00391,MPLADS-SYN-0391,CON-004,1713165.92,2025-12-05,Eligible,71.69,4,Not Selected
BID-001772,TND-00391,MPLADS-SYN-0391,CON-003,1672356.14,2025-12-05,Eligible,82.17,2,Not Selected
BID-001773,TND-00391,MPLADS-SYN-0391,CON-007,2040132.8,2025-12-05,Ineligible,,,Ineligible
BID-001774,TND-00391,MPLADS-SYN-0391,CON-001,1803884.52,2025-12-05,Eligible,71.01,5,Not Selected
BID-001775,TND-00392,MPLADS-SYN-0392,CON-001,1408517.59,2026-02-14,Eligible,66.2,1,Not Selected
BID-001776,TND-00392,MPLADS-SYN-0392,CON-004,1152289.25,2026-02-14,Ineligible,,,Ineligible
BID-001777,TND-00393,MPLADS-SYN-0393,CON-002,2259704.95,2025-12-02,Eligible,97.09,3,Not Selected
BID-001778,TND-00393,MPLADS-SYN-0393,CON-004,2245287.67,2025-12-02,Eligible,94.55,2,Not Selected
BID-001779,TND-00393,MPLADS-SYN-0393,CON-003,1932130.59,2025-12-02,Eligible,65.15,1,Not Selected
BID-001780,TND-00394,MPLADS-SYN-0394,CON-003,633363.24,2026-02-14,Ineligible,,,Not Selected
BID-001781,TND-00394,MPLADS-SYN-0394,CON-002,585100.49,2026-02-14,Eligible,93.69,3,Submitted
BID-001782,TND-00394,MPLADS-SYN-0394,CON-001,511661.27,2026-02-14,Eligible,71.4,1,Not Selected
BID-001783,TND-00394,MPLADS-SYN-0394,CON-005,559558.32,2026-02-14,Eligible,97.73,2,Submitted
BID-001784,TND-00394,MPLADS-SYN-0394,CON-006,618167.71,2026-02-14,Eligible,72.19,5,Not Selected
BID-001785,TND-00394,MPLADS-SYN-0394,CON-007,606432.71,2026-02-14,Eligible,82.91,4,Under Evaluation
BID-001786,TND-00394,MPLADS-SYN-0394,CON-004,619399.36,2026-02-14,Eligible,93.86,6,Not Selected
BID-001787,TND-00395,MPLADS-SYN-0395,CON-003,3331601.47,2026-01-19,Eligible,97.32,1,Not Selected
BID-001788,TND-00395,MPLADS-SYN-0395,CON-002,3992219.58,2026-01-19,Eligible,78.61,2,Not Selected
BID-001789,TND-00395,MPLADS-SYN-0395,CON-006,3993644.95,2026-01-19,Eligible,84.68,3,Not Selected
BID-001790,TND-00396,MPLADS-SYN-0396,CON-005,511196.6,2026-05-14,Eligible,80.95,4,Under Evaluation
BID-001791,TND-00396,MPLADS-SYN-0396,CON-002,467811.11,2026-05-14,Eligible,81.8,2,Not Selected
BID-001792,TND-00396,MPLADS-SYN-0396,CON-007,490609.14,2026-05-14,Eligible,74.44,3,Under Evaluation
BID-001793,TND-00396,MPLADS-SYN-0396,CON-003,455267.77,2026-05-14,Eligible,74.26,1,Not Selected
BID-001794,TND-00396,MPLADS-SYN-0396,CON-006,499100.19,2026-05-14,Ineligible,,,Under Evaluation
BID-001795,TND-00397,MPLADS-SYN-0397,CON-005,1498461.98,2026-07-16,Eligible,92.74,2,Not Selected
BID-001796,TND-00397,MPLADS-SYN-0397,CON-001,1847202.23,2026-07-16,Eligible,90.81,6,Not Selected
BID-001797,TND-00397,MPLADS-SYN-0397,CON-003,1808677.46,2026-07-16,Eligible,69.23,5,Not Selected
BID-001798,TND-00397,MPLADS-SYN-0397,CON-002,1538156.1,2026-07-16,Eligible,65.85,3,Not Selected
BID-001799,TND-00397,MPLADS-SYN-0397,CON-004,1806626.53,2026-07-16,Eligible,92.82,4,Not Selected
BID-001800,TND-00397,MPLADS-SYN-0397,CON-006,1466147.45,2026-07-16,Eligible,87.99,1,Not Selected
BID-001801,TND-00398,MPLADS-SYN-0398,CON-003,899880.33,2026-04-19,Eligible,67.05,1,Not Selected
BID-001802,TND-00398,MPLADS-SYN-0398,CON-007,1029563.6,2026-04-19,Eligible,60.15,3,Not Selected
BID-001803,TND-00398,MPLADS-SYN-0398,CON-001,1047898.18,2026-04-19,Eligible,67.99,4,Not Selected
BID-001804,TND-00398,MPLADS-SYN-0398,CON-005,1029244.79,2026-04-19,Ineligible,,,Ineligible
BID-001805,TND-00398,MPLADS-SYN-0398,CON-006,930101.24,2026-04-19,Eligible,78.09,2,Not Selected
BID-001806,TND-00398,MPLADS-SYN-0398,CON-002,899324.94,2026-04-19,Ineligible,,,Ineligible
BID-001807,TND-00399,MPLADS-SYN-0399,CON-005,1151515.01,2026-05-26,Eligible,76.82,3,Not Selected
BID-001808,TND-00399,MPLADS-SYN-0399,CON-002,1103892.59,2026-05-26,Eligible,66.68,2,Not Selected
BID-001809,TND-00399,MPLADS-SYN-0399,CON-003,1016356.04,2026-05-26,Eligible,93.37,1,Not Selected
BID-001810,TND-00400,MPLADS-SYN-0400,CON-005,544765.08,2026-06-18,Eligible,75.67,3,Not Selected
BID-001811,TND-00400,MPLADS-SYN-0400,CON-002,545480.32,2026-06-18,Eligible,69.54,4,Under Evaluation
BID-001812,TND-00400,MPLADS-SYN-0400,CON-001,505542.47,2026-06-18,Eligible,60.27,2,Not Selected
BID-001813,TND-00400,MPLADS-SYN-0400,CON-006,579225.07,2026-06-18,Eligible,88.66,5,Under Evaluation
BID-001814,TND-00400,MPLADS-SYN-0400,CON-007,467728.2,2026-06-18,Eligible,73.08,1,Under Evaluation
BID-001815,TND-00400,MPLADS-SYN-0400,CON-004,557943.41,2026-06-18,Ineligible,,,Submitted
BID-001816,TND-00401,MPLADS-SYN-0401,CON-005,2252521.64,2026-06-17,Eligible,73.61,3,Under Evaluation
BID-001817,TND-00401,MPLADS-SYN-0401,CON-007,2389722.85,2026-06-17,Eligible,71.41,4,Under Evaluation
BID-001818,TND-00401,MPLADS-SYN-0401,CON-004,2207057.13,2026-06-17,Eligible,82.31,2,Submitted
BID-001819,TND-00401,MPLADS-SYN-0401,CON-003,1953731.96,2026-06-17,Eligible,77.67,1,Under Evaluation
BID-001820,TND-00401,MPLADS-SYN-0401,CON-006,2191480.82,2026-06-17,Ineligible,,,Under Evaluation
BID-001821,TND-00401,MPLADS-SYN-0401,CON-001,2422477.22,2026-06-17,Ineligible,,,Under Evaluation
BID-001822,TND-00402,MPLADS-SYN-0402,CON-002,1437647.1,2026-04-14,Eligible,73.9,5,Under Evaluation
BID-001823,TND-00402,MPLADS-SYN-0402,CON-006,1255759.87,2026-04-14,Eligible,82.53,4,Submitted
BID-001824,TND-00402,MPLADS-SYN-0402,CON-003,1173730.4,2026-04-14,Eligible,74.87,2,Submitted
BID-001825,TND-00402,MPLADS-SYN-0402,CON-007,1162592.19,2026-04-14,Eligible,60.82,1,Submitted
BID-001826,TND-00402,MPLADS-SYN-0402,CON-004,1241955.95,2026-04-14,Eligible,70.55,3,Not Selected
BID-001827,TND-00403,MPLADS-SYN-0403,CON-002,409379.37,2026-02-25,Eligible,96.53,2,Under Evaluation
BID-001828,TND-00403,MPLADS-SYN-0403,CON-005,398694.2,2026-02-25,Eligible,78.11,1,Not Selected
BID-001829,TND-00403,MPLADS-SYN-0403,CON-004,424272.01,2026-02-25,Eligible,95.85,3,Not Selected
BID-001830,TND-00403,MPLADS-SYN-0403,CON-007,483416.54,2026-02-25,Ineligible,,,Under Evaluation
BID-001831,TND-00404,MPLADS-SYN-0404,CON-001,3730812.89,2026-05-20,Eligible,80.13,4,Selected
BID-001832,TND-00404,MPLADS-SYN-0404,CON-003,3479220.43,2026-05-20,Eligible,90.67,1,Not Selected
BID-001833,TND-00404,MPLADS-SYN-0404,CON-002,3965610.71,2026-05-20,Eligible,81.48,5,Not Selected
BID-001834,TND-00404,MPLADS-SYN-0404,CON-005,3602376.43,2026-05-20,Eligible,76.99,3,Not Selected
BID-001835,TND-00404,MPLADS-SYN-0404,CON-004,3549810.54,2026-05-20,Eligible,95.89,2,Not Selected
BID-001836,TND-00405,MPLADS-SYN-0405,CON-005,2646070.76,2026-04-13,Ineligible,,,Ineligible
BID-001837,TND-00405,MPLADS-SYN-0405,CON-007,2574885.78,2026-04-13,Eligible,81.93,1,Not Selected
BID-001838,TND-00406,MPLADS-SYN-0406,CON-003,1553865.17,2026-03-10,Eligible,86.91,1,Not Selected
BID-001839,TND-00406,MPLADS-SYN-0406,CON-002,1673919.12,2026-03-10,Eligible,78.57,3,Not Selected
BID-001840,TND-00406,MPLADS-SYN-0406,CON-001,1615621.69,2026-03-10,Eligible,71.91,2,Selected
BID-001841,TND-00407,MPLADS-SYN-0407,CON-007,505300.59,2026-02-20,Eligible,62.54,4,Not Selected
BID-001842,TND-00407,MPLADS-SYN-0407,CON-003,445275.24,2026-02-20,Eligible,90.07,3,Not Selected
BID-001843,TND-00407,MPLADS-SYN-0407,CON-002,431954.72,2026-02-20,Eligible,73.82,2,Selected
BID-001844,TND-00407,MPLADS-SYN-0407,CON-004,490886.72,2026-02-20,Ineligible,,,Ineligible
BID-001845,TND-00407,MPLADS-SYN-0407,CON-005,428473.81,2026-02-20,Eligible,72.43,1,Not Selected
BID-001846,TND-00408,MPLADS-SYN-0408,CON-006,1434876.52,2026-02-06,Eligible,67.15,4,Not Selected
BID-001847,TND-00408,MPLADS-SYN-0408,CON-004,1448442.57,2026-02-06,Eligible,87.87,5,Under Evaluation
BID-001848,TND-00408,MPLADS-SYN-0408,CON-002,1385390.79,2026-02-06,Eligible,90.36,3,Not Selected
BID-001849,TND-00408,MPLADS-SYN-0408,CON-003,1233622.85,2026-02-06,Ineligible,,,Under Evaluation
BID-001850,TND-00408,MPLADS-SYN-0408,CON-007,1373716.44,2026-02-06,Eligible,69.92,2,Under Evaluation
BID-001851,TND-00408,MPLADS-SYN-0408,CON-005,1187259.97,2026-02-06,Eligible,84.76,1,Submitted
BID-001852,TND-00409,MPLADS-SYN-0409,CON-006,1573079.42,2026-06-17,Eligible,83.78,2,Under Evaluation
BID-001853,TND-00409,MPLADS-SYN-0409,CON-001,1443671.49,2026-06-17,Ineligible,,,Under Evaluation
BID-001854,TND-00409,MPLADS-SYN-0409,CON-004,1280326.88,2026-06-17,Eligible,70.49,1,Under Evaluation
BID-001855,TND-00410,MPLADS-SYN-0410,CON-005,1679887.93,2026-05-28,Eligible,83.9,4,Not Selected
BID-001856,TND-00410,MPLADS-SYN-0410,CON-004,1800616.1,2026-05-28,Ineligible,,,Ineligible
BID-001857,TND-00410,MPLADS-SYN-0410,CON-002,1592209.3,2026-05-28,Eligible,84.46,2,Not Selected
BID-001858,TND-00410,MPLADS-SYN-0410,CON-001,1657186.3,2026-05-28,Eligible,93.56,3,Not Selected
BID-001859,TND-00410,MPLADS-SYN-0410,CON-007,1537857.34,2026-05-28,Eligible,78.87,1,Selected
BID-001860,TND-00410,MPLADS-SYN-0410,CON-003,1925492.19,2026-05-28,Eligible,65.76,6,Not Selected
BID-001861,TND-00410,MPLADS-SYN-0410,CON-006,1745637.36,2026-05-28,Eligible,63.49,5,Not Selected
BID-001862,TND-00411,MPLADS-SYN-0411,CON-003,1497828.01,2026-07-21,Eligible,80.83,4,Not Selected
BID-001863,TND-00411,MPLADS-SYN-0411,CON-001,1247486.86,2026-07-21,Eligible,77.04,2,Not Selected
BID-001864,TND-00411,MPLADS-SYN-0411,CON-004,1256701.57,2026-07-21,Eligible,68.64,3,Not Selected
BID-001865,TND-00411,MPLADS-SYN-0411,CON-005,1235703.82,2026-07-21,Eligible,61.99,1,Not Selected
BID-001866,TND-00411,MPLADS-SYN-0411,CON-006,1516834.31,2026-07-21,Eligible,78.19,5,Not Selected
BID-001867,TND-00412,MPLADS-SYN-0412,CON-001,1745480.04,2026-02-05,Eligible,68.72,4,Selected
BID-001868,TND-00412,MPLADS-SYN-0412,CON-006,1702515.96,2026-02-05,Eligible,86.67,2,Not Selected
BID-001869,TND-00412,MPLADS-SYN-0412,CON-007,1741942.66,2026-02-05,Eligible,79.35,3,Not Selected
BID-001870,TND-00412,MPLADS-SYN-0412,CON-003,1850203.55,2026-02-05,Ineligible,,,Ineligible
BID-001871,TND-00412,MPLADS-SYN-0412,CON-004,1580590.52,2026-02-05,Eligible,94.78,1,Not Selected
BID-001872,TND-00412,MPLADS-SYN-0412,CON-005,1813111.08,2026-02-05,Eligible,70.09,5,Not Selected
BID-001873,TND-00412,MPLADS-SYN-0412,CON-002,1651256.5,2026-02-05,Ineligible,,,Ineligible
BID-001874,TND-00413,MPLADS-SYN-0413,CON-002,916921.97,2025-12-11,Eligible,64.53,1,Under Evaluation
BID-001875,TND-00413,MPLADS-SYN-0413,CON-005,939772.34,2025-12-11,Eligible,82.93,2,Under Evaluation
BID-001876,TND-00413,MPLADS-SYN-0413,CON-003,1033109.2,2025-12-11,Ineligible,,,Submitted
BID-001877,TND-00414,MPLADS-SYN-0414,CON-002,2423352.25,2026-05-09,Eligible,93.69,5,Not Selected
BID-001878,TND-00414,MPLADS-SYN-0414,CON-001,2414725.02,2026-05-09,Eligible,77.62,4,Not Selected
BID-001879,TND-00414,MPLADS-SYN-0414,CON-006,2317382.73,2026-05-09,Eligible,81.54,3,Not Selected
BID-001880,TND-00414,MPLADS-SYN-0414,CON-007,2452807.8,2026-05-09,Eligible,68.24,6,Not Selected
BID-001881,TND-00414,MPLADS-SYN-0414,CON-005,1960132.67,2026-05-09,Eligible,68.22,1,Selected
BID-001882,TND-00414,MPLADS-SYN-0414,CON-003,2050076.21,2026-05-09,Eligible,67.84,2,Not Selected
BID-001883,TND-00415,MPLADS-SYN-0415,CON-007,2211001.67,2026-07-18,Eligible,94.99,2,Selected
BID-001884,TND-00415,MPLADS-SYN-0415,CON-003,2143797.0,2026-07-18,Eligible,90.21,1,Not Selected
BID-001885,TND-00415,MPLADS-SYN-0415,CON-004,2247030.93,2026-07-18,Eligible,62.95,3,Not Selected
BID-001886,TND-00416,MPLADS-SYN-0416,CON-001,1846308.61,2026-07-08,Eligible,71.48,1,Selected
BID-001887,TND-00416,MPLADS-SYN-0416,CON-002,1968715.04,2026-07-08,Eligible,64.57,3,Not Selected
BID-001888,TND-00416,MPLADS-SYN-0416,CON-004,2169731.51,2026-07-08,Eligible,93.45,4,Not Selected
BID-001889,TND-00416,MPLADS-SYN-0416,CON-006,2328473.21,2026-07-08,Eligible,60.55,6,Not Selected
BID-001890,TND-00416,MPLADS-SYN-0416,CON-005,1873776.21,2026-07-08,Eligible,77.3,2,Not Selected
BID-001891,TND-00416,MPLADS-SYN-0416,CON-003,2303961.5,2026-07-08,Eligible,70.26,5,Not Selected
BID-001892,TND-00416,MPLADS-SYN-0416,CON-007,2205296.24,2026-07-08,Ineligible,,,Ineligible
BID-001893,TND-00417,MPLADS-SYN-0417,CON-001,1237024.51,2026-01-17,Eligible,96.97,2,Not Selected
BID-001894,TND-00417,MPLADS-SYN-0417,CON-005,1272563.42,2026-01-17,Eligible,84.95,3,Not Selected
BID-001895,TND-00417,MPLADS-SYN-0417,CON-002,1395017.24,2026-01-17,Eligible,86.98,5,Not Selected
BID-001896,TND-00417,MPLADS-SYN-0417,CON-003,1318038.67,2026-01-17,Eligible,90.47,4,Not Selected
BID-001897,TND-00417,MPLADS-SYN-0417,CON-004,1095812.12,2026-01-17,Eligible,96.6,1,Not Selected
BID-001898,TND-00417,MPLADS-SYN-0417,CON-007,1148182.34,2026-01-17,Ineligible,,,Ineligible
BID-001899,TND-00418,MPLADS-SYN-0418,CON-006,2456032.7,2026-08-16,Eligible,77.34,1,Not Selected
BID-001900,TND-00418,MPLADS-SYN-0418,CON-007,2526790.06,2026-08-16,Eligible,74.18,2,Not Selected
BID-001901,TND-00418,MPLADS-SYN-0418,CON-001,2806938.13,2026-08-16,Eligible,72.19,4,Not Selected
BID-001902,TND-00418,MPLADS-SYN-0418,CON-004,2635652.51,2026-08-16,Eligible,66.61,3,Selected
BID-001903,TND-00418,MPLADS-SYN-0418,CON-005,2480660.92,2026-08-16,Ineligible,,,Ineligible
BID-001904,TND-00418,MPLADS-SYN-0418,CON-002,2860242.1,2026-08-16,Eligible,65.61,5,Not Selected
BID-001905,TND-00418,MPLADS-SYN-0418,CON-003,2657409.31,2026-08-16,Ineligible,,,Ineligible
BID-001906,TND-00419,MPLADS-SYN-0419,CON-005,3402568.55,2026-04-05,Eligible,93.81,2,Not Selected
BID-001907,TND-00419,MPLADS-SYN-0419,CON-003,3294239.31,2026-04-05,Eligible,82.75,1,Not Selected
BID-001908,TND-00419,MPLADS-SYN-0419,CON-007,3467385.72,2026-04-05,Eligible,92.34,3,Not Selected
BID-001909,TND-00419,MPLADS-SYN-0419,CON-001,3496849.48,2026-04-05,Eligible,91.34,4,Not Selected
BID-001910,TND-00419,MPLADS-SYN-0419,CON-002,3340788.15,2026-04-05,Ineligible,,,Ineligible
BID-001911,TND-00419,MPLADS-SYN-0419,CON-006,3767036.25,2026-04-05,Eligible,79.74,5,Selected
BID-001912,TND-00420,MPLADS-SYN-0420,CON-005,1975741.89,2026-07-06,Eligible,86.97,2,Not Selected
BID-001913,TND-00420,MPLADS-SYN-0420,CON-002,1699379.38,2026-07-06,Eligible,87.81,1,Under Evaluation
BID-001914,TND-00420,MPLADS-SYN-0420,CON-004,1909595.41,2026-07-06,Ineligible,,,Not Selected
BID-001915,TND-00421,MPLADS-SYN-0421,CON-005,2675118.91,2026-04-20,Eligible,68.58,1,Not Selected
BID-001916,TND-00421,MPLADS-SYN-0421,CON-003,2840841.34,2026-04-20,Eligible,91.71,2,Not Selected
BID-001917,TND-00421,MPLADS-SYN-0421,CON-006,3017402.13,2026-04-20,Eligible,87.22,3,Not Selected
BID-001918,TND-00422,MPLADS-SYN-0422,CON-007,2306469.32,2026-05-22,Eligible,91.36,5,Not Selected
BID-001919,TND-00422,MPLADS-SYN-0422,CON-006,2187791.62,2026-05-22,Eligible,96.16,3,Not Selected
BID-001920,TND-00422,MPLADS-SYN-0422,CON-004,1993008.65,2026-05-22,Eligible,61.18,2,Not Selected
BID-001921,TND-00422,MPLADS-SYN-0422,CON-003,1954196.92,2026-05-22,Eligible,91.45,1,Selected
BID-001922,TND-00422,MPLADS-SYN-0422,CON-002,2264667.24,2026-05-22,Eligible,69.63,4,Not Selected
BID-001923,TND-00423,MPLADS-SYN-0423,CON-007,315477.58,2026-04-19,Eligible,74.73,1,Under Evaluation
BID-001924,TND-00423,MPLADS-SYN-0423,CON-003,333781.48,2026-04-19,Ineligible,,,Not Selected
BID-001925,TND-00423,MPLADS-SYN-0423,CON-004,369046.4,2026-04-19,Ineligible,,,Not Selected
BID-001926,TND-00424,MPLADS-SYN-0424,CON-005,1439793.38,2026-02-05,Eligible,79.0,2,Not Selected
BID-001927,TND-00424,MPLADS-SYN-0424,CON-001,1388053.87,2026-02-05,Eligible,86.62,1,Selected
BID-001928,TND-00425,MPLADS-SYN-0425,CON-007,1390120.99,2025-12-05,Eligible,96.07,3,Not Selected
BID-001929,TND-00425,MPLADS-SYN-0425,CON-003,1388848.38,2025-12-05,Eligible,74.44,2,Selected
BID-001930,TND-00425,MPLADS-SYN-0425,CON-004,1483341.21,2025-12-05,Eligible,78.05,4,Not Selected
BID-001931,TND-00425,MPLADS-SYN-0425,CON-001,1340869.88,2025-12-05,Eligible,69.32,1,Not Selected
BID-001932,TND-00426,MPLADS-SYN-0426,CON-006,1370196.03,2026-02-04,Eligible,69.17,1,Not Selected
BID-001933,TND-00426,MPLADS-SYN-0426,CON-005,1589200.09,2026-02-04,Eligible,72.27,2,Not Selected
BID-001934,TND-00426,MPLADS-SYN-0426,CON-001,1432826.84,2026-02-04,Ineligible,,,Ineligible
BID-001935,TND-00427,MPLADS-SYN-0427,CON-002,4172136.77,2026-08-17,Eligible,86.49,2,Not Selected
BID-001936,TND-00427,MPLADS-SYN-0427,CON-003,4413227.5,2026-08-17,Eligible,69.62,4,Selected
BID-001937,TND-00427,MPLADS-SYN-0427,CON-001,4098083.88,2026-08-17,Ineligible,,,Ineligible
BID-001938,TND-00427,MPLADS-SYN-0427,CON-007,4163615.26,2026-08-17,Ineligible,,,Ineligible
BID-001939,TND-00427,MPLADS-SYN-0427,CON-006,4302798.74,2026-08-17,Eligible,61.51,3,Not Selected
BID-001940,TND-00427,MPLADS-SYN-0427,CON-004,4661305.21,2026-08-17,Ineligible,,,Ineligible
BID-001941,TND-00427,MPLADS-SYN-0427,CON-005,4088770.87,2026-08-17,Eligible,96.81,1,Not Selected
BID-001942,TND-00428,MPLADS-SYN-0428,CON-001,1524389.73,2025-11-28,Eligible,89.35,2,Not Selected
BID-001943,TND-00428,MPLADS-SYN-0428,CON-004,1386159.56,2025-11-28,Eligible,68.49,1,Not Selected
BID-001944,TND-00428,MPLADS-SYN-0428,CON-002,1716890.15,2025-11-28,Ineligible,,,Ineligible
BID-001945,TND-00429,MPLADS-SYN-0429,CON-002,1724507.33,2025-12-09,Eligible,88.13,1,Submitted
BID-001946,TND-00429,MPLADS-SYN-0429,CON-004,2140736.17,2025-12-09,Eligible,78.85,3,Under Evaluation
BID-001947,TND-00429,MPLADS-SYN-0429,CON-005,2065711.15,2025-12-09,Ineligible,,,Submitted
BID-001948,TND-00429,MPLADS-SYN-0429,CON-007,2023391.34,2025-12-09,Eligible,80.65,2,Not Selected
BID-001949,TND-00430,MPLADS-SYN-0430,CON-003,1141296.61,2026-05-31,Ineligible,,,Ineligible
BID-001950,TND-00430,MPLADS-SYN-0430,CON-001,1031414.22,2026-05-31,Eligible,69.99,1,Selected
BID-001951,TND-00431,MPLADS-SYN-0431,CON-007,358679.07,2026-01-05,Eligible,76.95,3,Not Selected
BID-001952,TND-00431,MPLADS-SYN-0431,CON-003,439652.04,2026-01-05,Eligible,81.18,5,Not Selected
BID-001953,TND-00431,MPLADS-SYN-0431,CON-002,387787.97,2026-01-05,Eligible,82.12,4,Selected
BID-001954,TND-00431,MPLADS-SYN-0431,CON-001,351584.98,2026-01-05,Eligible,68.83,1,Not Selected
BID-001955,TND-00431,MPLADS-SYN-0431,CON-005,354738.72,2026-01-05,Eligible,88.37,2,Not Selected
BID-001956,TND-00432,MPLADS-SYN-0432,CON-003,2007282.57,2026-02-15,Eligible,90.45,1,Under Evaluation
BID-001957,TND-00432,MPLADS-SYN-0432,CON-004,2036568.53,2026-02-15,Ineligible,,,Under Evaluation
BID-001958,TND-00432,MPLADS-SYN-0432,CON-001,2201181.75,2026-02-15,Eligible,74.74,2,Submitted
BID-001959,TND-00432,MPLADS-SYN-0432,CON-002,2288952.55,2026-02-15,Eligible,85.35,3,Submitted
BID-001960,TND-00432,MPLADS-SYN-0432,CON-005,2416327.4,2026-02-15,Eligible,78.15,4,Submitted
BID-001961,TND-00432,MPLADS-SYN-0432,CON-007,2491249.48,2026-02-15,Eligible,66.26,5,Not Selected
BID-001962,TND-00433,MPLADS-SYN-0433,CON-005,2283106.85,2026-02-19,Ineligible,,,Ineligible
BID-001963,TND-00433,MPLADS-SYN-0433,CON-003,1868223.43,2026-02-19,Ineligible,,,Ineligible
BID-001964,TND-00433,MPLADS-SYN-0433,CON-002,1859170.81,2026-02-19,Eligible,89.66,1,Not Selected
BID-001965,TND-00434,MPLADS-SYN-0434,CON-001,620698.53,2026-07-18,Ineligible,,,Ineligible
BID-001966,TND-00434,MPLADS-SYN-0434,CON-005,647366.55,2026-07-18,Eligible,69.17,5,Not Selected
BID-001967,TND-00434,MPLADS-SYN-0434,CON-007,627401.36,2026-07-18,Eligible,89.38,3,Selected
BID-001968,TND-00434,MPLADS-SYN-0434,CON-003,613238.64,2026-07-18,Eligible,75.86,2,Not Selected
BID-001969,TND-00434,MPLADS-SYN-0434,CON-006,633869.87,2026-07-18,Eligible,89.37,4,Not Selected
BID-001970,TND-00434,MPLADS-SYN-0434,CON-002,550391.77,2026-07-18,Eligible,74.94,1,Not Selected
BID-001971,TND-00435,MPLADS-SYN-0435,CON-004,3081071.6,2026-01-17,Eligible,77.83,2,Not Selected
BID-001972,TND-00435,MPLADS-SYN-0435,CON-006,2766607.75,2026-01-17,Ineligible,,,Ineligible
BID-001973,TND-00435,MPLADS-SYN-0435,CON-007,3467367.12,2026-01-17,Eligible,69.56,4,Not Selected
BID-001974,TND-00435,MPLADS-SYN-0435,CON-003,2907057.71,2026-01-17,Eligible,93.24,1,Not Selected
BID-001975,TND-00435,MPLADS-SYN-0435,CON-005,3165588.8,2026-01-17,Eligible,71.9,3,Not Selected
BID-001976,TND-00436,MPLADS-SYN-0436,CON-007,983776.65,2026-07-25,Eligible,79.67,3,Under Evaluation
BID-001977,TND-00436,MPLADS-SYN-0436,CON-004,857596.33,2026-07-25,Eligible,76.11,1,Not Selected
BID-001978,TND-00436,MPLADS-SYN-0436,CON-003,913300.0,2026-07-25,Eligible,71.21,2,Not Selected
BID-001979,TND-00437,MPLADS-SYN-0437,CON-005,1506670.97,2026-04-18,Ineligible,,,Not Selected
BID-001980,TND-00437,MPLADS-SYN-0437,CON-003,1808345.37,2026-04-18,Eligible,67.18,5,Submitted
BID-001981,TND-00437,MPLADS-SYN-0437,CON-004,1787825.32,2026-04-18,Ineligible,,,Under Evaluation
BID-001982,TND-00437,MPLADS-SYN-0437,CON-006,1788084.8,2026-04-18,Eligible,81.56,4,Not Selected
BID-001983,TND-00437,MPLADS-SYN-0437,CON-002,1484665.88,2026-04-18,Eligible,83.87,1,Under Evaluation
BID-001984,TND-00437,MPLADS-SYN-0437,CON-007,1604443.33,2026-04-18,Eligible,76.61,3,Under Evaluation
BID-001985,TND-00437,MPLADS-SYN-0437,CON-001,1531671.07,2026-04-18,Eligible,64.67,2,Submitted
BID-001986,TND-00438,MPLADS-SYN-0438,CON-006,295436.45,2026-01-08,Eligible,70.8,6,Not Selected
BID-001987,TND-00438,MPLADS-SYN-0438,CON-007,245745.92,2026-01-08,Eligible,83.5,2,Not Selected
BID-001988,TND-00438,MPLADS-SYN-0438,CON-001,268016.65,2026-01-08,Eligible,95.26,5,Not Selected
BID-001989,TND-00438,MPLADS-SYN-0438,CON-004,253364.72,2026-01-08,Eligible,65.76,3,Not Selected
BID-001990,TND-00438,MPLADS-SYN-0438,CON-002,266875.44,2026-01-08,Eligible,88.97,4,Not Selected
BID-001991,TND-00438,MPLADS-SYN-0438,CON-005,241099.36,2026-01-08,Ineligible,,,Ineligible
BID-001992,TND-00438,MPLADS-SYN-0438,CON-003,243212.03,2026-01-08,Eligible,96.27,1,Not Selected
BID-001993,TND-00439,MPLADS-SYN-0439,CON-001,602067.47,2026-06-18,Eligible,90.76,2,Selected
BID-001994,TND-00439,MPLADS-SYN-0439,CON-006,484627.45,2026-06-18,Eligible,92.12,1,Not Selected
BID-001995,TND-00440,MPLADS-SYN-0440,CON-002,1047526.26,2025-12-11,Eligible,88.09,2,Not Selected
BID-001996,TND-00440,MPLADS-SYN-0440,CON-004,1031269.58,2025-12-11,Ineligible,,,Ineligible
BID-001997,TND-00440,MPLADS-SYN-0440,CON-001,932774.75,2025-12-11,Eligible,67.79,1,Selected
BID-001998,TND-00440,MPLADS-SYN-0440,CON-003,1109977.29,2025-12-11,Ineligible,,,Ineligible
BID-001999,TND-00440,MPLADS-SYN-0440,CON-005,1141662.66,2025-12-11,Eligible,72.24,3,Not Selected
BID-002000,TND-00440,MPLADS-SYN-0440,CON-007,1062486.26,2025-12-11,Ineligible,,,Ineligible
BID-002001,TND-00440,MPLADS-SYN-0440,CON-006,1154914.66,2025-12-11,Eligible,74.17,4,Not Selected
BID-002002,TND-00441,MPLADS-SYN-0441,CON-005,1000403.22,2026-03-19,Eligible,89.95,2,Not Selected
BID-002003,TND-00441,MPLADS-SYN-0441,CON-006,883747.07,2026-03-19,Eligible,73.42,1,Not Selected
BID-002004,TND-00442,MPLADS-SYN-0442,CON-002,1040106.37,2025-12-29,Eligible,81.72,4,Under Evaluation
BID-002005,TND-00442,MPLADS-SYN-0442,CON-006,1015070.55,2025-12-29,Eligible,76.58,2,Under Evaluation
BID-002006,TND-00442,MPLADS-SYN-0442,CON-007,1038238.44,2025-12-29,Ineligible,,,Submitted
BID-002007,TND-00442,MPLADS-SYN-0442,CON-003,1036087.83,2025-12-29,Eligible,70.23,3,Submitted
BID-002008,TND-00442,MPLADS-SYN-0442,CON-005,1164131.63,2025-12-29,Eligible,66.01,5,Under Evaluation
BID-002009,TND-00442,MPLADS-SYN-0442,CON-001,977166.93,2025-12-29,Eligible,97.21,1,Submitted
BID-002010,TND-00443,MPLADS-SYN-0443,CON-003,638825.28,2026-06-09,Eligible,92.62,2,Not Selected
BID-002011,TND-00443,MPLADS-SYN-0443,CON-006,662132.42,2026-06-09,Eligible,68.71,3,Not Selected
BID-002012,TND-00443,MPLADS-SYN-0443,CON-001,668087.7,2026-06-09,Eligible,68.81,4,Not Selected
BID-002013,TND-00443,MPLADS-SYN-0443,CON-007,628608.78,2026-06-09,Eligible,81.76,1,Not Selected
BID-002014,TND-00443,MPLADS-SYN-0443,CON-005,752958.13,2026-06-09,Eligible,70.95,5,Not Selected
BID-002015,TND-00443,MPLADS-SYN-0443,CON-004,696644.71,2026-06-09,Ineligible,,,Ineligible
BID-002016,TND-00444,MPLADS-SYN-0444,CON-007,716939.26,2026-02-04,Eligible,64.72,6,Not Selected
BID-002017,TND-00444,MPLADS-SYN-0444,CON-002,656631.31,2026-02-04,Eligible,66.8,4,Not Selected
BID-002018,TND-00444,MPLADS-SYN-0444,CON-006,668721.75,2026-02-04,Eligible,89.9,5,Submitted
BID-002019,TND-00444,MPLADS-SYN-0444,CON-005,633331.24,2026-02-04,Eligible,79.5,3,Under Evaluation
BID-002020,TND-00444,MPLADS-SYN-0444,CON-001,581522.05,2026-02-04,Eligible,65.13,1,Under Evaluation
BID-002021,TND-00444,MPLADS-SYN-0444,CON-003,586218.56,2026-02-04,Eligible,69.19,2,Submitted
BID-002022,TND-00445,MPLADS-SYN-0445,CON-005,3505132.73,2026-07-02,Ineligible,,,Submitted
BID-002023,TND-00445,MPLADS-SYN-0445,CON-003,3730014.83,2026-07-02,Eligible,84.33,1,Submitted
BID-002024,TND-00445,MPLADS-SYN-0445,CON-006,3770221.1,2026-07-02,Eligible,65.16,2,Under Evaluation
BID-002025,TND-00446,MPLADS-SYN-0446,CON-003,597715.16,2026-08-09,Ineligible,,,Ineligible
BID-002026,TND-00446,MPLADS-SYN-0446,CON-004,675484.85,2026-08-09,Ineligible,,,Ineligible
BID-002027,TND-00446,MPLADS-SYN-0446,CON-007,687031.52,2026-08-09,Eligible,89.88,1,Not Selected
BID-002028,TND-00447,MPLADS-SYN-0447,CON-005,509582.24,2026-02-06,Eligible,79.12,3,Not Selected
BID-002029,TND-00447,MPLADS-SYN-0447,CON-006,458217.89,2026-02-06,Eligible,67.86,1,Selected
BID-002030,TND-00447,MPLADS-SYN-0447,CON-003,469976.29,2026-02-06,Eligible,91.99,2,Not Selected
BID-002031,TND-00447,MPLADS-SYN-0447,CON-002,413075.5,2026-02-06,Ineligible,,,Ineligible
BID-002032,TND-00448,MPLADS-SYN-0448,CON-003,1361920.4,2026-02-06,Eligible,84.66,4,Not Selected
BID-002033,TND-00448,MPLADS-SYN-0448,CON-001,1203140.95,2026-02-06,Eligible,65.41,1,Not Selected
BID-002034,TND-00448,MPLADS-SYN-0448,CON-004,1397663.66,2026-02-06,Ineligible,,,Ineligible
BID-002035,TND-00448,MPLADS-SYN-0448,CON-006,1187198.98,2026-02-06,Ineligible,,,Ineligible
BID-002036,TND-00448,MPLADS-SYN-0448,CON-002,1256563.44,2026-02-06,Ineligible,,,Ineligible
BID-002037,TND-00448,MPLADS-SYN-0448,CON-007,1225759.31,2026-02-06,Eligible,77.61,2,Not Selected
BID-002038,TND-00448,MPLADS-SYN-0448,CON-005,1240135.01,2026-02-06,Eligible,69.32,3,Not Selected
BID-002039,TND-00449,MPLADS-SYN-0449,CON-002,1404007.74,2025-12-04,Ineligible,,,Ineligible
BID-002040,TND-00449,MPLADS-SYN-0449,CON-005,1139085.44,2025-12-04,Eligible,73.48,2,Selected
BID-002041,TND-00449,MPLADS-SYN-0449,CON-001,1281363.89,2025-12-04,Ineligible,,,Ineligible
BID-002042,TND-00449,MPLADS-SYN-0449,CON-003,1126771.75,2025-12-04,Ineligible,,,Ineligible
BID-002043,TND-00449,MPLADS-SYN-0449,CON-004,1135689.98,2025-12-04,Eligible,67.35,1,Not Selected
BID-002044,TND-00450,MPLADS-SYN-0450,CON-007,1510831.1,2026-06-29,Eligible,62.28,2,Not Selected
BID-002045,TND-00450,MPLADS-SYN-0450,CON-002,1436743.71,2026-06-29,Eligible,60.92,1,Not Selected
BID-002046,TND-00450,MPLADS-SYN-0450,CON-006,1397753.93,2026-06-29,Ineligible,,,Ineligible
BID-002047,TND-00451,MPLADS-SYN-0451,CON-003,2331679.3,2026-04-12,Eligible,88.82,2,Under Evaluation
BID-002048,TND-00451,MPLADS-SYN-0451,CON-001,2127541.54,2026-04-12,Eligible,89.61,1,Not Selected
BID-002049,TND-00452,MPLADS-SYN-0452,CON-006,1222219.44,2026-07-31,Eligible,95.45,1,Not Selected
BID-002050,TND-00452,MPLADS-SYN-0452,CON-004,1331718.56,2026-07-31,Ineligible,,,Ineligible
BID-002051,TND-00453,MPLADS-SYN-0453,CON-006,1677045.04,2026-05-02,Eligible,74.99,2,Not Selected
BID-002052,TND-00453,MPLADS-SYN-0453,CON-005,1436989.76,2026-05-02,Eligible,60.46,1,Not Selected
BID-002053,TND-00453,MPLADS-SYN-0453,CON-002,1475003.29,2026-05-02,Ineligible,,,Ineligible
BID-002054,TND-00453,MPLADS-SYN-0453,CON-001,1657180.61,2026-05-02,Ineligible,,,Ineligible
BID-002055,TND-00454,MPLADS-SYN-0454,CON-006,2094920.36,2026-07-25,Eligible,92.32,3,Not Selected
BID-002056,TND-00454,MPLADS-SYN-0454,CON-007,2210501.73,2026-07-25,Eligible,81.93,6,Selected
BID-002057,TND-00454,MPLADS-SYN-0454,CON-003,2003572.12,2026-07-25,Eligible,84.0,2,Not Selected
BID-002058,TND-00454,MPLADS-SYN-0454,CON-004,1891215.53,2026-07-25,Eligible,85.37,1,Not Selected
BID-002059,TND-00454,MPLADS-SYN-0454,CON-002,2149444.52,2026-07-25,Eligible,90.64,5,Not Selected
BID-002060,TND-00454,MPLADS-SYN-0454,CON-001,2120485.28,2026-07-25,Eligible,68.6,4,Not Selected
BID-002061,TND-00454,MPLADS-SYN-0454,CON-005,1736779.29,2026-07-25,Ineligible,,,Ineligible
BID-002062,TND-00455,MPLADS-SYN-0455,CON-002,1406130.15,2026-02-17,Eligible,64.05,4,Selected
BID-002063,TND-00455,MPLADS-SYN-0455,CON-007,1348229.35,2026-02-17,Eligible,92.09,1,Not Selected
BID-002064,TND-00455,MPLADS-SYN-0455,CON-003,1375201.97,2026-02-17,Eligible,77.65,3,Not Selected
BID-002065,TND-00455,MPLADS-SYN-0455,CON-001,1350238.14,2026-02-17,Eligible,86.5,2,Not Selected
BID-002066,TND-00455,MPLADS-SYN-0455,CON-005,1484220.59,2026-02-17,Ineligible,,,Ineligible
BID-002067,TND-00456,MPLADS-SYN-0456,CON-006,1463681.57,2026-01-10,Ineligible,,,Submitted
BID-002068,TND-00456,MPLADS-SYN-0456,CON-003,1493019.37,2026-01-10,Eligible,66.05,3,Under Evaluation
BID-002069,TND-00456,MPLADS-SYN-0456,CON-001,1509492.87,2026-01-10,Ineligible,,,Submitted
BID-002070,TND-00456,MPLADS-SYN-0456,CON-002,1417767.23,2026-01-10,Eligible,60.32,1,Not Selected
BID-002071,TND-00456,MPLADS-SYN-0456,CON-004,1595850.03,2026-01-10,Ineligible,,,Submitted
BID-002072,TND-00456,MPLADS-SYN-0456,CON-007,1755421.57,2026-01-10,Eligible,60.08,4,Submitted
BID-002073,TND-00456,MPLADS-SYN-0456,CON-005,1448917.09,2026-01-10,Eligible,97.38,2,Under Evaluation
BID-002074,TND-00457,MPLADS-SYN-0457,CON-003,920526.37,2026-05-20,Eligible,61.54,1,Not Selected
BID-002075,TND-00457,MPLADS-SYN-0457,CON-005,1051755.53,2026-05-20,Eligible,63.8,2,Not Selected
BID-002076,TND-00457,MPLADS-SYN-0457,CON-006,1077097.31,2026-05-20,Eligible,97.55,3,Not Selected
BID-002077,TND-00458,MPLADS-SYN-0458,CON-005,1467906.35,2026-05-10,Ineligible,,,Ineligible
BID-002078,TND-00458,MPLADS-SYN-0458,CON-006,1218869.62,2026-05-10,Eligible,83.39,1,Not Selected
BID-002079,TND-00458,MPLADS-SYN-0458,CON-002,1364315.4,2026-05-10,Eligible,65.27,3,Not Selected
BID-002080,TND-00458,MPLADS-SYN-0458,CON-004,1342161.96,2026-05-10,Eligible,65.98,2,Not Selected
BID-002081,TND-00459,MPLADS-SYN-0459,CON-006,1422753.0,2026-06-08,Ineligible,,,Ineligible
BID-002082,TND-00459,MPLADS-SYN-0459,CON-004,1473594.78,2026-06-08,Eligible,96.16,2,Not Selected
BID-002083,TND-00459,MPLADS-SYN-0459,CON-002,1297239.57,2026-06-08,Ineligible,,,Ineligible
BID-002084,TND-00459,MPLADS-SYN-0459,CON-007,1336289.36,2026-06-08,Eligible,90.18,1,Not Selected
BID-002085,TND-00459,MPLADS-SYN-0459,CON-003,1486493.0,2026-06-08,Eligible,68.0,3,Not Selected
BID-002086,TND-00460,MPLADS-SYN-0460,CON-004,1814109.52,2026-02-03,Eligible,82.01,4,Not Selected
BID-002087,TND-00460,MPLADS-SYN-0460,CON-005,1791608.61,2026-02-03,Ineligible,,,Ineligible
BID-002088,TND-00460,MPLADS-SYN-0460,CON-001,1657298.05,2026-02-03,Eligible,95.62,2,Not Selected
BID-002089,TND-00460,MPLADS-SYN-0460,CON-007,1570250.77,2026-02-03,Ineligible,,,Ineligible
BID-002090,TND-00460,MPLADS-SYN-0460,CON-002,1764439.02,2026-02-03,Eligible,65.95,3,Not Selected
BID-002091,TND-00460,MPLADS-SYN-0460,CON-006,1562297.54,2026-02-03,Eligible,61.86,1,Not Selected
BID-002092,TND-00460,MPLADS-SYN-0460,CON-003,1844887.79,2026-02-03,Eligible,74.8,5,Not Selected
BID-002093,TND-00461,MPLADS-SYN-0461,CON-006,425929.84,2026-05-01,Eligible,96.26,1,Not Selected
BID-002094,TND-00461,MPLADS-SYN-0461,CON-004,476975.13,2026-05-01,Ineligible,,,Ineligible
BID-002095,TND-00461,MPLADS-SYN-0461,CON-007,534440.12,2026-05-01,Eligible,65.63,3,Not Selected
BID-002096,TND-00461,MPLADS-SYN-0461,CON-003,535527.39,2026-05-01,Eligible,79.49,4,Not Selected
BID-002097,TND-00461,MPLADS-SYN-0461,CON-005,486919.71,2026-05-01,Eligible,94.48,2,Not Selected
BID-002098,TND-00461,MPLADS-SYN-0461,CON-002,515098.05,2026-05-01,Ineligible,,,Ineligible
BID-002099,TND-00462,MPLADS-SYN-0462,CON-001,1126323.37,2026-01-23,Eligible,68.02,2,Selected
BID-002100,TND-00462,MPLADS-SYN-0462,CON-003,1007779.84,2026-01-23,Eligible,80.17,1,Not Selected
BID-002101,TND-00462,MPLADS-SYN-0462,CON-005,1158188.32,2026-01-23,Eligible,76.53,3,Not Selected
BID-002102,TND-00462,MPLADS-SYN-0462,CON-004,1174450.57,2026-01-23,Eligible,77.29,4,Not Selected
BID-002103,TND-00463,MPLADS-SYN-0463,CON-006,1309648.42,2026-07-17,Ineligible,,,Submitted
BID-002104,TND-00463,MPLADS-SYN-0463,CON-004,1225091.49,2026-07-17,Eligible,82.39,1,Under Evaluation
BID-002105,TND-00464,MPLADS-SYN-0464,CON-007,1632346.95,2026-04-28,Eligible,95.08,2,Not Selected
BID-002106,TND-00464,MPLADS-SYN-0464,CON-001,1789203.92,2026-04-28,Eligible,77.07,4,Not Selected
BID-002107,TND-00464,MPLADS-SYN-0464,CON-006,1563369.36,2026-04-28,Eligible,91.04,1,Not Selected
BID-002108,TND-00464,MPLADS-SYN-0464,CON-003,1718912.62,2026-04-28,Eligible,75.0,3,Selected
BID-002109,TND-00465,MPLADS-SYN-0465,CON-001,1145394.84,2026-08-18,Ineligible,,,Ineligible
BID-002110,TND-00465,MPLADS-SYN-0465,CON-002,930953.58,2026-08-18,Eligible,89.22,1,Not Selected
BID-002111,TND-00465,MPLADS-SYN-0465,CON-006,1107253.12,2026-08-18,Eligible,97.58,3,Selected
BID-002112,TND-00465,MPLADS-SYN-0465,CON-004,984655.47,2026-08-18,Eligible,89.63,2,Not Selected
BID-002113,TND-00465,MPLADS-SYN-0465,CON-007,1159551.23,2026-08-18,Ineligible,,,Ineligible
BID-002114,TND-00466,MPLADS-SYN-0466,CON-004,1476466.51,2026-05-10,Ineligible,,,Ineligible
BID-002115,TND-00466,MPLADS-SYN-0466,CON-003,1385379.81,2026-05-10,Eligible,95.38,1,Selected
BID-002116,TND-00466,MPLADS-SYN-0466,CON-002,1673061.71,2026-05-10,Eligible,84.98,3,Not Selected
BID-002117,TND-00466,MPLADS-SYN-0466,CON-005,1649083.4,2026-05-10,Ineligible,,,Ineligible
BID-002118,TND-00466,MPLADS-SYN-0466,CON-001,1442553.9,2026-05-10,Ineligible,,,Ineligible
BID-002119,TND-00466,MPLADS-SYN-0466,CON-006,1459657.8,2026-05-10,Eligible,73.73,2,Not Selected
BID-002120,TND-00467,MPLADS-SYN-0467,CON-006,2059922.39,2026-05-20,Eligible,96.24,4,Submitted
BID-002121,TND-00467,MPLADS-SYN-0467,CON-003,1629011.67,2026-05-20,Eligible,64.31,1,Submitted
BID-002122,TND-00467,MPLADS-SYN-0467,CON-007,1810107.05,2026-05-20,Eligible,89.11,3,Not Selected
BID-002123,TND-00467,MPLADS-SYN-0467,CON-005,1964382.64,2026-05-20,Ineligible,,,Not Selected
BID-002124,TND-00467,MPLADS-SYN-0467,CON-001,1655385.83,2026-05-20,Eligible,73.54,2,Submitted
BID-002125,TND-00468,MPLADS-SYN-0468,CON-001,1824233.73,2026-07-03,Eligible,97.7,4,Not Selected
BID-002126,TND-00468,MPLADS-SYN-0468,CON-002,1487256.96,2026-07-03,Eligible,66.09,1,Not Selected
BID-002127,TND-00468,MPLADS-SYN-0468,CON-006,1759853.49,2026-07-03,Eligible,78.19,2,Selected
BID-002128,TND-00468,MPLADS-SYN-0468,CON-004,1805568.05,2026-07-03,Eligible,61.13,3,Not Selected
BID-002129,TND-00468,MPLADS-SYN-0468,CON-005,1775838.85,2026-07-03,Ineligible,,,Ineligible
BID-002130,TND-00468,MPLADS-SYN-0468,CON-007,1462740.22,2026-07-03,Ineligible,,,Ineligible
BID-002131,TND-00469,MPLADS-SYN-0469,CON-002,2417815.84,2026-02-10,Eligible,91.71,2,Selected
BID-002132,TND-00469,MPLADS-SYN-0469,CON-005,2394422.41,2026-02-10,Ineligible,,,Ineligible
BID-002133,TND-00469,MPLADS-SYN-0469,CON-006,2186495.42,2026-02-10,Ineligible,,,Ineligible
BID-002134,TND-00469,MPLADS-SYN-0469,CON-001,2092469.77,2026-02-10,Eligible,67.57,1,Not Selected
BID-002135,TND-00470,MPLADS-SYN-0470,CON-001,1321845.62,2026-03-14,Eligible,75.79,4,Not Selected
BID-002136,TND-00470,MPLADS-SYN-0470,CON-004,1292443.33,2026-03-14,Eligible,92.76,3,Selected
BID-002137,TND-00470,MPLADS-SYN-0470,CON-003,1062993.71,2026-03-14,Eligible,82.6,1,Not Selected
BID-002138,TND-00470,MPLADS-SYN-0470,CON-006,1208230.75,2026-03-14,Eligible,82.53,2,Not Selected
BID-002139,TND-00471,MPLADS-SYN-0471,CON-004,937281.95,2026-08-02,Eligible,92.63,4,Not Selected
BID-002140,TND-00471,MPLADS-SYN-0471,CON-006,846453.69,2026-08-02,Eligible,85.26,1,Not Selected
BID-002141,TND-00471,MPLADS-SYN-0471,CON-001,1077608.76,2026-08-02,Eligible,91.0,5,Not Selected
BID-002142,TND-00471,MPLADS-SYN-0471,CON-003,1077823.78,2026-08-02,Eligible,72.92,6,Not Selected
BID-002143,TND-00471,MPLADS-SYN-0471,CON-002,933947.31,2026-08-02,Eligible,97.05,3,Selected
BID-002144,TND-00471,MPLADS-SYN-0471,CON-005,922127.38,2026-08-02,Ineligible,,,Ineligible
BID-002145,TND-00471,MPLADS-SYN-0471,CON-007,908554.36,2026-08-02,Eligible,75.46,2,Not Selected
BID-002146,TND-00472,MPLADS-SYN-0472,CON-001,1057508.96,2026-05-13,Eligible,95.39,1,Submitted
BID-002147,TND-00472,MPLADS-SYN-0472,CON-002,1180857.39,2026-05-13,Eligible,64.31,2,Under Evaluation
BID-002148,TND-00473,MPLADS-SYN-0473,CON-007,3519124.05,2026-06-26,Eligible,61.86,2,Submitted
BID-002149,TND-00473,MPLADS-SYN-0473,CON-006,3284667.34,2026-06-26,Eligible,80.86,1,Not Selected
BID-002150,TND-00473,MPLADS-SYN-0473,CON-003,3519965.26,2026-06-26,Eligible,85.0,3,Not Selected
BID-002151,TND-00473,MPLADS-SYN-0473,CON-001,3097885.61,2026-06-26,Ineligible,,,Submitted
BID-002152,TND-00474,MPLADS-SYN-0474,CON-003,758262.23,2026-01-20,Eligible,72.69,5,Submitted
BID-002153,TND-00474,MPLADS-SYN-0474,CON-007,681174.55,2026-01-20,Eligible,90.87,2,Not Selected
BID-002154,TND-00474,MPLADS-SYN-0474,CON-001,735359.98,2026-01-20,Eligible,88.04,3,Submitted
BID-002155,TND-00474,MPLADS-SYN-0474,CON-006,802213.37,2026-01-20,Eligible,60.2,7,Under Evaluation
BID-002156,TND-00474,MPLADS-SYN-0474,CON-005,745365.27,2026-01-20,Eligible,90.2,4,Not Selected
BID-002157,TND-00474,MPLADS-SYN-0474,CON-004,793489.84,2026-01-20,Eligible,80.81,6,Under Evaluation
BID-002158,TND-00474,MPLADS-SYN-0474,CON-002,657280.62,2026-01-20,Eligible,85.34,1,Not Selected
BID-002159,TND-00475,MPLADS-SYN-0475,CON-002,913786.22,2026-03-31,Eligible,84.64,6,Not Selected
BID-002160,TND-00475,MPLADS-SYN-0475,CON-004,867233.19,2026-03-31,Eligible,75.41,4,Not Selected
BID-002161,TND-00475,MPLADS-SYN-0475,CON-003,799034.2,2026-03-31,Eligible,86.27,1,Not Selected
BID-002162,TND-00475,MPLADS-SYN-0475,CON-005,884797.06,2026-03-31,Eligible,96.75,5,Not Selected
BID-002163,TND-00475,MPLADS-SYN-0475,CON-007,811853.58,2026-03-31,Eligible,68.77,2,Not Selected
BID-002164,TND-00475,MPLADS-SYN-0475,CON-001,812124.1,2026-03-31,Eligible,87.79,3,Not Selected
BID-002165,TND-00476,MPLADS-SYN-0476,CON-005,3400331.85,2026-07-16,Eligible,67.99,3,Not Selected
BID-002166,TND-00476,MPLADS-SYN-0476,CON-001,2738403.98,2026-07-16,Eligible,64.06,1,Under Evaluation
BID-002167,TND-00476,MPLADS-SYN-0476,CON-002,2812940.09,2026-07-16,Eligible,87.52,2,Submitted
BID-002168,TND-00477,MPLADS-SYN-0477,CON-006,1205196.72,2026-04-02,Ineligible,,,Under Evaluation
BID-002169,TND-00477,MPLADS-SYN-0477,CON-007,1174339.68,2026-04-02,Eligible,77.43,1,Not Selected
BID-002170,TND-00477,MPLADS-SYN-0477,CON-003,1217394.06,2026-04-02,Ineligible,,,Submitted
BID-002171,TND-00477,MPLADS-SYN-0477,CON-005,1412831.17,2026-04-02,Eligible,70.61,4,Under Evaluation
BID-002172,TND-00477,MPLADS-SYN-0477,CON-004,1262630.25,2026-04-02,Eligible,89.86,3,Under Evaluation
BID-002173,TND-00477,MPLADS-SYN-0477,CON-002,1296765.48,2026-04-02,Ineligible,,,Under Evaluation
BID-002174,TND-00477,MPLADS-SYN-0477,CON-001,1222054.58,2026-04-02,Eligible,67.64,2,Under Evaluation
BID-002175,TND-00478,MPLADS-SYN-0478,CON-007,3093945.78,2026-04-04,Ineligible,,,Under Evaluation
BID-002176,TND-00478,MPLADS-SYN-0478,CON-006,2677965.94,2026-04-04,Eligible,70.17,2,Submitted
BID-002177,TND-00478,MPLADS-SYN-0478,CON-002,2790417.22,2026-04-04,Eligible,63.76,3,Not Selected
BID-002178,TND-00478,MPLADS-SYN-0478,CON-004,3153881.78,2026-04-04,Eligible,75.34,4,Not Selected
BID-002179,TND-00478,MPLADS-SYN-0478,CON-001,2562596.15,2026-04-04,Eligible,94.15,1,Submitted
BID-002180,TND-00479,MPLADS-SYN-0479,CON-002,736437.48,2025-12-18,Eligible,72.44,2,Not Selected
BID-002181,TND-00479,MPLADS-SYN-0479,CON-007,848599.84,2025-12-18,Eligible,81.58,5,Selected
BID-002182,TND-00479,MPLADS-SYN-0479,CON-006,705803.06,2025-12-18,Eligible,67.12,1,Not Selected
BID-002183,TND-00479,MPLADS-SYN-0479,CON-005,857518.43,2025-12-18,Ineligible,,,Ineligible
BID-002184,TND-00479,MPLADS-SYN-0479,CON-004,757617.3,2025-12-18,Eligible,82.28,3,Not Selected
BID-002185,TND-00479,MPLADS-SYN-0479,CON-001,835985.76,2025-12-18,Eligible,63.65,4,Not Selected
BID-002186,TND-00480,MPLADS-SYN-0480,CON-004,564380.91,2025-12-13,Eligible,68.65,1,Under Evaluation
BID-002187,TND-00480,MPLADS-SYN-0480,CON-002,675412.78,2025-12-13,Eligible,62.9,4,Not Selected
BID-002188,TND-00480,MPLADS-SYN-0480,CON-001,614599.64,2025-12-13,Eligible,75.61,3,Submitted
BID-002189,TND-00480,MPLADS-SYN-0480,CON-003,533800.9,2025-12-13,Ineligible,,,Under Evaluation
BID-002190,TND-00480,MPLADS-SYN-0480,CON-007,609922.01,2025-12-13,Eligible,85.88,2,Submitted
BID-002191,TND-00481,MPLADS-SYN-0481,CON-007,479447.34,2026-01-09,Eligible,69.75,2,Submitted
BID-002192,TND-00481,MPLADS-SYN-0481,CON-004,572161.96,2026-01-09,Ineligible,,,Submitted
BID-002193,TND-00481,MPLADS-SYN-0481,CON-001,581849.31,2026-01-09,Ineligible,,,Submitted
BID-002194,TND-00481,MPLADS-SYN-0481,CON-006,462886.49,2026-01-09,Eligible,64.51,1,Not Selected
BID-002195,TND-00482,MPLADS-SYN-0482,CON-006,1270996.73,2026-04-22,Eligible,91.05,3,Under Evaluation
BID-002196,TND-00482,MPLADS-SYN-0482,CON-004,1166275.63,2026-04-22,Ineligible,,,Under Evaluation
BID-002197,TND-00482,MPLADS-SYN-0482,CON-005,1128780.17,2026-04-22,Eligible,70.55,1,Not Selected
BID-002198,TND-00482,MPLADS-SYN-0482,CON-001,1234241.59,2026-04-22,Eligible,88.63,2,Under Evaluation
BID-002199,TND-00482,MPLADS-SYN-0482,CON-003,1275902.51,2026-04-22,Eligible,88.08,4,Submitted
BID-002200,TND-00483,MPLADS-SYN-0483,CON-007,2067122.5,2026-01-12,Eligible,67.44,1,Not Selected
BID-002201,TND-00483,MPLADS-SYN-0483,CON-005,2165442.55,2026-01-12,Eligible,71.21,2,Not Selected
BID-002202,TND-00483,MPLADS-SYN-0483,CON-002,2076765.1,2026-01-12,Ineligible,,,Ineligible
BID-002203,TND-00483,MPLADS-SYN-0483,CON-006,2175375.11,2026-01-12,Eligible,61.2,3,Selected
BID-002204,TND-00484,MPLADS-SYN-0484,CON-006,623407.36,2026-07-08,Eligible,74.37,3,Under Evaluation
BID-002205,TND-00484,MPLADS-SYN-0484,CON-003,544634.71,2026-07-08,Eligible,66.65,2,Not Selected
BID-002206,TND-00484,MPLADS-SYN-0484,CON-007,647043.43,2026-07-08,Ineligible,,,Submitted
BID-002207,TND-00484,MPLADS-SYN-0484,CON-004,531436.16,2026-07-08,Eligible,62.78,1,Submitted
BID-002208,TND-00484,MPLADS-SYN-0484,CON-002,581795.56,2026-07-08,Ineligible,,,Submitted
BID-002209,TND-00485,MPLADS-SYN-0485,CON-005,1203256.38,2026-07-29,Eligible,93.68,2,Not Selected
BID-002210,TND-00485,MPLADS-SYN-0485,CON-002,1040538.67,2026-07-29,Eligible,96.24,1,Not Selected
BID-002211,TND-00486,MPLADS-SYN-0486,CON-003,855408.28,2026-03-27,Eligible,83.04,1,Not Selected
BID-002212,TND-00486,MPLADS-SYN-0486,CON-005,1005844.55,2026-03-27,Eligible,67.46,2,Not Selected
BID-002213,TND-00486,MPLADS-SYN-0486,CON-006,859211.71,2026-03-27,Ineligible,,,Ineligible
BID-002214,TND-00487,MPLADS-SYN-0487,CON-007,323818.76,2026-03-25,Eligible,69.87,2,Not Selected
BID-002215,TND-00487,MPLADS-SYN-0487,CON-001,307896.26,2026-03-25,Eligible,91.47,1,Not Selected
BID-002216,TND-00487,MPLADS-SYN-0487,CON-005,284131.53,2026-03-25,Ineligible,,,Ineligible
BID-002217,TND-00487,MPLADS-SYN-0487,CON-002,350645.21,2026-03-25,Eligible,65.31,6,Selected
BID-002218,TND-00487,MPLADS-SYN-0487,CON-004,345677.32,2026-03-25,Eligible,79.68,5,Not Selected
BID-002219,TND-00487,MPLADS-SYN-0487,CON-006,332049.3,2026-03-25,Eligible,76.04,3,Not Selected
BID-002220,TND-00487,MPLADS-SYN-0487,CON-003,332792.99,2026-03-25,Eligible,88.03,4,Not Selected
BID-002221,TND-00488,MPLADS-SYN-0488,CON-003,790406.92,2026-05-05,Eligible,61.14,1,Not Selected
BID-002222,TND-00488,MPLADS-SYN-0488,CON-002,895578.08,2026-05-05,Eligible,89.46,2,Selected
BID-002223,TND-00489,MPLADS-SYN-0489,CON-005,890241.25,2026-02-22,Eligible,65.69,1,Not Selected
BID-002224,TND-00489,MPLADS-SYN-0489,CON-007,966484.23,2026-02-22,Ineligible,,,Not Selected
BID-002225,TND-00489,MPLADS-SYN-0489,CON-006,905153.07,2026-02-22,Eligible,69.91,3,Under Evaluation
BID-002226,TND-00489,MPLADS-SYN-0489,CON-001,897397.91,2026-02-22,Eligible,85.39,2,Not Selected
BID-002227,TND-00489,MPLADS-SYN-0489,CON-002,1014553.44,2026-02-22,Eligible,79.84,5,Under Evaluation
BID-002228,TND-00489,MPLADS-SYN-0489,CON-004,1073256.68,2026-02-22,Eligible,91.33,6,Submitted
BID-002229,TND-00489,MPLADS-SYN-0489,CON-003,949911.63,2026-02-22,Eligible,74.42,4,Under Evaluation
BID-002230,TND-00490,MPLADS-SYN-0490,CON-001,1276278.63,2026-04-28,Eligible,60.11,1,Not Selected
BID-002231,TND-00490,MPLADS-SYN-0490,CON-004,1363828.77,2026-04-28,Eligible,74.36,2,Not Selected
BID-002232,TND-00491,MPLADS-SYN-0491,CON-005,309292.44,2026-01-31,Eligible,65.7,2,Not Selected
BID-002233,TND-00491,MPLADS-SYN-0491,CON-001,283329.09,2026-01-31,Eligible,75.69,1,Submitted
BID-002234,TND-00492,MPLADS-SYN-0492,CON-006,1258884.24,2026-06-22,Eligible,91.22,1,Not Selected
BID-002235,TND-00492,MPLADS-SYN-0492,CON-004,1527576.07,2026-06-22,Ineligible,,,Ineligible
BID-002236,TND-00492,MPLADS-SYN-0492,CON-007,1507303.88,2026-06-22,Eligible,83.75,3,Not Selected
BID-002237,TND-00492,MPLADS-SYN-0492,CON-003,1260358.4,2026-06-22,Eligible,69.13,2,Not Selected
BID-002238,TND-00493,MPLADS-SYN-0493,CON-005,1456558.02,2026-04-10,Eligible,89.35,1,Not Selected
BID-002239,TND-00493,MPLADS-SYN-0493,CON-004,1514747.5,2026-04-10,Eligible,64.78,2,Not Selected
BID-002240,TND-00494,MPLADS-SYN-0494,CON-001,2499500.04,2026-03-30,Ineligible,,,Under Evaluation
BID-002241,TND-00494,MPLADS-SYN-0494,CON-006,2445653.72,2026-03-30,Eligible,94.78,1,Not Selected
BID-002242,TND-00495,MPLADS-SYN-0495,CON-006,413102.3,2026-05-09,Eligible,93.46,4,Selected
BID-002243,TND-00495,MPLADS-SYN-0495,CON-002,346656.46,2026-05-09,Eligible,74.37,2,Not Selected
BID-002244,TND-00495,MPLADS-SYN-0495,CON-007,395566.02,2026-05-09,Eligible,75.19,3,Not Selected
BID-002245,TND-00495,MPLADS-SYN-0495,CON-005,346011.58,2026-05-09,Eligible,65.38,1,Not Selected
BID-002246,TND-00496,MPLADS-SYN-0496,CON-003,833366.24,2026-01-23,Eligible,71.31,1,Under Evaluation
BID-002247,TND-00496,MPLADS-SYN-0496,CON-005,726900.74,2026-01-23,Ineligible,,,Not Selected
BID-002248,TND-00496,MPLADS-SYN-0496,CON-006,750233.46,2026-01-23,Ineligible,,,Submitted
BID-002249,TND-00497,MPLADS-SYN-0497,CON-001,2548897.09,2026-06-04,Eligible,91.24,2,Not Selected
BID-002250,TND-00497,MPLADS-SYN-0497,CON-007,2436472.71,2026-06-04,Ineligible,,,Ineligible
BID-002251,TND-00497,MPLADS-SYN-0497,CON-002,2347403.53,2026-06-04,Eligible,88.79,1,Not Selected
BID-002252,TND-00498,MPLADS-SYN-0498,CON-007,789180.43,2026-01-10,Eligible,87.4,2,Not Selected
BID-002253,TND-00498,MPLADS-SYN-0498,CON-001,782077.38,2026-01-10,Eligible,71.17,1,Not Selected
BID-002254,TND-00499,MPLADS-SYN-0499,CON-007,1627465.75,2026-03-15,Ineligible,,,Under Evaluation
BID-002255,TND-00499,MPLADS-SYN-0499,CON-001,1483091.79,2026-03-15,Eligible,79.49,1,Under Evaluation
BID-002256,TND-00500,MPLADS-SYN-0500,CON-007,513088.29,2026-06-26,Eligible,83.18,3,Under Evaluation
BID-002257,TND-00500,MPLADS-SYN-0500,CON-004,563363.7,2026-06-26,Eligible,71.01,5,Submitted
BID-002258,TND-00500,MPLADS-SYN-0500,CON-001,555373.68,2026-06-26,Eligible,67.78,4,Submitted
BID-002259,TND-00500,MPLADS-SYN-0500,CON-002,497218.35,2026-06-26,Eligible,91.48,1,Submitted
BID-002260,TND-00500,MPLADS-SYN-0500,CON-006,502936.1,2026-06-26,Eligible,64.64,2,Not Selected
BID-002261,TND-00500,MPLADS-SYN-0500,CON-005,567662.01,2026-06-26,Eligible,63.42,6,Submitted
BID-002262,TND-00500,MPLADS-SYN-0500,CON-003,565304.51,2026-06-26,Ineligible,,,Not Selected
BID-002263,TND-00501,MPLADS-SYN-0501,CON-004,1308834.46,2025-11-24,Eligible,93.53,4,Not Selected
BID-002264,TND-00501,MPLADS-SYN-0501,CON-007,1265807.03,2025-11-24,Eligible,96.34,3,Not Selected
BID-002265,TND-00501,MPLADS-SYN-0501,CON-001,1284643.79,2025-11-24,Ineligible,,,Ineligible
BID-002266,TND-00501,MPLADS-SYN-0501,CON-002,1237123.51,2025-11-24,Eligible,97.67,1,Selected
BID-002267,TND-00501,MPLADS-SYN-0501,CON-006,1039854.07,2025-11-24,Ineligible,,,Ineligible
BID-002268,TND-00501,MPLADS-SYN-0501,CON-003,1243226.72,2025-11-24,Eligible,60.41,2,Not Selected
BID-002269,TND-00502,MPLADS-SYN-0502,CON-002,2962288.85,2025-12-04,Ineligible,,,Ineligible
BID-002270,TND-00502,MPLADS-SYN-0502,CON-006,2802873.67,2025-12-04,Eligible,91.28,2,Not Selected
BID-002271,TND-00502,MPLADS-SYN-0502,CON-007,3056995.16,2025-12-04,Ineligible,,,Ineligible
BID-002272,TND-00502,MPLADS-SYN-0502,CON-001,3302254.17,2025-12-04,Eligible,74.89,5,Not Selected
BID-002273,TND-00502,MPLADS-SYN-0502,CON-005,3067453.11,2025-12-04,Eligible,65.09,3,Selected
BID-002274,TND-00502,MPLADS-SYN-0502,CON-004,2645327.96,2025-12-04,Eligible,82.94,1,Not Selected
BID-002275,TND-00502,MPLADS-SYN-0502,CON-003,3219512.91,2025-12-04,Eligible,64.14,4,Not Selected
BID-002276,TND-00503,MPLADS-SYN-0503,CON-003,1807748.72,2026-06-17,Eligible,91.85,1,Not Selected
BID-002277,TND-00503,MPLADS-SYN-0503,CON-002,1833816.26,2026-06-17,Ineligible,,,Ineligible
BID-002278,TND-00504,MPLADS-SYN-0504,CON-002,970476.41,2026-04-27,Eligible,62.79,3,Not Selected
BID-002279,TND-00504,MPLADS-SYN-0504,CON-006,933938.29,2026-04-27,Eligible,72.83,2,Not Selected
BID-002280,TND-00504,MPLADS-SYN-0504,CON-005,843110.57,2026-04-27,Eligible,95.48,1,Not Selected
BID-002281,TND-00505,MPLADS-SYN-0505,CON-005,2537992.96,2026-05-26,Ineligible,,,Ineligible
BID-002282,TND-00505,MPLADS-SYN-0505,CON-007,2810582.35,2026-05-26,Eligible,91.52,2,Not Selected
BID-002283,TND-00505,MPLADS-SYN-0505,CON-003,2609734.48,2026-05-26,Eligible,69.03,1,Not Selected
BID-002284,TND-00506,MPLADS-SYN-0506,CON-007,3929659.1,2026-01-31,Eligible,79.73,2,Not Selected
BID-002285,TND-00506,MPLADS-SYN-0506,CON-004,3146386.8,2026-01-31,Eligible,76.21,1,Not Selected
BID-002286,TND-00507,MPLADS-SYN-0507,CON-006,1352488.51,2026-01-17,Eligible,73.73,2,Not Selected
BID-002287,TND-00507,MPLADS-SYN-0507,CON-007,1310251.46,2026-01-17,Eligible,91.09,1,Not Selected
BID-002288,TND-00507,MPLADS-SYN-0507,CON-001,1436143.98,2026-01-17,Ineligible,,,Ineligible
BID-002289,TND-00508,MPLADS-SYN-0508,CON-002,2154243.66,2025-12-22,Eligible,69.65,1,Not Selected
BID-002290,TND-00508,MPLADS-SYN-0508,CON-004,2253671.37,2025-12-22,Eligible,91.06,2,Not Selected
BID-002291,TND-00508,MPLADS-SYN-0508,CON-003,2355218.18,2025-12-22,Eligible,76.58,4,Not Selected
BID-002292,TND-00508,MPLADS-SYN-0508,CON-006,2114036.14,2025-12-22,Ineligible,,,Ineligible
BID-002293,TND-00508,MPLADS-SYN-0508,CON-001,2304245.32,2025-12-22,Eligible,83.6,3,Not Selected
BID-002294,TND-00509,MPLADS-SYN-0509,CON-007,785363.23,2026-07-14,Eligible,71.55,2,Submitted
BID-002295,TND-00509,MPLADS-SYN-0509,CON-006,711815.53,2026-07-14,Ineligible,,,Submitted
BID-002296,TND-00509,MPLADS-SYN-0509,CON-003,673669.67,2026-07-14,Eligible,92.79,1,Under Evaluation
BID-002297,TND-00510,MPLADS-SYN-0510,CON-007,207687.74,2026-05-24,Eligible,87.51,3,Not Selected
BID-002298,TND-00510,MPLADS-SYN-0510,CON-006,198570.52,2026-05-24,Eligible,86.26,2,Under Evaluation
BID-002299,TND-00510,MPLADS-SYN-0510,CON-004,196538.12,2026-05-24,Eligible,73.99,1,Not Selected
BID-002300,TND-00510,MPLADS-SYN-0510,CON-003,227956.55,2026-05-24,Eligible,70.86,4,Under Evaluation
BID-002301,TND-00511,MPLADS-SYN-0511,CON-002,1072867.84,2025-11-25,Ineligible,,,Not Selected
BID-002302,TND-00511,MPLADS-SYN-0511,CON-001,1047071.22,2025-11-25,Ineligible,,,Not Selected
BID-002303,TND-00511,MPLADS-SYN-0511,CON-007,1013042.39,2025-11-25,Ineligible,,,Not Selected
BID-002304,TND-00511,MPLADS-SYN-0511,CON-005,942584.98,2025-11-25,Ineligible,,,Submitted
BID-002305,TND-00512,MPLADS-SYN-0512,CON-007,381295.17,2026-04-30,Eligible,71.19,1,Not Selected
BID-002306,TND-00512,MPLADS-SYN-0512,CON-003,448522.2,2026-04-30,Eligible,81.64,2,Not Selected
BID-002307,TND-00512,MPLADS-SYN-0512,CON-004,450672.09,2026-04-30,Eligible,96.22,4,Not Selected
BID-002308,TND-00512,MPLADS-SYN-0512,CON-005,461233.02,2026-04-30,Eligible,67.03,5,Not Selected
BID-002309,TND-00512,MPLADS-SYN-0512,CON-002,449386.01,2026-04-30,Eligible,71.19,3,Selected
BID-002310,TND-00513,MPLADS-SYN-0513,CON-001,1125669.33,2026-04-07,Ineligible,,,Submitted
BID-002311,TND-00513,MPLADS-SYN-0513,CON-007,1293419.51,2026-04-07,Eligible,68.2,3,Not Selected
BID-002312,TND-00513,MPLADS-SYN-0513,CON-003,1267731.09,2026-04-07,Eligible,83.06,2,Not Selected
BID-002313,TND-00513,MPLADS-SYN-0513,CON-004,1192248.99,2026-04-07,Eligible,69.27,1,Not Selected
BID-002314,TND-00513,MPLADS-SYN-0513,CON-005,1392020.91,2026-04-07,Eligible,94.09,5,Not Selected
BID-002315,TND-00513,MPLADS-SYN-0513,CON-002,1330243.91,2026-04-07,Eligible,94.1,4,Submitted
BID-002316,TND-00513,MPLADS-SYN-0513,CON-006,1395206.57,2026-04-07,Eligible,94.29,6,Submitted
BID-002317,TND-00514,MPLADS-SYN-0514,CON-004,1070095.47,2026-02-08,Ineligible,,,Not Selected
BID-002318,TND-00514,MPLADS-SYN-0514,CON-001,962335.12,2026-02-08,Ineligible,,,Not Selected
BID-002319,TND-00514,MPLADS-SYN-0514,CON-006,991802.73,2026-02-08,Ineligible,,,Not Selected
BID-002320,TND-00514,MPLADS-SYN-0514,CON-003,911611.09,2026-02-08,Eligible,81.35,1,Submitted
BID-002321,TND-00514,MPLADS-SYN-0514,CON-007,1104794.81,2026-02-08,Eligible,91.56,2,Not Selected
BID-002322,TND-00514,MPLADS-SYN-0514,CON-005,1124100.31,2026-02-08,Eligible,71.92,3,Not Selected
BID-002323,TND-00515,MPLADS-SYN-0515,CON-003,1994621.89,2026-07-14,Ineligible,,,Ineligible
BID-002324,TND-00515,MPLADS-SYN-0515,CON-007,1882051.01,2026-07-14,Eligible,82.33,2,Not Selected
BID-002325,TND-00515,MPLADS-SYN-0515,CON-001,1992676.67,2026-07-14,Eligible,83.79,3,Not Selected
BID-002326,TND-00515,MPLADS-SYN-0515,CON-006,1642868.39,2026-07-14,Eligible,91.64,1,Not Selected
BID-002327,TND-00516,MPLADS-SYN-0516,CON-002,2156977.89,2026-06-26,Ineligible,,,Ineligible
BID-002328,TND-00516,MPLADS-SYN-0516,CON-006,1922670.42,2026-06-26,Eligible,63.09,4,Not Selected
BID-002329,TND-00516,MPLADS-SYN-0516,CON-001,1769716.45,2026-06-26,Eligible,91.3,2,Not Selected
BID-002330,TND-00516,MPLADS-SYN-0516,CON-005,2079987.46,2026-06-26,Eligible,61.82,5,Not Selected
BID-002331,TND-00516,MPLADS-SYN-0516,CON-004,1707114.55,2026-06-26,Eligible,83.26,1,Selected
BID-002332,TND-00516,MPLADS-SYN-0516,CON-007,1812029.18,2026-06-26,Eligible,83.93,3,Not Selected
BID-002333,TND-00517,MPLADS-SYN-0517,CON-001,1416272.65,2026-04-11,Ineligible,,,Ineligible
BID-002334,TND-00517,MPLADS-SYN-0517,CON-006,1711198.27,2026-04-11,Eligible,93.13,1,Selected
BID-002335,TND-00518,MPLADS-SYN-0518,CON-007,3300627.51,2026-08-20,Eligible,87.59,5,Not Selected
BID-002336,TND-00518,MPLADS-SYN-0518,CON-005,3163854.43,2026-08-20,Ineligible,,,Ineligible
BID-002337,TND-00518,MPLADS-SYN-0518,CON-001,3094259.0,2026-08-20,Eligible,73.09,3,Not Selected
BID-002338,TND-00518,MPLADS-SYN-0518,CON-003,3006153.01,2026-08-20,Eligible,88.34,1,Not Selected
BID-002339,TND-00518,MPLADS-SYN-0518,CON-002,2957991.52,2026-08-20,Ineligible,,,Ineligible
BID-002340,TND-00518,MPLADS-SYN-0518,CON-004,3285349.96,2026-08-20,Eligible,97.32,4,Not Selected
BID-002341,TND-00518,MPLADS-SYN-0518,CON-006,3013720.24,2026-08-20,Eligible,89.23,2,Not Selected
BID-002342,TND-00519,MPLADS-SYN-0519,CON-002,686696.75,2026-07-26,Eligible,96.87,1,Submitted
BID-002343,TND-00519,MPLADS-SYN-0519,CON-003,629726.87,2026-07-26,Ineligible,,,Submitted
BID-002344,TND-00520,MPLADS-SYN-0520,CON-001,1775597.8,2026-02-09,Eligible,73.1,1,Submitted
BID-002345,TND-00520,MPLADS-SYN-0520,CON-003,2060579.22,2026-02-09,Eligible,80.7,2,Under Evaluation
BID-002346,TND-00521,MPLADS-SYN-0521,CON-001,653485.91,2026-04-02,Ineligible,,,Not Selected
BID-002347,TND-00521,MPLADS-SYN-0521,CON-006,735085.6,2026-04-02,Eligible,64.61,5,Under Evaluation
BID-002348,TND-00521,MPLADS-SYN-0521,CON-007,669376.94,2026-04-02,Eligible,80.72,1,Not Selected
BID-002349,TND-00521,MPLADS-SYN-0521,CON-002,685813.18,2026-04-02,Eligible,96.53,3,Not Selected
BID-002350,TND-00521,MPLADS-SYN-0521,CON-005,788943.23,2026-04-02,Eligible,65.35,6,Submitted
BID-002351,TND-00521,MPLADS-SYN-0521,CON-004,702183.88,2026-04-02,Eligible,76.38,4,Submitted
BID-002352,TND-00521,MPLADS-SYN-0521,CON-003,681680.72,2026-04-02,Eligible,77.17,2,Submitted
BID-002353,TND-00522,MPLADS-SYN-0522,CON-005,947388.75,2025-12-06,Eligible,84.28,1,Not Selected
BID-002354,TND-00522,MPLADS-SYN-0522,CON-006,1187195.36,2025-12-06,Eligible,63.89,4,Not Selected
BID-002355,TND-00522,MPLADS-SYN-0522,CON-003,997164.45,2025-12-06,Ineligible,,,Ineligible
BID-002356,TND-00522,MPLADS-SYN-0522,CON-004,991124.44,2025-12-06,Eligible,87.91,2,Not Selected
BID-002357,TND-00522,MPLADS-SYN-0522,CON-007,1079837.37,2025-12-06,Ineligible,,,Ineligible
BID-002358,TND-00522,MPLADS-SYN-0522,CON-002,1008397.4,2025-12-06,Ineligible,,,Ineligible
BID-002359,TND-00522,MPLADS-SYN-0522,CON-001,1183976.93,2025-12-06,Eligible,93.24,3,Not Selected
BID-002360,TND-00523,MPLADS-SYN-0523,CON-004,1680286.91,2026-04-09,Eligible,81.75,1,Not Selected
BID-002361,TND-00523,MPLADS-SYN-0523,CON-007,1886325.2,2026-04-09,Eligible,78.73,3,Not Selected
BID-002362,TND-00523,MPLADS-SYN-0523,CON-006,2010381.47,2026-04-09,Ineligible,,,Ineligible
BID-002363,TND-00523,MPLADS-SYN-0523,CON-002,1863362.88,2026-04-09,Eligible,77.24,2,Not Selected
BID-002364,TND-00523,MPLADS-SYN-0523,CON-005,2009054.66,2026-04-09,Ineligible,,,Ineligible
BID-002365,TND-00523,MPLADS-SYN-0523,CON-003,2087842.98,2026-04-09,Ineligible,,,Ineligible
BID-002366,TND-00524,MPLADS-SYN-0524,CON-002,1327113.76,2026-04-11,Eligible,92.68,2,Not Selected
BID-002367,TND-00524,MPLADS-SYN-0524,CON-003,1084409.13,2026-04-11,Eligible,74.29,1,Not Selected
BID-002368,TND-00525,MPLADS-SYN-0525,CON-002,2801093.05,2026-05-21,Eligible,89.54,3,Not Selected
BID-002369,TND-00525,MPLADS-SYN-0525,CON-005,2717961.42,2026-05-21,Ineligible,,,Ineligible
BID-002370,TND-00525,MPLADS-SYN-0525,CON-003,2992570.55,2026-05-21,Eligible,75.39,5,Not Selected
BID-002371,TND-00525,MPLADS-SYN-0525,CON-001,2449734.96,2026-05-21,Eligible,79.87,1,Not Selected
BID-002372,TND-00525,MPLADS-SYN-0525,CON-004,2877362.24,2026-05-21,Eligible,62.76,4,Not Selected
BID-002373,TND-00525,MPLADS-SYN-0525,CON-006,2739726.6,2026-05-21,Eligible,81.58,2,Not Selected
BID-002374,TND-00525,MPLADS-SYN-0525,CON-007,3014552.41,2026-05-21,Eligible,81.19,6,Not Selected
BID-002375,TND-00526,MPLADS-SYN-0526,CON-004,718259.34,2026-01-22,Eligible,93.9,6,Not Selected
BID-002376,TND-00526,MPLADS-SYN-0526,CON-005,567235.04,2026-01-22,Eligible,90.34,1,Not Selected
BID-002377,TND-00526,MPLADS-SYN-0526,CON-002,717981.0,2026-01-22,Eligible,85.17,5,Not Selected
BID-002378,TND-00526,MPLADS-SYN-0526,CON-006,650476.58,2026-01-22,Eligible,79.28,3,Not Selected
BID-002379,TND-00526,MPLADS-SYN-0526,CON-007,609158.16,2026-01-22,Eligible,71.33,2,Selected
BID-002380,TND-00526,MPLADS-SYN-0526,CON-001,660923.61,2026-01-22,Eligible,84.6,4,Not Selected
BID-002381,TND-00527,MPLADS-SYN-0527,CON-002,1556513.77,2026-03-14,Eligible,94.02,5,Not Selected
BID-002382,TND-00527,MPLADS-SYN-0527,CON-004,1368595.2,2026-03-14,Eligible,78.15,2,Selected
BID-002383,TND-00527,MPLADS-SYN-0527,CON-006,1418137.24,2026-03-14,Eligible,61.0,3,Not Selected
BID-002384,TND-00527,MPLADS-SYN-0527,CON-007,1445609.83,2026-03-14,Eligible,74.46,4,Not Selected
BID-002385,TND-00527,MPLADS-SYN-0527,CON-005,1252077.07,2026-03-14,Eligible,87.34,1,Not Selected
BID-002386,TND-00527,MPLADS-SYN-0527,CON-001,1462929.19,2026-03-14,Ineligible,,,Ineligible
BID-002387,TND-00527,MPLADS-SYN-0527,CON-003,1402163.37,2026-03-14,Ineligible,,,Ineligible
BID-002388,TND-00528,MPLADS-SYN-0528,CON-003,3473831.21,2026-04-19,Ineligible,,,Ineligible
BID-002389,TND-00528,MPLADS-SYN-0528,CON-002,3315424.49,2026-04-19,Eligible,91.81,2,Not Selected
BID-002390,TND-00528,MPLADS-SYN-0528,CON-005,2841237.45,2026-04-19,Eligible,78.77,1,Not Selected
BID-002391,TND-00529,MPLADS-SYN-0529,CON-006,1724788.11,2026-05-17,Eligible,61.97,3,Under Evaluation
BID-002392,TND-00529,MPLADS-SYN-0529,CON-004,1550290.75,2026-05-17,Eligible,94.0,2,Not Selected
BID-002393,TND-00529,MPLADS-SYN-0529,CON-005,1588750.95,2026-05-17,Ineligible,,,Under Evaluation
BID-002394,TND-00529,MPLADS-SYN-0529,CON-001,1743948.43,2026-05-17,Eligible,77.35,4,Not Selected
BID-002395,TND-00529,MPLADS-SYN-0529,CON-002,1452688.42,2026-05-17,Eligible,70.62,1,Submitted
BID-002396,TND-00530,MPLADS-SYN-0530,CON-004,1038580.24,2026-05-21,Eligible,69.55,1,Under Evaluation
BID-002397,TND-00530,MPLADS-SYN-0530,CON-006,1202749.06,2026-05-21,Ineligible,,,Under Evaluation
BID-002398,TND-00531,MPLADS-SYN-0531,CON-005,2188792.1,2026-01-14,Eligible,96.16,2,Not Selected
BID-002399,TND-00531,MPLADS-SYN-0531,CON-002,2419488.91,2026-01-14,Eligible,91.55,3,Under Evaluation
BID-002400,TND-00531,MPLADS-SYN-0531,CON-003,2146151.81,2026-01-14,Eligible,96.5,1,Not Selected
BID-002401,TND-00531,MPLADS-SYN-0531,CON-006,2561834.43,2026-01-14,Eligible,75.39,4,Under Evaluation
BID-002402,TND-00532,MPLADS-SYN-0532,CON-002,1381119.08,2026-03-12,Eligible,88.94,1,Not Selected
BID-002403,TND-00532,MPLADS-SYN-0532,CON-005,1319174.67,2026-03-12,Ineligible,,,Submitted
BID-002404,TND-00533,MPLADS-SYN-0533,CON-007,593653.95,2026-08-17,Eligible,78.61,4,Not Selected
BID-002405,TND-00533,MPLADS-SYN-0533,CON-003,576898.77,2026-08-17,Ineligible,,,Not Selected
BID-002406,TND-00533,MPLADS-SYN-0533,CON-002,586589.28,2026-08-17,Eligible,89.37,3,Under Evaluation
BID-002407,TND-00533,MPLADS-SYN-0533,CON-005,580750.5,2026-08-17,Eligible,60.29,1,Submitted
BID-002408,TND-00533,MPLADS-SYN-0533,CON-006,583792.55,2026-08-17,Eligible,93.97,2,Not Selected
BID-002409,TND-00533,MPLADS-SYN-0533,CON-001,665331.75,2026-08-17,Eligible,94.73,6,Submitted
BID-002410,TND-00533,MPLADS-SYN-0533,CON-004,629842.66,2026-08-17,Eligible,67.57,5,Submitted
BID-002411,TND-00534,MPLADS-SYN-0534,CON-006,1658855.93,2026-01-28,Eligible,87.7,1,Submitted
BID-002412,TND-00534,MPLADS-SYN-0534,CON-003,1675919.0,2026-01-28,Eligible,78.08,2,Under Evaluation
BID-002413,TND-00534,MPLADS-SYN-0534,CON-002,1889414.56,2026-01-28,Eligible,90.35,6,Submitted
BID-002414,TND-00534,MPLADS-SYN-0534,CON-001,1712060.45,2026-01-28,Eligible,60.61,3,Submitted
BID-002415,TND-00534,MPLADS-SYN-0534,CON-004,1789243.01,2026-01-28,Eligible,92.84,4,Not Selected
BID-002416,TND-00534,MPLADS-SYN-0534,CON-007,1870060.23,2026-01-28,Eligible,61.34,5,Submitted
BID-002417,TND-00535,MPLADS-SYN-0535,CON-003,1597880.87,2026-02-15,Eligible,82.49,2,Not Selected
BID-002418,TND-00535,MPLADS-SYN-0535,CON-004,1423286.23,2026-02-15,Eligible,87.84,1,Not Selected
BID-002419,TND-00535,MPLADS-SYN-0535,CON-005,1297875.64,2026-02-15,Ineligible,,,Submitted
BID-002420,TND-00536,MPLADS-SYN-0536,CON-002,4394788.13,2026-03-09,Eligible,66.19,3,Under Evaluation
BID-002421,TND-00536,MPLADS-SYN-0536,CON-001,3651797.39,2026-03-09,Eligible,90.75,2,Not Selected
BID-002422,TND-00536,MPLADS-SYN-0536,CON-006,4346196.97,2026-03-09,Ineligible,,,Under Evaluation
BID-002423,TND-00536,MPLADS-SYN-0536,CON-004,3570766.16,2026-03-09,Eligible,79.24,1,Not Selected
BID-002424,TND-00537,MPLADS-SYN-0537,CON-006,625995.29,2026-05-14,Eligible,80.57,2,Not Selected
BID-002425,TND-00537,MPLADS-SYN-0537,CON-004,626372.31,2026-05-14,Eligible,96.65,3,Selected
BID-002426,TND-00537,MPLADS-SYN-0537,CON-003,702930.91,2026-05-14,Eligible,89.93,4,Not Selected
BID-002427,TND-00537,MPLADS-SYN-0537,CON-002,710464.04,2026-05-14,Eligible,66.76,5,Not Selected
BID-002428,TND-00537,MPLADS-SYN-0537,CON-005,591090.22,2026-05-14,Eligible,96.77,1,Not Selected
BID-002429,TND-00538,MPLADS-SYN-0538,CON-006,699805.27,2026-07-24,Eligible,95.44,2,Not Selected
BID-002430,TND-00538,MPLADS-SYN-0538,CON-003,638673.29,2026-07-24,Eligible,61.63,1,Not Selected
BID-002431,TND-00539,MPLADS-SYN-0539,CON-006,2398048.98,2026-05-05,Eligible,96.42,3,Submitted
BID-002432,TND-00539,MPLADS-SYN-0539,CON-003,2092193.28,2026-05-05,Eligible,93.0,2,Under Evaluation
BID-002433,TND-00539,MPLADS-SYN-0539,CON-002,2055526.23,2026-05-05,Eligible,72.92,1,Under Evaluation
BID-002434,TND-00540,MPLADS-SYN-0540,CON-001,662697.57,2026-01-05,Eligible,71.52,1,Under Evaluation
BID-002435,TND-00540,MPLADS-SYN-0540,CON-002,786457.59,2026-01-05,Ineligible,,,Under Evaluation
BID-002436,TND-00540,MPLADS-SYN-0540,CON-005,737490.2,2026-01-05,Ineligible,,,Submitted
BID-002437,TND-00540,MPLADS-SYN-0540,CON-004,721423.13,2026-01-05,Eligible,77.06,2,Under Evaluation
BID-002438,TND-00541,MPLADS-SYN-0541,CON-005,804649.64,2026-04-15,Ineligible,,,Ineligible
BID-002439,TND-00541,MPLADS-SYN-0541,CON-004,656695.37,2026-04-15,Eligible,64.93,1,Not Selected
BID-002440,TND-00542,MPLADS-SYN-0542,CON-006,2079493.97,2026-06-30,Eligible,79.74,5,Not Selected
BID-002441,TND-00542,MPLADS-SYN-0542,CON-007,1917222.42,2026-06-30,Ineligible,,,Ineligible
BID-002442,TND-00542,MPLADS-SYN-0542,CON-005,1788975.78,2026-06-30,Ineligible,,,Ineligible
BID-002443,TND-00542,MPLADS-SYN-0542,CON-003,1881866.07,2026-06-30,Eligible,89.14,2,Not Selected
BID-002444,TND-00542,MPLADS-SYN-0542,CON-001,1911522.74,2026-06-30,Eligible,85.28,3,Not Selected
BID-002445,TND-00542,MPLADS-SYN-0542,CON-002,1797412.93,2026-06-30,Eligible,94.19,1,Selected
BID-002446,TND-00542,MPLADS-SYN-0542,CON-004,1949739.99,2026-06-30,Eligible,69.89,4,Not Selected
BID-002447,TND-00543,MPLADS-SYN-0543,CON-007,733650.83,2026-05-09,Eligible,95.8,1,Not Selected
BID-002448,TND-00543,MPLADS-SYN-0543,CON-004,773027.6,2026-05-09,Eligible,91.03,2,Not Selected
BID-002449,TND-00543,MPLADS-SYN-0543,CON-002,882887.43,2026-05-09,Ineligible,,,Under Evaluation
BID-002450,TND-00544,MPLADS-SYN-0544,CON-007,1393742.12,2026-05-19,Eligible,76.7,2,Not Selected
BID-002451,TND-00544,MPLADS-SYN-0544,CON-004,1293941.69,2026-05-19,Ineligible,,,Submitted
BID-002452,TND-00544,MPLADS-SYN-0544,CON-006,1272770.81,2026-05-19,Eligible,76.83,1,Submitted
BID-002453,TND-00545,MPLADS-SYN-0545,CON-006,1119966.97,2026-05-10,Eligible,96.35,1,Not Selected
BID-002454,TND-00545,MPLADS-SYN-0545,CON-002,1222119.62,2026-05-10,Eligible,66.91,2,Not Selected
BID-002455,TND-00546,MPLADS-SYN-0546,CON-002,1167265.52,2026-03-02,Eligible,92.45,3,Not Selected
BID-002456,TND-00546,MPLADS-SYN-0546,CON-007,1059985.68,2026-03-02,Eligible,81.02,1,Submitted
BID-002457,TND-00546,MPLADS-SYN-0546,CON-003,1080881.25,2026-03-02,Eligible,84.83,2,Under Evaluation
BID-002458,TND-00546,MPLADS-SYN-0546,CON-001,1251253.43,2026-03-02,Eligible,92.52,5,Not Selected
BID-002459,TND-00546,MPLADS-SYN-0546,CON-006,1201749.88,2026-03-02,Eligible,95.71,4,Not Selected
BID-002460,TND-00547,MPLADS-SYN-0547,CON-002,386302.74,2026-08-04,Ineligible,,,Submitted
BID-002461,TND-00547,MPLADS-SYN-0547,CON-001,356156.17,2026-08-04,Ineligible,,,Under Evaluation
BID-002462,TND-00547,MPLADS-SYN-0547,CON-006,364713.53,2026-08-04,Eligible,72.64,1,Not Selected
BID-002463,TND-00548,MPLADS-SYN-0548,CON-007,1340634.68,2026-08-15,Eligible,82.94,3,Under Evaluation
BID-002464,TND-00548,MPLADS-SYN-0548,CON-005,1380581.76,2026-08-15,Ineligible,,,Submitted
BID-002465,TND-00548,MPLADS-SYN-0548,CON-004,1165708.29,2026-08-15,Eligible,62.66,2,Under Evaluation
BID-002466,TND-00548,MPLADS-SYN-0548,CON-006,1123017.19,2026-08-15,Eligible,94.24,1,Not Selected
BID-002467,TND-00549,MPLADS-SYN-0549,CON-004,1099017.52,2026-06-11,Eligible,65.25,2,Not Selected
BID-002468,TND-00549,MPLADS-SYN-0549,CON-001,1229224.16,2026-06-11,Eligible,64.97,3,Not Selected
BID-002469,TND-00549,MPLADS-SYN-0549,CON-002,968432.14,2026-06-11,Eligible,65.12,1,Not Selected
BID-002470,TND-00550,MPLADS-SYN-0550,CON-003,1802960.98,2026-03-12,Ineligible,,,Ineligible
BID-002471,TND-00550,MPLADS-SYN-0550,CON-006,1763380.8,2026-03-12,Ineligible,,,Ineligible
BID-002472,TND-00550,MPLADS-SYN-0550,CON-001,1687190.81,2026-03-12,Eligible,86.35,1,Not Selected
BID-002473,TND-00550,MPLADS-SYN-0550,CON-002,1854920.02,2026-03-12,Eligible,85.36,4,Not Selected
BID-002474,TND-00550,MPLADS-SYN-0550,CON-007,1690813.92,2026-03-12,Eligible,84.22,2,Not Selected
BID-002475,TND-00550,MPLADS-SYN-0550,CON-005,1707455.6,2026-03-12,Eligible,90.35,3,Selected
BID-002476,TND-00550,MPLADS-SYN-0550,CON-004,1945146.34,2026-03-12,Eligible,67.68,5,Not Selected
BID-002477,TND-00551,MPLADS-SYN-0551,CON-002,936102.08,2026-02-04,Eligible,96.26,2,Submitted
BID-002478,TND-00551,MPLADS-SYN-0551,CON-003,1035961.6,2026-02-04,Eligible,89.6,6,Submitted
BID-002479,TND-00551,MPLADS-SYN-0551,CON-007,980406.08,2026-02-04,Eligible,95.79,4,Not Selected
BID-002480,TND-00551,MPLADS-SYN-0551,CON-005,1006199.98,2026-02-04,Eligible,71.51,5,Submitted
BID-002481,TND-00551,MPLADS-SYN-0551,CON-006,940407.42,2026-02-04,Eligible,83.26,3,Submitted
BID-002482,TND-00551,MPLADS-SYN-0551,CON-001,872110.66,2026-02-04,Eligible,75.79,1,Not Selected
BID-002483,TND-00552,MPLADS-SYN-0552,CON-004,459250.77,2026-03-26,Eligible,96.76,2,Not Selected
BID-002484,TND-00552,MPLADS-SYN-0552,CON-002,407696.17,2026-03-26,Eligible,65.74,1,Not Selected
BID-002485,TND-00553,MPLADS-SYN-0553,CON-002,456770.57,2026-07-14,Eligible,64.38,4,Selected
BID-002486,TND-00553,MPLADS-SYN-0553,CON-001,469279.9,2026-07-14,Eligible,64.41,5,Not Selected
BID-002487,TND-00553,MPLADS-SYN-0553,CON-005,425540.48,2026-07-14,Eligible,64.92,3,Not Selected
BID-002488,TND-00553,MPLADS-SYN-0553,CON-004,402829.54,2026-07-14,Eligible,83.47,2,Not Selected
BID-002489,TND-00553,MPLADS-SYN-0553,CON-007,386090.7,2026-07-14,Eligible,87.47,1,Not Selected
BID-002490,TND-00554,MPLADS-SYN-0554,CON-005,834095.61,2026-02-15,Ineligible,,,Ineligible
BID-002491,TND-00554,MPLADS-SYN-0554,CON-007,793859.56,2026-02-15,Eligible,80.37,3,Not Selected
BID-002492,TND-00554,MPLADS-SYN-0554,CON-006,852670.82,2026-02-15,Ineligible,,,Ineligible
BID-002493,TND-00554,MPLADS-SYN-0554,CON-002,850631.57,2026-02-15,Eligible,89.51,4,Selected
BID-002494,TND-00554,MPLADS-SYN-0554,CON-001,735762.21,2026-02-15,Eligible,66.69,2,Not Selected
BID-002495,TND-00554,MPLADS-SYN-0554,CON-003,732921.1,2026-02-15,Eligible,90.01,1,Not Selected
BID-002496,TND-00555,MPLADS-SYN-0555,CON-005,1003019.07,2026-05-19,Eligible,92.18,5,Not Selected
BID-002497,TND-00555,MPLADS-SYN-0555,CON-001,1043709.68,2026-05-19,Eligible,74.46,6,Not Selected
BID-002498,TND-00555,MPLADS-SYN-0555,CON-003,995356.71,2026-05-19,Eligible,87.2,4,Submitted
BID-002499,TND-00555,MPLADS-SYN-0555,CON-002,942606.65,2026-05-19,Eligible,89.61,2,Submitted
BID-002500,TND-00555,MPLADS-SYN-0555,CON-004,946071.48,2026-05-19,Eligible,68.7,3,Submitted
BID-002501,TND-00555,MPLADS-SYN-0555,CON-007,915261.9,2026-05-19,Eligible,67.25,1,Under Evaluation
BID-002502,TND-00556,MPLADS-SYN-0556,CON-007,767552.68,2026-01-14,Eligible,69.86,2,Not Selected
BID-002503,TND-00556,MPLADS-SYN-0556,CON-004,738426.66,2026-01-14,Eligible,60.97,1,Not Selected
BID-002504,TND-00556,MPLADS-SYN-0556,CON-003,932896.25,2026-01-14,Eligible,76.05,5,Not Selected
BID-002505,TND-00556,MPLADS-SYN-0556,CON-006,799387.3,2026-01-14,Eligible,78.21,3,Not Selected
BID-002506,TND-00556,MPLADS-SYN-0556,CON-002,840974.79,2026-01-14,Eligible,62.29,4,Not Selected
BID-002507,TND-00557,MPLADS-SYN-0557,CON-005,1494667.95,2025-11-30,Ineligible,,,Ineligible
BID-002508,TND-00557,MPLADS-SYN-0557,CON-001,1310473.12,2025-11-30,Eligible,75.67,2,Selected
BID-002509,TND-00557,MPLADS-SYN-0557,CON-006,1209020.76,2025-11-30,Eligible,80.18,1,Not Selected
BID-002510,TND-00558,MPLADS-SYN-0558,CON-007,1087934.79,2026-01-03,Eligible,91.46,1,Not Selected
BID-002511,TND-00558,MPLADS-SYN-0558,CON-001,1194701.24,2026-01-03,Eligible,68.43,2,Not Selected
BID-002512,TND-00559,MPLADS-SYN-0559,CON-005,1579104.18,2026-07-17,Ineligible,,,Ineligible
BID-002513,TND-00559,MPLADS-SYN-0559,CON-002,1760147.44,2026-07-17,Eligible,83.67,4,Not Selected
BID-002514,TND-00559,MPLADS-SYN-0559,CON-001,1546064.08,2026-07-17,Eligible,74.13,2,Not Selected
BID-002515,TND-00559,MPLADS-SYN-0559,CON-007,1568319.74,2026-07-17,Eligible,95.94,3,Not Selected
BID-002516,TND-00559,MPLADS-SYN-0559,CON-004,1497025.3,2026-07-17,Eligible,65.2,1,Selected
BID-002517,TND-00559,MPLADS-SYN-0559,CON-006,1726136.0,2026-07-17,Ineligible,,,Ineligible
BID-002518,TND-00560,MPLADS-SYN-0560,CON-004,1370129.2,2026-01-14,Eligible,61.47,3,Not Selected
BID-002519,TND-00560,MPLADS-SYN-0560,CON-001,1122226.37,2026-01-14,Ineligible,,,Ineligible
BID-002520,TND-00560,MPLADS-SYN-0560,CON-006,1294883.7,2026-01-14,Eligible,77.07,2,Not Selected
BID-002521,TND-00560,MPLADS-SYN-0560,CON-007,1203945.67,2026-01-14,Eligible,78.58,1,Not Selected
BID-002522,TND-00561,MPLADS-SYN-0561,CON-003,566712.65,2026-05-12,Ineligible,,,Under Evaluation
BID-002523,TND-00561,MPLADS-SYN-0561,CON-001,507741.63,2026-05-12,Eligible,87.08,1,Under Evaluation
BID-002524,TND-00561,MPLADS-SYN-0561,CON-006,541160.2,2026-05-12,Eligible,73.72,2,Under Evaluation
BID-002525,TND-00561,MPLADS-SYN-0561,CON-005,569950.65,2026-05-12,Eligible,71.41,4,Under Evaluation
BID-002526,TND-00561,MPLADS-SYN-0561,CON-007,609148.86,2026-05-12,Eligible,86.75,5,Submitted
BID-002527,TND-00561,MPLADS-SYN-0561,CON-004,496594.57,2026-05-12,Ineligible,,,Submitted
BID-002528,TND-00561,MPLADS-SYN-0561,CON-002,543595.37,2026-05-12,Eligible,76.18,3,Under Evaluation
BID-002529,TND-00562,MPLADS-SYN-0562,CON-004,1719547.66,2025-12-19,Eligible,83.06,2,Not Selected
BID-002530,TND-00562,MPLADS-SYN-0562,CON-002,1431525.25,2025-12-19,Ineligible,,,Ineligible
BID-002531,TND-00562,MPLADS-SYN-0562,CON-001,1739592.62,2025-12-19,Ineligible,,,Ineligible
BID-002532,TND-00562,MPLADS-SYN-0562,CON-006,1726578.69,2025-12-19,Ineligible,,,Ineligible
BID-002533,TND-00562,MPLADS-SYN-0562,CON-007,1699835.21,2025-12-19,Eligible,73.42,1,Not Selected
BID-002534,TND-00563,MPLADS-SYN-0563,CON-001,291903.32,2026-07-11,Ineligible,,,Ineligible
BID-002535,TND-00563,MPLADS-SYN-0563,CON-002,282065.9,2026-07-11,Eligible,97.23,1,Not Selected
BID-002536,TND-00564,MPLADS-SYN-0564,CON-003,1027042.43,2026-07-14,Eligible,64.72,5,Selected
BID-002537,TND-00564,MPLADS-SYN-0564,CON-005,940471.53,2026-07-14,Eligible,88.46,1,Not Selected
BID-002538,TND-00564,MPLADS-SYN-0564,CON-006,943143.75,2026-07-14,Eligible,80.67,2,Not Selected
BID-002539,TND-00564,MPLADS-SYN-0564,CON-007,1117930.23,2026-07-14,Eligible,91.18,6,Not Selected
BID-002540,TND-00564,MPLADS-SYN-0564,CON-001,1020452.1,2026-07-14,Eligible,81.82,4,Not Selected
BID-002541,TND-00564,MPLADS-SYN-0564,CON-004,956624.6,2026-07-14,Eligible,72.03,3,Not Selected
BID-002542,TND-00565,MPLADS-SYN-0565,CON-002,1556897.82,2026-03-17,Eligible,84.57,1,Not Selected
BID-002543,TND-00565,MPLADS-SYN-0565,CON-005,1479235.33,2026-03-17,Ineligible,,,Ineligible
BID-002544,TND-00565,MPLADS-SYN-0565,CON-001,1601826.58,2026-03-17,Ineligible,,,Ineligible
BID-002545,TND-00566,MPLADS-SYN-0566,CON-006,1483703.26,2026-01-04,Eligible,75.61,6,Submitted
BID-002546,TND-00566,MPLADS-SYN-0566,CON-004,1418251.51,2026-01-04,Eligible,68.22,3,Submitted
BID-002547,TND-00566,MPLADS-SYN-0566,CON-002,1382495.64,2026-01-04,Eligible,78.24,2,Under Evaluation
BID-002548,TND-00566,MPLADS-SYN-0566,CON-001,1374815.3,2026-01-04,Eligible,88.96,1,Submitted
BID-002549,TND-00566,MPLADS-SYN-0566,CON-007,1438835.14,2026-01-04,Eligible,86.18,4,Not Selected
BID-002550,TND-00566,MPLADS-SYN-0566,CON-005,1468270.54,2026-01-04,Eligible,81.6,5,Not Selected
BID-002551,TND-00567,MPLADS-SYN-0567,CON-001,3796829.6,2026-04-29,Eligible,87.04,1,Not Selected
BID-002552,TND-00567,MPLADS-SYN-0567,CON-005,3890741.43,2026-04-29,Eligible,93.57,2,Not Selected
BID-002553,TND-00568,MPLADS-SYN-0568,CON-006,1591594.08,2026-06-27,Eligible,63.38,3,Not Selected
BID-002554,TND-00568,MPLADS-SYN-0568,CON-007,1295595.93,2026-06-27,Eligible,85.11,1,Not Selected
BID-002555,TND-00568,MPLADS-SYN-0568,CON-001,1522223.94,2026-06-27,Eligible,63.61,2,Not Selected
BID-002556,TND-00568,MPLADS-SYN-0568,CON-002,1624083.31,2026-06-27,Eligible,68.94,5,Not Selected
BID-002557,TND-00568,MPLADS-SYN-0568,CON-004,1531629.81,2026-06-27,Ineligible,,,Ineligible
BID-002558,TND-00568,MPLADS-SYN-0568,CON-005,1612812.17,2026-06-27,Eligible,63.17,4,Selected
BID-002559,TND-00569,MPLADS-SYN-0569,CON-004,1407577.76,2026-03-11,Eligible,90.98,3,Not Selected
BID-002560,TND-00569,MPLADS-SYN-0569,CON-001,1371076.69,2026-03-11,Ineligible,,,Ineligible
BID-002561,TND-00569,MPLADS-SYN-0569,CON-006,1384867.76,2026-03-11,Eligible,80.33,2,Not Selected
BID-002562,TND-00569,MPLADS-SYN-0569,CON-005,1148331.01,2026-03-11,Eligible,77.15,1,Not Selected
BID-002563,TND-00570,MPLADS-SYN-0570,CON-007,2007794.4,2026-02-01,Eligible,69.86,1,Selected
BID-002564,TND-00570,MPLADS-SYN-0570,CON-003,1999156.95,2026-02-01,Ineligible,,,Ineligible
BID-002565,TND-00570,MPLADS-SYN-0570,CON-004,2157714.92,2026-02-01,Eligible,91.49,4,Not Selected
BID-002566,TND-00570,MPLADS-SYN-0570,CON-005,2076301.38,2026-02-01,Eligible,74.45,3,Not Selected
BID-002567,TND-00570,MPLADS-SYN-0570,CON-001,2021374.26,2026-02-01,Ineligible,,,Ineligible
BID-002568,TND-00570,MPLADS-SYN-0570,CON-002,2025072.15,2026-02-01,Eligible,95.5,2,Not Selected
BID-002569,TND-00571,MPLADS-SYN-0571,CON-004,1696966.78,2026-06-08,Ineligible,,,Not Selected
BID-002570,TND-00571,MPLADS-SYN-0571,CON-006,1805836.39,2026-06-08,Eligible,82.38,3,Submitted
BID-002571,TND-00571,MPLADS-SYN-0571,CON-002,1624128.43,2026-06-08,Eligible,94.38,1,Under Evaluation
BID-002572,TND-00571,MPLADS-SYN-0571,CON-005,1561075.55,2026-06-08,Ineligible,,,Submitted
BID-002573,TND-00571,MPLADS-SYN-0571,CON-007,1680187.99,2026-06-08,Eligible,94.18,2,Under Evaluation
BID-002574,TND-00572,MPLADS-SYN-0572,CON-005,1047601.01,2026-08-09,Eligible,72.67,3,Not Selected
BID-002575,TND-00572,MPLADS-SYN-0572,CON-002,1001007.51,2026-08-09,Eligible,89.6,2,Not Selected
BID-002576,TND-00572,MPLADS-SYN-0572,CON-007,1022963.47,2026-08-09,Ineligible,,,Ineligible
BID-002577,TND-00572,MPLADS-SYN-0572,CON-006,949157.19,2026-08-09,Eligible,93.62,1,Not Selected
BID-002578,TND-00573,MPLADS-SYN-0573,CON-007,2283978.57,2026-03-02,Eligible,60.01,3,Not Selected
BID-002579,TND-00573,MPLADS-SYN-0573,CON-005,2620596.76,2026-03-02,Eligible,70.1,6,Not Selected
BID-002580,TND-00573,MPLADS-SYN-0573,CON-002,2280078.33,2026-03-02,Eligible,83.34,2,Selected
BID-002581,TND-00573,MPLADS-SYN-0573,CON-003,2568200.57,2026-03-02,Eligible,97.43,5,Not Selected
BID-002582,TND-00573,MPLADS-SYN-0573,CON-004,2277113.11,2026-03-02,Eligible,97.64,1,Not Selected
BID-002583,TND-00573,MPLADS-SYN-0573,CON-001,2491737.17,2026-03-02,Ineligible,,,Ineligible
BID-002584,TND-00573,MPLADS-SYN-0573,CON-006,2401165.48,2026-03-02,Eligible,76.15,4,Not Selected
BID-002585,TND-00574,MPLADS-SYN-0574,CON-005,4028785.68,2026-08-06,Eligible,73.59,3,Not Selected
BID-002586,TND-00574,MPLADS-SYN-0574,CON-001,3958105.23,2026-08-06,Eligible,97.95,2,Not Selected
BID-002587,TND-00574,MPLADS-SYN-0574,CON-003,4070158.99,2026-08-06,Ineligible,,,Ineligible
BID-002588,TND-00574,MPLADS-SYN-0574,CON-002,3341332.34,2026-08-06,Eligible,78.05,1,Not Selected
BID-002589,TND-00575,MPLADS-SYN-0575,CON-003,1632860.69,2026-01-16,Ineligible,,,Ineligible
BID-002590,TND-00575,MPLADS-SYN-0575,CON-001,1558298.17,2026-01-16,Eligible,94.58,1,Not Selected
BID-002591,TND-00575,MPLADS-SYN-0575,CON-002,1569932.01,2026-01-16,Eligible,88.52,2,Selected
BID-002592,TND-00575,MPLADS-SYN-0575,CON-005,1626409.64,2026-01-16,Eligible,64.73,3,Not Selected
BID-002593,TND-00576,MPLADS-SYN-0576,CON-001,398265.65,2026-02-11,Ineligible,,,Ineligible
BID-002594,TND-00576,MPLADS-SYN-0576,CON-003,494106.21,2026-02-11,Eligible,89.35,4,Not Selected
BID-002595,TND-00576,MPLADS-SYN-0576,CON-002,405579.39,2026-02-11,Eligible,82.59,1,Not Selected
BID-002596,TND-00576,MPLADS-SYN-0576,CON-005,456921.98,2026-02-11,Eligible,80.77,3,Not Selected
BID-002597,TND-00576,MPLADS-SYN-0576,CON-004,500989.0,2026-02-11,Eligible,92.92,5,Not Selected
BID-002598,TND-00576,MPLADS-SYN-0576,CON-007,444098.38,2026-02-11,Eligible,63.68,2,Not Selected
BID-002599,TND-00577,MPLADS-SYN-0577,CON-001,3300048.57,2026-06-03,Eligible,89.92,1,Not Selected
BID-002600,TND-00577,MPLADS-SYN-0577,CON-002,3571976.43,2026-06-03,Eligible,94.93,2,Not Selected
BID-002601,TND-00578,MPLADS-SYN-0578,CON-005,809422.33,2025-12-11,Ineligible,,,Ineligible
BID-002602,TND-00578,MPLADS-SYN-0578,CON-007,757848.67,2025-12-11,Ineligible,,,Ineligible
BID-002603,TND-00578,MPLADS-SYN-0578,CON-004,686648.92,2025-12-11,Ineligible,,,Ineligible
BID-002604,TND-00578,MPLADS-SYN-0578,CON-002,733935.96,2025-12-11,Eligible,72.44,1,Selected
BID-002605,TND-00578,MPLADS-SYN-0578,CON-006,737845.16,2025-12-11,Eligible,90.54,2,Not Selected
BID-002606,TND-00579,MPLADS-SYN-0579,CON-001,1131631.14,2026-07-20,Eligible,86.49,5,Not Selected
BID-002607,TND-00579,MPLADS-SYN-0579,CON-005,973733.65,2026-07-20,Eligible,73.35,3,Not Selected
BID-002608,TND-00579,MPLADS-SYN-0579,CON-002,893623.79,2026-07-20,Eligible,76.05,1,Not Selected
BID-002609,TND-00579,MPLADS-SYN-0579,CON-006,1063010.89,2026-07-20,Eligible,91.64,4,Selected
BID-002610,TND-00579,MPLADS-SYN-0579,CON-007,1013988.0,2026-07-20,Ineligible,,,Ineligible
BID-002611,TND-00579,MPLADS-SYN-0579,CON-004,928838.95,2026-07-20,Eligible,69.45,2,Not Selected
BID-002612,TND-00580,MPLADS-SYN-0580,CON-007,1347066.35,2026-04-25,Eligible,90.67,2,Not Selected
BID-002613,TND-00580,MPLADS-SYN-0580,CON-005,1229822.2,2026-04-25,Eligible,66.8,1,Not Selected
BID-002614,TND-00580,MPLADS-SYN-0580,CON-001,1228028.02,2026-04-25,Ineligible,,,Ineligible
BID-002615,TND-00580,MPLADS-SYN-0580,CON-003,1462547.8,2026-04-25,Eligible,89.85,3,Not Selected
BID-002616,TND-00580,MPLADS-SYN-0580,CON-004,1376736.22,2026-04-25,Ineligible,,,Ineligible
BID-002617,TND-00580,MPLADS-SYN-0580,CON-006,1273920.55,2026-04-25,Ineligible,,,Ineligible
BID-002618,TND-00581,MPLADS-SYN-0581,CON-001,1419075.68,2026-07-10,Eligible,91.17,1,Not Selected
BID-002619,TND-00581,MPLADS-SYN-0581,CON-006,1678414.75,2026-07-10,Eligible,76.1,2,Not Selected
BID-002620,TND-00582,MPLADS-SYN-0582,CON-003,1982155.87,2026-01-23,Eligible,77.12,1,Not Selected
BID-002621,TND-00582,MPLADS-SYN-0582,CON-006,2307085.41,2026-01-23,Eligible,67.31,2,Submitted
BID-002622,TND-00583,MPLADS-SYN-0583,CON-004,2649930.85,2026-07-03,Eligible,90.36,1,Under Evaluation
BID-002623,TND-00583,MPLADS-SYN-0583,CON-005,3110706.81,2026-07-03,Eligible,67.0,3,Not Selected
BID-002624,TND-00583,MPLADS-SYN-0583,CON-003,2778128.96,2026-07-03,Eligible,64.12,2,Submitted
BID-002625,TND-00584,MPLADS-SYN-0584,CON-005,2367858.63,2026-04-26,Eligible,60.35,1,Not Selected
BID-002626,TND-00584,MPLADS-SYN-0584,CON-003,2826574.81,2026-04-26,Ineligible,,,Ineligible
BID-002627,TND-00585,MPLADS-SYN-0585,CON-002,859450.55,2025-11-26,Ineligible,,,Ineligible
BID-002628,TND-00585,MPLADS-SYN-0585,CON-003,918763.68,2025-11-26,Ineligible,,,Ineligible
BID-002629,TND-00586,MPLADS-SYN-0586,CON-005,1634531.52,2026-01-27,Eligible,62.56,2,Not Selected
BID-002630,TND-00586,MPLADS-SYN-0586,CON-004,1473932.03,2026-01-27,Eligible,70.68,1,Submitted
BID-002631,TND-00587,MPLADS-SYN-0587,CON-007,535102.45,2026-04-04,Ineligible,,,Ineligible
BID-002632,TND-00587,MPLADS-SYN-0587,CON-001,560155.12,2026-04-04,Eligible,88.9,2,Not Selected
BID-002633,TND-00587,MPLADS-SYN-0587,CON-006,558377.18,2026-04-04,Eligible,64.12,1,Not Selected
BID-002634,TND-00587,MPLADS-SYN-0587,CON-003,508573.27,2026-04-04,Ineligible,,,Ineligible
BID-002635,TND-00587,MPLADS-SYN-0587,CON-005,494853.05,2026-04-04,Ineligible,,,Ineligible
BID-002636,TND-00588,MPLADS-SYN-0588,CON-007,1428205.76,2026-05-27,Eligible,92.4,4,Not Selected
BID-002637,TND-00588,MPLADS-SYN-0588,CON-001,1514472.77,2026-05-27,Ineligible,,,Ineligible
BID-002638,TND-00588,MPLADS-SYN-0588,CON-002,1303552.38,2026-05-27,Eligible,94.94,2,Not Selected
BID-002639,TND-00588,MPLADS-SYN-0588,CON-005,1295051.71,2026-05-27,Eligible,68.69,1,Not Selected
BID-002640,TND-00588,MPLADS-SYN-0588,CON-004,1559895.81,2026-05-27,Ineligible,,,Ineligible
BID-002641,TND-00588,MPLADS-SYN-0588,CON-003,1403306.37,2026-05-27,Eligible,73.14,3,Selected
BID-002642,TND-00588,MPLADS-SYN-0588,CON-006,1495778.33,2026-05-27,Ineligible,,,Ineligible
BID-002643,TND-00589,MPLADS-SYN-0589,CON-007,471061.97,2026-07-03,Eligible,96.02,2,Not Selected
BID-002644,TND-00589,MPLADS-SYN-0589,CON-004,446853.55,2026-07-03,Eligible,64.69,1,Not Selected
BID-002645,TND-00589,MPLADS-SYN-0589,CON-003,494686.51,2026-07-03,Eligible,79.13,3,Not Selected
BID-002646,TND-00589,MPLADS-SYN-0589,CON-006,534831.24,2026-07-03,Eligible,90.28,4,Not Selected
BID-002647,TND-00589,MPLADS-SYN-0589,CON-002,547493.53,2026-07-03,Eligible,61.79,5,Not Selected
BID-002648,TND-00590,MPLADS-SYN-0590,CON-005,1102387.17,2026-04-20,Eligible,70.84,1,Not Selected
BID-002649,TND-00590,MPLADS-SYN-0590,CON-004,1150499.16,2026-04-20,Eligible,93.06,2,Not Selected
BID-002650,TND-00591,MPLADS-SYN-0591,CON-006,2079185.84,2026-02-14,Ineligible,,,Ineligible
BID-002651,TND-00591,MPLADS-SYN-0591,CON-001,2155997.59,2026-02-14,Ineligible,,,Ineligible
BID-002652,TND-00591,MPLADS-SYN-0591,CON-002,2388070.68,2026-02-14,Eligible,77.13,1,Not Selected
BID-002653,TND-00592,MPLADS-SYN-0592,CON-007,1550700.37,2026-05-25,Eligible,84.38,1,Not Selected
BID-002654,TND-00592,MPLADS-SYN-0592,CON-003,1781172.44,2026-05-25,Ineligible,,,Submitted
BID-002655,TND-00593,MPLADS-SYN-0593,CON-001,856731.83,2026-04-16,Eligible,94.11,2,Not Selected
BID-002656,TND-00593,MPLADS-SYN-0593,CON-007,900871.25,2026-04-16,Eligible,84.89,3,Not Selected
BID-002657,TND-00593,MPLADS-SYN-0593,CON-004,830586.77,2026-04-16,Eligible,83.06,1,Not Selected
BID-002658,TND-00593,MPLADS-SYN-0593,CON-003,908885.97,2026-04-16,Eligible,91.41,4,Not Selected
BID-002659,TND-00594,MPLADS-SYN-0594,CON-002,1162575.43,2026-05-01,Eligible,87.33,3,Under Evaluation
BID-002660,TND-00594,MPLADS-SYN-0594,CON-006,1131881.98,2026-05-01,Eligible,83.72,2,Under Evaluation
BID-002661,TND-00594,MPLADS-SYN-0594,CON-004,1052536.8,2026-05-01,Eligible,60.45,1,Under Evaluation
BID-002662,TND-00595,MPLADS-SYN-0595,CON-007,1337425.5,2026-02-25,Ineligible,,,Under Evaluation
BID-002663,TND-00595,MPLADS-SYN-0595,CON-006,1259105.46,2026-02-25,Eligible,94.39,2,Not Selected
BID-002664,TND-00595,MPLADS-SYN-0595,CON-005,1378832.05,2026-02-25,Eligible,70.6,3,Submitted
BID-002665,TND-00595,MPLADS-SYN-0595,CON-001,1187677.82,2026-02-25,Eligible,69.95,1,Under Evaluation
BID-002666,TND-00596,MPLADS-SYN-0596,CON-001,1879429.05,2026-06-17,Eligible,77.11,1,Not Selected
BID-002667,TND-00596,MPLADS-SYN-0596,CON-004,2029374.94,2026-06-17,Eligible,60.59,4,Not Selected
BID-002668,TND-00596,MPLADS-SYN-0596,CON-006,1981826.6,2026-06-17,Eligible,69.16,3,Selected
BID-002669,TND-00596,MPLADS-SYN-0596,CON-007,1937941.86,2026-06-17,Eligible,80.39,2,Not Selected
BID-002670,TND-00596,MPLADS-SYN-0596,CON-005,2114767.32,2026-06-17,Eligible,93.22,5,Not Selected
BID-002671,TND-00597,MPLADS-SYN-0597,CON-006,1208701.21,2026-04-22,Eligible,71.63,1,Not Selected
BID-002672,TND-00597,MPLADS-SYN-0597,CON-004,1490996.5,2026-04-22,Ineligible,,,Ineligible
BID-002673,TND-00597,MPLADS-SYN-0597,CON-003,1352783.56,2026-04-22,Eligible,91.83,2,Not Selected
BID-002674,TND-00597,MPLADS-SYN-0597,CON-005,1191582.4,2026-04-22,Ineligible,,,Ineligible
BID-002675,TND-00597,MPLADS-SYN-0597,CON-007,1387548.07,2026-04-22,Eligible,74.32,3,Not Selected
BID-002676,TND-00598,MPLADS-SYN-0598,CON-001,1132878.52,2026-02-04,Ineligible,,,Ineligible
BID-002677,TND-00598,MPLADS-SYN-0598,CON-006,1181760.87,2026-02-04,Eligible,70.18,1,Selected
BID-002678,TND-00598,MPLADS-SYN-0598,CON-005,1237560.59,2026-02-04,Eligible,82.51,2,Not Selected
BID-002679,TND-00599,MPLADS-SYN-0599,CON-002,791608.54,2026-08-18,Ineligible,,,Ineligible
BID-002680,TND-00599,MPLADS-SYN-0599,CON-004,668866.29,2026-08-18,Eligible,95.86,1,Selected
BID-002681,TND-00599,MPLADS-SYN-0599,CON-001,773483.34,2026-08-18,Eligible,79.65,4,Not Selected
BID-002682,TND-00599,MPLADS-SYN-0599,CON-007,763363.37,2026-08-18,Eligible,87.04,2,Not Selected
BID-002683,TND-00599,MPLADS-SYN-0599,CON-006,771623.94,2026-08-18,Eligible,66.38,3,Not Selected
BID-002684,TND-00600,MPLADS-SYN-0600,CON-001,1903808.33,2026-05-05,Eligible,66.68,2,Not Selected
BID-002685,TND-00600,MPLADS-SYN-0600,CON-006,1896677.77,2026-05-05,Eligible,86.28,1,Not Selected
BID-002686,TND-00601,MPLADS-SYN-0601,CON-003,1358934.61,2026-03-17,Ineligible,,,Ineligible
BID-002687,TND-00601,MPLADS-SYN-0601,CON-004,1399054.42,2026-03-17,Eligible,60.43,3,Selected
BID-002688,TND-00601,MPLADS-SYN-0601,CON-001,1184427.88,2026-03-17,Eligible,67.2,1,Not Selected
BID-002689,TND-00601,MPLADS-SYN-0601,CON-007,1286463.4,2026-03-17,Eligible,70.97,2,Not Selected
BID-002690,TND-00601,MPLADS-SYN-0601,CON-006,1467871.52,2026-03-17,Eligible,94.11,4,Not Selected
BID-002691,TND-00602,MPLADS-SYN-0602,CON-003,363703.8,2026-02-20,Eligible,82.41,1,Not Selected
BID-002692,TND-00602,MPLADS-SYN-0602,CON-002,373960.54,2026-02-20,Ineligible,,,Ineligible
BID-002693,TND-00603,MPLADS-SYN-0603,CON-002,760412.65,2026-03-30,Eligible,90.02,3,Not Selected
BID-002694,TND-00603,MPLADS-SYN-0603,CON-006,704148.19,2026-03-30,Eligible,89.38,2,Not Selected
BID-002695,TND-00603,MPLADS-SYN-0603,CON-004,700464.85,2026-03-30,Ineligible,,,Submitted
BID-002696,TND-00603,MPLADS-SYN-0603,CON-001,697719.2,2026-03-30,Eligible,96.19,1,Under Evaluation
BID-002697,TND-00603,MPLADS-SYN-0603,CON-003,817606.89,2026-03-30,Ineligible,,,Submitted
BID-002698,TND-00604,MPLADS-SYN-0604,CON-003,2577592.19,2026-01-20,Ineligible,,,Under Evaluation
BID-002699,TND-00604,MPLADS-SYN-0604,CON-007,2467182.29,2026-01-20,Eligible,94.39,1,Submitted
BID-002700,TND-00604,MPLADS-SYN-0604,CON-001,2550784.01,2026-01-20,Eligible,92.97,2,Under Evaluation
BID-002701,TND-00605,MPLADS-SYN-0605,CON-005,1425704.01,2026-03-19,Eligible,90.69,3,Not Selected
BID-002702,TND-00605,MPLADS-SYN-0605,CON-007,1281037.5,2026-03-19,Eligible,75.16,1,Not Selected
BID-002703,TND-00605,MPLADS-SYN-0605,CON-002,1370832.09,2026-03-19,Eligible,89.35,2,Not Selected
BID-002704,TND-00606,MPLADS-SYN-0606,CON-004,464590.43,2026-04-04,Ineligible,,,Not Selected
BID-002705,TND-00606,MPLADS-SYN-0606,CON-001,484759.83,2026-04-04,Ineligible,,,Submitted
BID-002706,TND-00606,MPLADS-SYN-0606,CON-006,445138.68,2026-04-04,Ineligible,,,Submitted
BID-002707,TND-00606,MPLADS-SYN-0606,CON-005,461534.65,2026-04-04,Ineligible,,,Not Selected
BID-002708,TND-00606,MPLADS-SYN-0606,CON-002,464761.94,2026-04-04,Eligible,80.11,1,Under Evaluation
BID-002709,TND-00606,MPLADS-SYN-0606,CON-003,479650.06,2026-04-04,Ineligible,,,Not Selected
BID-002710,TND-00607,MPLADS-SYN-0607,CON-001,2747252.15,2026-07-08,Ineligible,,,Under Evaluation
BID-002711,TND-00607,MPLADS-SYN-0607,CON-006,2704465.17,2026-07-08,Eligible,60.85,1,Submitted
BID-002712,TND-00607,MPLADS-SYN-0607,CON-004,2754710.62,2026-07-08,Ineligible,,,Not Selected
BID-002713,TND-00607,MPLADS-SYN-0607,CON-003,3289560.4,2026-07-08,Eligible,92.27,3,Under Evaluation
BID-002714,TND-00607,MPLADS-SYN-0607,CON-007,3184537.19,2026-07-08,Eligible,60.56,2,Under Evaluation
BID-002715,TND-00608,MPLADS-SYN-0608,CON-007,1197879.35,2025-12-07,Eligible,77.5,3,Not Selected
BID-002716,TND-00608,MPLADS-SYN-0608,CON-004,1243856.1,2025-12-07,Eligible,85.5,4,Not Selected
BID-002717,TND-00608,MPLADS-SYN-0608,CON-001,1140995.24,2025-12-07,Eligible,74.63,1,Selected
BID-002718,TND-00608,MPLADS-SYN-0608,CON-003,1156123.23,2025-12-07,Eligible,63.67,2,Not Selected
BID-002719,TND-00608,MPLADS-SYN-0608,CON-002,1313534.2,2025-12-07,Eligible,70.65,5,Not Selected
BID-002720,TND-00608,MPLADS-SYN-0608,CON-005,1292757.91,2025-12-07,Ineligible,,,Ineligible
BID-002721,TND-00609,MPLADS-SYN-0609,CON-007,1051020.56,2026-02-27,Eligible,93.5,1,Not Selected
BID-002722,TND-00609,MPLADS-SYN-0609,CON-004,1304807.42,2026-02-27,Eligible,87.79,6,Not Selected
BID-002723,TND-00609,MPLADS-SYN-0609,CON-002,1109086.32,2026-02-27,Eligible,91.29,3,Submitted
BID-002724,TND-00609,MPLADS-SYN-0609,CON-001,1133349.96,2026-02-27,Eligible,78.47,4,Under Evaluation
BID-002725,TND-00609,MPLADS-SYN-0609,CON-003,1281090.02,2026-02-27,Eligible,89.62,5,Under Evaluation
BID-002726,TND-00609,MPLADS-SYN-0609,CON-005,1066741.76,2026-02-27,Eligible,92.09,2,Submitted
BID-002727,TND-00610,MPLADS-SYN-0610,CON-003,1260966.79,2026-02-25,Eligible,75.17,2,Not Selected
BID-002728,TND-00610,MPLADS-SYN-0610,CON-006,1319228.93,2026-02-25,Eligible,70.45,3,Under Evaluation
BID-002729,TND-00610,MPLADS-SYN-0610,CON-005,1053116.55,2026-02-25,Eligible,91.44,1,Submitted
BID-002730,TND-00610,MPLADS-SYN-0610,CON-001,1121926.07,2026-02-25,Ineligible,,,Submitted
BID-002731,TND-00611,MPLADS-SYN-0611,CON-004,739580.67,2026-04-07,Eligible,60.19,2,Selected
BID-002732,TND-00611,MPLADS-SYN-0611,CON-007,601845.5,2026-04-07,Eligible,66.11,1,Not Selected
BID-002733,TND-00611,MPLADS-SYN-0611,CON-005,631663.53,2026-04-07,Ineligible,,,Ineligible
BID-002734,TND-00612,MPLADS-SYN-0612,CON-002,666844.27,2026-01-20,Eligible,63.48,3,Not Selected
BID-002735,TND-00612,MPLADS-SYN-0612,CON-001,655769.56,2026-01-20,Eligible,83.2,2,Not Selected
BID-002736,TND-00612,MPLADS-SYN-0612,CON-003,700233.68,2026-01-20,Eligible,97.28,5,Not Selected
BID-002737,TND-00612,MPLADS-SYN-0612,CON-007,669394.65,2026-01-20,Eligible,67.07,4,Selected
BID-002738,TND-00612,MPLADS-SYN-0612,CON-004,574343.69,2026-01-20,Eligible,88.27,1,Not Selected
BID-002739,TND-00612,MPLADS-SYN-0612,CON-005,598523.11,2026-01-20,Ineligible,,,Ineligible
BID-002740,TND-00613,MPLADS-SYN-0613,CON-001,2007498.22,2026-01-07,Eligible,93.34,5,Selected
BID-002741,TND-00613,MPLADS-SYN-0613,CON-004,1818106.14,2026-01-07,Eligible,81.35,4,Not Selected
BID-002742,TND-00613,MPLADS-SYN-0613,CON-002,1705207.18,2026-01-07,Eligible,68.63,1,Not Selected
BID-002743,TND-00613,MPLADS-SYN-0613,CON-003,1850980.83,2026-01-07,Ineligible,,,Ineligible
BID-002744,TND-00613,MPLADS-SYN-0613,CON-006,1744541.0,2026-01-07,Eligible,92.88,3,Not Selected
BID-002745,TND-00613,MPLADS-SYN-0613,CON-007,1744047.19,2026-01-07,Eligible,82.62,2,Not Selected
BID-002746,TND-00614,MPLADS-SYN-0614,CON-002,4077469.91,2026-01-26,Eligible,96.45,3,Not Selected
BID-002747,TND-00614,MPLADS-SYN-0614,CON-004,4035792.85,2026-01-26,Eligible,97.14,2,Not Selected
BID-002748,TND-00614,MPLADS-SYN-0614,CON-001,3467102.66,2026-01-26,Eligible,90.82,1,Not Selected
BID-002749,TND-00615,MPLADS-SYN-0615,CON-001,1804841.88,2025-12-08,Eligible,69.8,2,Submitted
BID-002750,TND-00615,MPLADS-SYN-0615,CON-007,1507364.22,2025-12-08,Eligible,85.23,1,Not Selected
BID-002751,TND-00616,MPLADS-SYN-0616,CON-003,1607375.65,2025-12-29,Eligible,89.03,2,Not Selected
BID-002752,TND-00616,MPLADS-SYN-0616,CON-005,1805698.6,2025-12-29,Eligible,75.99,4,Submitted
BID-002753,TND-00616,MPLADS-SYN-0616,CON-001,1479353.27,2025-12-29,Eligible,76.55,1,Not Selected
BID-002754,TND-00616,MPLADS-SYN-0616,CON-007,1772129.39,2025-12-29,Ineligible,,,Submitted
BID-002755,TND-00616,MPLADS-SYN-0616,CON-002,1704992.27,2025-12-29,Eligible,97.87,3,Not Selected
BID-002756,TND-00616,MPLADS-SYN-0616,CON-006,1834400.68,2025-12-29,Eligible,71.54,5,Not Selected
BID-002757,TND-00617,MPLADS-SYN-0617,CON-002,2179077.27,2026-06-16,Eligible,72.57,3,Not Selected
BID-002758,TND-00617,MPLADS-SYN-0617,CON-006,1743801.85,2026-06-16,Eligible,95.23,1,Selected
BID-002759,TND-00617,MPLADS-SYN-0617,CON-003,2072867.4,2026-06-16,Ineligible,,,Ineligible
BID-002760,TND-00617,MPLADS-SYN-0617,CON-007,1898853.57,2026-06-16,Eligible,73.39,2,Not Selected
BID-002761,TND-00617,MPLADS-SYN-0617,CON-004,1900932.15,2026-06-16,Ineligible,,,Ineligible
BID-002762,TND-00618,MPLADS-SYN-0618,CON-002,1150784.94,2026-08-19,Eligible,95.6,1,Not Selected
BID-002763,TND-00618,MPLADS-SYN-0618,CON-004,1452030.75,2026-08-19,Eligible,61.62,3,Submitted
BID-002764,TND-00618,MPLADS-SYN-0618,CON-006,1359768.62,2026-08-19,Eligible,61.05,2,Not Selected
BID-002765,TND-00619,MPLADS-SYN-0619,CON-007,1508637.82,2026-06-27,Eligible,82.84,4,Not Selected
BID-002766,TND-00619,MPLADS-SYN-0619,CON-001,1420120.63,2026-06-27,Eligible,72.48,3,Not Selected
BID-002767,TND-00619,MPLADS-SYN-0619,CON-002,1283988.85,2026-06-27,Ineligible,,,Ineligible
BID-002768,TND-00619,MPLADS-SYN-0619,CON-004,1418487.06,2026-06-27,Eligible,86.1,2,Not Selected
BID-002769,TND-00619,MPLADS-SYN-0619,CON-005,1243058.79,2026-06-27,Eligible,75.43,1,Not Selected
BID-002770,TND-00620,MPLADS-SYN-0620,CON-005,3801527.07,2026-07-17,Eligible,86.55,3,Not Selected
BID-002771,TND-00620,MPLADS-SYN-0620,CON-007,3065178.89,2026-07-17,Eligible,97.93,1,Not Selected
BID-002772,TND-00620,MPLADS-SYN-0620,CON-003,3777812.55,2026-07-17,Eligible,66.93,2,Not Selected
BID-002773,TND-00621,MPLADS-SYN-0621,CON-007,980449.44,2026-03-31,Eligible,94.45,3,Not Selected
BID-002774,TND-00621,MPLADS-SYN-0621,CON-006,861815.64,2026-03-31,Eligible,76.73,1,Not Selected
BID-002775,TND-00621,MPLADS-SYN-0621,CON-003,986837.26,2026-03-31,Eligible,61.22,4,Not Selected
BID-002776,TND-00621,MPLADS-SYN-0621,CON-001,846979.5,2026-03-31,Ineligible,,,Ineligible
BID-002777,TND-00621,MPLADS-SYN-0621,CON-004,804975.4,2026-03-31,Ineligible,,,Ineligible
BID-002778,TND-00621,MPLADS-SYN-0621,CON-002,943962.43,2026-03-31,Eligible,77.62,2,Not Selected
BID-002779,TND-00622,MPLADS-SYN-0622,CON-004,1010978.32,2026-01-23,Eligible,85.32,2,Not Selected
BID-002780,TND-00622,MPLADS-SYN-0622,CON-007,1057308.4,2026-01-23,Eligible,60.37,4,Not Selected
BID-002781,TND-00622,MPLADS-SYN-0622,CON-005,948167.6,2026-01-23,Eligible,96.85,1,Not Selected
BID-002782,TND-00622,MPLADS-SYN-0622,CON-003,1043215.34,2026-01-23,Eligible,67.72,3,Selected
BID-002783,TND-00623,MPLADS-SYN-0623,CON-007,1619435.35,2026-01-16,Eligible,62.45,1,Not Selected
BID-002784,TND-00623,MPLADS-SYN-0623,CON-001,1853097.7,2026-01-16,Eligible,96.31,2,Not Selected
BID-002785,TND-00623,MPLADS-SYN-0623,CON-002,2063528.26,2026-01-16,Eligible,93.46,4,Not Selected
BID-002786,TND-00623,MPLADS-SYN-0623,CON-004,1887801.75,2026-01-16,Eligible,96.47,3,Not Selected
BID-002787,TND-00624,MPLADS-SYN-0624,CON-003,1164511.92,2026-02-20,Eligible,80.78,4,Not Selected
BID-002788,TND-00624,MPLADS-SYN-0624,CON-006,1214553.0,2026-02-20,Ineligible,,,Ineligible
BID-002789,TND-00624,MPLADS-SYN-0624,CON-002,1080516.54,2026-02-20,Eligible,97.85,1,Not Selected
BID-002790,TND-00624,MPLADS-SYN-0624,CON-004,1150781.38,2026-02-20,Eligible,87.23,3,Selected
BID-002791,TND-00624,MPLADS-SYN-0624,CON-001,1285142.91,2026-02-20,Eligible,81.67,5,Not Selected
BID-002792,TND-00624,MPLADS-SYN-0624,CON-005,1088247.93,2026-02-20,Eligible,92.75,2,Not Selected
BID-002793,TND-00624,MPLADS-SYN-0624,CON-007,1009050.8,2026-02-20,Ineligible,,,Ineligible
BID-002794,TND-00625,MPLADS-SYN-0625,CON-004,3880941.76,2026-04-23,Eligible,97.44,2,Not Selected
BID-002795,TND-00625,MPLADS-SYN-0625,CON-003,4149393.28,2026-04-23,Eligible,94.16,6,Not Selected
BID-002796,TND-00625,MPLADS-SYN-0625,CON-006,4004723.17,2026-04-23,Eligible,77.46,3,Not Selected
BID-002797,TND-00625,MPLADS-SYN-0625,CON-002,4084206.78,2026-04-23,Eligible,83.85,5,Not Selected
BID-002798,TND-00625,MPLADS-SYN-0625,CON-005,4538716.71,2026-04-23,Eligible,68.32,7,Not Selected
BID-002799,TND-00625,MPLADS-SYN-0625,CON-007,4046827.74,2026-04-23,Eligible,92.53,4,Selected
BID-002800,TND-00625,MPLADS-SYN-0625,CON-001,3877438.93,2026-04-23,Eligible,81.71,1,Not Selected
BID-002801,TND-00626,MPLADS-SYN-0626,CON-005,1757661.37,2025-12-31,Eligible,84.21,1,Submitted
BID-002802,TND-00626,MPLADS-SYN-0626,CON-007,2223128.37,2025-12-31,Ineligible,,,Not Selected
BID-002803,TND-00626,MPLADS-SYN-0626,CON-006,1863171.2,2025-12-31,Eligible,93.68,2,Submitted
BID-002804,TND-00627,MPLADS-SYN-0627,CON-001,1240172.62,2026-03-15,Ineligible,,,Under Evaluation
BID-002805,TND-00627,MPLADS-SYN-0627,CON-003,1234590.86,2026-03-15,Eligible,66.5,4,Submitted
BID-002806,TND-00627,MPLADS-SYN-0627,CON-004,1199714.53,2026-03-15,Ineligible,,,Under Evaluation
BID-002807,TND-00627,MPLADS-SYN-0627,CON-006,1034571.26,2026-03-15,Eligible,96.22,2,Submitted
BID-002808,TND-00627,MPLADS-SYN-0627,CON-005,1055678.12,2026-03-15,Eligible,93.62,3,Submitted
BID-002809,TND-00627,MPLADS-SYN-0627,CON-007,1027024.94,2026-03-15,Eligible,79.79,1,Under Evaluation
BID-002810,TND-00628,MPLADS-SYN-0628,CON-001,3145251.18,2026-07-02,Eligible,66.88,1,Not Selected
BID-002811,TND-00628,MPLADS-SYN-0628,CON-004,3323782.08,2026-07-02,Eligible,63.76,2,Not Selected
BID-002812,TND-00628,MPLADS-SYN-0628,CON-005,3639389.52,2026-07-02,Eligible,62.57,4,Not Selected
BID-002813,TND-00628,MPLADS-SYN-0628,CON-007,3736239.53,2026-07-02,Eligible,79.85,5,Not Selected
BID-002814,TND-00628,MPLADS-SYN-0628,CON-003,3738804.26,2026-07-02,Eligible,86.08,6,Not Selected
BID-002815,TND-00628,MPLADS-SYN-0628,CON-002,3440108.89,2026-07-02,Eligible,64.04,3,Selected
BID-002816,TND-00629,MPLADS-SYN-0629,CON-001,305003.62,2026-02-21,Eligible,80.92,1,Not Selected
BID-002817,TND-00629,MPLADS-SYN-0629,CON-004,320100.58,2026-02-21,Eligible,88.49,2,Not Selected
BID-002818,TND-00630,MPLADS-SYN-0630,CON-005,550532.66,2026-08-07,Eligible,62.55,4,Not Selected
BID-002819,TND-00630,MPLADS-SYN-0630,CON-004,602124.8,2026-08-07,Eligible,79.32,7,Not Selected
BID-002820,TND-00630,MPLADS-SYN-0630,CON-001,547509.11,2026-08-07,Eligible,90.54,3,Not Selected
BID-002821,TND-00630,MPLADS-SYN-0630,CON-007,505465.26,2026-08-07,Eligible,92.92,2,Not Selected
BID-002822,TND-00630,MPLADS-SYN-0630,CON-003,557886.52,2026-08-07,Eligible,66.39,5,Not Selected
BID-002823,TND-00630,MPLADS-SYN-0630,CON-002,571174.0,2026-08-07,Eligible,60.05,6,Selected
BID-002824,TND-00630,MPLADS-SYN-0630,CON-006,491924.44,2026-08-07,Eligible,83.37,1,Not Selected
BID-002825,TND-00631,MPLADS-SYN-0631,CON-004,1335185.04,2026-05-31,Eligible,85.17,2,Submitted
BID-002826,TND-00631,MPLADS-SYN-0631,CON-005,1119978.42,2026-05-31,Eligible,70.54,1,Submitted
BID-002827,TND-00632,MPLADS-SYN-0632,CON-004,2239081.96,2026-04-22,Eligible,95.13,1,Not Selected
BID-002828,TND-00632,MPLADS-SYN-0632,CON-002,2641357.66,2026-04-22,Eligible,62.51,2,Not Selected
BID-002829,TND-00633,MPLADS-SYN-0633,CON-007,1225834.28,2026-01-07,Eligible,70.53,1,Submitted
BID-002830,TND-00633,MPLADS-SYN-0633,CON-005,1429751.96,2026-01-07,Eligible,92.39,4,Submitted
BID-002831,TND-00633,MPLADS-SYN-0633,CON-006,1226878.12,2026-01-07,Ineligible,,,Under Evaluation
BID-002832,TND-00633,MPLADS-SYN-0633,CON-002,1306313.4,2026-01-07,Eligible,93.28,3,Not Selected
BID-002833,TND-00633,MPLADS-SYN-0633,CON-001,1266185.49,2026-01-07,Eligible,94.14,2,Submitted
BID-002834,TND-00634,MPLADS-SYN-0634,CON-006,672069.95,2025-12-18,Eligible,87.18,1,Under Evaluation
BID-002835,TND-00634,MPLADS-SYN-0634,CON-004,788986.98,2025-12-18,Ineligible,,,Under Evaluation
BID-002836,TND-00634,MPLADS-SYN-0634,CON-003,762270.78,2025-12-18,Ineligible,,,Not Selected
BID-002837,TND-00634,MPLADS-SYN-0634,CON-007,690450.88,2025-12-18,Eligible,89.18,2,Submitted
BID-002838,TND-00634,MPLADS-SYN-0634,CON-002,806547.93,2025-12-18,Eligible,63.41,3,Not Selected
BID-002839,TND-00635,MPLADS-SYN-0635,CON-005,1236904.85,2026-06-02,Eligible,82.12,3,Submitted
BID-002840,TND-00635,MPLADS-SYN-0635,CON-006,1263178.13,2026-06-02,Eligible,95.88,4,Submitted
BID-002841,TND-00635,MPLADS-SYN-0635,CON-007,994459.77,2026-06-02,Eligible,80.57,1,Not Selected
BID-002842,TND-00635,MPLADS-SYN-0635,CON-001,1066012.65,2026-06-02,Ineligible,,,Under Evaluation
BID-002843,TND-00635,MPLADS-SYN-0635,CON-003,1033038.68,2026-06-02,Eligible,95.68,2,Submitted
BID-002844,TND-00636,MPLADS-SYN-0636,CON-003,2091217.37,2026-07-12,Eligible,63.2,3,Not Selected
BID-002845,TND-00636,MPLADS-SYN-0636,CON-001,1995193.94,2026-07-12,Ineligible,,,Ineligible
BID-002846,TND-00636,MPLADS-SYN-0636,CON-007,1918645.91,2026-07-12,Eligible,71.52,2,Not Selected
BID-002847,TND-00636,MPLADS-SYN-0636,CON-004,1880339.26,2026-07-12,Eligible,71.42,1,Not Selected
BID-002848,TND-00636,MPLADS-SYN-0636,CON-002,1752450.65,2026-07-12,Ineligible,,,Ineligible
BID-002849,TND-00637,MPLADS-SYN-0637,CON-003,1345433.37,2026-04-25,Eligible,71.49,2,Not Selected
BID-002850,TND-00637,MPLADS-SYN-0637,CON-002,1411592.74,2026-04-25,Eligible,77.24,4,Not Selected
BID-002851,TND-00637,MPLADS-SYN-0637,CON-006,1244140.21,2026-04-25,Eligible,74.64,1,Not Selected
BID-002852,TND-00637,MPLADS-SYN-0637,CON-005,1351428.56,2026-04-25,Eligible,63.36,3,Not Selected
BID-002853,TND-00638,MPLADS-SYN-0638,CON-007,833420.24,2026-05-11,Eligible,95.75,3,Not Selected
BID-002854,TND-00638,MPLADS-SYN-0638,CON-002,810735.08,2026-05-11,Eligible,70.13,2,Not Selected
BID-002855,TND-00638,MPLADS-SYN-0638,CON-006,728017.64,2026-05-11,Eligible,80.28,1,Not Selected
BID-002856,TND-00639,MPLADS-SYN-0639,CON-004,2207813.29,2026-06-16,Eligible,88.12,2,Selected
BID-002857,TND-00639,MPLADS-SYN-0639,CON-007,2197629.87,2026-06-16,Eligible,84.3,1,Not Selected
BID-002858,TND-00640,MPLADS-SYN-0640,CON-006,750296.88,2026-01-28,Ineligible,,,Ineligible
BID-002859,TND-00640,MPLADS-SYN-0640,CON-007,668619.72,2026-01-28,Eligible,81.27,1,Not Selected
BID-002860,TND-00641,MPLADS-SYN-0641,CON-006,845335.18,2026-02-04,Eligible,69.91,2,Not Selected
BID-002861,TND-00641,MPLADS-SYN-0641,CON-007,837536.35,2026-02-04,Eligible,90.74,1,Not Selected
BID-002862,TND-00641,MPLADS-SYN-0641,CON-002,846505.91,2026-02-04,Eligible,86.84,3,Not Selected
BID-002863,TND-00641,MPLADS-SYN-0641,CON-004,875558.81,2026-02-04,Ineligible,,,Ineligible
BID-002864,TND-00641,MPLADS-SYN-0641,CON-003,884817.76,2026-02-04,Eligible,97.25,4,Selected
BID-002865,TND-00641,MPLADS-SYN-0641,CON-001,852595.21,2026-02-04,Ineligible,,,Ineligible
BID-002866,TND-00641,MPLADS-SYN-0641,CON-005,971469.17,2026-02-04,Ineligible,,,Ineligible
BID-002867,TND-00642,MPLADS-SYN-0642,CON-007,2494622.83,2026-05-31,Eligible,75.25,1,Under Evaluation
BID-002868,TND-00642,MPLADS-SYN-0642,CON-004,2796232.32,2026-05-31,Eligible,89.34,2,Not Selected
BID-002869,TND-00643,MPLADS-SYN-0643,CON-007,1293229.36,2026-04-21,Eligible,96.75,1,Not Selected
BID-002870,TND-00643,MPLADS-SYN-0643,CON-005,1141384.38,2026-04-21,Ineligible,,,Ineligible
BID-002871,TND-00644,MPLADS-SYN-0644,CON-007,4648124.2,2026-07-12,Ineligible,,,Ineligible
BID-002872,TND-00644,MPLADS-SYN-0644,CON-002,5354692.72,2026-07-12,Eligible,76.37,1,Not Selected
BID-002873,TND-00645,MPLADS-SYN-0645,CON-007,545505.19,2026-04-18,Eligible,60.84,1,Under Evaluation
BID-002874,TND-00645,MPLADS-SYN-0645,CON-001,624905.56,2026-04-18,Eligible,72.62,2,Not Selected
BID-002875,TND-00646,MPLADS-SYN-0646,CON-006,1456806.13,2026-04-16,Eligible,60.51,5,Not Selected
BID-002876,TND-00646,MPLADS-SYN-0646,CON-005,1462514.64,2026-04-16,Eligible,65.19,6,Not Selected
BID-002877,TND-00646,MPLADS-SYN-0646,CON-007,1290520.38,2026-04-16,Eligible,70.1,1,Not Selected
BID-002878,TND-00646,MPLADS-SYN-0646,CON-004,1296296.04,2026-04-16,Eligible,62.0,2,Not Selected
BID-002879,TND-00646,MPLADS-SYN-0646,CON-002,1393186.51,2026-04-16,Eligible,84.73,4,Selected
BID-002880,TND-00646,MPLADS-SYN-0646,CON-003,1364356.01,2026-04-16,Eligible,90.12,3,Not Selected
BID-002881,TND-00646,MPLADS-SYN-0646,CON-001,1218414.01,2026-04-16,Ineligible,,,Ineligible
BID-002882,TND-00647,MPLADS-SYN-0647,CON-006,1050190.55,2026-06-05,Eligible,77.21,2,Selected
BID-002883,TND-00647,MPLADS-SYN-0647,CON-003,972225.56,2026-06-05,Ineligible,,,Ineligible
BID-002884,TND-00647,MPLADS-SYN-0647,CON-002,924631.4,2026-06-05,Eligible,61.14,1,Not Selected
BID-002885,TND-00648,MPLADS-SYN-0648,CON-005,917947.42,2026-07-14,Eligible,63.02,3,Submitted
BID-002886,TND-00648,MPLADS-SYN-0648,CON-006,877601.51,2026-07-14,Ineligible,,,Submitted
BID-002887,TND-00648,MPLADS-SYN-0648,CON-004,917181.93,2026-07-14,Eligible,65.94,2,Under Evaluation
BID-002888,TND-00648,MPLADS-SYN-0648,CON-003,799583.97,2026-07-14,Eligible,94.06,1,Not Selected
BID-002889,TND-00649,MPLADS-SYN-0649,CON-004,1528424.07,2026-07-02,Eligible,68.46,4,Not Selected
BID-002890,TND-00649,MPLADS-SYN-0649,CON-007,1374483.67,2026-07-02,Ineligible,,,Ineligible
BID-002891,TND-00649,MPLADS-SYN-0649,CON-006,1262710.34,2026-07-02,Ineligible,,,Ineligible
BID-002892,TND-00649,MPLADS-SYN-0649,CON-002,1358609.04,2026-07-02,Eligible,75.46,2,Not Selected
BID-002893,TND-00649,MPLADS-SYN-0649,CON-005,1285205.06,2026-07-02,Eligible,64.24,1,Not Selected
BID-002894,TND-00649,MPLADS-SYN-0649,CON-001,1541192.06,2026-07-02,Eligible,95.15,5,Not Selected
BID-002895,TND-00649,MPLADS-SYN-0649,CON-003,1440474.67,2026-07-02,Eligible,90.98,3,Not Selected
BID-002896,TND-00650,MPLADS-SYN-0650,CON-006,568136.26,2026-07-05,Eligible,60.96,3,Submitted
BID-002897,TND-00650,MPLADS-SYN-0650,CON-007,541677.42,2026-07-05,Eligible,64.86,1,Not Selected
BID-002898,TND-00650,MPLADS-SYN-0650,CON-001,565651.29,2026-07-05,Eligible,85.18,2,Under Evaluation
BID-002899,TND-00650,MPLADS-SYN-0650,CON-003,662667.86,2026-07-05,Eligible,61.01,4,Under Evaluation
BID-002900,TND-00651,MPLADS-SYN-0651,CON-003,1289074.41,2026-01-20,Eligible,89.23,1,Not Selected
BID-002901,TND-00651,MPLADS-SYN-0651,CON-007,1139549.26,2026-01-20,Ineligible,,,Ineligible
BID-002902,TND-00652,MPLADS-SYN-0652,CON-004,1777087.35,2026-05-27,Ineligible,,,Submitted
BID-002903,TND-00652,MPLADS-SYN-0652,CON-005,2153242.09,2026-05-27,Eligible,84.51,4,Not Selected
BID-002904,TND-00652,MPLADS-SYN-0652,CON-001,1987806.74,2026-05-27,Ineligible,,,Submitted
BID-002905,TND-00652,MPLADS-SYN-0652,CON-007,1871984.7,2026-05-27,Eligible,73.39,1,Not Selected
BID-002906,TND-00652,MPLADS-SYN-0652,CON-002,2146625.66,2026-05-27,Eligible,65.64,3,Submitted
BID-002907,TND-00652,MPLADS-SYN-0652,CON-003,1775388.14,2026-05-27,Ineligible,,,Submitted
BID-002908,TND-00652,MPLADS-SYN-0652,CON-006,2049655.26,2026-05-27,Eligible,82.93,2,Not Selected
BID-002909,TND-00653,MPLADS-SYN-0653,CON-002,1141642.49,2026-01-17,Eligible,68.57,2,Under Evaluation
BID-002910,TND-00653,MPLADS-SYN-0653,CON-003,979192.04,2026-01-17,Ineligible,,,Submitted
BID-002911,TND-00653,MPLADS-SYN-0653,CON-006,1054964.49,2026-01-17,Eligible,75.09,1,Under Evaluation
BID-002912,TND-00653,MPLADS-SYN-0653,CON-005,1162997.46,2026-01-17,Ineligible,,,Submitted
BID-002913,TND-00654,MPLADS-SYN-0654,CON-004,1539414.93,2026-01-26,Ineligible,,,Ineligible
BID-002914,TND-00654,MPLADS-SYN-0654,CON-003,1550859.77,2026-01-26,Ineligible,,,Ineligible
BID-002915,TND-00654,MPLADS-SYN-0654,CON-007,1539901.74,2026-01-26,Eligible,93.93,1,Not Selected
BID-002916,TND-00654,MPLADS-SYN-0654,CON-006,1741641.36,2026-01-26,Eligible,86.83,2,Not Selected
BID-002917,TND-00654,MPLADS-SYN-0654,CON-002,1920009.3,2026-01-26,Ineligible,,,Ineligible
BID-002918,TND-00654,MPLADS-SYN-0654,CON-001,1789137.08,2026-01-26,Eligible,95.08,3,Selected
BID-002919,TND-00655,MPLADS-SYN-0655,CON-006,2233990.61,2026-02-21,Eligible,72.32,1,Selected
BID-002920,TND-00655,MPLADS-SYN-0655,CON-004,2440329.1,2026-02-21,Eligible,65.52,2,Not Selected
BID-002921,TND-00655,MPLADS-SYN-0655,CON-002,2573060.85,2026-02-21,Eligible,97.32,3,Not Selected
BID-002922,TND-00656,MPLADS-SYN-0656,CON-007,1470636.91,2026-07-25,Eligible,73.15,2,Not Selected
BID-002923,TND-00656,MPLADS-SYN-0656,CON-001,1767131.79,2026-07-25,Eligible,87.26,4,Not Selected
BID-002924,TND-00656,MPLADS-SYN-0656,CON-002,1636164.13,2026-07-25,Eligible,66.79,3,Not Selected
BID-002925,TND-00656,MPLADS-SYN-0656,CON-005,1754237.61,2026-07-25,Ineligible,,,Ineligible
BID-002926,TND-00656,MPLADS-SYN-0656,CON-003,1391506.86,2026-07-25,Eligible,91.2,1,Selected
BID-002927,TND-00657,MPLADS-SYN-0657,CON-005,659019.1,2026-04-29,Eligible,94.21,1,Not Selected
BID-002928,TND-00657,MPLADS-SYN-0657,CON-007,664709.38,2026-04-29,Ineligible,,,Ineligible
BID-002929,TND-00658,MPLADS-SYN-0658,CON-007,734277.15,2026-05-21,Ineligible,,,Ineligible
BID-002930,TND-00658,MPLADS-SYN-0658,CON-002,867780.77,2026-05-21,Ineligible,,,Ineligible
BID-002931,TND-00658,MPLADS-SYN-0658,CON-006,781103.19,2026-05-21,Eligible,60.24,1,Selected
BID-002932,TND-00658,MPLADS-SYN-0658,CON-001,864663.01,2026-05-21,Eligible,92.56,2,Not Selected
BID-002933,TND-00659,MPLADS-SYN-0659,CON-007,4679140.02,2026-06-16,Eligible,89.44,2,Not Selected
BID-002934,TND-00659,MPLADS-SYN-0659,CON-006,4119628.29,2026-06-16,Eligible,79.33,1,Selected
BID-002935,TND-00659,MPLADS-SYN-0659,CON-005,4249064.41,2026-06-16,Ineligible,,,Ineligible
BID-002936,TND-00659,MPLADS-SYN-0659,CON-003,4182697.49,2026-06-16,Ineligible,,,Ineligible
BID-002937,TND-00659,MPLADS-SYN-0659,CON-001,4675520.75,2026-06-16,Ineligible,,,Ineligible
BID-002938,TND-00660,MPLADS-SYN-0660,CON-001,2621904.71,2025-11-26,Eligible,95.6,1,Not Selected
BID-002939,TND-00660,MPLADS-SYN-0660,CON-006,3065064.62,2025-11-26,Eligible,63.29,3,Not Selected
BID-002940,TND-00660,MPLADS-SYN-0660,CON-003,3304902.26,2025-11-26,Eligible,62.74,4,Not Selected
BID-002941,TND-00660,MPLADS-SYN-0660,CON-005,2994500.96,2025-11-26,Eligible,72.54,2,Selected
BID-002942,TND-00661,MPLADS-SYN-0661,CON-002,1236777.65,2026-03-04,Ineligible,,,Submitted
BID-002943,TND-00661,MPLADS-SYN-0661,CON-004,1452865.2,2026-03-04,Eligible,66.41,3,Under Evaluation
BID-002944,TND-00661,MPLADS-SYN-0661,CON-005,1509856.07,2026-03-04,Eligible,83.66,4,Submitted
BID-002945,TND-00661,MPLADS-SYN-0661,CON-003,1397950.0,2026-03-04,Eligible,87.7,2,Submitted
BID-002946,TND-00661,MPLADS-SYN-0661,CON-007,1203982.86,2026-03-04,Eligible,95.75,1,Submitted
BID-002947,TND-00662,MPLADS-SYN-0662,CON-005,1314857.06,2026-01-09,Ineligible,,,Ineligible
BID-002948,TND-00662,MPLADS-SYN-0662,CON-006,1168484.12,2026-01-09,Ineligible,,,Ineligible
BID-002949,TND-00662,MPLADS-SYN-0662,CON-004,1151309.99,2026-01-09,Ineligible,,,Ineligible
BID-002950,TND-00663,MPLADS-SYN-0663,CON-002,521042.97,2026-04-24,Eligible,77.49,2,Not Selected
BID-002951,TND-00663,MPLADS-SYN-0663,CON-004,514128.85,2026-04-24,Ineligible,,,Ineligible
BID-002952,TND-00663,MPLADS-SYN-0663,CON-001,556702.9,2026-04-24,Ineligible,,,Ineligible
BID-002953,TND-00663,MPLADS-SYN-0663,CON-005,515957.32,2026-04-24,Eligible,95.75,1,Not Selected
BID-002954,TND-00663,MPLADS-SYN-0663,CON-007,561678.95,2026-04-24,Eligible,67.71,3,Selected
BID-002955,TND-00663,MPLADS-SYN-0663,CON-006,550359.96,2026-04-24,Ineligible,,,Ineligible
BID-002956,TND-00664,MPLADS-SYN-0664,CON-003,702439.58,2025-12-30,Eligible,66.9,3,Not Selected
BID-002957,TND-00664,MPLADS-SYN-0664,CON-002,608008.89,2025-12-30,Eligible,66.02,1,Selected
BID-002958,TND-00664,MPLADS-SYN-0664,CON-007,687601.13,2025-12-30,Eligible,92.0,2,Not Selected
BID-002959,TND-00665,MPLADS-SYN-0665,CON-006,634086.46,2026-05-18,Ineligible,,,Ineligible
BID-002960,TND-00665,MPLADS-SYN-0665,CON-004,671926.54,2026-05-18,Eligible,78.24,2,Not Selected
BID-002961,TND-00665,MPLADS-SYN-0665,CON-003,657754.63,2026-05-18,Eligible,65.33,1,Selected
BID-002962,TND-00665,MPLADS-SYN-0665,CON-007,698907.13,2026-05-18,Ineligible,,,Ineligible
BID-002963,TND-00666,MPLADS-SYN-0666,CON-003,1315038.98,2026-03-10,Eligible,77.02,3,Not Selected
BID-002964,TND-00666,MPLADS-SYN-0666,CON-005,1299421.89,2026-03-10,Eligible,75.95,2,Submitted
BID-002965,TND-00666,MPLADS-SYN-0666,CON-004,1215440.87,2026-03-10,Eligible,86.24,1,Under Evaluation
BID-002966,TND-00667,MPLADS-SYN-0667,CON-001,2624928.33,2026-05-09,Eligible,61.43,1,Not Selected
BID-002967,TND-00667,MPLADS-SYN-0667,CON-007,3000858.21,2026-05-09,Eligible,81.47,3,Not Selected
BID-002968,TND-00667,MPLADS-SYN-0667,CON-003,2911932.56,2026-05-09,Ineligible,,,Ineligible
BID-002969,TND-00667,MPLADS-SYN-0667,CON-006,2785000.09,2026-05-09,Eligible,93.54,2,Selected
BID-002970,TND-00668,MPLADS-SYN-0668,CON-004,666876.66,2025-12-07,Eligible,66.81,4,Not Selected
BID-002971,TND-00668,MPLADS-SYN-0668,CON-003,646834.39,2025-12-07,Eligible,80.1,2,Not Selected
BID-002972,TND-00668,MPLADS-SYN-0668,CON-001,666311.01,2025-12-07,Eligible,76.21,3,Not Selected
BID-002973,TND-00668,MPLADS-SYN-0668,CON-006,626997.95,2025-12-07,Eligible,92.43,1,Not Selected
BID-002974,TND-00668,MPLADS-SYN-0668,CON-005,692429.06,2025-12-07,Eligible,83.25,5,Not Selected
BID-002975,TND-00669,MPLADS-SYN-0669,CON-003,3552471.78,2026-06-28,Eligible,83.26,5,Not Selected
BID-002976,TND-00669,MPLADS-SYN-0669,CON-002,3216704.83,2026-06-28,Eligible,88.61,3,Not Selected
BID-002977,TND-00669,MPLADS-SYN-0669,CON-005,3086983.21,2026-06-28,Eligible,70.48,1,Not Selected
BID-002978,TND-00669,MPLADS-SYN-0669,CON-007,3263629.62,2026-06-28,Eligible,81.85,4,Not Selected
BID-002979,TND-00669,MPLADS-SYN-0669,CON-006,3110019.22,2026-06-28,Ineligible,,,Ineligible
BID-002980,TND-00669,MPLADS-SYN-0669,CON-001,3105065.72,2026-06-28,Eligible,65.55,2,Selected
BID-002981,TND-00670,MPLADS-SYN-0670,CON-001,1129567.63,2026-04-04,Eligible,97.91,2,Not Selected
BID-002982,TND-00670,MPLADS-SYN-0670,CON-003,1320879.0,2026-04-04,Ineligible,,,Ineligible
BID-002983,TND-00670,MPLADS-SYN-0670,CON-005,1120485.68,2026-04-04,Eligible,64.38,1,Not Selected
BID-002984,TND-00670,MPLADS-SYN-0670,CON-004,1231499.06,2026-04-04,Eligible,78.2,4,Not Selected
BID-002985,TND-00670,MPLADS-SYN-0670,CON-007,1175181.35,2026-04-04,Eligible,67.32,3,Not Selected
BID-002986,TND-00670,MPLADS-SYN-0670,CON-006,1279619.38,2026-04-04,Ineligible,,,Ineligible
BID-002987,TND-00670,MPLADS-SYN-0670,CON-002,1197147.73,2026-04-04,Ineligible,,,Ineligible
BID-002988,TND-00671,MPLADS-SYN-0671,CON-006,1416927.9,2025-12-19,Eligible,65.64,2,Not Selected
BID-002989,TND-00671,MPLADS-SYN-0671,CON-001,1534183.94,2025-12-19,Eligible,91.27,3,Not Selected
BID-002990,TND-00671,MPLADS-SYN-0671,CON-003,1354598.94,2025-12-19,Eligible,64.05,1,Not Selected
BID-002991,TND-00671,MPLADS-SYN-0671,CON-005,1598385.32,2025-12-19,Eligible,87.89,4,Not Selected
BID-002992,TND-00671,MPLADS-SYN-0671,CON-004,1477012.63,2025-12-19,Ineligible,,,Ineligible
BID-002993,TND-00671,MPLADS-SYN-0671,CON-007,1631102.07,2025-12-19,Ineligible,,,Ineligible
BID-002994,TND-00672,MPLADS-SYN-0672,CON-002,1277546.59,2026-04-19,Eligible,81.1,2,Not Selected
BID-002995,TND-00672,MPLADS-SYN-0672,CON-005,1263980.56,2026-04-19,Eligible,95.06,1,Not Selected
BID-002996,TND-00672,MPLADS-SYN-0672,CON-007,1323129.7,2026-04-19,Eligible,69.92,3,Not Selected
BID-002997,TND-00673,MPLADS-SYN-0673,CON-003,773405.64,2025-12-17,Ineligible,,,Ineligible
BID-002998,TND-00673,MPLADS-SYN-0673,CON-006,751417.11,2025-12-17,Eligible,68.47,1,Not Selected
BID-002999,TND-00674,MPLADS-SYN-0674,CON-004,331268.93,2026-01-22,Eligible,92.6,3,Not Selected
BID-003000,TND-00674,MPLADS-SYN-0674,CON-003,287592.22,2026-01-22,Ineligible,,,Ineligible
BID-003001,TND-00674,MPLADS-SYN-0674,CON-007,295420.41,2026-01-22,Eligible,75.45,1,Selected
BID-003002,TND-00674,MPLADS-SYN-0674,CON-002,324481.86,2026-01-22,Eligible,71.45,2,Not Selected
BID-003003,TND-00674,MPLADS-SYN-0674,CON-006,325062.86,2026-01-22,Ineligible,,,Ineligible
BID-003004,TND-00675,MPLADS-SYN-0675,CON-004,2031102.09,2026-06-08,Eligible,86.9,1,Not Selected
BID-003005,TND-00675,MPLADS-SYN-0675,CON-005,2097964.47,2026-06-08,Eligible,88.62,2,Under Evaluation
BID-003006,TND-00675,MPLADS-SYN-0675,CON-006,2582863.5,2026-06-08,Eligible,63.41,4,Not Selected
BID-003007,TND-00675,MPLADS-SYN-0675,CON-003,2407128.52,2026-06-08,Ineligible,,,Under Evaluation
BID-003008,TND-00675,MPLADS-SYN-0675,CON-007,2541391.63,2026-06-08,Eligible,70.01,3,Under Evaluation
BID-003009,TND-00676,MPLADS-SYN-0676,CON-007,723454.51,2026-04-20,Eligible,96.0,4,Not Selected
BID-003010,TND-00676,MPLADS-SYN-0676,CON-003,614681.24,2026-04-20,Eligible,76.04,2,Not Selected
BID-003011,TND-00676,MPLADS-SYN-0676,CON-006,644863.73,2026-04-20,Ineligible,,,Ineligible
BID-003012,TND-00676,MPLADS-SYN-0676,CON-001,716152.11,2026-04-20,Eligible,67.56,3,Not Selected
BID-003013,TND-00676,MPLADS-SYN-0676,CON-002,609524.71,2026-04-20,Eligible,83.7,1,Not Selected
BID-003014,TND-00677,MPLADS-SYN-0677,CON-002,1043074.44,2026-04-23,Eligible,68.19,1,Not Selected
BID-003015,TND-00677,MPLADS-SYN-0677,CON-001,1122926.36,2026-04-23,Eligible,60.83,2,Not Selected
BID-003016,TND-00677,MPLADS-SYN-0677,CON-004,944283.0,2026-04-23,Ineligible,,,Ineligible
BID-003017,TND-00678,MPLADS-SYN-0678,CON-004,1984745.13,2026-02-05,Ineligible,,,Ineligible
BID-003018,TND-00678,MPLADS-SYN-0678,CON-001,2028906.91,2026-02-05,Eligible,95.45,1,Selected
BID-003019,TND-00679,MPLADS-SYN-0679,CON-001,3939503.24,2026-02-24,Eligible,88.53,2,Not Selected
BID-003020,TND-00679,MPLADS-SYN-0679,CON-006,3650172.9,2026-02-24,Eligible,66.6,1,Not Selected
BID-003021,TND-00679,MPLADS-SYN-0679,CON-004,3971024.23,2026-02-24,Eligible,62.13,3,Not Selected
BID-003022,TND-00680,MPLADS-SYN-0680,CON-007,2178082.67,2026-07-08,Eligible,70.29,2,Submitted
BID-003023,TND-00680,MPLADS-SYN-0680,CON-002,2633918.88,2026-07-08,Eligible,64.83,5,Submitted
BID-003024,TND-00680,MPLADS-SYN-0680,CON-005,2254563.12,2026-07-08,Eligible,90.76,3,Not Selected
BID-003025,TND-00680,MPLADS-SYN-0680,CON-006,2560269.59,2026-07-08,Eligible,77.26,4,Submitted
BID-003026,TND-00680,MPLADS-SYN-0680,CON-004,2173457.0,2026-07-08,Eligible,90.29,1,Not Selected
BID-003027,TND-00681,MPLADS-SYN-0681,CON-003,516254.72,2026-04-01,Ineligible,,,Ineligible
BID-003028,TND-00681,MPLADS-SYN-0681,CON-007,528745.75,2026-04-01,Eligible,85.1,2,Not Selected
BID-003029,TND-00681,MPLADS-SYN-0681,CON-001,483441.91,2026-04-01,Eligible,91.6,1,Not Selected
BID-003030,TND-00682,MPLADS-SYN-0682,CON-004,1236856.82,2026-07-26,Eligible,61.9,3,Under Evaluation
BID-003031,TND-00682,MPLADS-SYN-0682,CON-005,1156126.43,2026-07-26,Eligible,93.15,2,Not Selected
BID-003032,TND-00682,MPLADS-SYN-0682,CON-006,1181017.17,2026-07-26,Ineligible,,,Not Selected
BID-003033,TND-00682,MPLADS-SYN-0682,CON-001,1091113.92,2026-07-26,Eligible,65.91,1,Submitted
BID-003034,TND-00683,MPLADS-SYN-0683,CON-005,2140973.5,2026-07-18,Ineligible,,,Ineligible
BID-003035,TND-00683,MPLADS-SYN-0683,CON-006,1797183.61,2026-07-18,Eligible,77.15,2,Not Selected
BID-003036,TND-00683,MPLADS-SYN-0683,CON-003,2053439.83,2026-07-18,Eligible,90.19,3,Not Selected
BID-003037,TND-00683,MPLADS-SYN-0683,CON-007,1723616.87,2026-07-18,Eligible,63.27,1,Not Selected
BID-003038,TND-00683,MPLADS-SYN-0683,CON-002,1697719.54,2026-07-18,Ineligible,,,Ineligible
BID-003039,TND-00684,MPLADS-SYN-0684,CON-007,1123973.41,2026-01-16,Eligible,77.27,3,Not Selected
BID-003040,TND-00684,MPLADS-SYN-0684,CON-001,965855.45,2026-01-16,Ineligible,,,Ineligible
BID-003041,TND-00684,MPLADS-SYN-0684,CON-005,1033577.45,2026-01-16,Eligible,90.32,1,Not Selected
BID-003042,TND-00684,MPLADS-SYN-0684,CON-004,1213109.07,2026-01-16,Eligible,73.4,4,Selected
BID-003043,TND-00684,MPLADS-SYN-0684,CON-006,1116571.95,2026-01-16,Eligible,86.39,2,Not Selected
BID-003044,TND-00685,MPLADS-SYN-0685,CON-002,2245190.04,2026-08-13,Eligible,60.82,1,Not Selected
BID-003045,TND-00685,MPLADS-SYN-0685,CON-003,2479792.79,2026-08-13,Eligible,65.48,6,Not Selected
BID-003046,TND-00685,MPLADS-SYN-0685,CON-007,2199333.88,2026-08-13,Ineligible,,,Ineligible
BID-003047,TND-00685,MPLADS-SYN-0685,CON-006,2376091.6,2026-08-13,Eligible,82.46,3,Not Selected
BID-003048,TND-00685,MPLADS-SYN-0685,CON-004,2356823.53,2026-08-13,Eligible,94.53,2,Not Selected
BID-003049,TND-00685,MPLADS-SYN-0685,CON-001,2411572.08,2026-08-13,Eligible,86.31,4,Not Selected
BID-003050,TND-00685,MPLADS-SYN-0685,CON-005,2456084.44,2026-08-13,Eligible,97.09,5,Not Selected
BID-003051,TND-00686,MPLADS-SYN-0686,CON-003,387196.12,2026-05-16,Eligible,62.71,3,Not Selected
BID-003052,TND-00686,MPLADS-SYN-0686,CON-004,427024.09,2026-05-16,Eligible,67.2,5,Not Selected
BID-003053,TND-00686,MPLADS-SYN-0686,CON-007,418391.78,2026-05-16,Ineligible,,,Ineligible
BID-003054,TND-00686,MPLADS-SYN-0686,CON-001,374881.31,2026-05-16,Eligible,75.1,1,Not Selected
BID-003055,TND-00686,MPLADS-SYN-0686,CON-005,413552.74,2026-05-16,Eligible,66.08,4,Not Selected
BID-003056,TND-00686,MPLADS-SYN-0686,CON-002,438458.94,2026-05-16,Eligible,75.74,6,Not Selected
BID-003057,TND-00686,MPLADS-SYN-0686,CON-006,375970.76,2026-05-16,Eligible,95.01,2,Selected
BID-003058,TND-00687,MPLADS-SYN-0687,CON-004,2061094.36,2026-06-02,Ineligible,,,Ineligible
BID-003059,TND-00687,MPLADS-SYN-0687,CON-006,2018720.98,2026-06-02,Ineligible,,,Ineligible
BID-003060,TND-00687,MPLADS-SYN-0687,CON-002,2174588.02,2026-06-02,Eligible,65.39,1,Selected
BID-003061,TND-00687,MPLADS-SYN-0687,CON-003,2322660.16,2026-06-02,Eligible,84.86,2,Not Selected
BID-003062,TND-00688,MPLADS-SYN-0688,CON-005,1257382.29,2026-04-06,Eligible,82.47,2,Not Selected
BID-003063,TND-00688,MPLADS-SYN-0688,CON-007,1291242.11,2026-04-06,Ineligible,,,Ineligible
BID-003064,TND-00688,MPLADS-SYN-0688,CON-002,1262325.51,2026-04-06,Eligible,77.6,3,Not Selected
BID-003065,TND-00688,MPLADS-SYN-0688,CON-003,1431770.04,2026-04-06,Eligible,84.54,4,Not Selected
BID-003066,TND-00688,MPLADS-SYN-0688,CON-001,1241395.26,2026-04-06,Eligible,85.24,1,Selected
BID-003067,TND-00688,MPLADS-SYN-0688,CON-004,1512999.49,2026-04-06,Eligible,76.4,5,Not Selected
BID-003068,TND-00689,MPLADS-SYN-0689,CON-001,3331620.69,2026-05-25,Eligible,70.36,3,Submitted
BID-003069,TND-00689,MPLADS-SYN-0689,CON-005,3737711.06,2026-05-25,Eligible,92.51,5,Not Selected
BID-003070,TND-00689,MPLADS-SYN-0689,CON-003,3291020.72,2026-05-25,Eligible,92.32,1,Submitted
BID-003071,TND-00689,MPLADS-SYN-0689,CON-002,3319643.15,2026-05-25,Eligible,74.14,2,Submitted
BID-003072,TND-00689,MPLADS-SYN-0689,CON-006,3511268.9,2026-05-25,Eligible,74.15,4,Not Selected
BID-003073,TND-00690,MPLADS-SYN-0690,CON-002,876226.81,2026-05-26,Eligible,69.96,2,Not Selected
BID-003074,TND-00690,MPLADS-SYN-0690,CON-004,866191.42,2026-05-26,Ineligible,,,Ineligible
BID-003075,TND-00690,MPLADS-SYN-0690,CON-003,816046.86,2026-05-26,Eligible,88.5,1,Not Selected
BID-003076,TND-00690,MPLADS-SYN-0690,CON-001,932177.77,2026-05-26,Eligible,61.62,3,Selected
BID-003077,TND-00690,MPLADS-SYN-0690,CON-007,833418.77,2026-05-26,Ineligible,,,Ineligible
BID-003078,TND-00691,MPLADS-SYN-0691,CON-004,3995793.34,2026-03-12,Eligible,68.27,3,Not Selected
BID-003079,TND-00691,MPLADS-SYN-0691,CON-002,4058504.0,2026-03-12,Eligible,83.2,4,Not Selected
BID-003080,TND-00691,MPLADS-SYN-0691,CON-003,4114859.02,2026-03-12,Ineligible,,,Ineligible
BID-003081,TND-00691,MPLADS-SYN-0691,CON-006,4208663.32,2026-03-12,Eligible,62.85,5,Not Selected
BID-003082,TND-00691,MPLADS-SYN-0691,CON-007,3583021.73,2026-03-12,Eligible,86.23,2,Not Selected
BID-003083,TND-00691,MPLADS-SYN-0691,CON-001,3445472.13,2026-03-12,Eligible,83.25,1,Selected
BID-003084,TND-00692,MPLADS-SYN-0692,CON-004,609578.99,2026-06-29,Eligible,77.9,3,Submitted
BID-003085,TND-00692,MPLADS-SYN-0692,CON-006,592212.11,2026-06-29,Eligible,82.35,2,Under Evaluation
BID-003086,TND-00692,MPLADS-SYN-0692,CON-001,589124.07,2026-06-29,Eligible,86.24,1,Not Selected
BID-003087,TND-00693,MPLADS-SYN-0693,CON-001,2243824.16,2026-05-09,Eligible,80.88,1,Not Selected
BID-003088,TND-00693,MPLADS-SYN-0693,CON-002,1892714.65,2026-05-09,Ineligible,,,Under Evaluation
BID-003089,TND-00694,MPLADS-SYN-0694,CON-003,968909.06,2026-04-09,Eligible,72.23,2,Submitted
BID-003090,TND-00694,MPLADS-SYN-0694,CON-006,930531.58,2026-04-09,Eligible,69.28,1,Under Evaluation
BID-003091,TND-00694,MPLADS-SYN-0694,CON-005,1060954.24,2026-04-09,Eligible,86.97,3,Not Selected
BID-003092,TND-00694,MPLADS-SYN-0694,CON-001,1170535.74,2026-04-09,Eligible,92.01,5,Under Evaluation
BID-003093,TND-00694,MPLADS-SYN-0694,CON-002,1084305.0,2026-04-09,Eligible,77.14,4,Submitted
BID-003094,TND-00694,MPLADS-SYN-0694,CON-004,1062175.11,2026-04-09,Ineligible,,,Submitted
BID-003095,TND-00695,MPLADS-SYN-0695,CON-006,1586028.48,2026-03-01,Eligible,92.07,1,Not Selected
BID-003096,TND-00695,MPLADS-SYN-0695,CON-002,1636371.43,2026-03-01,Eligible,93.52,2,Not Selected
BID-003097,TND-00696,MPLADS-SYN-0696,CON-004,1490977.19,2026-08-02,Ineligible,,,Under Evaluation
BID-003098,TND-00696,MPLADS-SYN-0696,CON-007,1773802.92,2026-08-02,Eligible,72.78,2,Not Selected
BID-003099,TND-00696,MPLADS-SYN-0696,CON-005,1449543.45,2026-08-02,Ineligible,,,Submitted
BID-003100,TND-00696,MPLADS-SYN-0696,CON-002,1566530.38,2026-08-02,Eligible,76.49,1,Submitted
BID-003101,TND-00697,MPLADS-SYN-0697,CON-003,1598385.63,2026-03-31,Eligible,67.22,1,Not Selected
BID-003102,TND-00697,MPLADS-SYN-0697,CON-006,1909997.29,2026-03-31,Eligible,67.64,2,Not Selected
BID-003103,TND-00698,MPLADS-SYN-0698,CON-002,2350050.89,2026-02-21,Eligible,78.12,2,Not Selected
BID-003104,TND-00698,MPLADS-SYN-0698,CON-005,2413595.16,2026-02-21,Eligible,96.2,3,Under Evaluation
BID-003105,TND-00698,MPLADS-SYN-0698,CON-001,2280838.61,2026-02-21,Ineligible,,,Submitted
BID-003106,TND-00698,MPLADS-SYN-0698,CON-004,2379752.54,2026-02-21,Ineligible,,,Not Selected
BID-003107,TND-00698,MPLADS-SYN-0698,CON-007,2422469.1,2026-02-21,Eligible,84.12,4,Submitted
BID-003108,TND-00698,MPLADS-SYN-0698,CON-003,2546420.27,2026-02-21,Eligible,90.9,5,Not Selected
BID-003109,TND-00698,MPLADS-SYN-0698,CON-006,2142825.34,2026-02-21,Eligible,64.84,1,Not Selected
BID-003110,TND-00699,MPLADS-SYN-0699,CON-005,2004563.96,2026-06-22,Eligible,96.86,1,Under Evaluation
BID-003111,TND-00699,MPLADS-SYN-0699,CON-007,2176829.57,2026-06-22,Eligible,86.33,2,Not Selected
BID-003112,TND-00700,MPLADS-SYN-0700,CON-003,1968717.7,2026-01-04,Ineligible,,,Ineligible
BID-003113,TND-00700,MPLADS-SYN-0700,CON-004,1808946.94,2026-01-04,Eligible,80.29,3,Selected
BID-003114,TND-00700,MPLADS-SYN-0700,CON-006,1998585.3,2026-01-04,Eligible,81.84,4,Not Selected
BID-003115,TND-00700,MPLADS-SYN-0700,CON-001,1677216.38,2026-01-04,Eligible,77.03,1,Not Selected
BID-003116,TND-00700,MPLADS-SYN-0700,CON-002,1779862.99,2026-01-04,Eligible,73.05,2,Not Selected
BID-003117,TND-00701,MPLADS-SYN-0701,CON-002,1067492.76,2026-07-20,Eligible,89.03,1,Not Selected
BID-003118,TND-00701,MPLADS-SYN-0701,CON-004,1096616.14,2026-07-20,Eligible,82.01,2,Not Selected
BID-003119,TND-00702,MPLADS-SYN-0702,CON-005,498923.46,2025-11-20,Eligible,78.41,2,Selected
BID-003120,TND-00702,MPLADS-SYN-0702,CON-004,515116.66,2025-11-20,Ineligible,,,Ineligible
BID-003121,TND-00702,MPLADS-SYN-0702,CON-001,481909.16,2025-11-20,Ineligible,,,Ineligible
BID-003122,TND-00702,MPLADS-SYN-0702,CON-003,475138.31,2025-11-20,Eligible,86.05,1,Not Selected
BID-003123,TND-00702,MPLADS-SYN-0702,CON-007,552579.07,2025-11-20,Eligible,75.41,3,Not Selected
BID-003124,TND-00703,MPLADS-SYN-0703,CON-001,1712611.54,2026-02-03,Eligible,64.28,2,Not Selected
BID-003125,TND-00703,MPLADS-SYN-0703,CON-004,1573782.66,2026-02-03,Eligible,91.88,1,Not Selected
BID-003126,TND-00704,MPLADS-SYN-0704,CON-004,1912800.05,2026-06-20,Eligible,89.5,4,Not Selected
BID-003127,TND-00704,MPLADS-SYN-0704,CON-005,1711161.32,2026-06-20,Eligible,71.02,2,Not Selected
BID-003128,TND-00704,MPLADS-SYN-0704,CON-002,1483296.2,2026-06-20,Eligible,85.19,1,Not Selected
BID-003129,TND-00704,MPLADS-SYN-0704,CON-006,1702924.8,2026-06-20,Ineligible,,,Ineligible
BID-003130,TND-00704,MPLADS-SYN-0704,CON-001,1859989.65,2026-06-20,Eligible,96.66,3,Not Selected
BID-003131,TND-00705,MPLADS-SYN-0705,CON-001,1265385.9,2026-02-12,Ineligible,,,Submitted
BID-003132,TND-00705,MPLADS-SYN-0705,CON-007,1357322.97,2026-02-12,Eligible,82.87,2,Not Selected
BID-003133,TND-00705,MPLADS-SYN-0705,CON-004,1237381.34,2026-02-12,Eligible,80.32,1,Under Evaluation
BID-003134,TND-00706,MPLADS-SYN-0706,CON-002,457719.12,2026-01-07,Eligible,78.33,1,Under Evaluation
BID-003135,TND-00706,MPLADS-SYN-0706,CON-004,518511.55,2026-01-07,Eligible,82.61,4,Not Selected
BID-003136,TND-00706,MPLADS-SYN-0706,CON-006,493900.17,2026-01-07,Eligible,73.21,3,Not Selected
BID-003137,TND-00706,MPLADS-SYN-0706,CON-001,558991.62,2026-01-07,Eligible,65.68,6,Submitted
BID-003138,TND-00706,MPLADS-SYN-0706,CON-007,555916.75,2026-01-07,Eligible,61.8,5,Submitted
BID-003139,TND-00706,MPLADS-SYN-0706,CON-005,460638.89,2026-01-07,Eligible,74.83,2,Not Selected
BID-003140,TND-00707,MPLADS-SYN-0707,CON-005,1661752.73,2026-03-28,Eligible,89.16,1,Not Selected
BID-003141,TND-00707,MPLADS-SYN-0707,CON-001,1616211.85,2026-03-28,Ineligible,,,Ineligible
BID-003142,TND-00707,MPLADS-SYN-0707,CON-007,1970436.56,2026-03-28,Eligible,76.42,5,Not Selected
BID-003143,TND-00707,MPLADS-SYN-0707,CON-006,1786267.0,2026-03-28,Ineligible,,,Ineligible
BID-003144,TND-00707,MPLADS-SYN-0707,CON-003,1941291.27,2026-03-28,Eligible,84.84,4,Selected
BID-003145,TND-00707,MPLADS-SYN-0707,CON-002,1768868.77,2026-03-28,Eligible,75.75,2,Not Selected
BID-003146,TND-00707,MPLADS-SYN-0707,CON-004,1819232.58,2026-03-28,Eligible,61.19,3,Not Selected
BID-003147,TND-00708,MPLADS-SYN-0708,CON-005,4238884.19,2026-04-04,Ineligible,,,Ineligible
BID-003148,TND-00708,MPLADS-SYN-0708,CON-002,4483144.05,2026-04-04,Ineligible,,,Ineligible
BID-003149,TND-00708,MPLADS-SYN-0708,CON-003,4777451.48,2026-04-04,Eligible,66.26,2,Not Selected
BID-003150,TND-00708,MPLADS-SYN-0708,CON-001,4915048.32,2026-04-04,Ineligible,,,Ineligible
BID-003151,TND-00708,MPLADS-SYN-0708,CON-004,4011047.03,2026-04-04,Eligible,64.44,1,Not Selected
BID-003152,TND-00708,MPLADS-SYN-0708,CON-006,4881257.55,2026-04-04,Ineligible,,,Ineligible
BID-003153,TND-00709,MPLADS-SYN-0709,CON-007,3356795.68,2026-05-11,Eligible,68.19,1,Not Selected
BID-003154,TND-00709,MPLADS-SYN-0709,CON-001,3974674.24,2026-05-11,Eligible,76.7,3,Not Selected
BID-003155,TND-00709,MPLADS-SYN-0709,CON-006,3377958.57,2026-05-11,Ineligible,,,Ineligible
BID-003156,TND-00709,MPLADS-SYN-0709,CON-002,3651693.63,2026-05-11,Ineligible,,,Ineligible
BID-003157,TND-00709,MPLADS-SYN-0709,CON-005,3648020.38,2026-05-11,Eligible,86.02,2,Not Selected
BID-003158,TND-00710,MPLADS-SYN-0710,CON-003,718023.9,2026-02-08,Eligible,78.59,4,Submitted
BID-003159,TND-00710,MPLADS-SYN-0710,CON-005,635435.01,2026-02-08,Eligible,72.65,1,Under Evaluation
BID-003160,TND-00710,MPLADS-SYN-0710,CON-001,683954.91,2026-02-08,Eligible,86.66,2,Submitted
BID-003161,TND-00710,MPLADS-SYN-0710,CON-007,777788.13,2026-02-08,Eligible,88.16,5,Submitted
BID-003162,TND-00710,MPLADS-SYN-0710,CON-002,692475.53,2026-02-08,Eligible,95.36,3,Submitted
BID-003163,TND-00711,MPLADS-SYN-0711,CON-001,1048659.91,2026-02-23,Eligible,78.8,5,Selected
BID-003164,TND-00711,MPLADS-SYN-0711,CON-006,994655.66,2026-02-23,Eligible,80.37,2,Not Selected
BID-003165,TND-00711,MPLADS-SYN-0711,CON-004,1025850.23,2026-02-23,Eligible,83.46,3,Not Selected
BID-003166,TND-00711,MPLADS-SYN-0711,CON-007,1028478.11,2026-02-23,Eligible,81.06,4,Not Selected
BID-003167,TND-00711,MPLADS-SYN-0711,CON-005,928451.99,2026-02-23,Eligible,66.47,1,Not Selected
BID-003168,TND-00712,MPLADS-SYN-0712,CON-006,1810167.37,2026-02-13,Eligible,64.39,1,Under Evaluation
BID-003169,TND-00712,MPLADS-SYN-0712,CON-001,1658501.76,2026-02-13,Ineligible,,,Under Evaluation
BID-003170,TND-00713,MPLADS-SYN-0713,CON-005,1994014.7,2026-02-20,Eligible,73.8,2,Not Selected
BID-003171,TND-00713,MPLADS-SYN-0713,CON-004,2029637.82,2026-02-20,Eligible,77.03,3,Not Selected
BID-003172,TND-00713,MPLADS-SYN-0713,CON-001,1881432.58,2026-02-20,Ineligible,,,Ineligible
BID-003173,TND-00713,MPLADS-SYN-0713,CON-007,1842387.95,2026-02-20,Eligible,84.27,1,Not Selected
BID-003174,TND-00714,MPLADS-SYN-0714,CON-003,274496.81,2026-03-25,Eligible,72.67,1,Submitted
BID-003175,TND-00714,MPLADS-SYN-0714,CON-001,291624.78,2026-03-25,Eligible,67.42,2,Submitted
BID-003176,TND-00714,MPLADS-SYN-0714,CON-004,294738.84,2026-03-25,Ineligible,,,Submitted
BID-003177,TND-00714,MPLADS-SYN-0714,CON-006,320538.52,2026-03-25,Eligible,67.64,5,Not Selected
BID-003178,TND-00714,MPLADS-SYN-0714,CON-007,316912.37,2026-03-25,Eligible,95.58,4,Under Evaluation
BID-003179,TND-00714,MPLADS-SYN-0714,CON-005,293473.49,2026-03-25,Eligible,62.6,3,Not Selected
BID-003180,TND-00714,MPLADS-SYN-0714,CON-002,314580.29,2026-03-25,Ineligible,,,Not Selected
BID-003181,TND-00715,MPLADS-SYN-0715,CON-004,856010.01,2026-04-29,Ineligible,,,Ineligible
BID-003182,TND-00715,MPLADS-SYN-0715,CON-001,725750.78,2026-04-29,Eligible,71.91,1,Not Selected
BID-003183,TND-00716,MPLADS-SYN-0716,CON-001,987770.97,2026-06-24,Eligible,78.34,1,Not Selected
BID-003184,TND-00716,MPLADS-SYN-0716,CON-005,1114530.91,2026-06-24,Eligible,63.86,4,Selected
BID-003185,TND-00716,MPLADS-SYN-0716,CON-003,1050599.14,2026-06-24,Eligible,73.54,2,Not Selected
BID-003186,TND-00716,MPLADS-SYN-0716,CON-006,1082673.15,2026-06-24,Eligible,71.12,3,Not Selected
BID-003187,TND-00716,MPLADS-SYN-0716,CON-002,1131379.48,2026-06-24,Ineligible,,,Ineligible
BID-003188,TND-00717,MPLADS-SYN-0717,CON-001,785153.28,2026-04-10,Ineligible,,,Submitted
BID-003189,TND-00717,MPLADS-SYN-0717,CON-004,867316.22,2026-04-10,Eligible,83.91,6,Under Evaluation
BID-003190,TND-00717,MPLADS-SYN-0717,CON-006,833027.53,2026-04-10,Eligible,83.16,4,Submitted
BID-003191,TND-00717,MPLADS-SYN-0717,CON-007,864587.64,2026-04-10,Eligible,61.4,5,Not Selected
BID-003192,TND-00717,MPLADS-SYN-0717,CON-005,749988.77,2026-04-10,Eligible,68.66,2,Under Evaluation
BID-003193,TND-00717,MPLADS-SYN-0717,CON-003,743189.21,2026-04-10,Eligible,86.94,1,Not Selected
BID-003194,TND-00717,MPLADS-SYN-0717,CON-002,775110.37,2026-04-10,Eligible,82.59,3,Not Selected
BID-003195,TND-00718,MPLADS-SYN-0718,CON-005,1005666.83,2026-01-10,Ineligible,,,Submitted
BID-003196,TND-00718,MPLADS-SYN-0718,CON-003,1000162.6,2026-01-10,Eligible,72.49,2,Under Evaluation
BID-003197,TND-00718,MPLADS-SYN-0718,CON-006,1037769.64,2026-01-10,Eligible,64.8,3,Not Selected
BID-003198,TND-00718,MPLADS-SYN-0718,CON-007,989373.96,2026-01-10,Eligible,61.95,1,Not Selected
BID-003199,TND-00718,MPLADS-SYN-0718,CON-004,894723.45,2026-01-10,Ineligible,,,Not Selected
BID-003200,TND-00719,MPLADS-SYN-0719,CON-005,1697991.91,2026-05-07,Ineligible,,,Submitted
BID-003201,TND-00719,MPLADS-SYN-0719,CON-006,1708860.95,2026-05-07,Eligible,95.17,4,Under Evaluation
BID-003202,TND-00719,MPLADS-SYN-0719,CON-007,1663299.65,2026-05-07,Eligible,76.17,3,Submitted
BID-003203,TND-00719,MPLADS-SYN-0719,CON-002,1643417.03,2026-05-07,Eligible,97.81,2,Not Selected
BID-003204,TND-00719,MPLADS-SYN-0719,CON-003,1730906.81,2026-05-07,Eligible,66.92,5,Submitted
BID-003205,TND-00719,MPLADS-SYN-0719,CON-004,1428966.93,2026-05-07,Eligible,80.07,1,Submitted
BID-003206,TND-00720,MPLADS-SYN-0720,CON-003,2883395.46,2026-05-07,Eligible,69.34,1,Not Selected
BID-003207,TND-00720,MPLADS-SYN-0720,CON-004,3212797.37,2026-05-07,Ineligible,,,Not Selected
BID-003208,TND-00721,MPLADS-SYN-0721,CON-001,485752.72,2026-02-09,Eligible,93.73,2,Not Selected
BID-003209,TND-00721,MPLADS-SYN-0721,CON-007,444946.31,2026-02-09,Eligible,91.67,1,Not Selected
BID-003210,TND-00722,MPLADS-SYN-0722,CON-004,1197384.85,2026-03-23,Ineligible,,,Ineligible
BID-003211,TND-00722,MPLADS-SYN-0722,CON-005,1459556.44,2026-03-23,Eligible,68.4,2,Not Selected
BID-003212,TND-00722,MPLADS-SYN-0722,CON-003,1413895.04,2026-03-23,Eligible,83.86,1,Not Selected
BID-003213,TND-00723,MPLADS-SYN-0723,CON-005,1316957.0,2026-03-31,Ineligible,,,Ineligible
BID-003214,TND-00723,MPLADS-SYN-0723,CON-006,1679056.15,2026-03-31,Eligible,89.21,2,Not Selected
BID-003215,TND-00723,MPLADS-SYN-0723,CON-004,1566540.34,2026-03-31,Eligible,64.81,1,Selected
BID-003216,TND-00724,MPLADS-SYN-0724,CON-003,357810.59,2026-01-08,Eligible,60.4,1,Not Selected
BID-003217,TND-00724,MPLADS-SYN-0724,CON-006,392267.34,2026-01-08,Eligible,92.41,2,Not Selected
BID-003218,TND-00724,MPLADS-SYN-0724,CON-001,394628.3,2026-01-08,Eligible,65.11,3,Selected
BID-003219,TND-00725,MPLADS-SYN-0725,CON-007,919945.7,2026-02-07,Eligible,61.61,2,Selected
BID-003220,TND-00725,MPLADS-SYN-0725,CON-003,873415.38,2026-02-07,Eligible,91.4,1,Not Selected
BID-003221,TND-00726,MPLADS-SYN-0726,CON-006,801464.16,2026-07-20,Eligible,68.06,1,Under Evaluation
BID-003222,TND-00726,MPLADS-SYN-0726,CON-001,830123.29,2026-07-20,Ineligible,,,Submitted
BID-003223,TND-00726,MPLADS-SYN-0726,CON-003,925742.03,2026-07-20,Ineligible,,,Submitted
BID-003224,TND-00727,MPLADS-SYN-0727,CON-003,2974430.34,2026-02-26,Eligible,87.38,1,Not Selected
BID-003225,TND-00727,MPLADS-SYN-0727,CON-004,3249806.46,2026-02-26,Eligible,73.42,2,Submitted
BID-003226,TND-00728,MPLADS-SYN-0728,CON-006,448598.65,2025-12-19,Ineligible,,,Ineligible
BID-003227,TND-00728,MPLADS-SYN-0728,CON-001,357760.63,2025-12-19,Eligible,77.11,1,Not Selected
BID-003228,TND-00728,MPLADS-SYN-0728,CON-003,373746.8,2025-12-19,Eligible,92.71,2,Not Selected
BID-003229,TND-00728,MPLADS-SYN-0728,CON-007,432592.16,2025-12-19,Eligible,82.22,3,Not Selected
BID-003230,TND-00729,MPLADS-SYN-0729,CON-004,3257611.41,2026-05-05,Eligible,74.43,2,Submitted
BID-003231,TND-00729,MPLADS-SYN-0729,CON-003,2834842.23,2026-05-05,Eligible,65.09,1,Not Selected
BID-003232,TND-00730,MPLADS-SYN-0730,CON-004,1457992.99,2026-08-14,Eligible,75.57,2,Selected
BID-003233,TND-00730,MPLADS-SYN-0730,CON-002,1366237.13,2026-08-14,Eligible,71.21,1,Not Selected
BID-003234,TND-00730,MPLADS-SYN-0730,CON-007,1431252.6,2026-08-14,Ineligible,,,Ineligible
BID-003235,TND-00730,MPLADS-SYN-0730,CON-005,1535641.85,2026-08-14,Eligible,62.61,3,Not Selected
BID-003236,TND-00731,MPLADS-SYN-0731,CON-005,1341984.95,2026-02-25,Eligible,93.88,3,Not Selected
BID-003237,TND-00731,MPLADS-SYN-0731,CON-003,1297829.83,2026-02-25,Eligible,91.47,2,Under Evaluation
BID-003238,TND-00731,MPLADS-SYN-0731,CON-001,1196391.66,2026-02-25,Eligible,61.42,1,Submitted
BID-003239,TND-00731,MPLADS-SYN-0731,CON-006,1414074.39,2026-02-25,Eligible,78.64,4,Submitted
BID-003240,TND-00732,MPLADS-SYN-0732,CON-002,929238.84,2026-07-07,Eligible,84.08,4,Not Selected
BID-003241,TND-00732,MPLADS-SYN-0732,CON-004,886624.01,2026-07-07,Ineligible,,,Ineligible
BID-003242,TND-00732,MPLADS-SYN-0732,CON-001,764742.88,2026-07-07,Eligible,82.5,1,Not Selected
BID-003243,TND-00732,MPLADS-SYN-0732,CON-007,912248.71,2026-07-07,Eligible,81.86,3,Not Selected
BID-003244,TND-00732,MPLADS-SYN-0732,CON-005,864591.36,2026-07-07,Eligible,75.9,2,Not Selected
BID-003245,TND-00733,MPLADS-SYN-0733,CON-003,649484.1,2026-05-19,Eligible,66.6,2,Not Selected
BID-003246,TND-00733,MPLADS-SYN-0733,CON-005,624905.01,2026-05-19,Eligible,79.35,1,Not Selected
BID-003247,TND-00733,MPLADS-SYN-0733,CON-007,666441.72,2026-05-19,Eligible,64.25,3,Under Evaluation
BID-003248,TND-00734,MPLADS-SYN-0734,CON-005,1228685.21,2026-08-07,Eligible,64.68,1,Selected
BID-003249,TND-00734,MPLADS-SYN-0734,CON-006,1273894.01,2026-08-07,Eligible,60.81,2,Not Selected
BID-003250,TND-00734,MPLADS-SYN-0734,CON-004,1517822.74,2026-08-07,Eligible,89.98,3,Not Selected
BID-003251,TND-00735,MPLADS-SYN-0735,CON-006,2177108.19,2026-04-06,Eligible,79.28,4,Not Selected
BID-003252,TND-00735,MPLADS-SYN-0735,CON-001,2001078.27,2026-04-06,Ineligible,,,Ineligible
BID-003253,TND-00735,MPLADS-SYN-0735,CON-003,2132969.04,2026-04-06,Eligible,96.55,2,Not Selected
BID-003254,TND-00735,MPLADS-SYN-0735,CON-002,2010456.81,2026-04-06,Eligible,68.15,1,Not Selected
BID-003255,TND-00735,MPLADS-SYN-0735,CON-005,2044600.4,2026-04-06,Ineligible,,,Ineligible
BID-003256,TND-00735,MPLADS-SYN-0735,CON-007,2136476.45,2026-04-06,Eligible,63.58,3,Not Selected
BID-003257,TND-00736,MPLADS-SYN-0736,CON-006,3710313.72,2026-04-13,Eligible,95.11,4,Submitted
BID-003258,TND-00736,MPLADS-SYN-0736,CON-005,3511167.83,2026-04-13,Eligible,93.99,2,Submitted
BID-003259,TND-00736,MPLADS-SYN-0736,CON-001,4061353.27,2026-04-13,Eligible,77.55,6,Under Evaluation
BID-003260,TND-00736,MPLADS-SYN-0736,CON-007,3449914.34,2026-04-13,Eligible,60.75,1,Submitted
BID-003261,TND-00736,MPLADS-SYN-0736,CON-002,4158617.05,2026-04-13,Ineligible,,,Not Selected
BID-003262,TND-00736,MPLADS-SYN-0736,CON-004,4041459.7,2026-04-13,Eligible,81.47,5,Submitted
BID-003263,TND-00736,MPLADS-SYN-0736,CON-003,3604055.55,2026-04-13,Eligible,91.93,3,Submitted
BID-003264,TND-00737,MPLADS-SYN-0737,CON-005,359151.71,2026-03-13,Eligible,96.28,1,Submitted
BID-003265,TND-00737,MPLADS-SYN-0737,CON-001,399932.72,2026-03-13,Eligible,80.67,2,Under Evaluation
BID-003266,TND-00738,MPLADS-SYN-0738,CON-004,1631572.93,2026-02-10,Ineligible,,,Submitted
BID-003267,TND-00738,MPLADS-SYN-0738,CON-005,1370624.58,2026-02-10,Eligible,97.69,1,Submitted
BID-003268,TND-00738,MPLADS-SYN-0738,CON-006,1622558.08,2026-02-10,Eligible,71.01,3,Submitted
BID-003269,TND-00738,MPLADS-SYN-0738,CON-003,1401868.13,2026-02-10,Eligible,75.93,2,Submitted
BID-003270,TND-00739,MPLADS-SYN-0739,CON-001,1528640.82,2026-02-18,Eligible,74.86,1,Submitted
BID-003271,TND-00739,MPLADS-SYN-0739,CON-006,1870151.5,2026-02-18,Eligible,81.71,6,Submitted
BID-003272,TND-00739,MPLADS-SYN-0739,CON-002,1600484.27,2026-02-18,Eligible,72.88,2,Submitted
BID-003273,TND-00739,MPLADS-SYN-0739,CON-003,1724729.25,2026-02-18,Eligible,62.28,3,Submitted
BID-003274,TND-00739,MPLADS-SYN-0739,CON-004,1733245.11,2026-02-18,Eligible,96.3,4,Under Evaluation
BID-003275,TND-00739,MPLADS-SYN-0739,CON-005,1763573.18,2026-02-18,Eligible,90.34,5,Submitted
BID-003276,TND-00739,MPLADS-SYN-0739,CON-007,1609203.61,2026-02-18,Ineligible,,,Submitted
BID-003277,TND-00740,MPLADS-SYN-0740,CON-002,1096611.59,2026-06-12,Ineligible,,,Ineligible
BID-003278,TND-00740,MPLADS-SYN-0740,CON-006,1239491.13,2026-06-12,Ineligible,,,Ineligible
BID-003279,TND-00740,MPLADS-SYN-0740,CON-005,1338937.34,2026-06-12,Ineligible,,,Ineligible
BID-003280,TND-00740,MPLADS-SYN-0740,CON-001,1217379.46,2026-06-12,Eligible,64.56,1,Not Selected
BID-003281,TND-00741,MPLADS-SYN-0741,CON-006,1641373.49,2026-05-15,Eligible,80.79,2,Not Selected
BID-003282,TND-00741,MPLADS-SYN-0741,CON-002,2053638.68,2026-05-15,Eligible,78.01,6,Not Selected
BID-003283,TND-00741,MPLADS-SYN-0741,CON-007,1592439.95,2026-05-15,Eligible,71.64,1,Not Selected
BID-003284,TND-00741,MPLADS-SYN-0741,CON-005,1779801.63,2026-05-15,Eligible,91.35,3,Not Selected
BID-003285,TND-00741,MPLADS-SYN-0741,CON-003,1944601.91,2026-05-15,Eligible,92.56,4,Not Selected
BID-003286,TND-00741,MPLADS-SYN-0741,CON-001,2024589.89,2026-05-15,Eligible,66.98,5,Not Selected
BID-003287,TND-00741,MPLADS-SYN-0741,CON-004,1656925.04,2026-05-15,Ineligible,,,Ineligible
BID-003288,TND-00742,MPLADS-SYN-0742,CON-001,2119907.33,2026-02-07,Ineligible,,,Submitted
BID-003289,TND-00742,MPLADS-SYN-0742,CON-003,1906792.95,2026-02-07,Eligible,85.63,1,Submitted
BID-003290,TND-00742,MPLADS-SYN-0742,CON-002,1929436.46,2026-02-07,Eligible,63.59,2,Under Evaluation
BID-003291,TND-00742,MPLADS-SYN-0742,CON-005,2183089.37,2026-02-07,Ineligible,,,Under Evaluation
BID-003292,TND-00742,MPLADS-SYN-0742,CON-006,1756845.92,2026-02-07,Ineligible,,,Not Selected
BID-003293,TND-00742,MPLADS-SYN-0742,CON-007,2130262.3,2026-02-07,Eligible,65.09,3,Not Selected
BID-003294,TND-00742,MPLADS-SYN-0742,CON-004,2195749.39,2026-02-07,Eligible,80.52,4,Not Selected
BID-003295,TND-00743,MPLADS-SYN-0743,CON-001,2331101.38,2026-03-30,Ineligible,,,Under Evaluation
BID-003296,TND-00743,MPLADS-SYN-0743,CON-005,2453448.21,2026-03-30,Ineligible,,,Not Selected
BID-003297,TND-00743,MPLADS-SYN-0743,CON-007,2577098.8,2026-03-30,Eligible,77.62,3,Submitted
BID-003298,TND-00743,MPLADS-SYN-0743,CON-002,2782448.0,2026-03-30,Eligible,79.97,4,Not Selected
BID-003299,TND-00743,MPLADS-SYN-0743,CON-004,2347815.68,2026-03-30,Eligible,79.42,2,Submitted
BID-003300,TND-00743,MPLADS-SYN-0743,CON-006,2296431.21,2026-03-30,Eligible,64.16,1,Not Selected
BID-003301,TND-00744,MPLADS-SYN-0744,CON-001,317756.65,2026-03-02,Ineligible,,,Ineligible
BID-003302,TND-00744,MPLADS-SYN-0744,CON-003,333069.8,2026-03-02,Eligible,75.34,1,Not Selected
BID-003303,TND-00744,MPLADS-SYN-0744,CON-006,372327.93,2026-03-02,Eligible,74.94,2,Not Selected
BID-003304,TND-00745,MPLADS-SYN-0745,CON-007,439469.42,2026-03-16,Eligible,70.59,2,Not Selected
BID-003305,TND-00745,MPLADS-SYN-0745,CON-005,385246.63,2026-03-16,Ineligible,,,Ineligible
BID-003306,TND-00745,MPLADS-SYN-0745,CON-006,385394.0,2026-03-16,Eligible,79.16,1,Not Selected
BID-003307,TND-00746,MPLADS-SYN-0746,CON-001,871710.26,2025-12-23,Eligible,87.15,3,Not Selected
BID-003308,TND-00746,MPLADS-SYN-0746,CON-005,775713.2,2025-12-23,Eligible,97.92,1,Not Selected
BID-003309,TND-00746,MPLADS-SYN-0746,CON-004,818841.17,2025-12-23,Eligible,86.08,2,Selected
BID-003310,TND-00746,MPLADS-SYN-0746,CON-003,942428.68,2025-12-23,Eligible,73.65,4,Not Selected
BID-003311,TND-00747,MPLADS-SYN-0747,CON-003,841989.64,2026-05-12,Eligible,60.69,1,Not Selected
BID-003312,TND-00747,MPLADS-SYN-0747,CON-007,969951.79,2026-05-12,Eligible,90.14,2,Not Selected
BID-003313,TND-00747,MPLADS-SYN-0747,CON-006,1025584.74,2026-05-12,Ineligible,,,Ineligible
BID-003314,TND-00748,MPLADS-SYN-0748,CON-004,1037808.28,2026-03-13,Eligible,74.61,1,Not Selected
BID-003315,TND-00748,MPLADS-SYN-0748,CON-005,1266655.41,2026-03-13,Eligible,91.18,4,Not Selected
BID-003316,TND-00748,MPLADS-SYN-0748,CON-001,1079353.43,2026-03-13,Ineligible,,,Ineligible
BID-003317,TND-00748,MPLADS-SYN-0748,CON-006,1098470.17,2026-03-13,Eligible,88.2,2,Selected
BID-003318,TND-00748,MPLADS-SYN-0748,CON-003,1214501.54,2026-03-13,Ineligible,,,Ineligible
BID-003319,TND-00748,MPLADS-SYN-0748,CON-007,1262703.85,2026-03-13,Eligible,74.75,3,Not Selected
BID-003320,TND-00749,MPLADS-SYN-0749,CON-004,595239.23,2026-02-14,Eligible,68.33,1,Not Selected
BID-003321,TND-00749,MPLADS-SYN-0749,CON-006,661461.95,2026-02-14,Eligible,91.73,4,Not Selected
BID-003322,TND-00749,MPLADS-SYN-0749,CON-003,750908.41,2026-02-14,Eligible,79.89,7,Submitted
BID-003323,TND-00749,MPLADS-SYN-0749,CON-007,601190.61,2026-02-14,Eligible,82.96,2,Not Selected
BID-003324,TND-00749,MPLADS-SYN-0749,CON-005,697893.91,2026-02-14,Eligible,79.05,5,Under Evaluation
BID-003325,TND-00749,MPLADS-SYN-0749,CON-002,717467.1,2026-02-14,Eligible,96.97,6,Submitted
BID-003326,TND-00749,MPLADS-SYN-0749,CON-001,619121.92,2026-02-14,Eligible,60.46,3,Not Selected
BID-003327,TND-00750,MPLADS-SYN-0750,CON-003,801441.91,2026-04-02,Eligible,82.12,4,Under Evaluation
BID-003328,TND-00750,MPLADS-SYN-0750,CON-002,820810.73,2026-04-02,Ineligible,,,Under Evaluation
BID-003329,TND-00750,MPLADS-SYN-0750,CON-001,768323.35,2026-04-02,Eligible,62.23,2,Submitted
BID-003330,TND-00750,MPLADS-SYN-0750,CON-004,707589.64,2026-04-02,Eligible,86.84,1,Submitted
BID-003331,TND-00750,MPLADS-SYN-0750,CON-005,787814.97,2026-04-02,Eligible,79.27,3,Not Selected
BID-003332,TND-00751,MPLADS-SYN-0751,CON-007,547867.45,2026-03-30,Eligible,96.79,1,Not Selected
BID-003333,TND-00751,MPLADS-SYN-0751,CON-005,496900.85,2026-03-30,Ineligible,,,Ineligible
BID-003334,TND-00752,MPLADS-SYN-0752,CON-001,1939559.19,2026-03-13,Eligible,80.96,1,Not Selected
BID-003335,TND-00752,MPLADS-SYN-0752,CON-004,2071268.64,2026-03-13,Eligible,86.09,3,Not Selected
BID-003336,TND-00752,MPLADS-SYN-0752,CON-002,2407738.8,2026-03-13,Eligible,89.88,5,Not Selected
BID-003337,TND-00752,MPLADS-SYN-0752,CON-003,2427876.82,2026-03-13,Eligible,81.45,6,Not Selected
BID-003338,TND-00752,MPLADS-SYN-0752,CON-007,2046209.91,2026-03-13,Ineligible,,,Ineligible
BID-003339,TND-00752,MPLADS-SYN-0752,CON-006,1950504.35,2026-03-13,Eligible,62.31,2,Not Selected
BID-003340,TND-00752,MPLADS-SYN-0752,CON-005,2220896.35,2026-03-13,Eligible,62.1,4,Not Selected
BID-003341,TND-00753,MPLADS-SYN-0753,CON-003,3058309.55,2026-06-07,Eligible,65.45,1,Not Selected
BID-003342,TND-00753,MPLADS-SYN-0753,CON-001,3059549.35,2026-06-07,Eligible,93.4,2,Not Selected
BID-003343,TND-00754,MPLADS-SYN-0754,CON-007,2608454.55,2026-04-11,Eligible,84.88,1,Not Selected
BID-003344,TND-00754,MPLADS-SYN-0754,CON-002,2739207.74,2026-04-11,Eligible,60.44,3,Not Selected
BID-003345,TND-00754,MPLADS-SYN-0754,CON-004,3091232.83,2026-04-11,Eligible,88.55,5,Selected
BID-003346,TND-00754,MPLADS-SYN-0754,CON-005,2709230.3,2026-04-11,Eligible,71.86,2,Not Selected
BID-003347,TND-00754,MPLADS-SYN-0754,CON-001,3083741.06,2026-04-11,Eligible,84.89,4,Not Selected
BID-003348,TND-00754,MPLADS-SYN-0754,CON-003,3209640.66,2026-04-11,Ineligible,,,Ineligible
BID-003349,TND-00755,MPLADS-SYN-0755,CON-003,3387328.98,2026-01-06,Eligible,71.75,2,Not Selected
BID-003350,TND-00755,MPLADS-SYN-0755,CON-002,3470568.96,2026-01-06,Eligible,73.29,4,Submitted
BID-003351,TND-00755,MPLADS-SYN-0755,CON-005,3565201.32,2026-01-06,Eligible,97.97,5,Under Evaluation
BID-003352,TND-00755,MPLADS-SYN-0755,CON-007,3216664.71,2026-01-06,Eligible,88.76,1,Under Evaluation
BID-003353,TND-00755,MPLADS-SYN-0755,CON-001,3392178.03,2026-01-06,Eligible,85.39,3,Under Evaluation
BID-003354,TND-00755,MPLADS-SYN-0755,CON-004,2929325.58,2026-01-06,Ineligible,,,Submitted
BID-003355,TND-00755,MPLADS-SYN-0755,CON-006,3195924.64,2026-01-06,Ineligible,,,Not Selected
BID-003356,TND-00756,MPLADS-SYN-0756,CON-006,2985451.17,2026-06-18,Eligible,77.99,4,Not Selected
BID-003357,TND-00756,MPLADS-SYN-0756,CON-007,3013781.9,2026-06-18,Eligible,81.97,5,Not Selected
BID-003358,TND-00756,MPLADS-SYN-0756,CON-002,2877867.26,2026-06-18,Eligible,60.57,3,Not Selected
BID-003359,TND-00756,MPLADS-SYN-0756,CON-001,2716606.43,2026-06-18,Eligible,90.64,2,Not Selected
BID-003360,TND-00756,MPLADS-SYN-0756,CON-005,2638607.0,2026-06-18,Ineligible,,,Ineligible
BID-003361,TND-00756,MPLADS-SYN-0756,CON-004,3130312.98,2026-06-18,Eligible,64.77,6,Selected
BID-003362,TND-00756,MPLADS-SYN-0756,CON-003,2645659.99,2026-06-18,Eligible,90.84,1,Not Selected
BID-003363,TND-00757,MPLADS-SYN-0757,CON-003,684592.82,2026-04-19,Ineligible,,,Ineligible
BID-003364,TND-00757,MPLADS-SYN-0757,CON-004,631629.4,2026-04-19,Eligible,65.73,1,Not Selected
BID-003365,TND-00758,MPLADS-SYN-0758,CON-003,1664569.17,2026-01-20,Eligible,90.44,4,Not Selected
BID-003366,TND-00758,MPLADS-SYN-0758,CON-005,1657555.42,2026-01-20,Eligible,89.12,3,Not Selected
BID-003367,TND-00758,MPLADS-SYN-0758,CON-006,1435440.89,2026-01-20,Ineligible,,,Ineligible
BID-003368,TND-00758,MPLADS-SYN-0758,CON-002,1711385.13,2026-01-20,Eligible,80.19,6,Not Selected
BID-003369,TND-00758,MPLADS-SYN-0758,CON-007,1584075.72,2026-01-20,Eligible,92.57,2,Not Selected
BID-003370,TND-00758,MPLADS-SYN-0758,CON-001,1569904.14,2026-01-20,Eligible,68.56,1,Not Selected
BID-003371,TND-00758,MPLADS-SYN-0758,CON-004,1671638.97,2026-01-20,Eligible,79.02,5,Selected
BID-003372,TND-00759,MPLADS-SYN-0759,CON-007,845423.21,2026-08-10,Eligible,82.29,2,Not Selected
BID-003373,TND-00759,MPLADS-SYN-0759,CON-006,783053.97,2026-08-10,Eligible,97.74,1,Not Selected
BID-003374,TND-00760,MPLADS-SYN-0760,CON-003,748439.16,2026-07-22,Eligible,66.91,4,Not Selected
BID-003375,TND-00760,MPLADS-SYN-0760,CON-007,632077.12,2026-07-22,Eligible,71.82,1,Not Selected
BID-003376,TND-00760,MPLADS-SYN-0760,CON-001,720030.79,2026-07-22,Eligible,63.13,2,Not Selected
BID-003377,TND-00760,MPLADS-SYN-0760,CON-006,732401.81,2026-07-22,Eligible,92.8,3,Selected
BID-003378,TND-00761,MPLADS-SYN-0761,CON-001,1249465.82,2026-04-24,Ineligible,,,Ineligible
BID-003379,TND-00761,MPLADS-SYN-0761,CON-003,1018404.81,2026-04-24,Ineligible,,,Ineligible
BID-003380,TND-00761,MPLADS-SYN-0761,CON-006,992700.52,2026-04-24,Eligible,67.7,1,Not Selected
BID-003381,TND-00761,MPLADS-SYN-0761,CON-004,995463.57,2026-04-24,Eligible,63.99,2,Not Selected
BID-003382,TND-00761,MPLADS-SYN-0761,CON-007,1105932.52,2026-04-24,Eligible,63.05,3,Selected
BID-003383,TND-00762,MPLADS-SYN-0762,CON-006,1534285.3,2026-03-31,Ineligible,,,Not Selected
BID-003384,TND-00762,MPLADS-SYN-0762,CON-001,1530769.38,2026-03-31,Ineligible,,,Not Selected
BID-003385,TND-00762,MPLADS-SYN-0762,CON-003,1730214.45,2026-03-31,Eligible,63.99,1,Not Selected
BID-003386,TND-00762,MPLADS-SYN-0762,CON-007,1763274.17,2026-03-31,Ineligible,,,Submitted
BID-003387,TND-00762,MPLADS-SYN-0762,CON-002,1820244.83,2026-03-31,Eligible,87.18,2,Not Selected
BID-003388,TND-00763,MPLADS-SYN-0763,CON-007,1461562.48,2026-06-18,Eligible,83.89,4,Not Selected
BID-003389,TND-00763,MPLADS-SYN-0763,CON-006,1190886.65,2026-06-18,Ineligible,,,Ineligible
BID-003390,TND-00763,MPLADS-SYN-0763,CON-002,1281198.69,2026-06-18,Eligible,80.14,1,Not Selected
BID-003391,TND-00763,MPLADS-SYN-0763,CON-005,1406362.81,2026-06-18,Eligible,77.96,3,Not Selected
BID-003392,TND-00763,MPLADS-SYN-0763,CON-004,1221515.22,2026-06-18,Ineligible,,,Ineligible
BID-003393,TND-00763,MPLADS-SYN-0763,CON-003,1343485.79,2026-06-18,Eligible,77.92,2,Not Selected
BID-003394,TND-00764,MPLADS-SYN-0764,CON-006,918949.07,2025-12-29,Eligible,64.93,5,Selected
BID-003395,TND-00764,MPLADS-SYN-0764,CON-005,756588.55,2025-12-29,Ineligible,,,Ineligible
BID-003396,TND-00764,MPLADS-SYN-0764,CON-001,766775.98,2025-12-29,Ineligible,,,Ineligible
BID-003397,TND-00764,MPLADS-SYN-0764,CON-002,876727.73,2025-12-29,Eligible,78.44,3,Not Selected
BID-003398,TND-00764,MPLADS-SYN-0764,CON-003,889875.27,2025-12-29,Eligible,77.0,4,Not Selected
BID-003399,TND-00764,MPLADS-SYN-0764,CON-007,802037.32,2025-12-29,Eligible,94.19,2,Not Selected
BID-003400,TND-00764,MPLADS-SYN-0764,CON-004,715464.56,2025-12-29,Eligible,80.79,1,Not Selected
BID-003401,TND-00765,MPLADS-SYN-0765,CON-005,1217536.74,2026-02-08,Eligible,68.1,2,Not Selected
BID-003402,TND-00765,MPLADS-SYN-0765,CON-006,1100625.8,2026-02-08,Eligible,66.17,1,Not Selected
BID-003403,TND-00765,MPLADS-SYN-0765,CON-003,1225029.75,2026-02-08,Ineligible,,,Ineligible
BID-003404,TND-00765,MPLADS-SYN-0765,CON-007,1155673.26,2026-02-08,Ineligible,,,Ineligible
BID-003405,TND-00765,MPLADS-SYN-0765,CON-004,1160714.8,2026-02-08,Ineligible,,,Ineligible
BID-003406,TND-00765,MPLADS-SYN-0765,CON-001,1145930.95,2026-02-08,Ineligible,,,Ineligible
BID-003407,TND-00765,MPLADS-SYN-0765,CON-002,1061278.66,2026-02-08,Ineligible,,,Ineligible
BID-003408,TND-00766,MPLADS-SYN-0766,CON-001,4057554.17,2026-03-02,Eligible,69.34,2,Not Selected
BID-003409,TND-00766,MPLADS-SYN-0766,CON-006,4494062.47,2026-03-02,Eligible,86.49,3,Not Selected
BID-003410,TND-00766,MPLADS-SYN-0766,CON-005,4589130.22,2026-03-02,Eligible,63.4,4,Not Selected
BID-003411,TND-00766,MPLADS-SYN-0766,CON-003,3653576.54,2026-03-02,Eligible,91.87,1,Not Selected
BID-003412,TND-00767,MPLADS-SYN-0767,CON-007,1400240.46,2025-12-29,Eligible,90.93,3,Not Selected
BID-003413,TND-00767,MPLADS-SYN-0767,CON-006,1300737.49,2025-12-29,Eligible,61.78,2,Selected
BID-003414,TND-00767,MPLADS-SYN-0767,CON-003,1225326.9,2025-12-29,Eligible,74.33,1,Not Selected
BID-003415,TND-00767,MPLADS-SYN-0767,CON-001,1441893.3,2025-12-29,Ineligible,,,Ineligible
BID-003416,TND-00767,MPLADS-SYN-0767,CON-002,1434400.06,2025-12-29,Ineligible,,,Ineligible
BID-003417,TND-00767,MPLADS-SYN-0767,CON-005,1439520.3,2025-12-29,Eligible,68.78,4,Not Selected
BID-003418,TND-00767,MPLADS-SYN-0767,CON-004,1493707.59,2025-12-29,Eligible,68.84,5,Not Selected
BID-003419,TND-00768,MPLADS-SYN-0768,CON-004,865138.0,2026-04-29,Eligible,75.98,2,Under Evaluation
BID-003420,TND-00768,MPLADS-SYN-0768,CON-001,854585.02,2026-04-29,Eligible,79.21,1,Under Evaluation
BID-003421,TND-00768,MPLADS-SYN-0768,CON-003,862718.89,2026-04-29,Ineligible,,,Submitted
BID-003422,TND-00769,MPLADS-SYN-0769,CON-003,1044572.21,2026-04-02,Eligible,94.42,1,Not Selected
BID-003423,TND-00769,MPLADS-SYN-0769,CON-002,1281513.19,2026-04-02,Eligible,90.67,4,Not Selected
BID-003424,TND-00769,MPLADS-SYN-0769,CON-006,1051360.96,2026-04-02,Eligible,89.07,2,Not Selected
BID-003425,TND-00769,MPLADS-SYN-0769,CON-007,1159580.79,2026-04-02,Eligible,72.97,3,Not Selected
BID-003426,TND-00770,MPLADS-SYN-0770,CON-002,690461.81,2026-07-15,Eligible,89.9,2,Under Evaluation
BID-003427,TND-00770,MPLADS-SYN-0770,CON-003,699911.53,2026-07-15,Eligible,76.07,3,Under Evaluation
BID-003428,TND-00770,MPLADS-SYN-0770,CON-007,704920.12,2026-07-15,Eligible,73.61,5,Submitted
BID-003429,TND-00770,MPLADS-SYN-0770,CON-001,701081.59,2026-07-15,Eligible,67.74,4,Under Evaluation
BID-003430,TND-00770,MPLADS-SYN-0770,CON-005,771411.09,2026-07-15,Ineligible,,,Submitted
BID-003431,TND-00770,MPLADS-SYN-0770,CON-006,686501.82,2026-07-15,Eligible,78.27,1,Not Selected
BID-003432,TND-00771,MPLADS-SYN-0771,CON-007,475441.42,2026-04-30,Eligible,63.71,2,Submitted
BID-003433,TND-00771,MPLADS-SYN-0771,CON-006,455461.15,2026-04-30,Eligible,60.61,1,Not Selected
BID-003434,TND-00772,MPLADS-SYN-0772,CON-002,902121.48,2026-04-07,Eligible,89.28,1,Not Selected
BID-003435,TND-00772,MPLADS-SYN-0772,CON-004,958092.88,2026-04-07,Ineligible,,,Ineligible
BID-003436,TND-00772,MPLADS-SYN-0772,CON-006,1106269.46,2026-04-07,Ineligible,,,Ineligible
BID-003437,TND-00772,MPLADS-SYN-0772,CON-003,905448.96,2026-04-07,Eligible,97.89,2,Not Selected
BID-003438,TND-00772,MPLADS-SYN-0772,CON-001,971795.46,2026-04-07,Eligible,69.53,3,Selected
BID-003439,TND-00772,MPLADS-SYN-0772,CON-005,861097.11,2026-04-07,Ineligible,,,Ineligible
BID-003440,TND-00773,MPLADS-SYN-0773,CON-005,1628752.06,2026-02-02,Ineligible,,,Under Evaluation
BID-003441,TND-00773,MPLADS-SYN-0773,CON-002,1574747.19,2026-02-02,Eligible,82.94,2,Under Evaluation
BID-003442,TND-00773,MPLADS-SYN-0773,CON-007,1492378.84,2026-02-02,Ineligible,,,Not Selected
BID-003443,TND-00773,MPLADS-SYN-0773,CON-003,1610379.25,2026-02-02,Ineligible,,,Not Selected
BID-003444,TND-00773,MPLADS-SYN-0773,CON-006,1423998.77,2026-02-02,Eligible,79.65,1,Under Evaluation
BID-003445,TND-00774,MPLADS-SYN-0774,CON-007,1337655.07,2025-12-06,Eligible,69.87,3,Not Selected
BID-003446,TND-00774,MPLADS-SYN-0774,CON-005,1198993.0,2025-12-06,Eligible,86.12,1,Not Selected
BID-003447,TND-00774,MPLADS-SYN-0774,CON-002,1389948.88,2025-12-06,Eligible,78.02,4,Not Selected
BID-003448,TND-00774,MPLADS-SYN-0774,CON-001,1272867.36,2025-12-06,Eligible,96.37,2,Selected
BID-003449,TND-00774,MPLADS-SYN-0774,CON-003,1192759.0,2025-12-06,Ineligible,,,Ineligible
BID-003450,TND-00775,MPLADS-SYN-0775,CON-004,2720732.5,2026-06-27,Eligible,69.17,1,Not Selected
BID-003451,TND-00775,MPLADS-SYN-0775,CON-002,3271833.07,2026-06-27,Eligible,65.59,7,Not Selected
BID-003452,TND-00775,MPLADS-SYN-0775,CON-001,2802075.91,2026-06-27,Eligible,92.69,4,Not Selected
BID-003453,TND-00775,MPLADS-SYN-0775,CON-005,3247045.7,2026-06-27,Eligible,77.31,6,Selected
BID-003454,TND-00775,MPLADS-SYN-0775,CON-003,2821884.4,2026-06-27,Eligible,86.83,5,Not Selected
BID-003455,TND-00775,MPLADS-SYN-0775,CON-006,2797782.74,2026-06-27,Eligible,78.32,3,Not Selected
BID-003456,TND-00775,MPLADS-SYN-0775,CON-007,2743771.18,2026-06-27,Eligible,91.76,2,Not Selected
BID-003457,TND-00776,MPLADS-SYN-0776,CON-006,907516.62,2026-06-30,Eligible,83.44,2,Submitted
BID-003458,TND-00776,MPLADS-SYN-0776,CON-005,1035088.77,2026-06-30,Eligible,70.19,3,Under Evaluation
BID-003459,TND-00776,MPLADS-SYN-0776,CON-004,1037527.89,2026-06-30,Eligible,74.24,4,Submitted
BID-003460,TND-00776,MPLADS-SYN-0776,CON-007,1139249.2,2026-06-30,Ineligible,,,Not Selected
BID-003461,TND-00776,MPLADS-SYN-0776,CON-001,894564.2,2026-06-30,Eligible,61.12,1,Submitted
BID-003462,TND-00776,MPLADS-SYN-0776,CON-002,939798.0,2026-06-30,Ineligible,,,Not Selected
BID-003463,TND-00777,MPLADS-SYN-0777,CON-006,327733.96,2026-06-03,Eligible,76.05,5,Not Selected
BID-003464,TND-00777,MPLADS-SYN-0777,CON-001,265458.68,2026-06-03,Eligible,77.12,1,Not Selected
BID-003465,TND-00777,MPLADS-SYN-0777,CON-007,331974.2,2026-06-03,Eligible,95.02,6,Selected
BID-003466,TND-00777,MPLADS-SYN-0777,CON-002,325982.32,2026-06-03,Eligible,75.2,4,Not Selected
BID-003467,TND-00777,MPLADS-SYN-0777,CON-003,278536.41,2026-06-03,Eligible,93.75,2,Not Selected
BID-003468,TND-00777,MPLADS-SYN-0777,CON-004,316606.94,2026-06-03,Eligible,71.07,3,Not Selected
BID-003469,TND-00778,MPLADS-SYN-0778,CON-002,1815553.94,2025-12-29,Eligible,76.46,1,Under Evaluation
BID-003470,TND-00778,MPLADS-SYN-0778,CON-006,1857249.65,2025-12-29,Eligible,68.45,3,Not Selected
BID-003471,TND-00778,MPLADS-SYN-0778,CON-007,2021039.04,2025-12-29,Ineligible,,,Under Evaluation
BID-003472,TND-00778,MPLADS-SYN-0778,CON-003,1866655.88,2025-12-29,Eligible,83.4,4,Under Evaluation
BID-003473,TND-00778,MPLADS-SYN-0778,CON-001,2046501.57,2025-12-29,Eligible,86.56,5,Submitted
BID-003474,TND-00778,MPLADS-SYN-0778,CON-004,1845681.75,2025-12-29,Eligible,77.56,2,Submitted
BID-003475,TND-00779,MPLADS-SYN-0779,CON-002,4581137.41,2025-12-31,Eligible,84.78,2,Under Evaluation
BID-003476,TND-00779,MPLADS-SYN-0779,CON-006,4012834.68,2025-12-31,Ineligible,,,Submitted
BID-003477,TND-00779,MPLADS-SYN-0779,CON-007,3825100.93,2025-12-31,Ineligible,,,Not Selected
BID-003478,TND-00779,MPLADS-SYN-0779,CON-005,4144462.71,2025-12-31,Ineligible,,,Not Selected
BID-003479,TND-00779,MPLADS-SYN-0779,CON-001,4048273.54,2025-12-31,Eligible,92.79,1,Under Evaluation
BID-003480,TND-00780,MPLADS-SYN-0780,CON-004,1466372.21,2026-03-02,Ineligible,,,Under Evaluation
BID-003481,TND-00780,MPLADS-SYN-0780,CON-003,1347848.61,2026-03-02,Eligible,77.2,1,Submitted
BID-003482,TND-00781,MPLADS-SYN-0781,CON-001,740080.72,2026-01-17,Eligible,88.63,2,Selected
BID-003483,TND-00781,MPLADS-SYN-0781,CON-007,806832.63,2026-01-17,Eligible,66.45,5,Not Selected
BID-003484,TND-00781,MPLADS-SYN-0781,CON-004,749671.66,2026-01-17,Eligible,81.47,3,Not Selected
BID-003485,TND-00781,MPLADS-SYN-0781,CON-006,806056.89,2026-01-17,Eligible,82.61,4,Not Selected
BID-003486,TND-00781,MPLADS-SYN-0781,CON-003,677521.75,2026-01-17,Eligible,94.36,1,Not Selected
BID-003487,TND-00782,MPLADS-SYN-0782,CON-006,2398489.4,2026-04-05,Eligible,86.42,5,Not Selected
BID-003488,TND-00782,MPLADS-SYN-0782,CON-007,2173911.13,2026-04-05,Eligible,88.69,2,Not Selected
BID-003489,TND-00782,MPLADS-SYN-0782,CON-002,2196475.96,2026-04-05,Eligible,71.19,3,Not Selected
BID-003490,TND-00782,MPLADS-SYN-0782,CON-001,2196889.59,2026-04-05,Eligible,82.5,4,Not Selected
BID-003491,TND-00782,MPLADS-SYN-0782,CON-005,2128188.28,2026-04-05,Eligible,73.18,1,Not Selected
BID-003492,TND-00782,MPLADS-SYN-0782,CON-003,2498339.19,2026-04-05,Eligible,64.65,6,Not Selected
BID-003493,TND-00782,MPLADS-SYN-0782,CON-004,2549571.11,2026-04-05,Eligible,88.6,7,Not Selected
BID-003494,TND-00783,MPLADS-SYN-0783,CON-001,1729677.27,2026-04-11,Eligible,78.28,4,Not Selected
BID-003495,TND-00783,MPLADS-SYN-0783,CON-007,1687590.45,2026-04-11,Eligible,70.56,2,Not Selected
BID-003496,TND-00783,MPLADS-SYN-0783,CON-006,1576832.77,2026-04-11,Eligible,74.59,1,Not Selected
BID-003497,TND-00783,MPLADS-SYN-0783,CON-003,1817860.39,2026-04-11,Eligible,84.35,5,Selected
BID-003498,TND-00783,MPLADS-SYN-0783,CON-005,1804692.53,2026-04-11,Ineligible,,,Ineligible
BID-003499,TND-00783,MPLADS-SYN-0783,CON-002,1702563.51,2026-04-11,Eligible,82.27,3,Not Selected
BID-003500,TND-00783,MPLADS-SYN-0783,CON-004,1629269.22,2026-04-11,Ineligible,,,Ineligible
BID-003501,TND-00784,MPLADS-SYN-0784,CON-001,3444935.6,2026-04-21,Eligible,75.23,1,Not Selected
BID-003502,TND-00784,MPLADS-SYN-0784,CON-002,3855436.78,2026-04-21,Eligible,72.1,2,Under Evaluation
BID-003503,TND-00785,MPLADS-SYN-0785,CON-005,1040784.24,2026-04-01,Eligible,86.65,1,Submitted
BID-003504,TND-00785,MPLADS-SYN-0785,CON-004,1222751.53,2026-04-01,Ineligible,,,Submitted
BID-003505,TND-00785,MPLADS-SYN-0785,CON-007,1096842.13,2026-04-01,Eligible,60.17,2,Submitted
BID-003506,TND-00786,MPLADS-SYN-0786,CON-005,1104248.45,2026-05-28,Eligible,62.39,2,Not Selected
BID-003507,TND-00786,MPLADS-SYN-0786,CON-007,1258008.1,2026-05-28,Eligible,73.48,4,Not Selected
BID-003508,TND-00786,MPLADS-SYN-0786,CON-003,1143221.98,2026-05-28,Eligible,67.98,3,Not Selected
BID-003509,TND-00786,MPLADS-SYN-0786,CON-002,1282857.11,2026-05-28,Eligible,82.11,5,Not Selected
BID-003510,TND-00786,MPLADS-SYN-0786,CON-001,1077808.25,2026-05-28,Eligible,85.32,1,Not Selected
BID-003511,TND-00787,MPLADS-SYN-0787,CON-001,666222.36,2026-06-26,Eligible,83.01,4,Under Evaluation
BID-003512,TND-00787,MPLADS-SYN-0787,CON-006,581930.22,2026-06-26,Eligible,65.83,2,Submitted
BID-003513,TND-00787,MPLADS-SYN-0787,CON-004,576415.01,2026-06-26,Eligible,91.11,1,Not Selected
BID-003514,TND-00787,MPLADS-SYN-0787,CON-005,664666.62,2026-06-26,Eligible,95.41,3,Not Selected
BID-003515,TND-00788,MPLADS-SYN-0788,CON-006,2883145.1,2026-03-03,Ineligible,,,Ineligible
BID-003516,TND-00788,MPLADS-SYN-0788,CON-005,3182709.9,2026-03-03,Eligible,96.54,2,Not Selected
BID-003517,TND-00788,MPLADS-SYN-0788,CON-007,3221172.28,2026-03-03,Eligible,82.38,3,Not Selected
BID-003518,TND-00788,MPLADS-SYN-0788,CON-003,3300598.45,2026-03-03,Ineligible,,,Ineligible
BID-003519,TND-00788,MPLADS-SYN-0788,CON-004,2825103.34,2026-03-03,Eligible,93.16,1,Not Selected
BID-003520,TND-00788,MPLADS-SYN-0788,CON-001,3267923.91,2026-03-03,Eligible,72.93,4,Not Selected
BID-003521,TND-00789,MPLADS-SYN-0789,CON-006,1303991.66,2026-07-25,Eligible,75.12,4,Not Selected
BID-003522,TND-00789,MPLADS-SYN-0789,CON-005,1110478.73,2026-07-25,Eligible,73.77,1,Not Selected
BID-003523,TND-00789,MPLADS-SYN-0789,CON-007,1362053.0,2026-07-25,Eligible,88.01,6,Not Selected
BID-003524,TND-00789,MPLADS-SYN-0789,CON-002,1096248.23,2026-07-25,Ineligible,,,Ineligible
BID-003525,TND-00789,MPLADS-SYN-0789,CON-003,1124163.5,2026-07-25,Eligible,66.56,2,Not Selected
BID-003526,TND-00789,MPLADS-SYN-0789,CON-004,1344916.56,2026-07-25,Eligible,88.69,5,Not Selected
BID-003527,TND-00789,MPLADS-SYN-0789,CON-001,1238984.35,2026-07-25,Eligible,87.71,3,Not Selected
BID-003528,TND-00790,MPLADS-SYN-0790,CON-005,1987904.96,2026-03-31,Eligible,90.13,1,Not Selected
BID-003529,TND-00790,MPLADS-SYN-0790,CON-002,2123610.86,2026-03-31,Eligible,63.31,2,Not Selected
BID-003530,TND-00790,MPLADS-SYN-0790,CON-007,2312368.66,2026-03-31,Eligible,82.57,3,Selected
BID-003531,TND-00790,MPLADS-SYN-0790,CON-003,2439545.54,2026-03-31,Ineligible,,,Ineligible
BID-003532,TND-00790,MPLADS-SYN-0790,CON-004,2210249.06,2026-03-31,Ineligible,,,Ineligible
BID-003533,TND-00790,MPLADS-SYN-0790,CON-006,2003658.72,2026-03-31,Ineligible,,,Ineligible
BID-003534,TND-00791,MPLADS-SYN-0791,CON-003,742312.32,2025-12-13,Eligible,67.38,1,Under Evaluation
BID-003535,TND-00791,MPLADS-SYN-0791,CON-002,745351.96,2025-12-13,Eligible,61.49,2,Not Selected
BID-003536,TND-00791,MPLADS-SYN-0791,CON-006,885192.94,2025-12-13,Eligible,88.02,4,Submitted
BID-003537,TND-00791,MPLADS-SYN-0791,CON-007,749146.47,2025-12-13,Eligible,74.09,3,Submitted
BID-003538,TND-00792,MPLADS-SYN-0792,CON-002,1033534.5,2026-04-25,Eligible,96.09,3,Not Selected
BID-003539,TND-00792,MPLADS-SYN-0792,CON-005,968936.57,2026-04-25,Eligible,86.4,1,Not Selected
BID-003540,TND-00792,MPLADS-SYN-0792,CON-001,1021815.77,2026-04-25,Eligible,95.41,2,Selected
BID-003541,TND-00792,MPLADS-SYN-0792,CON-003,947903.95,2026-04-25,Ineligible,,,Ineligible
BID-003542,TND-00793,MPLADS-SYN-0793,CON-005,855976.28,2025-12-09,Eligible,68.3,1,Not Selected
BID-003543,TND-00793,MPLADS-SYN-0793,CON-003,951987.48,2025-12-09,Eligible,60.39,3,Not Selected
BID-003544,TND-00793,MPLADS-SYN-0793,CON-002,963317.4,2025-12-09,Eligible,77.6,4,Not Selected
BID-003545,TND-00793,MPLADS-SYN-0793,CON-001,872972.16,2025-12-09,Ineligible,,,Ineligible
BID-003546,TND-00793,MPLADS-SYN-0793,CON-006,846356.94,2025-12-09,Ineligible,,,Ineligible
BID-003547,TND-00793,MPLADS-SYN-0793,CON-004,984315.93,2025-12-09,Eligible,85.59,5,Not Selected
BID-003548,TND-00793,MPLADS-SYN-0793,CON-007,874354.61,2025-12-09,Eligible,89.89,2,Not Selected
BID-003549,TND-00794,MPLADS-SYN-0794,CON-001,1016949.86,2026-04-06,Eligible,87.19,1,Selected
BID-003550,TND-00794,MPLADS-SYN-0794,CON-005,1089363.2,2026-04-06,Eligible,94.2,3,Not Selected
BID-003551,TND-00794,MPLADS-SYN-0794,CON-006,1060215.31,2026-04-06,Eligible,77.47,2,Not Selected
BID-003552,TND-00794,MPLADS-SYN-0794,CON-002,1110877.58,2026-04-06,Ineligible,,,Ineligible
BID-003553,TND-00794,MPLADS-SYN-0794,CON-007,1127965.68,2026-04-06,Ineligible,,,Ineligible
BID-003554,TND-00794,MPLADS-SYN-0794,CON-003,1250918.81,2026-04-06,Eligible,76.04,4,Not Selected
BID-003555,TND-00795,MPLADS-SYN-0795,CON-005,3193513.12,2026-05-17,Eligible,83.7,2,Selected
BID-003556,TND-00795,MPLADS-SYN-0795,CON-006,2747389.81,2026-05-17,Eligible,93.44,1,Not Selected
BID-003557,TND-00796,MPLADS-SYN-0796,CON-006,178621.78,2025-12-19,Eligible,61.56,2,Not Selected
BID-003558,TND-00796,MPLADS-SYN-0796,CON-004,178435.0,2025-12-19,Eligible,76.92,1,Selected
BID-003559,TND-00796,MPLADS-SYN-0796,CON-007,183330.44,2025-12-19,Eligible,62.96,3,Not Selected
BID-003560,TND-00796,MPLADS-SYN-0796,CON-001,194810.51,2025-12-19,Eligible,70.21,5,Not Selected
BID-003561,TND-00796,MPLADS-SYN-0796,CON-005,191420.03,2025-12-19,Eligible,90.25,4,Not Selected
BID-003562,TND-00796,MPLADS-SYN-0796,CON-002,195049.16,2025-12-19,Ineligible,,,Ineligible
BID-003563,TND-00797,MPLADS-SYN-0797,CON-005,1360260.12,2026-01-28,Eligible,75.88,3,Not Selected
BID-003564,TND-00797,MPLADS-SYN-0797,CON-004,1428415.19,2026-01-28,Eligible,86.15,4,Selected
BID-003565,TND-00797,MPLADS-SYN-0797,CON-006,1286264.38,2026-01-28,Ineligible,,,Ineligible
BID-003566,TND-00797,MPLADS-SYN-0797,CON-001,1488219.2,2026-01-28,Eligible,62.4,5,Not Selected
BID-003567,TND-00797,MPLADS-SYN-0797,CON-003,1228351.66,2026-01-28,Eligible,82.63,1,Not Selected
BID-003568,TND-00797,MPLADS-SYN-0797,CON-002,1305769.15,2026-01-28,Eligible,83.78,2,Not Selected
BID-003569,TND-00798,MPLADS-SYN-0798,CON-003,4080557.54,2025-12-15,Eligible,74.85,1,Not Selected
BID-003570,TND-00798,MPLADS-SYN-0798,CON-006,4092361.43,2025-12-15,Eligible,89.65,2,Not Selected
BID-003571,TND-00799,MPLADS-SYN-0799,CON-005,1001766.99,2026-02-11,Ineligible,,,Not Selected
BID-003572,TND-00799,MPLADS-SYN-0799,CON-006,864731.15,2026-02-11,Eligible,79.2,1,Under Evaluation
BID-003573,TND-00799,MPLADS-SYN-0799,CON-001,1065865.99,2026-02-11,Eligible,68.07,2,Under Evaluation
BID-003574,TND-00799,MPLADS-SYN-0799,CON-004,854179.26,2026-02-11,Ineligible,,,Submitted
BID-003575,TND-00799,MPLADS-SYN-0799,CON-003,975702.47,2026-02-11,Ineligible,,,Not Selected
BID-003576,TND-00799,MPLADS-SYN-0799,CON-007,1079847.17,2026-02-11,Eligible,69.74,3,Under Evaluation
BID-003577,TND-00800,MPLADS-SYN-0800,CON-003,762967.96,2025-12-07,Eligible,63.31,3,Not Selected
BID-003578,TND-00800,MPLADS-SYN-0800,CON-004,763985.32,2025-12-07,Eligible,65.67,4,Submitted
BID-003579,TND-00800,MPLADS-SYN-0800,CON-005,784764.03,2025-12-07,Eligible,92.04,5,Not Selected
BID-003580,TND-00800,MPLADS-SYN-0800,CON-002,690746.33,2025-12-07,Eligible,61.56,1,Under Evaluation
BID-003581,TND-00800,MPLADS-SYN-0800,CON-006,780520.46,2025-12-07,Ineligible,,,Submitted
BID-003582,TND-00800,MPLADS-SYN-0800,CON-007,747236.33,2025-12-07,Eligible,75.65,2,Under Evaluation
BID-003583,TND-00800,MPLADS-SYN-0800,CON-001,867166.24,2025-12-07,Eligible,94.18,6,Under Evaluation
BID-003584,TND-00801,MPLADS-SYN-0801,CON-002,1888688.13,2026-06-30,Ineligible,,,Ineligible
BID-003585,TND-00801,MPLADS-SYN-0801,CON-003,2022771.27,2026-06-30,Eligible,91.06,3,Not Selected
BID-003586,TND-00801,MPLADS-SYN-0801,CON-005,1925824.09,2026-06-30,Eligible,80.82,2,Not Selected
BID-003587,TND-00801,MPLADS-SYN-0801,CON-001,1758980.56,2026-06-30,Eligible,75.98,1,Not Selected
BID-003588,TND-00802,MPLADS-SYN-0802,CON-007,864483.35,2026-06-24,Eligible,89.49,1,Not Selected
BID-003589,TND-00802,MPLADS-SYN-0802,CON-004,873112.07,2026-06-24,Ineligible,,,Ineligible
BID-003590,TND-00803,MPLADS-SYN-0803,CON-004,2278040.04,2026-03-30,Eligible,90.36,3,Selected
BID-003591,TND-00803,MPLADS-SYN-0803,CON-003,2220724.26,2026-03-30,Eligible,92.07,2,Not Selected
BID-003592,TND-00803,MPLADS-SYN-0803,CON-005,2220240.34,2026-03-30,Eligible,65.28,1,Not Selected
BID-003593,TND-00803,MPLADS-SYN-0803,CON-006,1934871.53,2026-03-30,Ineligible,,,Ineligible
BID-003594,TND-00803,MPLADS-SYN-0803,CON-007,1902275.49,2026-03-30,Ineligible,,,Ineligible
BID-003595,TND-00803,MPLADS-SYN-0803,CON-002,2290746.83,2026-03-30,Eligible,80.71,4,Not Selected
BID-003596,TND-00803,MPLADS-SYN-0803,CON-001,2090810.0,2026-03-30,Ineligible,,,Ineligible
BID-003597,TND-00804,MPLADS-SYN-0804,CON-001,2582509.7,2026-05-22,Eligible,88.98,1,Not Selected
BID-003598,TND-00804,MPLADS-SYN-0804,CON-003,2737597.78,2026-05-22,Eligible,81.96,2,Not Selected
BID-003599,TND-00805,MPLADS-SYN-0805,CON-007,1201115.64,2025-12-25,Eligible,91.89,2,Not Selected
BID-003600,TND-00805,MPLADS-SYN-0805,CON-001,1078828.56,2025-12-25,Eligible,64.56,1,Under Evaluation
BID-003601,TND-00806,MPLADS-SYN-0806,CON-002,2456581.9,2026-06-14,Eligible,75.4,4,Not Selected
BID-003602,TND-00806,MPLADS-SYN-0806,CON-005,2261311.25,2026-06-14,Eligible,67.84,2,Not Selected
BID-003603,TND-00806,MPLADS-SYN-0806,CON-007,2508466.82,2026-06-14,Eligible,96.95,5,Not Selected
BID-003604,TND-00806,MPLADS-SYN-0806,CON-006,2135847.55,2026-06-14,Eligible,96.39,1,Not Selected
BID-003605,TND-00806,MPLADS-SYN-0806,CON-001,2267773.22,2026-06-14,Eligible,64.29,3,Selected
BID-003606,TND-00806,MPLADS-SYN-0806,CON-004,2302260.43,2026-06-14,Ineligible,,,Ineligible
BID-003607,TND-00806,MPLADS-SYN-0806,CON-003,2357905.21,2026-06-14,Ineligible,,,Ineligible
BID-003608,TND-00807,MPLADS-SYN-0807,CON-005,1503278.56,2026-01-18,Eligible,90.85,6,Not Selected
BID-003609,TND-00807,MPLADS-SYN-0807,CON-001,1475054.9,2026-01-18,Eligible,77.7,5,Not Selected
BID-003610,TND-00807,MPLADS-SYN-0807,CON-003,1417959.79,2026-01-18,Eligible,77.92,3,Selected
BID-003611,TND-00807,MPLADS-SYN-0807,CON-004,1533611.66,2026-01-18,Eligible,74.68,7,Not Selected
BID-003612,TND-00807,MPLADS-SYN-0807,CON-002,1359685.86,2026-01-18,Eligible,85.21,1,Not Selected
BID-003613,TND-00807,MPLADS-SYN-0807,CON-007,1468008.3,2026-01-18,Eligible,93.56,4,Not Selected
BID-003614,TND-00807,MPLADS-SYN-0807,CON-006,1413973.42,2026-01-18,Eligible,63.91,2,Not Selected
BID-003615,TND-00808,MPLADS-SYN-0808,CON-005,1659212.57,2026-03-01,Eligible,95.7,1,Not Selected
BID-003616,TND-00808,MPLADS-SYN-0808,CON-002,1857746.25,2026-03-01,Eligible,78.09,2,Not Selected
BID-003617,TND-00808,MPLADS-SYN-0808,CON-006,1929927.51,2026-03-01,Eligible,75.67,4,Not Selected
BID-003618,TND-00808,MPLADS-SYN-0808,CON-007,1645762.99,2026-03-01,Ineligible,,,Ineligible
BID-003619,TND-00808,MPLADS-SYN-0808,CON-001,1904526.8,2026-03-01,Eligible,61.18,3,Not Selected
BID-003620,TND-00809,MPLADS-SYN-0809,CON-005,1088880.29,2026-02-01,Eligible,91.65,5,Not Selected
BID-003621,TND-00809,MPLADS-SYN-0809,CON-001,1081824.06,2026-02-01,Eligible,88.59,4,Not Selected
BID-003622,TND-00809,MPLADS-SYN-0809,CON-007,874698.63,2026-02-01,Eligible,77.39,1,Not Selected
BID-003623,TND-00809,MPLADS-SYN-0809,CON-004,998666.74,2026-02-01,Eligible,96.15,2,Not Selected
BID-003624,TND-00809,MPLADS-SYN-0809,CON-003,913881.93,2026-02-01,Ineligible,,,Ineligible
BID-003625,TND-00809,MPLADS-SYN-0809,CON-002,1027993.2,2026-02-01,Eligible,62.86,3,Not Selected
BID-003626,TND-00809,MPLADS-SYN-0809,CON-006,1004658.41,2026-02-01,Ineligible,,,Ineligible
BID-003627,TND-00810,MPLADS-SYN-0810,CON-007,2968792.72,2025-12-28,Eligible,81.18,1,Submitted
BID-003628,TND-00810,MPLADS-SYN-0810,CON-005,3065699.34,2025-12-28,Eligible,83.75,3,Submitted
BID-003629,TND-00810,MPLADS-SYN-0810,CON-006,3007905.79,2025-12-28,Eligible,67.4,2,Under Evaluation
BID-003630,TND-00810,MPLADS-SYN-0810,CON-003,3355056.86,2025-12-28,Eligible,70.23,5,Under Evaluation
BID-003631,TND-00810,MPLADS-SYN-0810,CON-001,2906329.59,2025-12-28,Ineligible,,,Not Selected
BID-003632,TND-00810,MPLADS-SYN-0810,CON-004,3159749.38,2025-12-28,Eligible,97.94,4,Under Evaluation
BID-003633,TND-00811,MPLADS-SYN-0811,CON-005,2676743.94,2026-01-04,Eligible,66.79,2,Not Selected
BID-003634,TND-00811,MPLADS-SYN-0811,CON-007,2574525.98,2026-01-04,Eligible,90.8,1,Not Selected
BID-003635,TND-00812,MPLADS-SYN-0812,CON-007,2426348.27,2026-03-14,Eligible,80.95,2,Not Selected
BID-003636,TND-00812,MPLADS-SYN-0812,CON-001,2438062.99,2026-03-14,Ineligible,,,Ineligible
BID-003637,TND-00812,MPLADS-SYN-0812,CON-002,2530370.92,2026-03-14,Eligible,69.5,4,Not Selected
BID-003638,TND-00812,MPLADS-SYN-0812,CON-005,2511520.48,2026-03-14,Ineligible,,,Ineligible
BID-003639,TND-00812,MPLADS-SYN-0812,CON-004,2261511.49,2026-03-14,Eligible,69.21,1,Not Selected
BID-003640,TND-00812,MPLADS-SYN-0812,CON-003,2472632.98,2026-03-14,Eligible,61.6,3,Not Selected
BID-003641,TND-00813,MPLADS-SYN-0813,CON-003,1474427.87,2026-06-02,Eligible,91.94,3,Not Selected
BID-003642,TND-00813,MPLADS-SYN-0813,CON-005,1483107.19,2026-06-02,Eligible,64.52,4,Not Selected
BID-003643,TND-00813,MPLADS-SYN-0813,CON-004,1474626.02,2026-06-02,Ineligible,,,Ineligible
BID-003644,TND-00813,MPLADS-SYN-0813,CON-001,1517336.77,2026-06-02,Eligible,79.68,5,Not Selected
BID-003645,TND-00813,MPLADS-SYN-0813,CON-007,1268373.6,2026-06-02,Ineligible,,,Ineligible
BID-003646,TND-00813,MPLADS-SYN-0813,CON-006,1314834.29,2026-06-02,Eligible,96.51,2,Selected
BID-003647,TND-00813,MPLADS-SYN-0813,CON-002,1252633.27,2026-06-02,Eligible,74.48,1,Not Selected
BID-003648,TND-00814,MPLADS-SYN-0814,CON-006,322324.08,2026-06-15,Eligible,64.92,1,Not Selected
BID-003649,TND-00814,MPLADS-SYN-0814,CON-005,348379.22,2026-06-15,Eligible,96.78,2,Selected
BID-003650,TND-00814,MPLADS-SYN-0814,CON-004,372340.45,2026-06-15,Eligible,65.13,3,Not Selected
BID-003651,TND-00815,MPLADS-SYN-0815,CON-001,675379.35,2026-07-15,Eligible,68.18,3,Not Selected
BID-003652,TND-00815,MPLADS-SYN-0815,CON-002,664239.3,2026-07-15,Ineligible,,,Ineligible
BID-003653,TND-00815,MPLADS-SYN-0815,CON-005,682425.81,2026-07-15,Eligible,81.13,4,Selected
BID-003654,TND-00815,MPLADS-SYN-0815,CON-003,618238.61,2026-07-15,Ineligible,,,Ineligible
BID-003655,TND-00815,MPLADS-SYN-0815,CON-004,616150.37,2026-07-15,Eligible,74.14,1,Not Selected
BID-003656,TND-00815,MPLADS-SYN-0815,CON-006,668958.23,2026-07-15,Eligible,71.44,2,Not Selected
BID-003657,TND-00816,MPLADS-SYN-0816,CON-002,3957339.3,2026-01-23,Eligible,63.22,3,Not Selected
BID-003658,TND-00816,MPLADS-SYN-0816,CON-004,4423974.94,2026-01-23,Ineligible,,,Submitted
BID-003659,TND-00816,MPLADS-SYN-0816,CON-001,3455050.94,2026-01-23,Eligible,71.3,1,Under Evaluation
BID-003660,TND-00816,MPLADS-SYN-0816,CON-007,4082764.23,2026-01-23,Ineligible,,,Under Evaluation
BID-003661,TND-00816,MPLADS-SYN-0816,CON-006,3573395.06,2026-01-23,Eligible,88.17,2,Under Evaluation
BID-003662,TND-00816,MPLADS-SYN-0816,CON-003,4091794.99,2026-01-23,Eligible,87.78,5,Under Evaluation
BID-003663,TND-00816,MPLADS-SYN-0816,CON-005,3993753.17,2026-01-23,Eligible,64.49,4,Under Evaluation
BID-003664,TND-00817,MPLADS-SYN-0817,CON-002,1475868.66,2026-06-02,Eligible,66.07,4,Not Selected
BID-003665,TND-00817,MPLADS-SYN-0817,CON-006,1517390.31,2026-06-02,Eligible,71.28,5,Not Selected
BID-003666,TND-00817,MPLADS-SYN-0817,CON-004,1236616.74,2026-06-02,Eligible,62.11,1,Selected
BID-003667,TND-00817,MPLADS-SYN-0817,CON-005,1298711.15,2026-06-02,Eligible,91.6,2,Not Selected
BID-003668,TND-00817,MPLADS-SYN-0817,CON-001,1243730.34,2026-06-02,Ineligible,,,Ineligible
BID-003669,TND-00817,MPLADS-SYN-0817,CON-003,1592580.74,2026-06-02,Ineligible,,,Ineligible
BID-003670,TND-00817,MPLADS-SYN-0817,CON-007,1453128.81,2026-06-02,Eligible,83.65,3,Not Selected
BID-003671,TND-00818,MPLADS-SYN-0818,CON-002,3808494.85,2026-08-06,Eligible,84.66,4,Not Selected
BID-003672,TND-00818,MPLADS-SYN-0818,CON-007,3735786.46,2026-08-06,Eligible,80.29,2,Selected
BID-003673,TND-00818,MPLADS-SYN-0818,CON-003,3755126.77,2026-08-06,Eligible,78.01,3,Not Selected
BID-003674,TND-00818,MPLADS-SYN-0818,CON-005,3303344.67,2026-08-06,Eligible,77.05,1,Not Selected
BID-003675,TND-00819,MPLADS-SYN-0819,CON-003,2634034.41,2026-04-30,Eligible,92.28,5,Selected
BID-003676,TND-00819,MPLADS-SYN-0819,CON-001,2154755.18,2026-04-30,Eligible,90.23,1,Not Selected
BID-003677,TND-00819,MPLADS-SYN-0819,CON-004,2344901.16,2026-04-30,Eligible,64.58,3,Not Selected
BID-003678,TND-00819,MPLADS-SYN-0819,CON-005,2253829.5,2026-04-30,Eligible,96.65,2,Not Selected
BID-003679,TND-00819,MPLADS-SYN-0819,CON-007,2565830.15,2026-04-30,Ineligible,,,Ineligible
BID-003680,TND-00819,MPLADS-SYN-0819,CON-002,2568251.17,2026-04-30,Eligible,92.32,4,Not Selected
BID-003681,TND-00820,MPLADS-SYN-0820,CON-001,432763.73,2026-06-15,Ineligible,,,Ineligible
BID-003682,TND-00820,MPLADS-SYN-0820,CON-004,435770.12,2026-06-15,Eligible,96.71,1,Not Selected
BID-003683,TND-00820,MPLADS-SYN-0820,CON-002,443326.59,2026-06-15,Eligible,91.67,2,Not Selected
BID-003684,TND-00820,MPLADS-SYN-0820,CON-003,518026.36,2026-06-15,Eligible,82.45,3,Not Selected
BID-003685,TND-00821,MPLADS-SYN-0821,CON-004,1156893.47,2026-05-02,Eligible,70.45,2,Under Evaluation
BID-003686,TND-00821,MPLADS-SYN-0821,CON-002,1077595.11,2026-05-02,Eligible,78.75,1,Under Evaluation
BID-003687,TND-00821,MPLADS-SYN-0821,CON-003,959188.35,2026-05-02,Ineligible,,,Submitted
BID-003688,TND-00822,MPLADS-SYN-0822,CON-006,851284.57,2025-12-14,Ineligible,,,Ineligible
BID-003689,TND-00822,MPLADS-SYN-0822,CON-003,953384.71,2025-12-14,Eligible,89.54,1,Not Selected
BID-003690,TND-00822,MPLADS-SYN-0822,CON-001,1002075.2,2025-12-14,Ineligible,,,Ineligible
BID-003691,TND-00822,MPLADS-SYN-0822,CON-007,1007468.73,2025-12-14,Eligible,63.41,2,Not Selected
BID-003692,TND-00823,MPLADS-SYN-0823,CON-005,1021088.37,2026-04-02,Eligible,74.57,2,Under Evaluation
BID-003693,TND-00823,MPLADS-SYN-0823,CON-007,1191261.15,2026-04-02,Eligible,90.93,4,Not Selected
BID-003694,TND-00823,MPLADS-SYN-0823,CON-002,1078648.85,2026-04-02,Eligible,60.06,3,Not Selected
BID-003695,TND-00823,MPLADS-SYN-0823,CON-004,1020871.31,2026-04-02,Eligible,87.99,1,Not Selected
BID-003696,TND-00824,MPLADS-SYN-0824,CON-001,2521171.38,2025-12-19,Ineligible,,,Submitted
BID-003697,TND-00824,MPLADS-SYN-0824,CON-007,2508899.73,2025-12-19,Ineligible,,,Submitted
BID-003698,TND-00824,MPLADS-SYN-0824,CON-004,2139358.62,2025-12-19,Eligible,69.34,2,Not Selected
BID-003699,TND-00824,MPLADS-SYN-0824,CON-002,2621902.26,2025-12-19,Eligible,71.84,4,Not Selected
BID-003700,TND-00824,MPLADS-SYN-0824,CON-006,2661528.84,2025-12-19,Eligible,70.5,5,Not Selected
BID-003701,TND-00824,MPLADS-SYN-0824,CON-003,2119392.49,2025-12-19,Eligible,95.08,1,Not Selected
BID-003702,TND-00824,MPLADS-SYN-0824,CON-005,2549342.83,2025-12-19,Eligible,63.09,3,Submitted
BID-003703,TND-00825,MPLADS-SYN-0825,CON-004,1771258.52,2026-02-21,Eligible,69.06,1,Not Selected
BID-003704,TND-00825,MPLADS-SYN-0825,CON-005,1876444.0,2026-02-21,Ineligible,,,Ineligible
BID-003705,TND-00825,MPLADS-SYN-0825,CON-007,2032035.12,2026-02-21,Eligible,83.88,2,Not Selected
BID-003706,TND-00826,MPLADS-SYN-0826,CON-005,1873936.31,2026-07-07,Eligible,73.02,1,Not Selected
BID-003707,TND-00826,MPLADS-SYN-0826,CON-001,1985112.31,2026-07-07,Eligible,62.11,3,Not Selected
BID-003708,TND-00826,MPLADS-SYN-0826,CON-004,1866734.2,2026-07-07,Ineligible,,,Ineligible
BID-003709,TND-00826,MPLADS-SYN-0826,CON-002,1923990.15,2026-07-07,Eligible,79.12,2,Not Selected
BID-003710,TND-00826,MPLADS-SYN-0826,CON-003,2031758.96,2026-07-07,Eligible,88.96,4,Not Selected
BID-003711,TND-00826,MPLADS-SYN-0826,CON-006,2205024.43,2026-07-07,Ineligible,,,Ineligible
BID-003712,TND-00826,MPLADS-SYN-0826,CON-007,1790137.18,2026-07-07,Ineligible,,,Ineligible
BID-003713,TND-00827,MPLADS-SYN-0827,CON-007,1183718.63,2026-01-03,Eligible,63.49,5,Not Selected
BID-003714,TND-00827,MPLADS-SYN-0827,CON-001,1132407.98,2026-01-03,Eligible,90.81,4,Selected
BID-003715,TND-00827,MPLADS-SYN-0827,CON-002,1048553.82,2026-01-03,Eligible,72.74,3,Not Selected
BID-003716,TND-00827,MPLADS-SYN-0827,CON-006,1020000.38,2026-01-03,Eligible,81.31,2,Not Selected
BID-003717,TND-00827,MPLADS-SYN-0827,CON-005,1038657.59,2026-01-03,Ineligible,,,Ineligible
BID-003718,TND-00827,MPLADS-SYN-0827,CON-003,1010368.85,2026-01-03,Eligible,64.23,1,Not Selected
BID-003719,TND-00828,MPLADS-SYN-0828,CON-005,2015756.7,2026-02-28,Eligible,65.58,2,Not Selected
BID-003720,TND-00828,MPLADS-SYN-0828,CON-001,1838202.03,2026-02-28,Ineligible,,,Ineligible
BID-003721,TND-00828,MPLADS-SYN-0828,CON-007,2018669.67,2026-02-28,Ineligible,,,Ineligible
BID-003722,TND-00828,MPLADS-SYN-0828,CON-006,1919316.49,2026-02-28,Eligible,73.81,1,Not Selected
BID-003723,TND-00829,MPLADS-SYN-0829,CON-002,429470.83,2025-12-23,Eligible,94.9,1,Not Selected
BID-003724,TND-00829,MPLADS-SYN-0829,CON-004,440278.5,2025-12-23,Eligible,76.86,2,Not Selected
BID-003725,TND-00829,MPLADS-SYN-0829,CON-005,355011.15,2025-12-23,Ineligible,,,Ineligible
BID-003726,TND-00830,MPLADS-SYN-0830,CON-006,2093662.01,2026-04-11,Eligible,69.43,2,Selected
BID-003727,TND-00830,MPLADS-SYN-0830,CON-005,2010530.27,2026-04-11,Ineligible,,,Ineligible
BID-003728,TND-00830,MPLADS-SYN-0830,CON-003,2118196.05,2026-04-11,Eligible,68.82,3,Not Selected
BID-003729,TND-00830,MPLADS-SYN-0830,CON-007,1672668.62,2026-04-11,Ineligible,,,Ineligible
BID-003730,TND-00830,MPLADS-SYN-0830,CON-004,1702099.5,2026-04-11,Eligible,60.62,1,Not Selected
BID-003731,TND-00830,MPLADS-SYN-0830,CON-002,1849245.45,2026-04-11,Ineligible,,,Ineligible
BID-003732,TND-00831,MPLADS-SYN-0831,CON-001,430191.24,2026-03-11,Ineligible,,,Ineligible
BID-003733,TND-00831,MPLADS-SYN-0831,CON-007,454838.25,2026-03-11,Eligible,74.1,2,Not Selected
BID-003734,TND-00831,MPLADS-SYN-0831,CON-004,441158.21,2026-03-11,Eligible,84.59,1,Selected
BID-003735,TND-00831,MPLADS-SYN-0831,CON-002,478616.85,2026-03-11,Eligible,83.71,3,Not Selected
BID-003736,TND-00832,MPLADS-SYN-0832,CON-005,733565.54,2026-01-26,Eligible,72.88,2,Not Selected
BID-003737,TND-00832,MPLADS-SYN-0832,CON-001,848376.11,2026-01-26,Ineligible,,,Ineligible
BID-003738,TND-00832,MPLADS-SYN-0832,CON-002,862572.55,2026-01-26,Ineligible,,,Ineligible
BID-003739,TND-00832,MPLADS-SYN-0832,CON-007,849943.61,2026-01-26,Eligible,68.79,3,Not Selected
BID-003740,TND-00832,MPLADS-SYN-0832,CON-006,728763.64,2026-01-26,Eligible,96.83,1,Not Selected
BID-003741,TND-00832,MPLADS-SYN-0832,CON-003,714144.46,2026-01-26,Ineligible,,,Ineligible
BID-003742,TND-00833,MPLADS-SYN-0833,CON-001,870363.86,2026-04-06,Eligible,72.12,5,Selected
BID-003743,TND-00833,MPLADS-SYN-0833,CON-007,829433.32,2026-04-06,Eligible,86.35,3,Not Selected
BID-003744,TND-00833,MPLADS-SYN-0833,CON-004,865145.77,2026-04-06,Eligible,79.52,4,Not Selected
BID-003745,TND-00833,MPLADS-SYN-0833,CON-006,704871.14,2026-04-06,Eligible,83.96,1,Not Selected
BID-003746,TND-00833,MPLADS-SYN-0833,CON-003,704155.12,2026-04-06,Ineligible,,,Ineligible
BID-003747,TND-00833,MPLADS-SYN-0833,CON-005,749572.15,2026-04-06,Eligible,80.12,2,Not Selected
BID-003748,TND-00834,MPLADS-SYN-0834,CON-002,674169.3,2026-07-15,Ineligible,,,Submitted
BID-003749,TND-00834,MPLADS-SYN-0834,CON-006,757384.66,2026-07-15,Eligible,64.69,2,Submitted
BID-003750,TND-00834,MPLADS-SYN-0834,CON-003,712934.25,2026-07-15,Eligible,86.58,1,Under Evaluation
BID-003751,TND-00835,MPLADS-SYN-0835,CON-003,697149.83,2026-02-26,Eligible,80.59,3,Under Evaluation
BID-003752,TND-00835,MPLADS-SYN-0835,CON-002,626063.21,2026-02-26,Eligible,77.06,2,Under Evaluation
BID-003753,TND-00835,MPLADS-SYN-0835,CON-006,737363.32,2026-02-26,Ineligible,,,Under Evaluation
BID-003754,TND-00835,MPLADS-SYN-0835,CON-001,623426.47,2026-02-26,Eligible,90.39,1,Under Evaluation
BID-003755,TND-00836,MPLADS-SYN-0836,CON-001,4999096.69,2026-01-14,Eligible,76.77,2,Not Selected
BID-003756,TND-00836,MPLADS-SYN-0836,CON-004,4997253.66,2026-01-14,Eligible,76.08,1,Selected
BID-003757,TND-00836,MPLADS-SYN-0836,CON-003,5155980.05,2026-01-14,Eligible,76.08,3,Not Selected
BID-003758,TND-00836,MPLADS-SYN-0836,CON-002,4589904.73,2026-01-14,Ineligible,,,Ineligible
BID-003759,TND-00837,MPLADS-SYN-0837,CON-005,1376353.37,2026-01-11,Ineligible,,,Ineligible
BID-003760,TND-00837,MPLADS-SYN-0837,CON-003,1473904.12,2026-01-11,Eligible,87.46,5,Not Selected
BID-003761,TND-00837,MPLADS-SYN-0837,CON-002,1303550.05,2026-01-11,Eligible,88.82,1,Not Selected
BID-003762,TND-00837,MPLADS-SYN-0837,CON-001,1602990.18,2026-01-11,Ineligible,,,Ineligible
BID-003763,TND-00837,MPLADS-SYN-0837,CON-006,1418849.07,2026-01-11,Eligible,92.21,4,Not Selected
BID-003764,TND-00837,MPLADS-SYN-0837,CON-004,1407707.82,2026-01-11,Eligible,76.33,3,Not Selected
BID-003765,TND-00837,MPLADS-SYN-0837,CON-007,1401687.01,2026-01-11,Eligible,81.04,2,Selected
BID-003766,TND-00838,MPLADS-SYN-0838,CON-002,3236126.22,2026-04-22,Eligible,86.37,2,Not Selected
BID-003767,TND-00838,MPLADS-SYN-0838,CON-003,3833427.38,2026-04-22,Eligible,70.08,5,Not Selected
BID-003768,TND-00838,MPLADS-SYN-0838,CON-005,3840623.66,2026-04-22,Eligible,67.05,6,Not Selected
BID-003769,TND-00838,MPLADS-SYN-0838,CON-004,3091543.92,2026-04-22,Eligible,78.58,1,Under Evaluation
BID-003770,TND-00838,MPLADS-SYN-0838,CON-001,3264355.02,2026-04-22,Eligible,86.85,3,Not Selected
BID-003771,TND-00838,MPLADS-SYN-0838,CON-006,3698989.17,2026-04-22,Eligible,65.06,4,Not Selected
BID-003772,TND-00838,MPLADS-SYN-0838,CON-007,3578883.97,2026-04-22,Ineligible,,,Under Evaluation
BID-003773,TND-00839,MPLADS-SYN-0839,CON-002,2423428.62,2026-01-09,Ineligible,,,Under Evaluation
BID-003774,TND-00839,MPLADS-SYN-0839,CON-004,2567722.2,2026-01-09,Eligible,66.28,2,Under Evaluation
BID-003775,TND-00839,MPLADS-SYN-0839,CON-001,2633910.48,2026-01-09,Eligible,95.46,3,Not Selected
BID-003776,TND-00839,MPLADS-SYN-0839,CON-007,2420428.49,2026-01-09,Eligible,65.35,1,Not Selected
BID-003777,TND-00840,MPLADS-SYN-0840,CON-001,3745710.14,2026-06-04,Eligible,79.62,3,Submitted
BID-003778,TND-00840,MPLADS-SYN-0840,CON-005,3444034.96,2026-06-04,Eligible,78.8,2,Under Evaluation
BID-003779,TND-00840,MPLADS-SYN-0840,CON-006,3236336.47,2026-06-04,Eligible,60.35,1,Not Selected
BID-003780,TND-00840,MPLADS-SYN-0840,CON-004,3797762.77,2026-06-04,Eligible,92.76,4,Under Evaluation
BID-003781,TND-00841,MPLADS-SYN-0841,CON-003,950834.21,2026-07-19,Ineligible,,,Under Evaluation
BID-003782,TND-00841,MPLADS-SYN-0841,CON-002,1055014.82,2026-07-19,Eligible,80.94,2,Submitted
BID-003783,TND-00841,MPLADS-SYN-0841,CON-004,995812.74,2026-07-19,Eligible,87.23,1,Submitted
BID-003784,TND-00842,MPLADS-SYN-0842,CON-003,1982441.16,2026-06-23,Ineligible,,,Submitted
BID-003785,TND-00842,MPLADS-SYN-0842,CON-002,1855932.3,2026-06-23,Eligible,93.69,1,Under Evaluation
BID-003786,TND-00842,MPLADS-SYN-0842,CON-005,2011709.49,2026-06-23,Eligible,75.27,3,Under Evaluation
BID-003787,TND-00842,MPLADS-SYN-0842,CON-006,1904849.94,2026-06-23,Ineligible,,,Submitted
BID-003788,TND-00842,MPLADS-SYN-0842,CON-007,2227639.25,2026-06-23,Ineligible,,,Submitted
BID-003789,TND-00842,MPLADS-SYN-0842,CON-004,1857777.72,2026-06-23,Eligible,69.05,2,Submitted
BID-003790,TND-00843,MPLADS-SYN-0843,CON-006,536720.71,2026-04-08,Eligible,83.95,2,Submitted
BID-003791,TND-00843,MPLADS-SYN-0843,CON-003,479161.97,2026-04-08,Eligible,77.97,1,Not Selected
BID-003792,TND-00843,MPLADS-SYN-0843,CON-005,564858.17,2026-04-08,Eligible,94.12,3,Submitted
BID-003793,TND-00844,MPLADS-SYN-0844,CON-002,3582749.62,2026-02-25,Eligible,79.24,2,Not Selected
BID-003794,TND-00844,MPLADS-SYN-0844,CON-005,3540925.56,2026-02-25,Ineligible,,,Ineligible
BID-003795,TND-00844,MPLADS-SYN-0844,CON-007,3272391.1,2026-02-25,Eligible,91.99,1,Not Selected
BID-003796,TND-00845,MPLADS-SYN-0845,CON-004,1133423.43,2026-03-18,Eligible,92.18,1,Not Selected
BID-003797,TND-00845,MPLADS-SYN-0845,CON-002,1220776.06,2026-03-18,Ineligible,,,Under Evaluation
BID-003798,TND-00845,MPLADS-SYN-0845,CON-006,1260300.64,2026-03-18,Eligible,81.8,3,Under Evaluation
BID-003799,TND-00845,MPLADS-SYN-0845,CON-003,1063507.08,2026-03-18,Ineligible,,,Not Selected
BID-003800,TND-00845,MPLADS-SYN-0845,CON-007,1155997.4,2026-03-18,Eligible,95.16,2,Not Selected
BID-003801,TND-00846,MPLADS-SYN-0846,CON-007,2704347.39,2026-07-21,Eligible,82.75,3,Under Evaluation
BID-003802,TND-00846,MPLADS-SYN-0846,CON-005,2617616.89,2026-07-21,Ineligible,,,Submitted
BID-003803,TND-00846,MPLADS-SYN-0846,CON-004,2543164.29,2026-07-21,Eligible,60.54,2,Under Evaluation
BID-003804,TND-00846,MPLADS-SYN-0846,CON-006,2347335.97,2026-07-21,Eligible,91.29,1,Submitted
BID-003805,TND-00846,MPLADS-SYN-0846,CON-003,2661611.94,2026-07-21,Ineligible,,,Under Evaluation
BID-003806,TND-00847,MPLADS-SYN-0847,CON-002,1957759.95,2025-12-29,Eligible,68.66,5,Not Selected
BID-003807,TND-00847,MPLADS-SYN-0847,CON-001,1665438.27,2025-12-29,Eligible,66.93,1,Not Selected
BID-003808,TND-00847,MPLADS-SYN-0847,CON-005,1877084.64,2025-12-29,Eligible,65.22,4,Not Selected
BID-003809,TND-00847,MPLADS-SYN-0847,CON-007,1751640.42,2025-12-29,Eligible,95.68,2,Not Selected
BID-003810,TND-00847,MPLADS-SYN-0847,CON-006,1803833.47,2025-12-29,Eligible,72.96,3,Selected
BID-003811,TND-00847,MPLADS-SYN-0847,CON-003,2006127.06,2025-12-29,Ineligible,,,Ineligible
BID-003812,TND-00848,MPLADS-SYN-0848,CON-001,2973205.47,2026-01-10,Eligible,77.11,2,Submitted
BID-003813,TND-00848,MPLADS-SYN-0848,CON-004,2789642.42,2026-01-10,Ineligible,,,Submitted
BID-003814,TND-00848,MPLADS-SYN-0848,CON-002,2573581.17,2026-01-10,Eligible,74.74,1,Submitted
BID-003815,TND-00849,MPLADS-SYN-0849,CON-001,1216260.5,2026-04-14,Ineligible,,,Ineligible
BID-003816,TND-00849,MPLADS-SYN-0849,CON-005,1327229.89,2026-04-14,Eligible,74.87,3,Not Selected
BID-003817,TND-00849,MPLADS-SYN-0849,CON-007,1328972.27,2026-04-14,Eligible,79.58,4,Not Selected
BID-003818,TND-00849,MPLADS-SYN-0849,CON-002,1307743.53,2026-04-14,Eligible,81.56,2,Not Selected
BID-003819,TND-00849,MPLADS-SYN-0849,CON-006,1342969.52,2026-04-14,Eligible,93.58,5,Not Selected
BID-003820,TND-00849,MPLADS-SYN-0849,CON-003,1261304.52,2026-04-14,Eligible,92.54,1,Selected
BID-003821,TND-00850,MPLADS-SYN-0850,CON-007,3142478.75,2026-01-10,Eligible,62.26,2,Not Selected
BID-003822,TND-00850,MPLADS-SYN-0850,CON-004,3199342.57,2026-01-10,Ineligible,,,Submitted
BID-003823,TND-00850,MPLADS-SYN-0850,CON-002,2828682.84,2026-01-10,Eligible,63.76,1,Submitted
BID-003824,TND-00851,MPLADS-SYN-0851,CON-003,711464.2,2026-03-14,Ineligible,,,Under Evaluation
BID-003825,TND-00851,MPLADS-SYN-0851,CON-007,652361.2,2026-03-14,Eligible,73.38,2,Under Evaluation
BID-003826,TND-00851,MPLADS-SYN-0851,CON-006,768459.66,2026-03-14,Eligible,77.87,3,Under Evaluation
BID-003827,TND-00851,MPLADS-SYN-0851,CON-005,643054.5,2026-03-14,Eligible,74.68,1,Submitted
BID-003828,TND-00851,MPLADS-SYN-0851,CON-004,673121.9,2026-03-14,Ineligible,,,Not Selected
BID-003829,TND-00852,MPLADS-SYN-0852,CON-006,876501.01,2026-04-27,Ineligible,,,Ineligible
BID-003830,TND-00852,MPLADS-SYN-0852,CON-003,947607.31,2026-04-27,Eligible,64.05,2,Not Selected
BID-003831,TND-00852,MPLADS-SYN-0852,CON-001,902719.09,2026-04-27,Eligible,92.74,1,Not Selected
BID-003832,TND-00853,MPLADS-SYN-0853,CON-002,1435185.58,2026-07-06,Eligible,91.18,2,Not Selected
BID-003833,TND-00853,MPLADS-SYN-0853,CON-006,1685568.88,2026-07-06,Eligible,77.2,6,Not Selected
BID-003834,TND-00853,MPLADS-SYN-0853,CON-005,1721540.94,2026-07-06,Ineligible,,,Ineligible
BID-003835,TND-00853,MPLADS-SYN-0853,CON-004,1419624.42,2026-07-06,Eligible,90.78,1,Not Selected
BID-003836,TND-00853,MPLADS-SYN-0853,CON-003,1448773.56,2026-07-06,Eligible,79.48,3,Not Selected
BID-003837,TND-00853,MPLADS-SYN-0853,CON-001,1505428.83,2026-07-06,Eligible,61.72,4,Not Selected
BID-003838,TND-00853,MPLADS-SYN-0853,CON-007,1617006.17,2026-07-06,Eligible,80.54,5,Not Selected
BID-003839,TND-00854,MPLADS-SYN-0854,CON-006,1356316.11,2026-02-20,Ineligible,,,Not Selected
BID-003840,TND-00854,MPLADS-SYN-0854,CON-002,1377819.88,2026-02-20,Ineligible,,,Not Selected
BID-003841,TND-00854,MPLADS-SYN-0854,CON-007,1544204.4,2026-02-20,Ineligible,,,Submitted
BID-003842,TND-00854,MPLADS-SYN-0854,CON-001,1685678.11,2026-02-20,Eligible,81.1,3,Submitted
BID-003843,TND-00854,MPLADS-SYN-0854,CON-003,1395032.56,2026-02-20,Eligible,83.16,1,Under Evaluation
BID-003844,TND-00854,MPLADS-SYN-0854,CON-005,1560834.14,2026-02-20,Eligible,94.75,2,Under Evaluation
BID-003845,TND-00855,MPLADS-SYN-0855,CON-004,2875116.01,2026-05-09,Ineligible,,,Ineligible
BID-003846,TND-00855,MPLADS-SYN-0855,CON-003,2561664.92,2026-05-09,Eligible,81.78,1,Not Selected
BID-003847,TND-00855,MPLADS-SYN-0855,CON-006,2699548.76,2026-05-09,Eligible,81.78,2,Not Selected
BID-003848,TND-00856,MPLADS-SYN-0856,CON-005,1550072.46,2026-03-28,Eligible,65.33,2,Not Selected
BID-003849,TND-00856,MPLADS-SYN-0856,CON-007,1632515.16,2026-03-28,Eligible,66.41,3,Not Selected
BID-003850,TND-00856,MPLADS-SYN-0856,CON-006,1496329.24,2026-03-28,Eligible,65.59,1,Not Selected
BID-003851,TND-00857,MPLADS-SYN-0857,CON-007,1527352.17,2026-08-05,Eligible,77.81,1,Not Selected
BID-003852,TND-00857,MPLADS-SYN-0857,CON-006,1761419.37,2026-08-05,Eligible,61.55,3,Not Selected
BID-003853,TND-00857,MPLADS-SYN-0857,CON-003,1450993.15,2026-08-05,Ineligible,,,Ineligible
BID-003854,TND-00857,MPLADS-SYN-0857,CON-004,1686969.98,2026-08-05,Ineligible,,,Ineligible
BID-003855,TND-00857,MPLADS-SYN-0857,CON-002,1529566.64,2026-08-05,Ineligible,,,Ineligible
BID-003856,TND-00857,MPLADS-SYN-0857,CON-005,1602014.49,2026-08-05,Eligible,96.32,2,Not Selected
BID-003857,TND-00858,MPLADS-SYN-0858,CON-001,4118814.87,2026-08-17,Eligible,67.66,3,Not Selected
BID-003858,TND-00858,MPLADS-SYN-0858,CON-003,4095903.27,2026-08-17,Eligible,91.89,2,Not Selected
BID-003859,TND-00858,MPLADS-SYN-0858,CON-004,3906000.01,2026-08-17,Ineligible,,,Ineligible
BID-003860,TND-00858,MPLADS-SYN-0858,CON-002,4301147.94,2026-08-17,Eligible,64.03,4,Not Selected
BID-003861,TND-00858,MPLADS-SYN-0858,CON-006,4011298.86,2026-08-17,Eligible,84.57,1,Not Selected
BID-003862,TND-00859,MPLADS-SYN-0859,CON-002,881731.11,2026-07-21,Ineligible,,,Submitted
BID-003863,TND-00859,MPLADS-SYN-0859,CON-007,850707.22,2026-07-21,Ineligible,,,Under Evaluation
BID-003864,TND-00859,MPLADS-SYN-0859,CON-004,743222.11,2026-07-21,Eligible,96.73,2,Not Selected
BID-003865,TND-00859,MPLADS-SYN-0859,CON-006,895312.33,2026-07-21,Eligible,63.51,5,Under Evaluation
BID-003866,TND-00859,MPLADS-SYN-0859,CON-003,873982.45,2026-07-21,Eligible,80.55,3,Under Evaluation
BID-003867,TND-00859,MPLADS-SYN-0859,CON-005,736538.13,2026-07-21,Eligible,91.29,1,Under Evaluation
BID-003868,TND-00859,MPLADS-SYN-0859,CON-001,876003.23,2026-07-21,Eligible,83.67,4,Under Evaluation
BID-003869,TND-00860,MPLADS-SYN-0860,CON-005,1413551.13,2026-04-01,Eligible,65.07,1,Submitted
BID-003870,TND-00860,MPLADS-SYN-0860,CON-001,1526225.11,2026-04-01,Eligible,78.0,2,Not Selected
BID-003871,TND-00861,MPLADS-SYN-0861,CON-004,1902386.04,2025-12-11,Eligible,86.92,3,Submitted
BID-003872,TND-00861,MPLADS-SYN-0861,CON-005,1888459.22,2025-12-11,Ineligible,,,Under Evaluation
BID-003873,TND-00861,MPLADS-SYN-0861,CON-007,1900764.93,2025-12-11,Ineligible,,,Submitted
BID-003874,TND-00861,MPLADS-SYN-0861,CON-002,1831994.47,2025-12-11,Eligible,97.41,2,Under Evaluation
BID-003875,TND-00861,MPLADS-SYN-0861,CON-006,1791416.24,2025-12-11,Eligible,83.83,1,Submitted
BID-003876,TND-00862,MPLADS-SYN-0862,CON-004,2678697.37,2026-03-26,Eligible,88.46,3,Under Evaluation
BID-003877,TND-00862,MPLADS-SYN-0862,CON-003,2636339.78,2026-03-26,Eligible,82.16,2,Under Evaluation
BID-003878,TND-00862,MPLADS-SYN-0862,CON-005,2539176.82,2026-03-26,Eligible,82.08,1,Not Selected
BID-003879,TND-00863,MPLADS-SYN-0863,CON-003,374589.5,2026-01-26,Ineligible,,,Ineligible
BID-003880,TND-00863,MPLADS-SYN-0863,CON-007,321088.34,2026-01-26,Eligible,79.21,1,Not Selected
BID-003881,TND-00864,MPLADS-SYN-0864,CON-004,2182915.14,2026-02-17,Eligible,65.88,4,Not Selected
BID-003882,TND-00864,MPLADS-SYN-0864,CON-002,2092630.71,2026-02-17,Ineligible,,,Ineligible
BID-003883,TND-00864,MPLADS-SYN-0864,CON-001,2240468.97,2026-02-17,Eligible,79.41,6,Not Selected
BID-003884,TND-00864,MPLADS-SYN-0864,CON-005,1864087.47,2026-02-17,Eligible,84.66,2,Not Selected
BID-003885,TND-00864,MPLADS-SYN-0864,CON-006,2051159.66,2026-02-17,Eligible,74.74,3,Selected
BID-003886,TND-00864,MPLADS-SYN-0864,CON-007,2194624.25,2026-02-17,Eligible,93.18,5,Not Selected
BID-003887,TND-00864,MPLADS-SYN-0864,CON-003,1818332.23,2026-02-17,Eligible,68.34,1,Not Selected
BID-003888,TND-00865,MPLADS-SYN-0865,CON-006,3587600.92,2026-08-28,Eligible,68.51,1,Not Selected
BID-003889,TND-00865,MPLADS-SYN-0865,CON-005,3907049.83,2026-08-28,Ineligible,,,Ineligible
BID-003890,TND-00865,MPLADS-SYN-0865,CON-002,3685677.8,2026-08-28,Ineligible,,,Ineligible
BID-003891,TND-00866,MPLADS-SYN-0866,CON-007,2294742.89,2025-12-21,Ineligible,,,Under Evaluation
BID-003892,TND-00866,MPLADS-SYN-0866,CON-002,2301980.49,2025-12-21,Ineligible,,,Not Selected
BID-003893,TND-00867,MPLADS-SYN-0867,CON-006,4124282.74,2025-12-25,Eligible,63.81,4,Not Selected
BID-003894,TND-00867,MPLADS-SYN-0867,CON-007,3691976.9,2025-12-25,Eligible,85.89,1,Selected
BID-003895,TND-00867,MPLADS-SYN-0867,CON-002,4125955.43,2025-12-25,Ineligible,,,Ineligible
BID-003896,TND-00867,MPLADS-SYN-0867,CON-003,4035357.96,2025-12-25,Eligible,73.58,3,Not Selected
BID-003897,TND-00867,MPLADS-SYN-0867,CON-004,4003270.38,2025-12-25,Ineligible,,,Ineligible
BID-003898,TND-00867,MPLADS-SYN-0867,CON-001,3977688.64,2025-12-25,Eligible,79.63,2,Not Selected
BID-003899,TND-00868,MPLADS-SYN-0868,CON-005,1149131.57,2026-07-03,Eligible,63.98,2,Not Selected
BID-003900,TND-00868,MPLADS-SYN-0868,CON-002,1060286.72,2026-07-03,Eligible,71.73,1,Not Selected
BID-003901,TND-00868,MPLADS-SYN-0868,CON-001,1184436.17,2026-07-03,Eligible,84.75,3,Not Selected
BID-003902,TND-00869,MPLADS-SYN-0869,CON-005,2029772.17,2026-06-23,Eligible,80.36,3,Under Evaluation
BID-003903,TND-00869,MPLADS-SYN-0869,CON-006,1835495.48,2026-06-23,Eligible,88.5,1,Not Selected
BID-003904,TND-00869,MPLADS-SYN-0869,CON-007,2014637.2,2026-06-23,Eligible,61.42,2,Not Selected
BID-003905,TND-00869,MPLADS-SYN-0869,CON-003,1928560.48,2026-06-23,Ineligible,,,Not Selected
BID-003906,TND-00870,MPLADS-SYN-0870,CON-004,929373.58,2026-03-28,Eligible,73.57,4,Not Selected
BID-003907,TND-00870,MPLADS-SYN-0870,CON-001,831380.35,2026-03-28,Eligible,75.66,2,Not Selected
BID-003908,TND-00870,MPLADS-SYN-0870,CON-007,823018.6,2026-03-28,Eligible,60.94,1,Not Selected
BID-003909,TND-00870,MPLADS-SYN-0870,CON-002,884272.55,2026-03-28,Eligible,91.14,3,Not Selected
BID-003910,TND-00871,MPLADS-SYN-0871,CON-003,2486498.08,2026-02-19,Eligible,76.42,2,Not Selected
BID-003911,TND-00871,MPLADS-SYN-0871,CON-006,2559202.72,2026-02-19,Eligible,78.23,3,Not Selected
BID-003912,TND-00871,MPLADS-SYN-0871,CON-007,2453445.68,2026-02-19,Eligible,93.01,1,Not Selected
BID-003913,TND-00872,MPLADS-SYN-0872,CON-003,1387710.6,2025-12-27,Eligible,61.43,2,Not Selected
BID-003914,TND-00872,MPLADS-SYN-0872,CON-007,1407551.88,2025-12-27,Eligible,81.25,3,Under Evaluation
BID-003915,TND-00872,MPLADS-SYN-0872,CON-005,1534227.16,2025-12-27,Eligible,66.22,6,Not Selected
BID-003916,TND-00872,MPLADS-SYN-0872,CON-002,1498684.16,2025-12-27,Eligible,71.4,5,Submitted
BID-003917,TND-00872,MPLADS-SYN-0872,CON-006,1340449.92,2025-12-27,Eligible,80.9,1,Submitted
BID-003918,TND-00872,MPLADS-SYN-0872,CON-004,1429524.22,2025-12-27,Eligible,69.4,4,Not Selected
BID-003919,TND-00872,MPLADS-SYN-0872,CON-001,1360665.46,2025-12-27,Ineligible,,,Submitted
BID-003920,TND-00873,MPLADS-SYN-0873,CON-007,340490.32,2026-04-17,Eligible,88.23,4,Not Selected
BID-003921,TND-00873,MPLADS-SYN-0873,CON-003,327714.91,2026-04-17,Eligible,84.71,3,Not Selected
BID-003922,TND-00873,MPLADS-SYN-0873,CON-006,356530.19,2026-04-17,Ineligible,,,Ineligible
BID-003923,TND-00873,MPLADS-SYN-0873,CON-004,302588.12,2026-04-17,Eligible,76.14,1,Not Selected
BID-003924,TND-00873,MPLADS-SYN-0873,CON-002,316961.16,2026-04-17,Eligible,60.5,2,Not Selected
BID-003925,TND-00874,MPLADS-SYN-0874,CON-002,1148194.23,2026-02-16,Ineligible,,,Ineligible
BID-003926,TND-00874,MPLADS-SYN-0874,CON-005,1119983.7,2026-02-16,Eligible,84.53,1,Not Selected
BID-003927,TND-00875,MPLADS-SYN-0875,CON-007,1292522.03,2025-12-13,Ineligible,,,Ineligible
BID-003928,TND-00875,MPLADS-SYN-0875,CON-001,1154914.21,2025-12-13,Eligible,86.8,2,Not Selected
BID-003929,TND-00875,MPLADS-SYN-0875,CON-006,1114819.39,2025-12-13,Eligible,86.37,1,Not Selected
BID-003930,TND-00875,MPLADS-SYN-0875,CON-003,1284312.7,2025-12-13,Eligible,60.98,3,Not Selected
BID-003931,TND-00876,MPLADS-SYN-0876,CON-007,731116.39,2026-07-26,Eligible,80.37,2,Not Selected
BID-003932,TND-00876,MPLADS-SYN-0876,CON-005,654729.26,2026-07-26,Eligible,96.9,1,Not Selected
BID-003933,TND-00877,MPLADS-SYN-0877,CON-006,3439679.65,2026-06-02,Eligible,64.43,2,Not Selected
BID-003934,TND-00877,MPLADS-SYN-0877,CON-001,3593454.3,2026-06-02,Ineligible,,,Ineligible
BID-003935,TND-00877,MPLADS-SYN-0877,CON-002,3163330.95,2026-06-02,Ineligible,,,Ineligible
BID-003936,TND-00877,MPLADS-SYN-0877,CON-007,2950608.21,2026-06-02,Ineligible,,,Ineligible
BID-003937,TND-00877,MPLADS-SYN-0877,CON-005,3676581.18,2026-06-02,Ineligible,,,Ineligible
BID-003938,TND-00877,MPLADS-SYN-0877,CON-004,3212237.44,2026-06-02,Eligible,60.06,1,Not Selected
BID-003939,TND-00878,MPLADS-SYN-0878,CON-007,420738.88,2026-02-14,Eligible,66.61,1,Not Selected
BID-003940,TND-00878,MPLADS-SYN-0878,CON-006,424137.66,2026-02-14,Eligible,65.11,2,Not Selected
BID-003941,TND-00879,MPLADS-SYN-0879,CON-006,2397419.47,2026-01-06,Eligible,83.32,2,Not Selected
BID-003942,TND-00879,MPLADS-SYN-0879,CON-001,2159459.28,2026-01-06,Eligible,94.19,1,Not Selected
BID-003943,TND-00879,MPLADS-SYN-0879,CON-005,1975794.33,2026-01-06,Ineligible,,,Ineligible
BID-003944,TND-00880,MPLADS-SYN-0880,CON-007,1233692.19,2026-02-21,Ineligible,,,Ineligible
BID-003945,TND-00880,MPLADS-SYN-0880,CON-004,1080448.98,2026-02-21,Eligible,63.56,1,Not Selected
BID-003946,TND-00881,MPLADS-SYN-0881,CON-007,870450.68,2025-12-30,Ineligible,,,Ineligible
BID-003947,TND-00881,MPLADS-SYN-0881,CON-005,1012371.93,2025-12-30,Ineligible,,,Ineligible
BID-003948,TND-00881,MPLADS-SYN-0881,CON-003,1006195.29,2025-12-30,Eligible,93.01,2,Not Selected
BID-003949,TND-00881,MPLADS-SYN-0881,CON-002,887570.12,2025-12-30,Eligible,64.18,1,Not Selected
BID-003950,TND-00881,MPLADS-SYN-0881,CON-001,889176.57,2025-12-30,Ineligible,,,Ineligible
BID-003951,TND-00881,MPLADS-SYN-0881,CON-004,975627.86,2025-12-30,Ineligible,,,Ineligible
BID-003952,TND-00882,MPLADS-SYN-0882,CON-002,1331122.87,2026-04-20,Eligible,88.8,3,Not Selected
BID-003953,TND-00882,MPLADS-SYN-0882,CON-004,1332988.4,2026-04-20,Ineligible,,,Not Selected
BID-003954,TND-00882,MPLADS-SYN-0882,CON-006,1266761.64,2026-04-20,Eligible,71.35,2,Submitted
BID-003955,TND-00882,MPLADS-SYN-0882,CON-003,1136843.79,2026-04-20,Eligible,72.29,1,Not Selected
BID-003956,TND-00882,MPLADS-SYN-0882,CON-007,1443024.9,2026-04-20,Eligible,62.41,5,Under Evaluation
BID-003957,TND-00882,MPLADS-SYN-0882,CON-005,1360262.11,2026-04-20,Eligible,89.62,4,Under Evaluation
BID-003958,TND-00883,MPLADS-SYN-0883,CON-007,2510927.39,2026-03-26,Eligible,81.76,4,Not Selected
BID-003959,TND-00883,MPLADS-SYN-0883,CON-002,2155651.96,2026-03-26,Eligible,96.35,2,Not Selected
BID-003960,TND-00883,MPLADS-SYN-0883,CON-004,2019005.98,2026-03-26,Eligible,70.49,1,Not Selected
BID-003961,TND-00883,MPLADS-SYN-0883,CON-005,2406432.78,2026-03-26,Eligible,74.2,3,Selected
BID-003962,TND-00884,MPLADS-SYN-0884,CON-004,1240007.38,2025-12-05,Eligible,86.47,1,Under Evaluation
BID-003963,TND-00884,MPLADS-SYN-0884,CON-005,1316158.87,2025-12-05,Ineligible,,,Not Selected
BID-003964,TND-00884,MPLADS-SYN-0884,CON-002,1393886.83,2025-12-05,Eligible,65.09,2,Submitted
BID-003965,TND-00885,MPLADS-SYN-0885,CON-005,607432.34,2025-12-18,Eligible,76.75,1,Submitted
BID-003966,TND-00885,MPLADS-SYN-0885,CON-003,617721.3,2025-12-18,Ineligible,,,Submitted
BID-003967,TND-00886,MPLADS-SYN-0886,CON-004,1481453.99,2026-01-20,Eligible,82.13,2,Not Selected
BID-003968,TND-00886,MPLADS-SYN-0886,CON-001,1582943.3,2026-01-20,Eligible,69.51,4,Not Selected
BID-003969,TND-00886,MPLADS-SYN-0886,CON-003,1629082.02,2026-01-20,Ineligible,,,Ineligible
BID-003970,TND-00886,MPLADS-SYN-0886,CON-006,1517602.85,2026-01-20,Eligible,95.92,3,Not Selected
BID-003971,TND-00886,MPLADS-SYN-0886,CON-005,1451282.41,2026-01-20,Eligible,80.85,1,Not Selected
BID-003972,TND-00886,MPLADS-SYN-0886,CON-002,1486360.07,2026-01-20,Ineligible,,,Ineligible
BID-003973,TND-00887,MPLADS-SYN-0887,CON-005,345442.64,2026-02-06,Eligible,65.43,4,Selected
BID-003974,TND-00887,MPLADS-SYN-0887,CON-003,334933.7,2026-02-06,Eligible,69.29,3,Not Selected
BID-003975,TND-00887,MPLADS-SYN-0887,CON-004,368255.61,2026-02-06,Eligible,74.15,5,Not Selected
BID-003976,TND-00887,MPLADS-SYN-0887,CON-001,320536.82,2026-02-06,Eligible,60.47,2,Not Selected
BID-003977,TND-00887,MPLADS-SYN-0887,CON-006,300408.53,2026-02-06,Eligible,67.42,1,Not Selected
BID-003978,TND-00888,MPLADS-SYN-0888,CON-002,3501837.31,2026-03-08,Eligible,85.66,4,Not Selected
BID-003979,TND-00888,MPLADS-SYN-0888,CON-004,3506353.86,2026-03-08,Eligible,66.39,5,Not Selected
BID-003980,TND-00888,MPLADS-SYN-0888,CON-007,3364481.61,2026-03-08,Eligible,70.99,3,Not Selected
BID-003981,TND-00888,MPLADS-SYN-0888,CON-005,2887139.56,2026-03-08,Eligible,75.54,2,Selected
BID-003982,TND-00888,MPLADS-SYN-0888,CON-003,2792292.9,2026-03-08,Eligible,62.86,1,Not Selected
BID-003983,TND-00889,MPLADS-SYN-0889,CON-003,1985436.86,2026-07-19,Eligible,79.73,4,Not Selected
BID-003984,TND-00889,MPLADS-SYN-0889,CON-005,1632035.31,2026-07-19,Eligible,61.42,1,Under Evaluation
BID-003985,TND-00889,MPLADS-SYN-0889,CON-001,2030936.38,2026-07-19,Eligible,64.96,5,Not Selected
BID-003986,TND-00889,MPLADS-SYN-0889,CON-007,1879988.14,2026-07-19,Eligible,74.36,3,Under Evaluation
BID-003987,TND-00889,MPLADS-SYN-0889,CON-004,1875444.46,2026-07-19,Eligible,88.09,2,Not Selected
BID-003988,TND-00890,MPLADS-SYN-0890,CON-006,3206336.41,2026-06-20,Eligible,63.84,2,Not Selected
BID-003989,TND-00890,MPLADS-SYN-0890,CON-001,3138068.56,2026-06-20,Eligible,66.9,1,Under Evaluation
BID-003990,TND-00890,MPLADS-SYN-0890,CON-002,3268690.06,2026-06-20,Eligible,66.02,3,Submitted
BID-003991,TND-00890,MPLADS-SYN-0890,CON-005,3574990.86,2026-06-20,Eligible,91.63,4,Under Evaluation
BID-003992,TND-00891,MPLADS-SYN-0891,CON-003,1291907.45,2026-07-17,Eligible,76.82,2,Not Selected
BID-003993,TND-00891,MPLADS-SYN-0891,CON-002,1425637.44,2026-07-17,Eligible,82.18,4,Under Evaluation
BID-003994,TND-00891,MPLADS-SYN-0891,CON-001,1302216.47,2026-07-17,Eligible,66.61,3,Under Evaluation
BID-003995,TND-00891,MPLADS-SYN-0891,CON-005,1174532.98,2026-07-17,Eligible,76.62,1,Submitted
BID-003996,TND-00892,MPLADS-SYN-0892,CON-004,1568535.5,2026-06-18,Eligible,97.9,1,Not Selected
BID-003997,TND-00892,MPLADS-SYN-0892,CON-005,1840371.31,2026-06-18,Ineligible,,,Ineligible
BID-003998,TND-00892,MPLADS-SYN-0892,CON-007,1583789.05,2026-06-18,Eligible,81.38,3,Not Selected
BID-003999,TND-00892,MPLADS-SYN-0892,CON-002,1455860.99,2026-06-18,Ineligible,,,Ineligible
BID-004000,TND-00892,MPLADS-SYN-0892,CON-006,1748892.85,2026-06-18,Eligible,96.5,4,Selected
BID-004001,TND-00892,MPLADS-SYN-0892,CON-003,1583287.42,2026-06-18,Eligible,93.15,2,Not Selected
BID-004002,TND-00892,MPLADS-SYN-0892,CON-001,1642576.74,2026-06-18,Ineligible,,,Ineligible
BID-004003,TND-00893,MPLADS-SYN-0893,CON-003,1782443.93,2026-05-13,Ineligible,,,Ineligible
BID-004004,TND-00893,MPLADS-SYN-0893,CON-001,2092630.54,2026-05-13,Eligible,66.05,2,Not Selected
BID-004005,TND-00893,MPLADS-SYN-0893,CON-004,2106992.29,2026-05-13,Eligible,95.1,3,Not Selected
BID-004006,TND-00893,MPLADS-SYN-0893,CON-007,1868449.79,2026-05-13,Eligible,85.34,1,Selected
BID-004007,TND-00894,MPLADS-SYN-0894,CON-003,1682439.64,2026-07-09,Eligible,65.95,4,Selected
BID-004008,TND-00894,MPLADS-SYN-0894,CON-004,1735949.96,2026-07-09,Ineligible,,,Ineligible
BID-004009,TND-00894,MPLADS-SYN-0894,CON-005,1957905.95,2026-07-09,Eligible,72.31,5,Not Selected
BID-004010,TND-00894,MPLADS-SYN-0894,CON-006,1625626.12,2026-07-09,Eligible,75.61,2,Not Selected
BID-004011,TND-00894,MPLADS-SYN-0894,CON-007,1677835.63,2026-07-09,Ineligible,,,Ineligible
BID-004012,TND-00894,MPLADS-SYN-0894,CON-002,1640857.95,2026-07-09,Eligible,75.69,3,Not Selected
BID-004013,TND-00894,MPLADS-SYN-0894,CON-001,1575570.64,2026-07-09,Eligible,71.25,1,Not Selected
BID-004014,TND-00895,MPLADS-SYN-0895,CON-004,3335023.16,2026-04-20,Eligible,75.78,3,Not Selected
BID-004015,TND-00895,MPLADS-SYN-0895,CON-005,2919111.8,2026-04-20,Eligible,85.6,1,Selected
BID-004016,TND-00895,MPLADS-SYN-0895,CON-007,3032322.36,2026-04-20,Eligible,74.96,2,Not Selected
BID-004017,TND-00896,MPLADS-SYN-0896,CON-006,846305.68,2026-04-05,Eligible,90.95,5,Selected
BID-004018,TND-00896,MPLADS-SYN-0896,CON-005,937169.06,2026-04-05,Eligible,81.13,6,Not Selected
BID-004019,TND-00896,MPLADS-SYN-0896,CON-001,761086.66,2026-04-05,Eligible,81.81,2,Not Selected
BID-004020,TND-00896,MPLADS-SYN-0896,CON-002,756332.3,2026-04-05,Eligible,97.2,1,Not Selected
BID-004021,TND-00896,MPLADS-SYN-0896,CON-004,816619.86,2026-04-05,Eligible,82.5,4,Not Selected
BID-004022,TND-00896,MPLADS-SYN-0896,CON-007,795037.8,2026-04-05,Ineligible,,,Ineligible
BID-004023,TND-00896,MPLADS-SYN-0896,CON-003,816325.02,2026-04-05,Eligible,84.41,3,Not Selected
BID-004024,TND-00897,MPLADS-SYN-0897,CON-006,1541186.58,2026-08-15,Eligible,82.72,1,Not Selected
BID-004025,TND-00897,MPLADS-SYN-0897,CON-007,1650154.06,2026-08-15,Eligible,60.43,3,Not Selected
BID-004026,TND-00897,MPLADS-SYN-0897,CON-005,1622538.46,2026-08-15,Eligible,79.21,2,Not Selected
BID-004027,TND-00897,MPLADS-SYN-0897,CON-003,1737763.46,2026-08-15,Eligible,66.9,4,Not Selected
BID-004028,TND-00897,MPLADS-SYN-0897,CON-004,1630318.89,2026-08-15,Ineligible,,,Ineligible
BID-004029,TND-00898,MPLADS-SYN-0898,CON-006,3551712.46,2026-06-04,Eligible,68.39,4,Not Selected
BID-004030,TND-00898,MPLADS-SYN-0898,CON-004,3440718.8,2026-06-04,Eligible,96.33,3,Selected
BID-004031,TND-00898,MPLADS-SYN-0898,CON-001,3437287.45,2026-06-04,Eligible,89.84,2,Not Selected
BID-004032,TND-00898,MPLADS-SYN-0898,CON-003,3891794.82,2026-06-04,Eligible,75.25,5,Not Selected
BID-004033,TND-00898,MPLADS-SYN-0898,CON-007,4036047.0,2026-06-04,Eligible,87.79,6,Not Selected
BID-004034,TND-00898,MPLADS-SYN-0898,CON-005,3365209.61,2026-06-04,Eligible,67.4,1,Not Selected
BID-004035,TND-00899,MPLADS-SYN-0899,CON-002,591985.62,2026-02-22,Ineligible,,,Ineligible
BID-004036,TND-00899,MPLADS-SYN-0899,CON-007,628802.68,2026-02-22,Eligible,96.37,2,Not Selected
BID-004037,TND-00899,MPLADS-SYN-0899,CON-006,569412.95,2026-02-22,Eligible,70.69,1,Not Selected
BID-004038,TND-00900,MPLADS-SYN-0900,CON-006,2768345.99,2026-06-19,Eligible,63.94,4,Selected
BID-004039,TND-00900,MPLADS-SYN-0900,CON-004,2191196.09,2026-06-19,Eligible,81.98,1,Not Selected
BID-004040,TND-00900,MPLADS-SYN-0900,CON-005,2640917.37,2026-06-19,Eligible,89.32,3,Not Selected
BID-004041,TND-00900,MPLADS-SYN-0900,CON-001,2215057.72,2026-06-19,Eligible,84.93,2,Not Selected
BID-004042,TND-00900,MPLADS-SYN-0900,CON-002,2777335.31,2026-06-19,Eligible,65.72,5,Not Selected
BID-004043,TND-00900,MPLADS-SYN-0900,CON-003,2545470.15,2026-06-19,Ineligible,,,Ineligible
BID-004044,TND-00901,MPLADS-SYN-0901,CON-006,408951.32,2026-07-06,Eligible,96.66,1,Not Selected
BID-004045,TND-00901,MPLADS-SYN-0901,CON-007,459688.38,2026-07-06,Eligible,71.1,2,Submitted
BID-004046,TND-00902,MPLADS-SYN-0902,CON-001,4230731.12,2026-04-29,Eligible,94.99,7,Submitted
BID-004047,TND-00902,MPLADS-SYN-0902,CON-006,3687603.64,2026-04-29,Eligible,89.91,2,Under Evaluation
BID-004048,TND-00902,MPLADS-SYN-0902,CON-002,3411409.99,2026-04-29,Eligible,64.41,1,Under Evaluation
BID-004049,TND-00902,MPLADS-SYN-0902,CON-004,4169982.44,2026-04-29,Eligible,85.91,5,Not Selected
BID-004050,TND-00902,MPLADS-SYN-0902,CON-003,4218067.26,2026-04-29,Eligible,71.53,6,Submitted
BID-004051,TND-00902,MPLADS-SYN-0902,CON-005,3767332.19,2026-04-29,Eligible,96.88,3,Submitted
BID-004052,TND-00902,MPLADS-SYN-0902,CON-007,3822735.66,2026-04-29,Eligible,63.5,4,Under Evaluation
BID-004053,TND-00903,MPLADS-SYN-0903,CON-001,596165.92,2026-06-26,Ineligible,,,Ineligible
BID-004054,TND-00903,MPLADS-SYN-0903,CON-004,639612.08,2026-06-26,Eligible,78.65,2,Not Selected
BID-004055,TND-00903,MPLADS-SYN-0903,CON-006,609603.06,2026-06-26,Ineligible,,,Ineligible
BID-004056,TND-00903,MPLADS-SYN-0903,CON-003,591941.18,2026-06-26,Eligible,69.08,1,Not Selected
BID-004057,TND-00903,MPLADS-SYN-0903,CON-007,691121.97,2026-06-26,Eligible,61.43,4,Not Selected
BID-004058,TND-00903,MPLADS-SYN-0903,CON-005,666130.11,2026-06-26,Eligible,83.36,3,Not Selected
BID-004059,TND-00904,MPLADS-SYN-0904,CON-001,1124335.57,2026-07-16,Eligible,64.52,1,Not Selected
BID-004060,TND-00904,MPLADS-SYN-0904,CON-007,1160447.05,2026-07-16,Eligible,62.89,3,Not Selected
BID-004061,TND-00904,MPLADS-SYN-0904,CON-005,1145802.61,2026-07-16,Eligible,68.28,2,Not Selected
BID-004062,TND-00904,MPLADS-SYN-0904,CON-003,1087190.74,2026-07-16,Ineligible,,,Ineligible
BID-004063,TND-00905,MPLADS-SYN-0905,CON-007,1664588.76,2026-01-26,Eligible,66.35,3,Not Selected
BID-004064,TND-00905,MPLADS-SYN-0905,CON-002,1470654.12,2026-01-26,Ineligible,,,Ineligible
BID-004065,TND-00905,MPLADS-SYN-0905,CON-001,1635139.5,2026-01-26,Eligible,60.08,2,Not Selected
BID-004066,TND-00905,MPLADS-SYN-0905,CON-004,1593033.65,2026-01-26,Eligible,78.49,1,Not Selected
BID-004067,TND-00906,MPLADS-SYN-0906,CON-006,762752.83,2026-06-04,Eligible,74.84,2,Under Evaluation
BID-004068,TND-00906,MPLADS-SYN-0906,CON-007,764082.76,2026-06-04,Eligible,61.16,3,Submitted
BID-004069,TND-00906,MPLADS-SYN-0906,CON-004,727488.13,2026-06-04,Eligible,77.15,1,Under Evaluation
BID-004070,TND-00906,MPLADS-SYN-0906,CON-005,900359.12,2026-06-04,Ineligible,,,Submitted
BID-004071,TND-00907,MPLADS-SYN-0907,CON-003,1913282.0,2026-04-03,Eligible,77.03,1,Not Selected
BID-004072,TND-00907,MPLADS-SYN-0907,CON-006,1855984.94,2026-04-03,Ineligible,,,Ineligible
BID-004073,TND-00907,MPLADS-SYN-0907,CON-002,1600228.04,2026-04-03,Ineligible,,,Ineligible
BID-004074,TND-00908,MPLADS-SYN-0908,CON-001,1755845.05,2026-01-01,Eligible,92.64,1,Not Selected
BID-004075,TND-00908,MPLADS-SYN-0908,CON-005,2067493.85,2026-01-01,Eligible,64.23,3,Not Selected
BID-004076,TND-00908,MPLADS-SYN-0908,CON-003,1847465.97,2026-01-01,Eligible,79.35,2,Selected
BID-004077,TND-00908,MPLADS-SYN-0908,CON-004,2221417.64,2026-01-01,Ineligible,,,Ineligible
BID-004078,TND-00908,MPLADS-SYN-0908,CON-006,2173184.41,2026-01-01,Eligible,61.54,4,Not Selected
BID-004079,TND-00909,MPLADS-SYN-0909,CON-005,1535929.74,2026-08-05,Eligible,60.13,1,Not Selected
BID-004080,TND-00909,MPLADS-SYN-0909,CON-004,1473932.58,2026-08-05,Ineligible,,,Ineligible
BID-004081,TND-00910,MPLADS-SYN-0910,CON-003,4031581.28,2025-12-19,Eligible,60.29,3,Not Selected
BID-004082,TND-00910,MPLADS-SYN-0910,CON-005,3950430.48,2025-12-19,Eligible,79.06,2,Not Selected
BID-004083,TND-00910,MPLADS-SYN-0910,CON-007,3642995.2,2025-12-19,Eligible,93.07,1,Not Selected
BID-004084,TND-00910,MPLADS-SYN-0910,CON-006,4211835.95,2025-12-19,Eligible,68.72,5,Not Selected
BID-004085,TND-00910,MPLADS-SYN-0910,CON-001,4100422.22,2025-12-19,Eligible,66.65,4,Not Selected
BID-004086,TND-00911,MPLADS-SYN-0911,CON-002,1951845.15,2026-04-19,Eligible,98.0,3,Under Evaluation
BID-004087,TND-00911,MPLADS-SYN-0911,CON-001,1825907.79,2026-04-19,Eligible,60.05,2,Submitted
BID-004088,TND-00911,MPLADS-SYN-0911,CON-003,1597713.27,2026-04-19,Eligible,83.0,1,Under Evaluation
BID-004089,TND-00912,MPLADS-SYN-0912,CON-001,1471399.5,2026-02-03,Eligible,89.11,7,Not Selected
BID-004090,TND-00912,MPLADS-SYN-0912,CON-003,1336408.29,2026-02-03,Eligible,95.09,3,Not Selected
BID-004091,TND-00912,MPLADS-SYN-0912,CON-006,1158602.97,2026-02-03,Eligible,70.99,1,Selected
BID-004092,TND-00912,MPLADS-SYN-0912,CON-005,1373449.24,2026-02-03,Eligible,96.35,5,Not Selected
BID-004093,TND-00912,MPLADS-SYN-0912,CON-007,1345218.35,2026-02-03,Eligible,82.75,4,Not Selected
BID-004094,TND-00912,MPLADS-SYN-0912,CON-002,1313882.83,2026-02-03,Eligible,61.11,2,Not Selected
BID-004095,TND-00912,MPLADS-SYN-0912,CON-004,1471055.64,2026-02-03,Eligible,92.36,6,Not Selected
BID-004096,TND-00913,MPLADS-SYN-0913,CON-001,1116121.56,2026-02-07,Eligible,69.22,2,Not Selected
BID-004097,TND-00913,MPLADS-SYN-0913,CON-003,964923.36,2026-02-07,Eligible,93.12,1,Not Selected
BID-004098,TND-00914,MPLADS-SYN-0914,CON-001,1329675.63,2026-03-04,Eligible,61.38,2,Not Selected
BID-004099,TND-00914,MPLADS-SYN-0914,CON-006,1202325.85,2026-03-04,Eligible,74.65,1,Submitted
BID-004100,TND-00914,MPLADS-SYN-0914,CON-005,1433823.02,2026-03-04,Ineligible,,,Not Selected
BID-004101,TND-00914,MPLADS-SYN-0914,CON-003,1394654.02,2026-03-04,Eligible,97.82,4,Not Selected
BID-004102,TND-00914,MPLADS-SYN-0914,CON-004,1333307.41,2026-03-04,Eligible,65.54,3,Not Selected
BID-004103,TND-00914,MPLADS-SYN-0914,CON-007,1249561.93,2026-03-04,Ineligible,,,Under Evaluation
BID-004104,TND-00915,MPLADS-SYN-0915,CON-007,3610030.88,2026-02-27,Eligible,72.28,1,Not Selected
BID-004105,TND-00915,MPLADS-SYN-0915,CON-006,3959788.25,2026-02-27,Ineligible,,,Under Evaluation
BID-004106,TND-00915,MPLADS-SYN-0915,CON-003,4221916.98,2026-02-27,Eligible,89.19,3,Not Selected
BID-004107,TND-00915,MPLADS-SYN-0915,CON-005,4171553.3,2026-02-27,Eligible,81.88,2,Submitted
BID-004108,TND-00916,MPLADS-SYN-0916,CON-006,1180394.43,2026-01-11,Eligible,74.76,1,Selected
BID-004109,TND-00916,MPLADS-SYN-0916,CON-005,1193868.32,2026-01-11,Eligible,68.87,3,Not Selected
BID-004110,TND-00916,MPLADS-SYN-0916,CON-004,1298795.63,2026-01-11,Eligible,76.87,5,Not Selected
BID-004111,TND-00916,MPLADS-SYN-0916,CON-003,1076009.78,2026-01-11,Ineligible,,,Ineligible
BID-004112,TND-00916,MPLADS-SYN-0916,CON-002,1161983.56,2026-01-11,Ineligible,,,Ineligible
BID-004113,TND-00916,MPLADS-SYN-0916,CON-007,1191992.03,2026-01-11,Eligible,75.89,2,Not Selected
BID-004114,TND-00916,MPLADS-SYN-0916,CON-001,1237543.37,2026-01-11,Eligible,82.33,4,Not Selected
BID-004115,TND-00917,MPLADS-SYN-0917,CON-004,2136245.44,2026-02-13,Eligible,77.47,1,Under Evaluation
BID-004116,TND-00917,MPLADS-SYN-0917,CON-001,2383517.09,2026-02-13,Eligible,90.5,6,Under Evaluation
BID-004117,TND-00917,MPLADS-SYN-0917,CON-002,2369020.54,2026-02-13,Eligible,67.0,5,Not Selected
BID-004118,TND-00917,MPLADS-SYN-0917,CON-003,2330969.98,2026-02-13,Eligible,68.08,4,Submitted
BID-004119,TND-00917,MPLADS-SYN-0917,CON-005,2200659.62,2026-02-13,Eligible,63.04,2,Under Evaluation
BID-004120,TND-00917,MPLADS-SYN-0917,CON-006,2311558.9,2026-02-13,Eligible,87.37,3,Submitted
BID-004121,TND-00917,MPLADS-SYN-0917,CON-007,2104879.51,2026-02-13,Ineligible,,,Not Selected
BID-004122,TND-00918,MPLADS-SYN-0918,CON-001,2303859.29,2026-02-07,Eligible,85.67,1,Not Selected
BID-004123,TND-00918,MPLADS-SYN-0918,CON-004,2399225.83,2026-02-07,Eligible,95.37,3,Not Selected
BID-004124,TND-00918,MPLADS-SYN-0918,CON-003,2761410.26,2026-02-07,Eligible,84.32,5,Not Selected
BID-004125,TND-00918,MPLADS-SYN-0918,CON-002,2809054.68,2026-02-07,Eligible,79.96,6,Not Selected
BID-004126,TND-00918,MPLADS-SYN-0918,CON-007,2357133.88,2026-02-07,Eligible,60.77,2,Selected
BID-004127,TND-00918,MPLADS-SYN-0918,CON-005,2748290.56,2026-02-07,Ineligible,,,Ineligible
BID-004128,TND-00918,MPLADS-SYN-0918,CON-006,2465001.49,2026-02-07,Eligible,76.82,4,Not Selected
BID-004129,TND-00919,MPLADS-SYN-0919,CON-001,645837.31,2026-03-11,Eligible,61.0,1,Not Selected
BID-004130,TND-00919,MPLADS-SYN-0919,CON-003,636379.85,2026-03-11,Ineligible,,,Ineligible
BID-004131,TND-00919,MPLADS-SYN-0919,CON-002,719337.27,2026-03-11,Eligible,94.4,2,Not Selected
BID-004132,TND-00920,MPLADS-SYN-0920,CON-003,2722121.01,2026-02-01,Eligible,68.41,5,Under Evaluation
BID-004133,TND-00920,MPLADS-SYN-0920,CON-002,2186245.18,2026-02-01,Eligible,96.9,4,Submitted
BID-004134,TND-00920,MPLADS-SYN-0920,CON-005,2183088.2,2026-02-01,Eligible,65.96,3,Not Selected
BID-004135,TND-00920,MPLADS-SYN-0920,CON-004,2135997.76,2026-02-01,Eligible,67.03,2,Submitted
BID-004136,TND-00920,MPLADS-SYN-0920,CON-007,2135951.62,2026-02-01,Eligible,82.23,1,Not Selected
BID-004137,TND-00921,MPLADS-SYN-0921,CON-001,914321.4,2026-06-15,Ineligible,,,Ineligible
BID-004138,TND-00921,MPLADS-SYN-0921,CON-002,910954.44,2026-06-15,Eligible,82.94,2,Not Selected
BID-004139,TND-00921,MPLADS-SYN-0921,CON-003,773969.03,2026-06-15,Eligible,66.98,1,Not Selected
BID-004140,TND-00922,MPLADS-SYN-0922,CON-005,1343286.93,2026-07-02,Eligible,60.02,3,Not Selected
BID-004141,TND-00922,MPLADS-SYN-0922,CON-003,1310600.57,2026-07-02,Eligible,87.62,2,Selected
BID-004142,TND-00922,MPLADS-SYN-0922,CON-001,1367942.51,2026-07-02,Eligible,88.23,4,Not Selected
BID-004143,TND-00922,MPLADS-SYN-0922,CON-002,1088388.68,2026-07-02,Ineligible,,,Ineligible
BID-004144,TND-00922,MPLADS-SYN-0922,CON-006,1265902.99,2026-07-02,Ineligible,,,Ineligible
BID-004145,TND-00922,MPLADS-SYN-0922,CON-004,1207960.38,2026-07-02,Eligible,70.82,1,Not Selected
BID-004146,TND-00922,MPLADS-SYN-0922,CON-007,1180263.9,2026-07-02,Ineligible,,,Ineligible
BID-004147,TND-00923,MPLADS-SYN-0923,CON-006,1433396.39,2026-03-14,Eligible,83.37,1,Not Selected
BID-004148,TND-00923,MPLADS-SYN-0923,CON-004,1824891.98,2026-03-14,Eligible,67.44,2,Not Selected
BID-004149,TND-00924,MPLADS-SYN-0924,CON-005,1141276.39,2026-01-25,Eligible,85.04,1,Not Selected
BID-004150,TND-00924,MPLADS-SYN-0924,CON-007,1335873.86,2026-01-25,Ineligible,,,Ineligible
BID-004151,TND-00924,MPLADS-SYN-0924,CON-004,1144075.83,2026-01-25,Eligible,89.78,2,Not Selected
BID-004152,TND-00924,MPLADS-SYN-0924,CON-006,1174839.92,2026-01-25,Eligible,91.21,3,Not Selected
BID-004153,TND-00924,MPLADS-SYN-0924,CON-003,1335840.99,2026-01-25,Ineligible,,,Ineligible
BID-004154,TND-00925,MPLADS-SYN-0925,CON-004,2394555.93,2026-03-11,Ineligible,,,Ineligible
BID-004155,TND-00925,MPLADS-SYN-0925,CON-003,2225777.37,2026-03-11,Eligible,65.15,3,Not Selected
BID-004156,TND-00925,MPLADS-SYN-0925,CON-001,2222025.9,2026-03-11,Ineligible,,,Ineligible
BID-004157,TND-00925,MPLADS-SYN-0925,CON-006,2175516.84,2026-03-11,Eligible,82.26,2,Not Selected
BID-004158,TND-00925,MPLADS-SYN-0925,CON-005,2143720.61,2026-03-11,Eligible,74.38,1,Not Selected
BID-004159,TND-00925,MPLADS-SYN-0925,CON-007,2492081.13,2026-03-11,Eligible,84.59,4,Not Selected
BID-004160,TND-00926,MPLADS-SYN-0926,CON-003,740164.36,2026-02-11,Eligible,83.04,1,Not Selected
BID-004161,TND-00926,MPLADS-SYN-0926,CON-002,763420.09,2026-02-11,Eligible,61.1,2,Not Selected
BID-004162,TND-00926,MPLADS-SYN-0926,CON-004,881122.25,2026-02-11,Ineligible,,,Ineligible
BID-004163,TND-00927,MPLADS-SYN-0927,CON-006,1208404.99,2026-05-07,Eligible,73.09,1,Under Evaluation
BID-004164,TND-00927,MPLADS-SYN-0927,CON-002,1359666.37,2026-05-07,Ineligible,,,Under Evaluation
BID-004165,TND-00927,MPLADS-SYN-0927,CON-004,1344222.94,2026-05-07,Eligible,88.69,4,Under Evaluation
BID-004166,TND-00927,MPLADS-SYN-0927,CON-005,1318349.83,2026-05-07,Eligible,78.65,3,Submitted
BID-004167,TND-00927,MPLADS-SYN-0927,CON-007,1324504.31,2026-05-07,Ineligible,,,Under Evaluation
BID-004168,TND-00927,MPLADS-SYN-0927,CON-001,1253737.0,2026-05-07,Eligible,94.03,2,Under Evaluation
BID-004169,TND-00928,MPLADS-SYN-0928,CON-007,525478.56,2026-02-09,Eligible,86.61,3,Not Selected
BID-004170,TND-00928,MPLADS-SYN-0928,CON-001,474114.92,2026-02-09,Eligible,76.38,2,Not Selected
BID-004171,TND-00928,MPLADS-SYN-0928,CON-006,533224.83,2026-02-09,Eligible,93.12,4,Selected
BID-004172,TND-00928,MPLADS-SYN-0928,CON-004,471100.03,2026-02-09,Eligible,78.54,1,Not Selected
BID-004173,TND-00929,MPLADS-SYN-0929,CON-007,464311.4,2026-03-24,Ineligible,,,Under Evaluation
BID-004174,TND-00929,MPLADS-SYN-0929,CON-003,471472.18,2026-03-24,Eligible,76.18,3,Not Selected
BID-004175,TND-00929,MPLADS-SYN-0929,CON-004,427762.41,2026-03-24,Eligible,73.97,2,Not Selected
BID-004176,TND-00929,MPLADS-SYN-0929,CON-006,422437.65,2026-03-24,Eligible,83.77,1,Under Evaluation
BID-004177,TND-00929,MPLADS-SYN-0929,CON-005,445788.17,2026-03-24,Ineligible,,,Not Selected
BID-004178,TND-00930,MPLADS-SYN-0930,CON-001,1463119.57,2026-04-27,Eligible,87.02,4,Selected
BID-004179,TND-00930,MPLADS-SYN-0930,CON-004,1261711.4,2026-04-27,Eligible,88.11,1,Not Selected
BID-004180,TND-00930,MPLADS-SYN-0930,CON-003,1446009.06,2026-04-27,Ineligible,,,Ineligible
BID-004181,TND-00930,MPLADS-SYN-0930,CON-007,1404468.14,2026-04-27,Eligible,69.78,3,Not Selected
BID-004182,TND-00930,MPLADS-SYN-0930,CON-006,1507760.84,2026-04-27,Eligible,62.77,5,Not Selected
BID-004183,TND-00930,MPLADS-SYN-0930,CON-002,1401373.63,2026-04-27,Eligible,76.61,2,Not Selected
BID-004184,TND-00931,MPLADS-SYN-0931,CON-006,1206709.09,2026-02-06,Eligible,70.9,1,Not Selected
BID-004185,TND-00931,MPLADS-SYN-0931,CON-003,1170277.79,2026-02-06,Ineligible,,,Ineligible
BID-004186,TND-00931,MPLADS-SYN-0931,CON-001,1288449.86,2026-02-06,Ineligible,,,Ineligible
BID-004187,TND-00931,MPLADS-SYN-0931,CON-002,1330615.48,2026-02-06,Eligible,74.2,2,Not Selected
BID-004188,TND-00931,MPLADS-SYN-0931,CON-004,1332505.92,2026-02-06,Eligible,86.53,3,Not Selected
BID-004189,TND-00932,MPLADS-SYN-0932,CON-001,3843151.59,2026-05-02,Eligible,89.42,2,Not Selected
BID-004190,TND-00932,MPLADS-SYN-0932,CON-002,3584085.2,2026-05-02,Eligible,86.35,1,Not Selected
BID-004191,TND-00932,MPLADS-SYN-0932,CON-005,4315648.65,2026-05-02,Eligible,72.03,3,Not Selected
BID-004192,TND-00932,MPLADS-SYN-0932,CON-003,4107473.32,2026-05-02,Ineligible,,,Ineligible
BID-004193,TND-00933,MPLADS-SYN-0933,CON-004,2422186.9,2026-01-14,Eligible,67.62,2,Selected
BID-004194,TND-00933,MPLADS-SYN-0933,CON-006,2090130.13,2026-01-14,Eligible,93.56,1,Not Selected
BID-004195,TND-00933,MPLADS-SYN-0933,CON-003,2514137.58,2026-01-14,Eligible,91.22,3,Not Selected
BID-004196,TND-00933,MPLADS-SYN-0933,CON-002,2523401.87,2026-01-14,Eligible,79.13,4,Not Selected
BID-004197,TND-00934,MPLADS-SYN-0934,CON-002,1242063.27,2026-04-03,Eligible,67.77,1,Not Selected
BID-004198,TND-00934,MPLADS-SYN-0934,CON-003,1411930.94,2026-04-03,Ineligible,,,Ineligible
BID-004199,TND-00935,MPLADS-SYN-0935,CON-006,1811325.75,2026-04-26,Ineligible,,,Under Evaluation
BID-004200,TND-00935,MPLADS-SYN-0935,CON-005,1721678.84,2026-04-26,Eligible,67.86,4,Not Selected
BID-004201,TND-00935,MPLADS-SYN-0935,CON-003,1423143.55,2026-04-26,Eligible,85.73,1,Not Selected
BID-004202,TND-00935,MPLADS-SYN-0935,CON-007,1672751.16,2026-04-26,Eligible,93.31,3,Under Evaluation
BID-004203,TND-00935,MPLADS-SYN-0935,CON-004,1669746.98,2026-04-26,Eligible,97.44,2,Not Selected
BID-004204,TND-00936,MPLADS-SYN-0936,CON-007,3117258.16,2025-12-12,Eligible,64.32,2,Selected
BID-004205,TND-00936,MPLADS-SYN-0936,CON-002,2717756.39,2025-12-12,Eligible,83.62,1,Not Selected
BID-004206,TND-00937,MPLADS-SYN-0937,CON-006,1644892.78,2026-04-24,Eligible,96.83,1,Not Selected
BID-004207,TND-00937,MPLADS-SYN-0937,CON-001,1944951.96,2026-04-24,Eligible,94.16,3,Submitted
BID-004208,TND-00937,MPLADS-SYN-0937,CON-004,1679756.95,2026-04-24,Eligible,73.11,2,Under Evaluation
BID-004209,TND-00938,MPLADS-SYN-0938,CON-007,2170042.28,2025-11-29,Eligible,70.86,2,Not Selected
BID-004210,TND-00938,MPLADS-SYN-0938,CON-006,2422834.42,2025-11-29,Eligible,70.71,5,Not Selected
BID-004211,TND-00938,MPLADS-SYN-0938,CON-005,2203163.55,2025-11-29,Eligible,73.25,3,Selected
BID-004212,TND-00938,MPLADS-SYN-0938,CON-004,2270977.25,2025-11-29,Eligible,62.88,4,Not Selected
BID-004213,TND-00938,MPLADS-SYN-0938,CON-001,2168146.13,2025-11-29,Eligible,67.26,1,Not Selected
BID-004214,TND-00939,MPLADS-SYN-0939,CON-005,315612.06,2026-06-13,Ineligible,,,Not Selected
BID-004215,TND-00939,MPLADS-SYN-0939,CON-001,400654.21,2026-06-13,Ineligible,,,Under Evaluation
BID-004216,TND-00939,MPLADS-SYN-0939,CON-004,355882.53,2026-06-13,Ineligible,,,Under Evaluation
BID-004217,TND-00939,MPLADS-SYN-0939,CON-002,365274.62,2026-06-13,Eligible,96.56,1,Submitted
BID-004218,TND-00939,MPLADS-SYN-0939,CON-003,370758.35,2026-06-13,Eligible,90.03,2,Under Evaluation
BID-004219,TND-00939,MPLADS-SYN-0939,CON-006,375277.86,2026-06-13,Ineligible,,,Not Selected
BID-004220,TND-00940,MPLADS-SYN-0940,CON-004,772159.16,2026-04-02,Eligible,62.5,5,Under Evaluation
BID-004221,TND-00940,MPLADS-SYN-0940,CON-005,811259.17,2026-04-02,Eligible,72.65,6,Submitted
BID-004222,TND-00940,MPLADS-SYN-0940,CON-001,832017.75,2026-04-02,Eligible,67.2,7,Under Evaluation
BID-004223,TND-00940,MPLADS-SYN-0940,CON-003,713742.04,2026-04-02,Eligible,73.22,2,Not Selected
BID-004224,TND-00940,MPLADS-SYN-0940,CON-007,708158.32,2026-04-02,Eligible,74.05,1,Not Selected
BID-004225,TND-00940,MPLADS-SYN-0940,CON-006,715301.75,2026-04-02,Eligible,81.98,3,Submitted
BID-004226,TND-00940,MPLADS-SYN-0940,CON-002,758720.73,2026-04-02,Eligible,66.05,4,Under Evaluation
BID-004227,TND-00941,MPLADS-SYN-0941,CON-003,459445.44,2026-03-22,Ineligible,,,Under Evaluation
BID-004228,TND-00941,MPLADS-SYN-0941,CON-001,435551.39,2026-03-22,Eligible,72.55,1,Not Selected
BID-004229,TND-00941,MPLADS-SYN-0941,CON-004,463582.23,2026-03-22,Ineligible,,,Under Evaluation
BID-004230,TND-00942,MPLADS-SYN-0942,CON-004,1019264.94,2026-06-12,Eligible,60.25,1,Not Selected
BID-004231,TND-00942,MPLADS-SYN-0942,CON-005,1183305.8,2026-06-12,Eligible,67.77,2,Not Selected
BID-004232,TND-00943,MPLADS-SYN-0943,CON-007,1108849.17,2025-12-16,Eligible,69.69,2,Not Selected
BID-004233,TND-00943,MPLADS-SYN-0943,CON-004,971497.06,2025-12-16,Eligible,90.82,1,Not Selected
BID-004234,TND-00943,MPLADS-SYN-0943,CON-003,1150833.71,2025-12-16,Eligible,72.16,3,Not Selected
BID-004235,TND-00943,MPLADS-SYN-0943,CON-005,1196940.59,2025-12-16,Eligible,95.85,4,Not Selected
BID-004236,TND-00944,MPLADS-SYN-0944,CON-003,643273.13,2026-03-23,Eligible,80.34,3,Not Selected
BID-004237,TND-00944,MPLADS-SYN-0944,CON-007,604556.19,2026-03-23,Ineligible,,,Ineligible
BID-004238,TND-00944,MPLADS-SYN-0944,CON-001,537571.9,2026-03-23,Eligible,84.28,1,Not Selected
BID-004239,TND-00944,MPLADS-SYN-0944,CON-004,635242.67,2026-03-23,Eligible,81.11,2,Not Selected
BID-004240,TND-00945,MPLADS-SYN-0945,CON-006,2854578.47,2026-02-23,Ineligible,,,Ineligible
BID-004241,TND-00945,MPLADS-SYN-0945,CON-002,2843819.89,2026-02-23,Eligible,64.59,1,Not Selected
BID-004242,TND-00946,MPLADS-SYN-0946,CON-006,1470974.33,2025-12-23,Eligible,60.33,1,Not Selected
BID-004243,TND-00946,MPLADS-SYN-0946,CON-003,1862950.51,2025-12-23,Eligible,62.78,5,Not Selected
BID-004244,TND-00946,MPLADS-SYN-0946,CON-005,1828298.74,2025-12-23,Eligible,65.35,3,Not Selected
BID-004245,TND-00946,MPLADS-SYN-0946,CON-004,1598175.42,2025-12-23,Eligible,78.58,2,Not Selected
BID-004246,TND-00946,MPLADS-SYN-0946,CON-002,1854753.75,2025-12-23,Eligible,73.25,4,Not Selected
BID-004247,TND-00947,MPLADS-SYN-0947,CON-005,1953805.64,2025-12-19,Ineligible,,,Ineligible
BID-004248,TND-00947,MPLADS-SYN-0947,CON-006,2094055.06,2025-12-19,Eligible,88.78,1,Not Selected
BID-004249,TND-00948,MPLADS-SYN-0948,CON-006,1191835.24,2026-01-06,Ineligible,,,Ineligible
BID-004250,TND-00948,MPLADS-SYN-0948,CON-007,1087461.43,2026-01-06,Eligible,75.3,1,Selected
BID-004251,TND-00948,MPLADS-SYN-0948,CON-005,1118025.1,2026-01-06,Eligible,61.55,2,Not Selected
BID-004252,TND-00948,MPLADS-SYN-0948,CON-004,1162726.0,2026-01-06,Ineligible,,,Ineligible
BID-004253,TND-00948,MPLADS-SYN-0948,CON-001,1137964.4,2026-01-06,Eligible,67.4,3,Not Selected
BID-004254,TND-00948,MPLADS-SYN-0948,CON-003,1211903.82,2026-01-06,Eligible,60.66,4,Not Selected
BID-004255,TND-00949,MPLADS-SYN-0949,CON-005,1144093.43,2026-01-18,Eligible,69.27,5,Not Selected
BID-004256,TND-00949,MPLADS-SYN-0949,CON-002,1156833.0,2026-01-18,Eligible,77.43,6,Not Selected
BID-004257,TND-00949,MPLADS-SYN-0949,CON-007,1081530.66,2026-01-18,Eligible,78.17,4,Not Selected
BID-004258,TND-00949,MPLADS-SYN-0949,CON-006,1047433.42,2026-01-18,Eligible,88.97,2,Not Selected
BID-004259,TND-00949,MPLADS-SYN-0949,CON-003,1073690.29,2026-01-18,Eligible,63.14,3,Not Selected
BID-004260,TND-00949,MPLADS-SYN-0949,CON-004,1249096.69,2026-01-18,Eligible,88.32,7,Selected
BID-004261,TND-00949,MPLADS-SYN-0949,CON-001,1005152.53,2026-01-18,Eligible,75.08,1,Not Selected
BID-004262,TND-00950,MPLADS-SYN-0950,CON-006,677027.11,2026-05-23,Eligible,82.72,2,Not Selected
BID-004263,TND-00950,MPLADS-SYN-0950,CON-002,746115.48,2026-05-23,Eligible,68.38,4,Not Selected
BID-004264,TND-00950,MPLADS-SYN-0950,CON-001,645578.92,2026-05-23,Eligible,73.61,1,Not Selected
BID-004265,TND-00950,MPLADS-SYN-0950,CON-004,751525.41,2026-05-23,Eligible,64.1,5,Not Selected
BID-004266,TND-00950,MPLADS-SYN-0950,CON-003,694829.63,2026-05-23,Eligible,81.67,3,Selected
BID-004267,TND-00950,MPLADS-SYN-0950,CON-005,738185.37,2026-05-23,Ineligible,,,Ineligible
BID-004268,TND-00950,MPLADS-SYN-0950,CON-007,637431.55,2026-05-23,Ineligible,,,Ineligible
BID-004269,TND-00951,MPLADS-SYN-0951,CON-007,814612.72,2026-06-26,Eligible,93.31,1,Submitted
BID-004270,TND-00951,MPLADS-SYN-0951,CON-003,672136.7,2026-06-26,Ineligible,,,Not Selected
BID-004271,TND-00951,MPLADS-SYN-0951,CON-002,681201.5,2026-06-26,Ineligible,,,Under Evaluation
BID-004272,TND-00952,MPLADS-SYN-0952,CON-003,1828197.73,2026-08-04,Ineligible,,,Not Selected
BID-004273,TND-00952,MPLADS-SYN-0952,CON-006,1499627.67,2026-08-04,Eligible,90.81,1,Submitted
BID-004274,TND-00952,MPLADS-SYN-0952,CON-001,1737912.59,2026-08-04,Eligible,80.75,4,Submitted
BID-004275,TND-00952,MPLADS-SYN-0952,CON-007,1727230.1,2026-08-04,Eligible,85.33,3,Under Evaluation
BID-004276,TND-00952,MPLADS-SYN-0952,CON-005,1605220.88,2026-08-04,Eligible,63.27,2,Under Evaluation
BID-004277,TND-00953,MPLADS-SYN-0953,CON-001,487573.95,2026-04-28,Eligible,93.34,1,Under Evaluation
BID-004278,TND-00953,MPLADS-SYN-0953,CON-006,503585.38,2026-04-28,Eligible,62.17,2,Not Selected
BID-004279,TND-00954,MPLADS-SYN-0954,CON-005,1401772.21,2026-02-05,Eligible,92.44,2,Under Evaluation
BID-004280,TND-00954,MPLADS-SYN-0954,CON-006,1405580.78,2026-02-05,Eligible,80.02,3,Submitted
BID-004281,TND-00954,MPLADS-SYN-0954,CON-007,1566707.01,2026-02-05,Eligible,86.56,6,Under Evaluation
BID-004282,TND-00954,MPLADS-SYN-0954,CON-003,1315127.76,2026-02-05,Eligible,93.47,1,Not Selected
BID-004283,TND-00954,MPLADS-SYN-0954,CON-002,1430048.86,2026-02-05,Eligible,85.95,4,Not Selected
BID-004284,TND-00954,MPLADS-SYN-0954,CON-001,1437735.42,2026-02-05,Eligible,95.09,5,Submitted
BID-004285,TND-00954,MPLADS-SYN-0954,CON-004,1467994.07,2026-02-05,Ineligible,,,Under Evaluation
BID-004286,TND-00955,MPLADS-SYN-0955,CON-003,2425343.86,2026-06-16,Eligible,97.43,2,Submitted
BID-004287,TND-00955,MPLADS-SYN-0955,CON-002,2526115.05,2026-06-16,Ineligible,,,Not Selected
BID-004288,TND-00955,MPLADS-SYN-0955,CON-006,2149403.49,2026-06-16,Eligible,93.98,1,Under Evaluation
BID-004289,TND-00955,MPLADS-SYN-0955,CON-001,2716463.48,2026-06-16,Ineligible,,,Submitted
BID-004290,TND-00956,MPLADS-SYN-0956,CON-007,798948.09,2026-08-17,Eligible,85.87,1,Not Selected
BID-004291,TND-00956,MPLADS-SYN-0956,CON-002,1010649.05,2026-08-17,Eligible,60.32,2,Not Selected
BID-004292,TND-00956,MPLADS-SYN-0956,CON-001,932992.96,2026-08-17,Ineligible,,,Ineligible
BID-004293,TND-00957,MPLADS-SYN-0957,CON-007,927106.18,2026-08-30,Ineligible,,,Ineligible
BID-004294,TND-00957,MPLADS-SYN-0957,CON-005,1001601.03,2026-08-30,Eligible,97.95,1,Selected
BID-004295,TND-00957,MPLADS-SYN-0957,CON-003,1033361.63,2026-08-30,Eligible,84.61,3,Not Selected
BID-004296,TND-00957,MPLADS-SYN-0957,CON-001,1039367.03,2026-08-30,Eligible,75.41,4,Not Selected
BID-004297,TND-00957,MPLADS-SYN-0957,CON-004,971455.44,2026-08-30,Ineligible,,,Ineligible
BID-004298,TND-00957,MPLADS-SYN-0957,CON-006,1022519.78,2026-08-30,Eligible,79.35,2,Not Selected
BID-004299,TND-00958,MPLADS-SYN-0958,CON-004,3082117.32,2026-08-01,Ineligible,,,Ineligible
BID-004300,TND-00958,MPLADS-SYN-0958,CON-007,3851188.05,2026-08-01,Eligible,77.48,5,Not Selected
BID-004301,TND-00958,MPLADS-SYN-0958,CON-001,3421366.31,2026-08-01,Eligible,66.99,1,Not Selected
BID-004302,TND-00958,MPLADS-SYN-0958,CON-006,3449029.86,2026-08-01,Eligible,79.56,2,Selected
BID-004303,TND-00958,MPLADS-SYN-0958,CON-002,3682016.87,2026-08-01,Eligible,81.66,4,Not Selected
BID-004304,TND-00958,MPLADS-SYN-0958,CON-005,3679007.92,2026-08-01,Ineligible,,,Ineligible
BID-004305,TND-00958,MPLADS-SYN-0958,CON-003,3639223.23,2026-08-01,Eligible,96.08,3,Not Selected
BID-004306,TND-00959,MPLADS-SYN-0959,CON-007,562943.67,2026-02-12,Eligible,90.72,1,Not Selected
BID-004307,TND-00959,MPLADS-SYN-0959,CON-003,604754.09,2026-02-12,Eligible,65.15,4,Not Selected
BID-004308,TND-00959,MPLADS-SYN-0959,CON-002,570563.26,2026-02-12,Ineligible,,,Ineligible
BID-004309,TND-00959,MPLADS-SYN-0959,CON-005,591741.52,2026-02-12,Eligible,76.49,3,Not Selected
BID-004310,TND-00959,MPLADS-SYN-0959,CON-001,667116.05,2026-02-12,Ineligible,,,Ineligible
BID-004311,TND-00959,MPLADS-SYN-0959,CON-004,576477.74,2026-02-12,Eligible,80.86,2,Not Selected
BID-004312,TND-00960,MPLADS-SYN-0960,CON-002,2538973.92,2026-08-15,Eligible,76.28,3,Not Selected
BID-004313,TND-00960,MPLADS-SYN-0960,CON-004,2497019.58,2026-08-15,Eligible,60.17,2,Submitted
BID-004314,TND-00960,MPLADS-SYN-0960,CON-007,2892506.4,2026-08-15,Eligible,82.59,4,Under Evaluation
BID-004315,TND-00960,MPLADS-SYN-0960,CON-003,2917886.28,2026-08-15,Ineligible,,,Not Selected
BID-004316,TND-00960,MPLADS-SYN-0960,CON-001,3059983.05,2026-08-15,Ineligible,,,Under Evaluation
BID-004317,TND-00960,MPLADS-SYN-0960,CON-005,2918504.07,2026-08-15,Eligible,68.85,5,Not Selected
BID-004318,TND-00960,MPLADS-SYN-0960,CON-006,2468537.08,2026-08-15,Eligible,67.45,1,Not Selected
BID-004319,TND-00961,MPLADS-SYN-0961,CON-001,1070414.6,2026-05-18,Ineligible,,,Ineligible
BID-004320,TND-00961,MPLADS-SYN-0961,CON-006,995084.07,2026-05-18,Eligible,65.67,5,Not Selected
BID-004321,TND-00961,MPLADS-SYN-0961,CON-002,877383.74,2026-05-18,Eligible,92.34,1,Not Selected
BID-004322,TND-00961,MPLADS-SYN-0961,CON-005,932978.21,2026-05-18,Eligible,91.19,2,Not Selected
BID-004323,TND-00961,MPLADS-SYN-0961,CON-004,988327.04,2026-05-18,Eligible,74.61,4,Not Selected
BID-004324,TND-00961,MPLADS-SYN-0961,CON-003,1050176.7,2026-05-18,Eligible,89.73,6,Selected
BID-004325,TND-00961,MPLADS-SYN-0961,CON-007,955126.33,2026-05-18,Eligible,60.75,3,Not Selected
BID-004326,TND-00962,MPLADS-SYN-0962,CON-001,2354760.91,2026-07-24,Ineligible,,,Ineligible
BID-004327,TND-00962,MPLADS-SYN-0962,CON-002,2107548.82,2026-07-24,Ineligible,,,Ineligible
BID-004328,TND-00962,MPLADS-SYN-0962,CON-003,2433306.79,2026-07-24,Eligible,97.78,3,Not Selected
BID-004329,TND-00962,MPLADS-SYN-0962,CON-005,2294480.26,2026-07-24,Eligible,78.8,1,Not Selected
BID-004330,TND-00962,MPLADS-SYN-0962,CON-006,2341860.98,2026-07-24,Eligible,90.66,2,Not Selected
BID-004331,TND-00963,MPLADS-SYN-0963,CON-006,1825034.48,2026-03-09,Ineligible,,,Ineligible
BID-004332,TND-00963,MPLADS-SYN-0963,CON-003,1635931.19,2026-03-09,Ineligible,,,Ineligible
BID-004333,TND-00963,MPLADS-SYN-0963,CON-007,1764380.7,2026-03-09,Eligible,89.98,2,Selected
BID-004334,TND-00963,MPLADS-SYN-0963,CON-004,1683444.44,2026-03-09,Eligible,69.62,1,Not Selected
BID-004335,TND-00964,MPLADS-SYN-0964,CON-003,2815451.87,2026-05-15,Eligible,85.32,1,Not Selected
BID-004336,TND-00964,MPLADS-SYN-0964,CON-002,3204435.68,2026-05-15,Eligible,89.89,3,Not Selected
BID-004337,TND-00964,MPLADS-SYN-0964,CON-006,2971173.25,2026-05-15,Eligible,85.13,2,Not Selected
BID-004338,TND-00964,MPLADS-SYN-0964,CON-005,3245121.8,2026-05-15,Eligible,83.94,4,Selected
BID-004339,TND-00964,MPLADS-SYN-0964,CON-007,3191007.0,2026-05-15,Ineligible,,,Ineligible
BID-004340,TND-00964,MPLADS-SYN-0964,CON-004,2711875.74,2026-05-15,Ineligible,,,Ineligible
BID-004341,TND-00965,MPLADS-SYN-0965,CON-006,1938479.76,2026-04-03,Eligible,92.71,1,Selected
BID-004342,TND-00965,MPLADS-SYN-0965,CON-004,2242572.65,2026-04-03,Ineligible,,,Ineligible
BID-004343,TND-00966,MPLADS-SYN-0966,CON-003,1281264.52,2026-01-01,Ineligible,,,Not Selected
BID-004344,TND-00966,MPLADS-SYN-0966,CON-004,1425906.96,2026-01-01,Eligible,69.27,1,Under Evaluation
BID-004345,TND-00966,MPLADS-SYN-0966,CON-007,1575142.83,2026-01-01,Ineligible,,,Not Selected
BID-004346,TND-00966,MPLADS-SYN-0966,CON-002,1472583.18,2026-01-01,Eligible,60.9,2,Under Evaluation
BID-004347,TND-00967,MPLADS-SYN-0967,CON-006,1238914.41,2026-08-11,Eligible,97.79,2,Not Selected
BID-004348,TND-00967,MPLADS-SYN-0967,CON-003,1012404.92,2026-08-11,Eligible,80.22,1,Not Selected
BID-004349,TND-00968,MPLADS-SYN-0968,CON-003,894074.76,2026-01-25,Eligible,77.76,2,Not Selected
BID-004350,TND-00968,MPLADS-SYN-0968,CON-002,779864.45,2026-01-25,Ineligible,,,Submitted
BID-004351,TND-00968,MPLADS-SYN-0968,CON-006,912575.31,2026-01-25,Eligible,84.13,3,Under Evaluation
BID-004352,TND-00968,MPLADS-SYN-0968,CON-001,929248.46,2026-01-25,Eligible,81.36,4,Submitted
BID-004353,TND-00968,MPLADS-SYN-0968,CON-007,737144.13,2026-01-25,Ineligible,,,Submitted
BID-004354,TND-00968,MPLADS-SYN-0968,CON-005,803042.74,2026-01-25,Eligible,73.47,1,Submitted
BID-004355,TND-00969,MPLADS-SYN-0969,CON-005,1227859.56,2026-03-22,Eligible,67.97,1,Under Evaluation
BID-004356,TND-00969,MPLADS-SYN-0969,CON-003,1242239.23,2026-03-22,Eligible,94.54,2,Submitted
BID-004357,TND-00969,MPLADS-SYN-0969,CON-001,1368844.08,2026-03-22,Eligible,88.52,3,Submitted
BID-004358,TND-00969,MPLADS-SYN-0969,CON-006,1377000.89,2026-03-22,Eligible,62.99,4,Submitted
BID-004359,TND-00970,MPLADS-SYN-0970,CON-006,1308099.06,2026-01-12,Eligible,84.96,1,Not Selected
BID-004360,TND-00970,MPLADS-SYN-0970,CON-007,1481098.91,2026-01-12,Eligible,97.76,2,Not Selected
BID-004361,TND-00971,MPLADS-SYN-0971,CON-002,1071229.82,2026-03-13,Eligible,65.66,1,Not Selected
BID-004362,TND-00971,MPLADS-SYN-0971,CON-003,958532.78,2026-03-13,Ineligible,,,Ineligible
BID-004363,TND-00972,MPLADS-SYN-0972,CON-007,1061391.0,2026-02-07,Eligible,78.11,2,Not Selected
BID-004364,TND-00972,MPLADS-SYN-0972,CON-006,1226034.97,2026-02-07,Eligible,73.07,4,Selected
BID-004365,TND-00972,MPLADS-SYN-0972,CON-003,1070881.55,2026-02-07,Eligible,86.17,3,Not Selected
BID-004366,TND-00972,MPLADS-SYN-0972,CON-005,1168083.22,2026-02-07,Ineligible,,,Ineligible
BID-004367,TND-00972,MPLADS-SYN-0972,CON-004,1007678.05,2026-02-07,Eligible,80.67,1,Not Selected
BID-004368,TND-00972,MPLADS-SYN-0972,CON-001,999681.26,2026-02-07,Ineligible,,,Ineligible
BID-004369,TND-00972,MPLADS-SYN-0972,CON-002,1025941.96,2026-02-07,Ineligible,,,Ineligible
BID-004370,TND-00973,MPLADS-SYN-0973,CON-002,317284.15,2026-03-03,Eligible,96.61,4,Not Selected
BID-004371,TND-00973,MPLADS-SYN-0973,CON-001,308935.63,2026-03-03,Eligible,88.92,3,Not Selected
BID-004372,TND-00973,MPLADS-SYN-0973,CON-006,274299.61,2026-03-03,Eligible,66.6,1,Not Selected
BID-004373,TND-00973,MPLADS-SYN-0973,CON-003,286823.62,2026-03-03,Eligible,79.98,2,Not Selected
BID-004374,TND-00974,MPLADS-SYN-0974,CON-004,1510746.16,2026-01-06,Eligible,76.11,1,Selected
BID-004375,TND-00974,MPLADS-SYN-0974,CON-006,1608063.31,2026-01-06,Ineligible,,,Ineligible
BID-004376,TND-00974,MPLADS-SYN-0974,CON-002,1610920.78,2026-01-06,Eligible,95.07,2,Not Selected
BID-004377,TND-00975,MPLADS-SYN-0975,CON-005,3030568.24,2025-11-30,Eligible,94.75,3,Submitted
BID-004378,TND-00975,MPLADS-SYN-0975,CON-007,3334417.79,2025-11-30,Ineligible,,,Under Evaluation
BID-004379,TND-00975,MPLADS-SYN-0975,CON-004,2947395.77,2025-11-30,Eligible,96.19,2,Submitted
BID-004380,TND-00975,MPLADS-SYN-0975,CON-001,2937441.85,2025-11-30,Eligible,94.95,1,Not Selected
BID-004381,TND-00975,MPLADS-SYN-0975,CON-003,3193606.53,2025-11-30,Eligible,79.08,4,Under Evaluation
BID-004382,TND-00975,MPLADS-SYN-0975,CON-006,3453294.87,2025-11-30,Eligible,71.09,5,Not Selected
BID-004383,TND-00976,MPLADS-SYN-0976,CON-002,517249.13,2026-01-22,Eligible,74.39,5,Under Evaluation
BID-004384,TND-00976,MPLADS-SYN-0976,CON-005,492910.74,2026-01-22,Eligible,87.3,1,Submitted
BID-004385,TND-00976,MPLADS-SYN-0976,CON-003,507760.63,2026-01-22,Eligible,70.84,4,Not Selected
BID-004386,TND-00976,MPLADS-SYN-0976,CON-001,503079.61,2026-01-22,Eligible,92.33,3,Not Selected
BID-004387,TND-00976,MPLADS-SYN-0976,CON-007,495429.45,2026-01-22,Eligible,76.56,2,Submitted
BID-004388,TND-00976,MPLADS-SYN-0976,CON-006,552067.59,2026-01-22,Eligible,93.69,6,Submitted
BID-004389,TND-00976,MPLADS-SYN-0976,CON-004,561780.45,2026-01-22,Eligible,97.29,7,Not Selected
BID-004390,TND-00977,MPLADS-SYN-0977,CON-004,3395714.13,2026-01-02,Eligible,60.6,2,Not Selected
BID-004391,TND-00977,MPLADS-SYN-0977,CON-001,2979545.0,2026-01-02,Eligible,96.05,1,Selected
BID-004392,TND-00978,MPLADS-SYN-0978,CON-007,625477.38,2026-01-20,Ineligible,,,Ineligible
BID-004393,TND-00978,MPLADS-SYN-0978,CON-005,566600.73,2026-01-20,Eligible,88.26,1,Not Selected
BID-004394,TND-00978,MPLADS-SYN-0978,CON-003,660984.68,2026-01-20,Ineligible,,,Ineligible
BID-004395,TND-00978,MPLADS-SYN-0978,CON-006,580574.08,2026-01-20,Eligible,65.96,2,Selected
BID-004396,TND-00978,MPLADS-SYN-0978,CON-001,638992.63,2026-01-20,Eligible,75.09,3,Not Selected
BID-004397,TND-00978,MPLADS-SYN-0978,CON-004,687982.81,2026-01-20,Eligible,76.82,4,Not Selected
BID-004398,TND-00978,MPLADS-SYN-0978,CON-002,652703.58,2026-01-20,Ineligible,,,Ineligible
BID-004399,TND-00979,MPLADS-SYN-0979,CON-006,362930.37,2026-06-11,Eligible,72.08,2,Not Selected
BID-004400,TND-00979,MPLADS-SYN-0979,CON-001,358086.99,2026-06-11,Eligible,60.22,1,Selected
BID-004401,TND-00979,MPLADS-SYN-0979,CON-004,438491.94,2026-06-11,Ineligible,,,Ineligible
BID-004402,TND-00979,MPLADS-SYN-0979,CON-003,434952.13,2026-06-11,Eligible,81.3,4,Not Selected
BID-004403,TND-00979,MPLADS-SYN-0979,CON-007,415269.91,2026-06-11,Eligible,93.71,3,Not Selected
BID-004404,TND-00979,MPLADS-SYN-0979,CON-005,435201.49,2026-06-11,Eligible,84.24,5,Not Selected
BID-004405,TND-00979,MPLADS-SYN-0979,CON-002,449452.26,2026-06-11,Eligible,82.59,6,Not Selected
BID-004406,TND-00980,MPLADS-SYN-0980,CON-004,1081238.48,2026-04-08,Eligible,75.51,4,Under Evaluation
BID-004407,TND-00980,MPLADS-SYN-0980,CON-003,1104238.9,2026-04-08,Eligible,83.77,5,Under Evaluation
BID-004408,TND-00980,MPLADS-SYN-0980,CON-002,1062846.76,2026-04-08,Eligible,89.97,2,Submitted
BID-004409,TND-00980,MPLADS-SYN-0980,CON-006,1064259.95,2026-04-08,Eligible,62.87,3,Submitted
BID-004410,TND-00980,MPLADS-SYN-0980,CON-001,983768.47,2026-04-08,Eligible,66.56,1,Under Evaluation
BID-004411,TND-00981,MPLADS-SYN-0981,CON-001,763769.59,2026-05-21,Eligible,80.73,2,Submitted
BID-004412,TND-00981,MPLADS-SYN-0981,CON-006,738634.24,2026-05-21,Eligible,68.93,1,Submitted
BID-004413,TND-00981,MPLADS-SYN-0981,CON-002,841938.29,2026-05-21,Eligible,90.25,3,Under Evaluation
BID-004414,TND-00982,MPLADS-SYN-0982,CON-002,2087223.37,2025-12-20,Ineligible,,,Ineligible
BID-004415,TND-00982,MPLADS-SYN-0982,CON-006,1912448.79,2025-12-20,Ineligible,,,Ineligible
BID-004416,TND-00982,MPLADS-SYN-0982,CON-005,1765853.52,2025-12-20,Eligible,69.03,1,Not Selected
BID-004417,TND-00982,MPLADS-SYN-0982,CON-001,1933103.39,2025-12-20,Eligible,84.64,2,Not Selected
BID-004418,TND-00983,MPLADS-SYN-0983,CON-005,3464486.96,2026-07-23,Eligible,84.62,4,Not Selected
BID-004419,TND-00983,MPLADS-SYN-0983,CON-007,3196722.91,2026-07-23,Eligible,61.75,2,Selected
BID-004420,TND-00983,MPLADS-SYN-0983,CON-006,2858317.53,2026-07-23,Eligible,63.07,1,Not Selected
BID-004421,TND-00983,MPLADS-SYN-0983,CON-004,3422455.73,2026-07-23,Eligible,89.66,3,Not Selected
BID-004422,TND-00984,MPLADS-SYN-0984,CON-007,1577625.59,2026-03-26,Eligible,66.85,4,Submitted
BID-004423,TND-00984,MPLADS-SYN-0984,CON-004,1495276.4,2026-03-26,Eligible,89.06,1,Submitted
BID-004424,TND-00984,MPLADS-SYN-0984,CON-002,1659334.08,2026-03-26,Eligible,70.06,5,Not Selected
BID-004425,TND-00984,MPLADS-SYN-0984,CON-003,1566500.59,2026-03-26,Eligible,95.52,3,Under Evaluation
BID-004426,TND-00984,MPLADS-SYN-0984,CON-001,1480372.35,2026-03-26,Ineligible,,,Submitted
BID-004427,TND-00984,MPLADS-SYN-0984,CON-006,1556523.67,2026-03-26,Eligible,74.8,2,Under Evaluation
BID-004428,TND-00985,MPLADS-SYN-0985,CON-001,469700.86,2026-03-03,Eligible,86.15,2,Not Selected
BID-004429,TND-00985,MPLADS-SYN-0985,CON-002,468708.91,2026-03-03,Ineligible,,,Ineligible
BID-004430,TND-00985,MPLADS-SYN-0985,CON-003,477259.61,2026-03-03,Ineligible,,,Ineligible
BID-004431,TND-00985,MPLADS-SYN-0985,CON-004,418659.53,2026-03-03,Eligible,75.23,1,Not Selected
BID-004432,TND-00985,MPLADS-SYN-0985,CON-006,406464.28,2026-03-03,Ineligible,,,Ineligible
BID-004433,TND-00986,MPLADS-SYN-0986,CON-006,4301652.14,2026-01-22,Eligible,95.72,1,Not Selected
BID-004434,TND-00986,MPLADS-SYN-0986,CON-003,3885422.94,2026-01-22,Ineligible,,,Ineligible
BID-004435,TND-00987,MPLADS-SYN-0987,CON-002,1279683.03,2026-05-25,Eligible,91.28,2,Not Selected
BID-004436,TND-00987,MPLADS-SYN-0987,CON-001,1137357.63,2026-05-25,Eligible,68.26,1,Not Selected
BID-004437,TND-00987,MPLADS-SYN-0987,CON-004,1338241.33,2026-05-25,Eligible,85.35,3,Not Selected
BID-004438,TND-00987,MPLADS-SYN-0987,CON-006,1439266.88,2026-05-25,Eligible,71.29,4,Not Selected
BID-004439,TND-00988,MPLADS-SYN-0988,CON-003,1405416.62,2026-06-30,Eligible,60.03,1,Not Selected
BID-004440,TND-00988,MPLADS-SYN-0988,CON-004,1599149.82,2026-06-30,Eligible,62.72,2,Not Selected
BID-004441,TND-00989,MPLADS-SYN-0989,CON-004,1312878.9,2026-02-07,Eligible,71.23,2,Submitted
BID-004442,TND-00989,MPLADS-SYN-0989,CON-006,1169631.46,2026-02-07,Ineligible,,,Not Selected
BID-004443,TND-00989,MPLADS-SYN-0989,CON-005,1334221.83,2026-02-07,Eligible,69.95,3,Under Evaluation
BID-004444,TND-00989,MPLADS-SYN-0989,CON-002,1105276.24,2026-02-07,Eligible,71.9,1,Under Evaluation
BID-004445,TND-00990,MPLADS-SYN-0990,CON-004,1500827.0,2026-07-02,Eligible,60.11,1,Not Selected
BID-004446,TND-00990,MPLADS-SYN-0990,CON-005,1526496.14,2026-07-02,Eligible,78.48,3,Selected
BID-004447,TND-00990,MPLADS-SYN-0990,CON-007,1661390.83,2026-07-02,Eligible,75.26,4,Not Selected
BID-004448,TND-00990,MPLADS-SYN-0990,CON-001,1505210.47,2026-07-02,Eligible,89.09,2,Not Selected
BID-004449,TND-00991,MPLADS-SYN-0991,CON-005,239364.87,2026-02-06,Eligible,85.13,2,Not Selected
BID-004450,TND-00991,MPLADS-SYN-0991,CON-002,196221.69,2026-02-06,Eligible,74.57,1,Not Selected
BID-004451,TND-00992,MPLADS-SYN-0992,CON-005,1081271.95,2026-02-28,Eligible,80.64,1,Submitted
BID-004452,TND-00992,MPLADS-SYN-0992,CON-002,1088953.36,2026-02-28,Eligible,78.23,2,Under Evaluation
BID-004453,TND-00992,MPLADS-SYN-0992,CON-001,1195171.14,2026-02-28,Eligible,80.39,3,Submitted
BID-004454,TND-00992,MPLADS-SYN-0992,CON-003,1173136.76,2026-02-28,Ineligible,,,Not Selected
BID-004455,TND-00992,MPLADS-SYN-0992,CON-006,1053295.64,2026-02-28,Ineligible,,,Under Evaluation
BID-004456,TND-00993,MPLADS-SYN-0993,CON-005,335808.08,2026-03-31,Ineligible,,,Submitted
BID-004457,TND-00993,MPLADS-SYN-0993,CON-004,333485.99,2026-03-31,Ineligible,,,Under Evaluation
BID-004458,TND-00993,MPLADS-SYN-0993,CON-006,416845.25,2026-03-31,Eligible,88.04,4,Not Selected
BID-004459,TND-00993,MPLADS-SYN-0993,CON-002,375524.73,2026-03-31,Eligible,76.44,2,Submitted
BID-004460,TND-00993,MPLADS-SYN-0993,CON-003,369789.02,2026-03-31,Eligible,92.74,1,Under Evaluation
BID-004461,TND-00993,MPLADS-SYN-0993,CON-001,331997.73,2026-03-31,Ineligible,,,Submitted
BID-004462,TND-00993,MPLADS-SYN-0993,CON-007,401763.6,2026-03-31,Eligible,77.52,3,Not Selected
BID-004463,TND-00994,MPLADS-SYN-0994,CON-007,846698.89,2026-02-08,Eligible,88.3,1,Not Selected
BID-004464,TND-00994,MPLADS-SYN-0994,CON-006,913724.78,2026-02-08,Eligible,75.9,2,Not Selected
BID-004465,TND-00995,MPLADS-SYN-0995,CON-003,884340.47,2025-12-23,Eligible,63.37,2,Selected
BID-004466,TND-00995,MPLADS-SYN-0995,CON-004,869031.94,2025-12-23,Eligible,79.97,1,Not Selected
BID-004467,TND-00996,MPLADS-SYN-0996,CON-005,1625431.93,2026-05-06,Ineligible,,,Under Evaluation
BID-004468,TND-00996,MPLADS-SYN-0996,CON-003,1677635.5,2026-05-06,Eligible,74.78,1,Submitted
BID-004469,TND-00996,MPLADS-SYN-0996,CON-007,1964657.4,2026-05-06,Eligible,95.0,4,Under Evaluation
BID-004470,TND-00996,MPLADS-SYN-0996,CON-002,1964589.48,2026-05-06,Eligible,77.87,3,Submitted
BID-004471,TND-00996,MPLADS-SYN-0996,CON-001,1992009.47,2026-05-06,Eligible,81.98,6,Under Evaluation
BID-004472,TND-00996,MPLADS-SYN-0996,CON-006,1942141.32,2026-05-06,Eligible,86.19,2,Under Evaluation
BID-004473,TND-00996,MPLADS-SYN-0996,CON-004,1979766.11,2026-05-06,Eligible,85.56,5,Under Evaluation
BID-004474,TND-00997,MPLADS-SYN-0997,CON-005,2140366.84,2026-08-14,Eligible,68.55,1,Not Selected
BID-004475,TND-00997,MPLADS-SYN-0997,CON-006,2323824.31,2026-08-14,Eligible,82.71,2,Not Selected
BID-004476,TND-00998,MPLADS-SYN-0998,CON-005,1702207.25,2026-02-18,Eligible,64.02,2,Not Selected
BID-004477,TND-00998,MPLADS-SYN-0998,CON-006,1715054.21,2026-02-18,Eligible,91.68,3,Selected
BID-004478,TND-00998,MPLADS-SYN-0998,CON-001,1670979.78,2026-02-18,Eligible,72.26,1,Not Selected
BID-004479,TND-00998,MPLADS-SYN-0998,CON-004,1744338.23,2026-02-18,Eligible,83.92,6,Not Selected
BID-004480,TND-00998,MPLADS-SYN-0998,CON-002,1729039.91,2026-02-18,Eligible,91.62,4,Not Selected
BID-004481,TND-00998,MPLADS-SYN-0998,CON-003,1739065.87,2026-02-18,Eligible,94.37,5,Not Selected
BID-004482,TND-00999,MPLADS-SYN-0999,CON-001,1832028.66,2025-11-29,Eligible,91.34,2,Not Selected
BID-004483,TND-00999,MPLADS-SYN-0999,CON-005,2010122.35,2025-11-29,Eligible,72.1,4,Selected
BID-004484,TND-00999,MPLADS-SYN-0999,CON-002,1703235.31,2025-11-29,Ineligible,,,Ineligible
BID-004485,TND-00999,MPLADS-SYN-0999,CON-006,1763593.68,2025-11-29,Eligible,82.92,1,Not Selected
BID-004486,TND-00999,MPLADS-SYN-0999,CON-004,1661730.02,2025-11-29,Ineligible,,,Ineligible
BID-004487,TND-00999,MPLADS-SYN-0999,CON-003,1948935.21,2025-11-29,Eligible,89.46,3,Not Selected
BID-004488,TND-01000,MPLADS-SYN-1000,CON-005,3757637.2,2026-06-16,Eligible,81.37,3,Not Selected
BID-004489,TND-01000,MPLADS-SYN-1000,CON-004,3869183.38,2026-06-16,Eligible,86.7,4,Not Selected
BID-004490,TND-01000,MPLADS-SYN-1000,CON-003,3600291.35,2026-06-16,Eligible,72.49,1,Not Selected
BID-004491,TND-01000,MPLADS-SYN-1000,CON-007,4052372.76,2026-06-16,Eligible,75.9,5,Selected
BID-004492,TND-01000,MPLADS-SYN-1000,CON-002,3644417.27,2026-06-16,Eligible,93.34,2,Not Selected
