payment_id,project_id,payment_date,amount,payment_type,agency,data_source
PAY-0001-1,MPLADS-SYN-0001,2026-05-29,109269,First Payment,Public Works Department,SYNTHETIC_PROTOTYPE
PAY-0001-2,MPLADS-SYN-0001,2026-03-28,79381,Milestone Payment,Public Works Department,SYNTHETIC_PROTOTYPE
PAY-0001-3,MPLADS-SYN-0001,2026-08-05,148368,Milestone Payment,Public Works Department,SYNTHETIC_PROTOTYPE
PAY-0001-4,MPLADS-SYN-0001,2026-03-15,218655,Final Payment,Public Works Department,SYNTHETIC_PROTOTYPE
PAY-0002-1,MPLADS-SYN-0002,2026-08-02,427090,Running Bill,Zilla Parishad,SYNTHETIC_PROTOTYPE
PAY-0002-2,MPLADS-SYN-0002,2026-08-28,505324,First Payment,Zilla Parishad,SYNTHETIC_PROTOTYPE
PAY-0002-3,MPLADS-SYN-0002,2026-05-17,200470,Milestone Payment,Zilla Parishad,SYNTHETIC_PROTOTYPE
PAY-0002-4,MPLADS-SYN-0002,2026-05-21,193601,Running Bill,Zilla Parishad,SYNTHETIC_PROTOTYPE
PAY-0002-5,MPLADS-SYN-0002,2026-07-24,522515,Milestone Payment,Zilla Parishad,SYNTHETIC_PROTOTYPE
PAY-0003-1,MPLADS-SYN-0003,2026-04-03,72745,Running Bill,Zilla Parishad,SYNTHETIC_PROTOTYPE
PAY-0003-2,MPLADS-SYN-0003,2026-05-07,92633,Milestone Payment,Zilla Parishad,SYNTHETIC_PROTOTYPE
PAY-0003-3,MPLADS-SYN-0003,2026-04-24,102058,Running Bill,Zilla Parishad,SYNTHETIC_PROTOTYPE
PAY-0003-4,MPLADS-SYN-0003,2026-04-08,129070,First Payment,Zilla Parishad,SYNTHETIC_PROTOTYPE
PAY-0004-1,MPLADS-SYN-0004,2026-08-10,336941,Milestone Payment,Municipal Council,SYNTHETIC_PROTOTYPE
PAY-0004-2,MPLADS-SYN-0004,2026-08-25,165766,Final Payment,Municipal Council,SYNTHETIC_PROTOTYPE
PAY-0004-3,MPLADS-SYN-0004,2026-07-05,423249,Running Bill,Municipal Council,SYNTHETIC_PROTOTYPE
PAY-0005-1,MPLADS-SYN-0005,2026-05-31,203684,First Payment,District Health Office,SYNTHETIC_PROTOTYPE
PAY-0005-2,MPLADS-SYN-0005,2026-05-20,175447,First Payment,District Health Office,SYNTHETIC_PROTOTYPE
PAY-0005-3,MPLADS-SYN-0005,2026-05-31,54318,Milestone Payment,District Health Office,SYNTHETIC_PROTOTYPE
PAY-0005-4,MPLADS-SYN-0005,2026-03-12,104821,Running Bill,District Health Office,SYNTHETIC_PROTOTYPE
PAY-0005-5,MPLADS-SYN-0005,2026-03-23,163830,Running Bill,District Health Office,SYNTHETIC_PROTOTYPE
PAY-0006-1,MPLADS-SYN-0006,2027-01-13,99453,Final Payment,Municipal Council,SYNTHETIC_PROTOTYPE
PAY-0006-2,MPLADS-SYN-0006,2026-12-30,149087,Running Bill,Municipal Council,SYNTHETIC_PROTOTYPE
PAY-0006-3,MPLADS-SYN-0006,2026-12-25,57880,First Payment,Municipal Council,SYNTHETIC_PROTOTYPE
PAY-0006-4,MPLADS-SYN-0006,2026-10-03,288578,First Payment,Municipal Council,SYNTHETIC_PROTOTYPE
PAY-0007-1,MPLADS-SYN-0007,2026-06-03,392643,Running Bill,Municipal Corporation,SYNTHETIC_PROTOTYPE
PAY-0007-2,MPLADS-SYN-0007,2026-06-26,135783,Final Payment,Municipal Corporation,SYNTHETIC_PROTOTYPE
PAY-0007-3,MPLADS-SYN-0007,2026-12-16,384745,Milestone Payment,Municipal Corporation,SYNTHETIC_PROTOTYPE
PAY-0008-1,MPLADS-SYN-0008,2026-05-12,85319,First Payment,Municipal Council,SYNTHETIC_PROTOTYPE
PAY-0008-2,MPLADS-SYN-0008,2026-07-17,33978,Running Bill,Municipal Council,SYNTHETIC_PROTOTYPE
PAY-0008-3,MPLADS-SYN-0008,2026-07-03,47404,Milestone Payment,Municipal Council,SYNTHETIC_PROTOTYPE
PAY-0008-4,MPLADS-SYN-0008,2026-04-06,33684,Final Payment,Municipal Council,SYNTHETIC_PROTOTYPE
PAY-0008-5,MPLADS-SYN-0008,2026-04-04,70038,First Payment,Municipal Council,SYNTHETIC_PROTOTYPE
PAY-0009-1,MPLADS-SYN-0009,2026-09-26,443776,Milestone Payment,Education Department,SYNTHETIC_PROTOTYPE
PAY-0009-2,MPLADS-SYN-0009,2026-08-28,164205,Running Bill,Education Department,SYNTHETIC_PROTOTYPE
PAY-0009-3,MPLADS-SYN-0009,2026-08-02,515572,Running Bill,Education Department,SYNTHETIC_PROTOTYPE
PAY-0010-1,MPLADS-SYN-0010,2026-06-23,220498,Milestone Payment,Rural Development Agency,SYNTHETIC_PROTOTYPE
PAY-0010-2,MPLADS-SYN-0010,2026-05-27,373107,Milestone Payment,Rural Development Agency,SYNTHETIC_PROTOTYPE
PAY-0010-3,MPLADS-SYN-0010,2026-07-03,210263,Milestone Payment,Rural Development Agency,SYNTHETIC_PROTOTYPE
PAY-0010-4,MPLADS-SYN-0010,2026-06-18,131477,Running Bill,Rural Development Agency,SYNTHETIC_PROTOTYPE
PAY-0010-5,MPLADS-SYN-0010,2026-06-05,354180,Final Payment,Rural Development Agency,SYNTHETIC_PROTOTYPE
PAY-0011-1,MPLADS-SYN-0011,2026-08-26,47088,Final Payment,District Health Office,SYNTHETIC_PROTOTYPE
PAY-0011-2,MPLADS-SYN-0011,2026-07-13,84082,Final Payment,District Health Office,SYNTHETIC_PROTOTYPE
PAY-0011-3,MPLADS-SYN-0011,2026-10-09,168130,Running Bill,District Health Office,SYNTHETIC_PROTOTYPE
PAY-0012-1,MPLADS-SYN-0012,2026-09-16,493401,Running Bill,Education Department,SYNTHETIC_PROTOTYPE
PAY-0012-2,MPLADS-SYN-0012,2026-09-24,545123,First Payment,Education Department,SYNTHETIC_PROTOTYPE
PAY-0012-3,MPLADS-SYN-0012,2026-09-02,346536,Final Payment,Education Department,SYNTHETIC_PROTOTYPE
PAY-0012-4,MPLADS-SYN-0012,2026-08-28,524003,First Payment,Education Department,SYNTHETIC_PROTOTYPE
PAY-0012-5,MPLADS-SYN-0012,2026-10-19,938937,Final Payment,Education Department,SYNTHETIC_PROTOTYPE
PAY-0013-1,MPLADS-SYN-0013,2027-01-09,418380,First Payment,District Health Office,SYNTHETIC_PROTOTYPE
PAY-0013-2,MPLADS-SYN-0013,2026-11-10,150457,Running Bill,District Health Office,SYNTHETIC_PROTOTYPE
PAY-0013-3,MPLADS-SYN-0013,2026-09-08,290482,First Payment,District Health Office,SYNTHETIC_PROTOTYPE
PAY-0013-4,MPLADS-SYN-0013,2026-10-15,95304,Running Bill,District Health Office,SYNTHETIC_PROTOTYPE
PAY-0013-5,MPLADS-SYN-0013,2026-11-17,322611,Milestone Payment,District Health Office,SYNTHETIC_PROTOTYPE
PAY-0014-1,MPLADS-SYN-0014,2026-04-17,878226,Milestone Payment,Education Department,SYNTHETIC_PROTOTYPE
PAY-0014-2,MPLADS-SYN-0014,2026-04-03,1412774,First Payment,Education Department,SYNTHETIC_PROTOTYPE
PAY-0015-1,MPLADS-SYN-0015,2026-11-11,333177,Milestone Payment,Municipal Corporation,SYNTHETIC_PROTOTYPE
PAY-0015-2,MPLADS-SYN-0015,2026-08-14,124465,First Payment,Municipal Corporation,SYNTHETIC_PROTOTYPE
PAY-0015-3,MPLADS-SYN-0015,2026-10-06,88815,Running Bill,Municipal Corporation,SYNTHETIC_PROTOTYPE
PAY-0015-4,MPLADS-SYN-0015,2026-11-05,109264,Final Payment,Municipal Corporation,SYNTHETIC_PROTOTYPE
PAY-0015-5,MPLADS-SYN-0015,2026-09-07,181996,First Payment,Municipal Corporation,SYNTHETIC_PROTOTYPE
PAY-0016-1,MPLADS-SYN-0016,2026-07-08,355919,Milestone Payment,Public Works Department,SYNTHETIC_PROTOTYPE
PAY-0016-2,MPLADS-SYN-0016,2026-06-14,236626,Milestone Payment,Public Works Department,SYNTHETIC_PROTOTYPE
PAY-0016-3,MPLADS-SYN-0016,2026-04-18,166813,First Payment,Public Works Department,SYNTHETIC_PROTOTYPE
PAY-0016-4,MPLADS-SYN-0016,2026-04-08,522536,Milestone Payment,Public Works Department,SYNTHETIC_PROTOTYPE
PAY-0017-1,MPLADS-SYN-0017,2026-04-19,150290,First Payment,Public Works Department,SYNTHETIC_PROTOTYPE
PAY-0017-2,MPLADS-SYN-0017,2026-05-11,515466,First Payment,Public Works Department,SYNTHETIC_PROTOTYPE
PAY-0018-1,MPLADS-SYN-0018,2026-09-12,72302,First Payment,Public Works Department,SYNTHETIC_PROTOTYPE
PAY-0018-2,MPLADS-SYN-0018,2026-09-08,294496,First Payment,Public Works Department,SYNTHETIC_PROTOTYPE
PAY-0019-1,MPLADS-SYN-0019,2026-07-09,211670,First Payment,Municipal Council,SYNTHETIC_PROTOTYPE
PAY-0019-2,MPLADS-SYN-0019,2026-06-04,225390,Milestone Payment,Municipal Council,SYNTHETIC_PROTOTYPE
PAY-0019-3,MPLADS-SYN-0019,2026-05-23,49747,First Payment,Municipal Council,SYNTHETIC_PROTOTYPE
PAY-0019-4,MPLADS-SYN-0019,2026-05-28,119482,First Payment,Municipal Council,SYNTHETIC_PROTOTYPE
PAY-0019-5,MPLADS-SYN-0019,2026-05-16,146111,Final Payment,Municipal Council,SYNTHETIC_PROTOTYPE
PAY-0020-1,MPLADS-SYN-0020,2026-09-25,1394984,Milestone Payment,Rural Development Agency,SYNTHETIC_PROTOTYPE
PAY-0020-2,MPLADS-SYN-0020,2026-10-16,722538,Final Payment,Rural Development Agency,SYNTHETIC_PROTOTYPE
PAY-0020-3,MPLADS-SYN-0020,2026-12-06,651597,First Payment,Rural Development Agency,SYNTHETIC_PROTOTYPE
PAY-0020-4,MPLADS-SYN-0020,2027-01-12,146181,Running Bill,Rural Development Agency,SYNTHETIC_PROTOTYPE
PAY-0020-5,MPLADS-SYN-0020,2027-02-01,775163,Running Bill,Rural Development Agency,SYNTHETIC_PROTOTYPE
PAY-0021-1,MPLADS-SYN-0021,2026-11-17,230346,Final Payment,Rural Development Agency,SYNTHETIC_PROTOTYPE
PAY-0021-2,MPLADS-SYN-0021,2026-12-14,84188,Final Payment,Rural Development Agency,SYNTHETIC_PROTOTYPE
PAY-0021-3,MPLADS-SYN-0021,2026-10-16,71039,Running Bill,Rural Development Agency,SYNTHETIC_PROTOTYPE
PAY-0021-4,MPLADS-SYN-0021,2026-09-25,78552,Final Payment,Rural Development Agency,SYNTHETIC_PROTOTYPE
PAY-0021-5,MPLADS-SYN-0021,2026-09-23,98275,Final Payment,Rural Development Agency,SYNTHETIC_PROTOTYPE
PAY-0022-1,MPLADS-SYN-0022,2026-09-16,59501,Running Bill,Education Department,SYNTHETIC_PROTOTYPE
PAY-0022-2,MPLADS-SYN-0022,2026-08-22,210431,Final Payment,Education Department,SYNTHETIC_PROTOTYPE
PAY-0023-1,MPLADS-SYN-0023,2026-08-04,211882,First Payment,Rural Development Agency,SYNTHETIC_PROTOTYPE
PAY-0023-2,MPLADS-SYN-0023,2026-08-28,109580,Milestone Payment,Rural Development Agency,SYNTHETIC_PROTOTYPE
PAY-0023-3,MPLADS-SYN-0023,2026-09-07,95086,Milestone Payment,Rural Development Agency,SYNTHETIC_PROTOTYPE
PAY-0023-4,MPLADS-SYN-0023,2026-09-11,183204,Milestone Payment,Rural Development Agency,SYNTHETIC_PROTOTYPE
PAY-0024-1,MPLADS-SYN-0024,2026-02-22,316469,Milestone Payment,Municipal Corporation,SYNTHETIC_PROTOTYPE
PAY-0024-2,MPLADS-SYN-0024,2026-05-16,133812,Running Bill,Municipal Corporation,SYNTHETIC_PROTOTYPE
PAY-0024-3,MPLADS-SYN-0024,2026-06-17,85297,Milestone Payment,Municipal Corporation,SYNTHETIC_PROTOTYPE
PAY-0024-4,MPLADS-SYN-0024,2026-06-14,320422,Milestone Payment,Municipal Corporation,SYNTHETIC_PROTOTYPE
PAY-0025-1,MPLADS-SYN-0025,2026-04-06,185600,Final Payment,Rural Development Agency,SYNTHETIC_PROTOTYPE
PAY-0025-2,MPLADS-SYN-0025,2026-01-30,46872,First Payment,Rural Development Agency,SYNTHETIC_PROTOTYPE
PAY-0025-3,MPLADS-SYN-0025,2026-05-25,49828,First Payment,Rural Development Agency,SYNTHETIC_PROTOTYPE
PAY-0025-4,MPLADS-SYN-0025,2026-06-05,28067,Running Bill,Rural Development Agency,SYNTHETIC_PROTOTYPE
PAY-0025-5,MPLADS-SYN-0025,2026-04-28,128596,Final Payment,Rural Development Agency,SYNTHETIC_PROTOTYPE
PAY-0026-1,MPLADS-SYN-0026,2026-10-11,453759,First Payment,Municipal Council,SYNTHETIC_PROTOTYPE
PAY-0026-2,MPLADS-SYN-0026,2026-08-05,143872,Running Bill,Municipal Council,SYNTHETIC_PROTOTYPE
PAY-0026-3,MPLADS-SYN-0026,2026-06-13,727169,Running Bill,Municipal Council,SYNTHETIC_PROTOTYPE
PAY-0027-1,MPLADS-SYN-0027,2026-03-18,78750,First Payment,Zilla Parishad,SYNTHETIC_PROTOTYPE
PAY-0027-2,MPLADS-SYN-0027,2026-04-19,196987,Milestone Payment,Zilla Parishad,SYNTHETIC_PROTOTYPE
PAY-0028-1,MPLADS-SYN-0028,2026-04-07,777826,Final Payment,District Health Office,SYNTHETIC_PROTOTYPE
PAY-0028-2,MPLADS-SYN-0028,2026-03-27,433587,Final Payment,District Health Office,SYNTHETIC_PROTOTYPE
PAY-0028-3,MPLADS-SYN-0028,2026-03-19,180822,Milestone Payment,District Health Office,SYNTHETIC_PROTOTYPE
PAY-0028-4,MPLADS-SYN-0028,2026-03-06,560994,Final Payment,District Health Office,SYNTHETIC_PROTOTYPE
PAY-0029-1,MPLADS-SYN-0029,2026-09-06,374779,First Payment,Public Works Department,SYNTHETIC_PROTOTYPE
PAY-0029-2,MPLADS-SYN-0029,2026-08-26,751705,Milestone Payment,Public Works Department,SYNTHETIC_PROTOTYPE
PAY-0030-1,MPLADS-SYN-0030,2026-06-17,244758,First Payment,Municipal Corporation,SYNTHETIC_PROTOTYPE
PAY-0030-2,MPLADS-SYN-0030,2026-05-21,164223,Milestone Payment,Municipal Corporation,SYNTHETIC_PROTOTYPE
PAY-0030-3,MPLADS-SYN-0030,2026-09-21,170888,Final Payment,Municipal Corporation,SYNTHETIC_PROTOTYPE
PAY-0030-4,MPLADS-SYN-0030,2026-07-10,96299,First Payment,Municipal Corporation,SYNTHETIC_PROTOTYPE
PAY-0030-5,MPLADS-SYN-0030,2026-06-18,216280,Final Payment,Municipal Corporation,SYNTHETIC_PROTOTYPE
PAY-0031-1,MPLADS-SYN-0031,2026-09-05,187849,First Payment,Public Works Department,SYNTHETIC_PROTOTYPE
PAY-0031-2,MPLADS-SYN-0031,2026-08-06,266225,Final Payment,Public Works Department,SYNTHETIC_PROTOTYPE
PAY-0031-3,MPLADS-SYN-0031,2026-08-31,135477,First Payment,Public Works Department,SYNTHETIC_PROTOTYPE
PAY-0031-4,MPLADS-SYN-0031,2026-07-29,57200,Running Bill,Public Works Department,SYNTHETIC_PROTOTYPE
PAY-0031-5,MPLADS-SYN-0031,2026-09-09,146349,Final Payment,Public Works Department,SYNTHETIC_PROTOTYPE
PAY-0032-1,MPLADS-SYN-0032,2026-05-26,444783,Milestone Payment,Municipal Council,SYNTHETIC_PROTOTYPE
PAY-0032-2,MPLADS-SYN-0032,2026-07-15,1295488,Final Payment,Municipal Council,SYNTHETIC_PROTOTYPE
PAY-0033-1,MPLADS-SYN-0033,2026-10-15,209591,Final Payment,Rural Development Agency,SYNTHETIC_PROTOTYPE
PAY-0033-2,MPLADS-SYN-0033,2026-11-21,108249,First Payment,Rural Development Agency,SYNTHETIC_PROTOTYPE
PAY-0033-3,MPLADS-SYN-0033,2026-11-17,67636,Milestone Payment,Rural Development Agency,SYNTHETIC_PROTOTYPE
PAY-0033-4,MPLADS-SYN-0033,2026-09-04,107239,Milestone Payment,Rural Development Agency,SYNTHETIC_PROTOTYPE
PAY-0034-1,MPLADS-SYN-0034,2026-09-15,1190074,Final Payment,District Health Office,SYNTHETIC_PROTOTYPE
PAY-0034-2,MPLADS-SYN-0034,2026-07-25,320438,Running Bill,District Health Office,SYNTHETIC_PROTOTYPE
PAY-0034-3,MPLADS-SYN-0034,2026-07-09,1223088,Milestone Payment,District Health Office,SYNTHETIC_PROTOTYPE
PAY-0035-1,MPLADS-SYN-0035,2026-05-30,351291,Milestone Payment,Education Department,SYNTHETIC_PROTOTYPE
PAY-0035-2,MPLADS-SYN-0035,2026-08-26,90875,Milestone Payment,Education Department,SYNTHETIC_PROTOTYPE
PAY-0035-3,MPLADS-SYN-0035,2026-09-13,457709,First Payment,Education Department,SYNTHETIC_PROTOTYPE
PAY-0036-1,MPLADS-SYN-0036,2026-10-09,360582,Final Payment,Rural Development Agency,SYNTHETIC_PROTOTYPE
PAY-0036-2,MPLADS-SYN-0036,2026-07-01,198828,First Payment,Rural Development Agency,SYNTHETIC_PROTOTYPE
PAY-0036-3,MPLADS-SYN-0036,2026-08-15,395390,Running Bill,Rural Development Agency,SYNTHETIC_PROTOTYPE
PAY-0037-1,MPLADS-SYN-0037,2026-06-19,63837,Milestone Payment,Rural Development Agency,SYNTHETIC_PROTOTYPE
PAY-0037-2,MPLADS-SYN-0037,2026-05-05,123533,Milestone Payment,Rural Development Agency,SYNTHETIC_PROTOTYPE
PAY-0038-1,MPLADS-SYN-0038,2026-09-16,171087,Running Bill,District Health Office,SYNTHETIC_PROTOTYPE
PAY-0038-2,MPLADS-SYN-0038,2026-11-10,210283,First Payment,District Health Office,SYNTHETIC_PROTOTYPE
PAY-0038-3,MPLADS-SYN-0038,2026-06-27,279187,Milestone Payment,District Health Office,SYNTHETIC_PROTOTYPE
PAY-0038-4,MPLADS-SYN-0038,2026-05-05,402192,Milestone Payment,District Health Office,SYNTHETIC_PROTOTYPE
PAY-0039-1,MPLADS-SYN-0039,2026-07-27,142559,First Payment,Education Department,SYNTHETIC_PROTOTYPE
PAY-0039-2,MPLADS-SYN-0039,2026-10-24,165471,Milestone Payment,Education Department,SYNTHETIC_PROTOTYPE
PAY-0039-3,MPLADS-SYN-0039,2026-08-22,92843,First Payment,Education Department,SYNTHETIC_PROTOTYPE
PAY-0039-4,MPLADS-SYN-0039,2026-12-15,41003,Final Payment,Education Department,SYNTHETIC_PROTOTYPE
PAY-0039-5,MPLADS-SYN-0039,2026-07-21,171636,Running Bill,Education Department,SYNTHETIC_PROTOTYPE
PAY-0040-1,MPLADS-SYN-0040,2026-05-04,177224,First Payment,Public Works Department,SYNTHETIC_PROTOTYPE
PAY-0040-2,MPLADS-SYN-0040,2026-03-12,103515,Milestone Payment,Public Works Department,SYNTHETIC_PROTOTYPE
PAY-0040-3,MPLADS-SYN-0040,2026-05-05,91260,Running Bill,Public Works Department,SYNTHETIC_PROTOTYPE
PAY-0040-4,MPLADS-SYN-0040,2026-03-21,133848,Running Bill,Public Works Department,SYNTHETIC_PROTOTYPE
PAY-0041-1,MPLADS-SYN-0041,2026-03-18,103032,Final Payment,District Health Office,SYNTHETIC_PROTOTYPE
PAY-0041-2,MPLADS-SYN-0041,2026-02-27,50504,First Payment,District Health Office,SYNTHETIC_PROTOTYPE
PAY-0041-3,MPLADS-SYN-0041,2026-03-24,117364,Milestone Payment,District Health Office,SYNTHETIC_PROTOTYPE
PAY-0042-1,MPLADS-SYN-0042,2026-06-01,309650,Final Payment,District Health Office,SYNTHETIC_PROTOTYPE
PAY-0042-2,MPLADS-SYN-0042,2026-10-08,132793,Final Payment,District Health Office,SYNTHETIC_PROTOTYPE
PAY-0042-3,MPLADS-SYN-0042,2026-04-03,110394,First Payment,District Health Office,SYNTHETIC_PROTOTYPE
PAY-0042-4,MPLADS-SYN-0042,2026-04-25,351063,Final Payment,District Health Office,SYNTHETIC_PROTOTYPE
PAY-0043-1,MPLADS-SYN-0043,2026-10-16,169129,First Payment,Municipal Council,SYNTHETIC_PROTOTYPE
PAY-0043-2,MPLADS-SYN-0043,2026-10-03,42425,Final Payment,Municipal Council,SYNTHETIC_PROTOTYPE
PAY-0043-3,MPLADS-SYN-0043,2026-09-10,86789,Milestone Payment,Municipal Council,SYNTHETIC_PROTOTYPE
PAY-0043-4,MPLADS-SYN-0043,2026-09-19,18180,Final Payment,Municipal Council,SYNTHETIC_PROTOTYPE
PAY-0043-5,MPLADS-SYN-0043,2026-10-29,92277,Final Payment,Municipal Council,SYNTHETIC_PROTOTYPE
PAY-0044-1,MPLADS-SYN-0044,2026-11-28,77026,Final Payment,Education Department,SYNTHETIC_PROTOTYPE
PAY-0044-2,MPLADS-SYN-0044,2027-01-14,326021,Final Payment,Education Department,SYNTHETIC_PROTOTYPE
PAY-0045-1,MPLADS-SYN-0045,2027-02-23,214666,Running Bill,Rural Development Agency,SYNTHETIC_PROTOTYPE
PAY-0045-2,MPLADS-SYN-0045,2027-02-28,141924,First Payment,Rural Development Agency,SYNTHETIC_PROTOTYPE
PAY-0045-3,MPLADS-SYN-0045,2026-12-23,155021,Milestone Payment,Rural Development Agency,SYNTHETIC_PROTOTYPE
PAY-0045-4,MPLADS-SYN-0045,2026-12-16,163457,Running Bill,Rural Development Agency,SYNTHETIC_PROTOTYPE
PAY-0045-5,MPLADS-SYN-0045,2026-12-16,429567,Final Payment,Rural Development Agency,SYNTHETIC_PROTOTYPE
PAY-0046-1,MPLADS-SYN-0046,2026-12-31,800744,Milestone Payment,Municipal Corporation,SYNTHETIC_PROTOTYPE
PAY-0046-2,MPLADS-SYN-0046,2026-11-06,423800,Milestone Payment,Municipal Corporation,SYNTHETIC_PROTOTYPE
PAY-0046-3,MPLADS-SYN-0046,2026-09-28,1017987,Final Payment,Municipal Corporation,SYNTHETIC_PROTOTYPE
PAY-0047-1,MPLADS-SYN-0047,2026-09-04,92784,Running Bill,Public Works Department,SYNTHETIC_PROTOTYPE
PAY-0047-2,MPLADS-SYN-0047,2026-08-16,141324,Final Payment,Public Works Department,SYNTHETIC_PROTOTYPE
PAY-0047-3,MPLADS-SYN-0047,2026-09-30,378112,Running Bill,Public Works Department,SYNTHETIC_PROTOTYPE
PAY-0048-1,MPLADS-SYN-0048,2026-02-20,303783,Milestone Payment,District Health Office,SYNTHETIC_PROTOTYPE
PAY-0048-2,MPLADS-SYN-0048,2026-05-20,230114,Milestone Payment,District Health Office,SYNTHETIC_PROTOTYPE
PAY-0048-3,MPLADS-SYN-0048,2026-01-26,339149,Milestone Payment,District Health Office,SYNTHETIC_PROTOTYPE
PAY-0048-4,MPLADS-SYN-0048,2026-04-08,588554,Running Bill,District Health Office,SYNTHETIC_PROTOTYPE
PAY-0049-1,MPLADS-SYN-0049,2026-06-24,170173,Final Payment,District Health Office,SYNTHETIC_PROTOTYPE
PAY-0049-2,MPLADS-SYN-0049,2026-08-24,121222,Final Payment,District Health Office,SYNTHETIC_PROTOTYPE
PAY-0049-3,MPLADS-SYN-0049,2026-09-18,497399,Running Bill,District Health Office,SYNTHETIC_PROTOTYPE
PAY-0050-1,MPLADS-SYN-0050,2026-06-25,170665,Milestone Payment,Public Works Department,SYNTHETIC_PROTOTYPE
PAY-0050-2,MPLADS-SYN-0050,2026-05-10,116262,First Payment,Public Works Department,SYNTHETIC_PROTOTYPE
PAY-0050-3,MPLADS-SYN-0050,2026-06-12,29138,First Payment,Public Works Department,SYNTHETIC_PROTOTYPE
PAY-0050-4,MPLADS-SYN-0050,2026-03-31,148984,First Payment,Public Works Department,SYNTHETIC_PROTOTYPE
PAY-0051-1,MPLADS-SYN-0051,2026-08-21,782618,Running Bill,District Health Office,SYNTHETIC_PROTOTYPE
PAY-0051-2,MPLADS-SYN-0051,2026-08-11,502997,Milestone Payment,District Health Office,SYNTHETIC_PROTOTYPE
PAY-0051-3,MPLADS-SYN-0051,2026-08-06,256607,First Payment,District Health Office,SYNTHETIC_PROTOTYPE
PAY-0051-4,MPLADS-SYN-0051,2026-09-14,387256,First Payment,District Health Office,SYNTHETIC_PROTOTYPE
PAY-0051-5,MPLADS-SYN-0051,2026-08-22,598522,Running Bill,District Health Office,SYNTHETIC_PROTOTYPE
PAY-0052-1,MPLADS-SYN-0052,2026-12-10,369427,Final Payment,District Health Office,SYNTHETIC_PROTOTYPE
PAY-0052-2,MPLADS-SYN-0052,2027-01-16,466973,Milestone Payment,District Health Office,SYNTHETIC_PROTOTYPE
PAY-0053-1,MPLADS-SYN-0053,2026-05-04,575893,Milestone Payment,Municipal Council,SYNTHETIC_PROTOTYPE
PAY-0053-2,MPLADS-SYN-0053,2026-03-24,360981,Running Bill,Municipal Council,SYNTHETIC_PROTOTYPE
PAY-0053-3,MPLADS-SYN-0053,2026-04-16,464864,First Payment,Municipal Council,SYNTHETIC_PROTOTYPE
PAY-0054-1,MPLADS-SYN-0054,2027-01-24,333446,Final Payment,Municipal Corporation,SYNTHETIC_PROTOTYPE
PAY-0054-2,MPLADS-SYN-0054,2026-10-17,172187,Milestone Payment,Municipal Corporation,SYNTHETIC_PROTOTYPE
PAY-0054-3,MPLADS-SYN-0054,2027-01-20,120365,Running Bill,Municipal Corporation,SYNTHETIC_PROTOTYPE
PAY-0054-4,MPLADS-SYN-0054,2027-01-02,429234,Milestone Payment,Municipal Corporation,SYNTHETIC_PROTOTYPE
PAY-0055-1,MPLADS-SYN-0055,2026-01-28,433526,First Payment,Education Department,SYNTHETIC_PROTOTYPE
PAY-0055-2,MPLADS-SYN-0055,2026-02-22,251759,First Payment,Education Department,SYNTHETIC_PROTOTYPE
PAY-0055-3,MPLADS-SYN-0055,2026-03-14,87003,Milestone Payment,Education Department,SYNTHETIC_PROTOTYPE
PAY-0055-4,MPLADS-SYN-0055,2026-02-14,147359,First Payment,Education Department,SYNTHETIC_PROTOTYPE
PAY-0055-5,MPLADS-SYN-0055,2026-02-28,326889,Final Payment,Education Department,SYNTHETIC_PROTOTYPE
PAY-0056-1,MPLADS-SYN-0056,2027-01-06,366709,Milestone Payment,District Health Office,SYNTHETIC_PROTOTYPE
PAY-0056-2,MPLADS-SYN-0056,2026-08-18,173273,First Payment,District Health Office,SYNTHETIC_PROTOTYPE
PAY-0056-3,MPLADS-SYN-0056,2027-01-18,80701,Final Payment,District Health Office,SYNTHETIC_PROTOTYPE
PAY-0056-4,MPLADS-SYN-0056,2026-08-13,66603,Milestone Payment,District Health Office,SYNTHETIC_PROTOTYPE
PAY-0056-5,MPLADS-SYN-0056,2026-12-11,221314,First Payment,District Health Office,SYNTHETIC_PROTOTYPE
PAY-0057-1,MPLADS-SYN-0057,2026-05-20,292454,First Payment,District Health Office,SYNTHETIC_PROTOTYPE
PAY-0057-2,MPLADS-SYN-0057,2026-05-09,287646,Running Bill,District Health Office,SYNTHETIC_PROTOTYPE
PAY-0057-3,MPLADS-SYN-0057,2026-04-12,169609,Milestone Payment,District Health Office,SYNTHETIC_PROTOTYPE
PAY-0057-4,MPLADS-SYN-0057,2026-04-21,58180,Final Payment,District Health Office,SYNTHETIC_PROTOTYPE
PAY-0057-5,MPLADS-SYN-0057,2026-05-12,238257,Milestone Payment,District Health Office,SYNTHETIC_PROTOTYPE
PAY-0058-1,MPLADS-SYN-0058,2026-04-15,188213,Running Bill,Public Works Department,SYNTHETIC_PROTOTYPE
PAY-0058-2,MPLADS-SYN-0058,2026-04-07,100526,Milestone Payment,Public Works Department,SYNTHETIC_PROTOTYPE
PAY-0058-3,MPLADS-SYN-0058,2026-04-13,136611,First Payment,Public Works Department,SYNTHETIC_PROTOTYPE
PAY-0058-4,MPLADS-SYN-0058,2026-03-29,357766,Milestone Payment,Public Works Department,SYNTHETIC_PROTOTYPE
PAY-0059-1,MPLADS-SYN-0059,2026-10-03,150527,Milestone Payment,Education Department,SYNTHETIC_PROTOTYPE
PAY-0059-2,MPLADS-SYN-0059,2026-08-15,90702,Running Bill,Education Department,SYNTHETIC_PROTOTYPE
PAY-0059-3,MPLADS-SYN-0059,2026-07-01,142444,Final Payment,Education Department,SYNTHETIC_PROTOTYPE
PAY-0059-4,MPLADS-SYN-0059,2026-08-17,112274,Final Payment,Education Department,SYNTHETIC_PROTOTYPE
PAY-0059-5,MPLADS-SYN-0059,2026-09-07,147084,First Payment,Education Department,SYNTHETIC_PROTOTYPE
PAY-0060-1,MPLADS-SYN-0060,2026-09-23,227186,Milestone Payment,Public Works Department,SYNTHETIC_PROTOTYPE
PAY-0060-2,MPLADS-SYN-0060,2027-01-08,221490,Running Bill,Public Works Department,SYNTHETIC_PROTOTYPE
PAY-0060-3,MPLADS-SYN-0060,2026-12-07,227295,Final Payment,Public Works Department,SYNTHETIC_PROTOTYPE
PAY-0060-4,MPLADS-SYN-0060,2027-01-26,219018,Running Bill,Public Works Department,SYNTHETIC_PROTOTYPE
PAY-0060-5,MPLADS-SYN-0060,2026-11-25,354775,First Payment,Public Works Department,SYNTHETIC_PROTOTYPE
PAY-0061-1,MPLADS-SYN-0061,2026-10-20,310720,Final Payment,Rural Development Agency,SYNTHETIC_PROTOTYPE
PAY-0061-2,MPLADS-SYN-0061,2026-10-08,135380,Final Payment,Rural Development Agency,SYNTHETIC_PROTOTYPE
PAY-0061-3,MPLADS-SYN-0061,2027-01-26,70945,Running Bill,Rural Development Agency,SYNTHETIC_PROTOTYPE
PAY-0061-4,MPLADS-SYN-0061,2026-12-09,55012,Final Payment,Rural Development Agency,SYNTHETIC_PROTOTYPE
PAY-0061-5,MPLADS-SYN-0061,2026-08-23,138099,Running Bill,Rural Development Agency,SYNTHETIC_PROTOTYPE
PAY-0062-1,MPLADS-SYN-0062,2026-10-15,351767,Running Bill,Rural Development Agency,SYNTHETIC_PROTOTYPE
PAY-0062-2,MPLADS-SYN-0062,2026-10-16,260608,Running Bill,Rural Development Agency,SYNTHETIC_PROTOTYPE
PAY-0062-3,MPLADS-SYN-0062,2026-11-01,547625,Running Bill,Rural Development Agency,SYNTHETIC_PROTOTYPE
PAY-0063-1,MPLADS-SYN-0063,2026-08-31,201614,Final Payment,Public Works Department,SYNTHETIC_PROTOTYPE
PAY-0063-2,MPLADS-SYN-0063,2026-10-19,139160,First Payment,Public Works Department,SYNTHETIC_PROTOTYPE
PAY-0063-3,MPLADS-SYN-0063,2026-11-17,112781,Running Bill,Public Works Department,SYNTHETIC_PROTOTYPE
PAY-0063-4,MPLADS-SYN-0063,2026-10-03,191378,First Payment,Public Works Department,SYNTHETIC_PROTOTYPE
PAY-0064-1,MPLADS-SYN-0064,2026-05-18,440050,Final Payment,Municipal Corporation,SYNTHETIC_PROTOTYPE
PAY-0064-2,MPLADS-SYN-0064,2026-05-21,228806,Final Payment,Municipal Corporation,SYNTHETIC_PROTOTYPE
PAY-0064-3,MPLADS-SYN-0064,2026-06-04,542008,Final Payment,Municipal Corporation,SYNTHETIC_PROTOTYPE
PAY-0065-1,MPLADS-SYN-0065,2026-11-03,60974,Running Bill,Municipal Council,SYNTHETIC_PROTOTYPE
PAY-0065-2,MPLADS-SYN-0065,2026-08-19,154791,Milestone Payment,Municipal Council,SYNTHETIC_PROTOTYPE
PAY-0065-3,MPLADS-SYN-0065,2026-09-25,37597,First Payment,Municipal Council,SYNTHETIC_PROTOTYPE
PAY-0065-4,MPLADS-SYN-0065,2026-09-19,52851,First Payment,Municipal Council,SYNTHETIC_PROTOTYPE
PAY-0065-5,MPLADS-SYN-0065,2026-10-20,99733,Running Bill,Municipal Council,SYNTHETIC_PROTOTYPE
PAY-0066-1,MPLADS-SYN-0066,2026-10-30,1120932,Final Payment,Zilla Parishad,SYNTHETIC_PROTOTYPE
PAY-0066-2,MPLADS-SYN-0066,2026-08-24,616291,First Payment,Zilla Parishad,SYNTHETIC_PROTOTYPE
PAY-0066-3,MPLADS-SYN-0066,2026-08-30,894270,First Payment,Zilla Parishad,SYNTHETIC_PROTOTYPE
PAY-0067-1,MPLADS-SYN-0067,2026-06-07,412032,Milestone Payment,Education Department,SYNTHETIC_PROTOTYPE
PAY-0067-2,MPLADS-SYN-0067,2026-08-24,923629,Running Bill,Education Department,SYNTHETIC_PROTOTYPE
PAY-0068-1,MPLADS-SYN-0068,2026-05-01,112596,Milestone Payment,Rural Development Agency,SYNTHETIC_PROTOTYPE
PAY-0068-2,MPLADS-SYN-0068,2026-04-20,37939,Milestone Payment,Rural Development Agency,SYNTHETIC_PROTOTYPE
PAY-0068-3,MPLADS-SYN-0068,2026-06-06,104040,Running Bill,Rural Development Agency,SYNTHETIC_PROTOTYPE
PAY-0069-1,MPLADS-SYN-0069,2026-08-15,175242,First Payment,Zilla Parishad,SYNTHETIC_PROTOTYPE
PAY-0069-2,MPLADS-SYN-0069,2026-08-07,61952,First Payment,Zilla Parishad,SYNTHETIC_PROTOTYPE
PAY-0069-3,MPLADS-SYN-0069,2026-06-04,36160,Running Bill,Zilla Parishad,SYNTHETIC_PROTOTYPE
PAY-0069-4,MPLADS-SYN-0069,2026-06-08,185398,Final Payment,Zilla Parishad,SYNTHETIC_PROTOTYPE
PAY-0070-1,MPLADS-SYN-0070,2026-07-27,117703,Running Bill,Municipal Corporation,SYNTHETIC_PROTOTYPE
PAY-0070-2,MPLADS-SYN-0070,2026-08-21,127890,Running Bill,Municipal Corporation,SYNTHETIC_PROTOTYPE
PAY-0070-3,MPLADS-SYN-0070,2026-08-27,116232,Running Bill,Municipal Corporation,SYNTHETIC_PROTOTYPE
PAY-0070-4,MPLADS-SYN-0070,2026-07-08,198132,First Payment,Municipal Corporation,SYNTHETIC_PROTOTYPE
PAY-0071-1,MPLADS-SYN-0071,2026-05-27,414010,Running Bill,Municipal Council,SYNTHETIC_PROTOTYPE
PAY-0071-2,MPLADS-SYN-0071,2026-07-07,1061990,Milestone Payment,Municipal Council,SYNTHETIC_PROTOTYPE
PAY-0072-1,MPLADS-SYN-0072,2026-06-08,160775,First Payment,Municipal Corporation,SYNTHETIC_PROTOTYPE
PAY-0072-2,MPLADS-SYN-0072,2026-08-18,237080,Running Bill,Municipal Corporation,SYNTHETIC_PROTOTYPE
PAY-0072-3,MPLADS-SYN-0072,2026-05-21,54800,Running Bill,Municipal Corporation,SYNTHETIC_PROTOTYPE
PAY-0072-4,MPLADS-SYN-0072,2026-05-26,252345,First Payment,Municipal Corporation,SYNTHETIC_PROTOTYPE
PAY-0073-1,MPLADS-SYN-0073,2026-10-12,810619,First Payment,Rural Development Agency,SYNTHETIC_PROTOTYPE
PAY-0073-2,MPLADS-SYN-0073,2026-09-30,201611,Running Bill,Rural Development Agency,SYNTHETIC_PROTOTYPE
PAY-0073-3,MPLADS-SYN-0073,2026-11-02,259735,Running Bill,Rural Development Agency,SYNTHETIC_PROTOTYPE
PAY-0073-4,MPLADS-SYN-0073,2026-10-20,231392,First Payment,Rural Development Agency,SYNTHETIC_PROTOTYPE
PAY-0073-5,MPLADS-SYN-0073,2026-09-29,450726,Milestone Payment,Rural Development Agency,SYNTHETIC_PROTOTYPE
PAY-0074-1,MPLADS-SYN-0074,2026-08-01,37785,Milestone Payment,Municipal Corporation,SYNTHETIC_PROTOTYPE
PAY-0074-2,MPLADS-SYN-0074,2026-05-19,56509,Milestone Payment,Municipal Corporation,SYNTHETIC_PROTOTYPE
PAY-0074-3,MPLADS-SYN-0074,2026-10-04,76706,Running Bill,Municipal Corporation,SYNTHETIC_PROTOTYPE
PAY-0075-1,MPLADS-SYN-0075,2026-06-23,518903,Milestone Payment,Public Works Department,SYNTHETIC_PROTOTYPE
PAY-0075-2,MPLADS-SYN-0075,2026-07-19,213984,Running Bill,Public Works Department,SYNTHETIC_PROTOTYPE
PAY-0075-3,MPLADS-SYN-0075,2026-07-28,203500,Milestone Payment,Public Works Department,SYNTHETIC_PROTOTYPE
PAY-0075-4,MPLADS-SYN-0075,2026-07-28,107041,First Payment,Public Works Department,SYNTHETIC_PROTOTYPE
PAY-0075-5,MPLADS-SYN-0075,2026-07-26,461712,Final Payment,Public Works Department,SYNTHETIC_PROTOTYPE
PAY-0076-1,MPLADS-SYN-0076,2026-03-02,1241453,Final Payment,Municipal Council,SYNTHETIC_PROTOTYPE
PAY-0076-2,MPLADS-SYN-0076,2026-06-10,2149347,Final Payment,Municipal Council,SYNTHETIC_PROTOTYPE
PAY-0077-1,MPLADS-SYN-0077,2026-05-28,359473,Milestone Payment,Rural Development Agency,SYNTHETIC_PROTOTYPE
PAY-0077-2,MPLADS-SYN-0077,2026-04-30,157804,Running Bill,Rural Development Agency,SYNTHETIC_PROTOTYPE
PAY-0077-3,MPLADS-SYN-0077,2026-03-09,295423,First Payment,Rural Development Agency,SYNTHETIC_PROTOTYPE
PAY-0078-1,MPLADS-SYN-0078,2026-08-19,344738,Final Payment,District Health Office,SYNTHETIC_PROTOTYPE
PAY-0078-2,MPLADS-SYN-0078,2026-10-20,1617214,Running Bill,District Health Office,SYNTHETIC_PROTOTYPE
PAY-0079-1,MPLADS-SYN-0079,2026-04-03,145382,Milestone Payment,Education Department,SYNTHETIC_PROTOTYPE
PAY-0079-2,MPLADS-SYN-0079,2026-02-13,92209,First Payment,Education Department,SYNTHETIC_PROTOTYPE
PAY-0079-3,MPLADS-SYN-0079,2026-05-06,125655,Final Payment,Education Department,SYNTHETIC_PROTOTYPE
PAY-0080-1,MPLADS-SYN-0080,2026-05-09,529386,Running Bill,Zilla Parishad,SYNTHETIC_PROTOTYPE
PAY-0080-2,MPLADS-SYN-0080,2026-06-15,122027,Milestone Payment,Zilla Parishad,SYNTHETIC_PROTOTYPE
PAY-0080-3,MPLADS-SYN-0080,2026-02-19,259213,Milestone Payment,Zilla Parishad,SYNTHETIC_PROTOTYPE
PAY-0080-4,MPLADS-SYN-0080,2026-05-02,141990,Milestone Payment,Zilla Parishad,SYNTHETIC_PROTOTYPE
PAY-0080-5,MPLADS-SYN-0080,2026-04-26,217284,Final Payment,Zilla Parishad,SYNTHETIC_PROTOTYPE
PAY-0081-1,MPLADS-SYN-0081,2026-04-13,214299,First Payment,Public Works Department,SYNTHETIC_PROTOTYPE
PAY-0081-2,MPLADS-SYN-0081,2026-07-16,110487,Final Payment,Public Works Department,SYNTHETIC_PROTOTYPE
PAY-0081-3,MPLADS-SYN-0081,2026-07-12,78444,Milestone Payment,Public Works Department,SYNTHETIC_PROTOTYPE
PAY-0081-4,MPLADS-SYN-0081,2026-05-18,77871,First Payment,Public Works Department,SYNTHETIC_PROTOTYPE
PAY-0081-5,MPLADS-SYN-0081,2026-05-24,229588,First Payment,Public Works Department,SYNTHETIC_PROTOTYPE
PAY-0082-1,MPLADS-SYN-0082,2026-01-26,891752,Milestone Payment,Municipal Council,SYNTHETIC_PROTOTYPE
PAY-0082-2,MPLADS-SYN-0082,2026-04-12,588848,Milestone Payment,Municipal Council,SYNTHETIC_PROTOTYPE
PAY-0082-3,MPLADS-SYN-0082,2026-02-08,301904,Final Payment,Municipal Council,SYNTHETIC_PROTOTYPE
PAY-0082-4,MPLADS-SYN-0082,2026-03-02,162119,Milestone Payment,Municipal Council,SYNTHETIC_PROTOTYPE
PAY-0082-5,MPLADS-SYN-0082,2026-03-02,796312,Milestone Payment,Municipal Council,SYNTHETIC_PROTOTYPE
PAY-0083-1,MPLADS-SYN-0083,2026-09-16,94015,Running Bill,Rural Development Agency,SYNTHETIC_PROTOTYPE
PAY-0083-2,MPLADS-SYN-0083,2026-10-09,111974,Running Bill,Rural Development Agency,SYNTHETIC_PROTOTYPE
PAY-0083-3,MPLADS-SYN-0083,2026-08-12,188811,First Payment,Rural Development Agency,SYNTHETIC_PROTOTYPE
PAY-0084-1,MPLADS-SYN-0084,2026-08-31,130579,Running Bill,Zilla Parishad,SYNTHETIC_PROTOTYPE
PAY-0084-2,MPLADS-SYN-0084,2026-11-01,731821,Running Bill,Zilla Parishad,SYNTHETIC_PROTOTYPE
PAY-0085-1,MPLADS-SYN-0085,2026-09-10,800239,Milestone Payment,District Health Office,SYNTHETIC_PROTOTYPE
PAY-0085-2,MPLADS-SYN-0085,2026-10-03,384369,Running Bill,District Health Office,SYNTHETIC_PROTOTYPE
PAY-0085-3,MPLADS-SYN-0085,2026-08-14,249758,Milestone Payment,District Health Office,SYNTHETIC_PROTOTYPE
PAY-0085-4,MPLADS-SYN-0085,2026-05-23,276825,Final Payment,District Health Office,SYNTHETIC_PROTOTYPE
PAY-0085-5,MPLADS-SYN-0085,2026-04-15,461309,Running Bill,District Health Office,SYNTHETIC_PROTOTYPE
PAY-0086-1,MPLADS-SYN-0086,2026-07-31,337678,First Payment,Rural Development Agency,SYNTHETIC_PROTOTYPE
PAY-0086-2,MPLADS-SYN-0086,2026-05-19,1100404,Running Bill,Rural Development Agency,SYNTHETIC_PROTOTYPE
PAY-0087-1,MPLADS-SYN-0087,2026-09-02,367939,Running Bill,Zilla Parishad,SYNTHETIC_PROTOTYPE
PAY-0087-2,MPLADS-SYN-0087,2026-12-08,372650,Milestone Payment,Zilla Parishad,SYNTHETIC_PROTOTYPE
PAY-0087-3,MPLADS-SYN-0087,2026-11-15,137112,Milestone Payment,Zilla Parishad,SYNTHETIC_PROTOTYPE
PAY-0087-4,MPLADS-SYN-0087,2026-10-14,394199,First Payment,Zilla Parishad,SYNTHETIC_PROTOTYPE
PAY-0088-1,MPLADS-SYN-0088,2026-08-26,410074,Running Bill,Education Department,SYNTHETIC_PROTOTYPE
PAY-0088-2,MPLADS-SYN-0088,2026-12-21,194215,First Payment,Education Department,SYNTHETIC_PROTOTYPE
PAY-0088-3,MPLADS-SYN-0088,2026-12-09,193282,First Payment,Education Department,SYNTHETIC_PROTOTYPE
PAY-0088-4,MPLADS-SYN-0088,2026-11-07,45804,First Payment,Education Department,SYNTHETIC_PROTOTYPE
PAY-0088-5,MPLADS-SYN-0088,2026-12-31,225225,Running Bill,Education Department,SYNTHETIC_PROTOTYPE
PAY-0089-1,MPLADS-SYN-0089,2026-10-18,516260,First Payment,Rural Development Agency,SYNTHETIC_PROTOTYPE
PAY-0089-2,MPLADS-SYN-0089,2026-10-07,287910,First Payment,Rural Development Agency,SYNTHETIC_PROTOTYPE
PAY-0089-3,MPLADS-SYN-0089,2026-08-16,413733,First Payment,Rural Development Agency,SYNTHETIC_PROTOTYPE
PAY-0089-4,MPLADS-SYN-0089,2026-09-23,345233,Running Bill,Rural Development Agency,SYNTHETIC_PROTOTYPE
PAY-0089-5,MPLADS-SYN-0089,2026-10-13,545613,Milestone Payment,Rural Development Agency,SYNTHETIC_PROTOTYPE
PAY-0090-1,MPLADS-SYN-0090,2026-05-29,79369,Milestone Payment,Education Department,SYNTHETIC_PROTOTYPE
PAY-0090-2,MPLADS-SYN-0090,2026-07-26,52938,First Payment,Education Department,SYNTHETIC_PROTOTYPE
PAY-0090-3,MPLADS-SYN-0090,2026-05-12,101608,Final Payment,Education Department,SYNTHETIC_PROTOTYPE
PAY-0090-4,MPLADS-SYN-0090,2026-08-18,39004,Running Bill,Education Department,SYNTHETIC_PROTOTYPE
PAY-0090-5,MPLADS-SYN-0090,2026-08-16,96797,First Payment,Education Department,SYNTHETIC_PROTOTYPE
PAY-0091-1,MPLADS-SYN-0091,2026-09-09,155232,Milestone Payment,Public Works Department,SYNTHETIC_PROTOTYPE
PAY-0091-2,MPLADS-SYN-0091,2026-07-30,248581,Running Bill,Public Works Department,SYNTHETIC_PROTOTYPE
PAY-0091-3,MPLADS-SYN-0091,2026-11-02,334454,Milestone Payment,Public Works Department,SYNTHETIC_PROTOTYPE
PAY-0092-1,MPLADS-SYN-0092,2026-08-20,234498,First Payment,Zilla Parishad,SYNTHETIC_PROTOTYPE
PAY-0092-2,MPLADS-SYN-0092,2026-09-02,353160,Final Payment,Zilla Parishad,SYNTHETIC_PROTOTYPE
PAY-0092-3,MPLADS-SYN-0092,2026-08-24,206306,First Payment,Zilla Parishad,SYNTHETIC_PROTOTYPE
PAY-0092-4,MPLADS-SYN-0092,2026-08-16,40900,Running Bill,Zilla Parishad,SYNTHETIC_PROTOTYPE
PAY-0092-5,MPLADS-SYN-0092,2026-09-09,224880,Running Bill,Zilla Parishad,SYNTHETIC_PROTOTYPE
PAY-0093-1,MPLADS-SYN-0093,2026-08-27,179883,Milestone Payment,Rural Development Agency,SYNTHETIC_PROTOTYPE
PAY-0093-2,MPLADS-SYN-0093,2026-10-01,73119,Milestone Payment,Rural Development Agency,SYNTHETIC_PROTOTYPE
PAY-0093-3,MPLADS-SYN-0093,2026-05-20,108383,First Payment,Rural Development Agency,SYNTHETIC_PROTOTYPE
PAY-0093-4,MPLADS-SYN-0093,2026-08-10,243947,Running Bill,Rural Development Agency,SYNTHETIC_PROTOTYPE
PAY-0094-1,MPLADS-SYN-0094,2026-05-24,121717,Final Payment,Rural Development Agency,SYNTHETIC_PROTOTYPE
PAY-0094-2,MPLADS-SYN-0094,2026-03-30,82383,Running Bill,Rural Development Agency,SYNTHETIC_PROTOTYPE
PAY-0094-3,MPLADS-SYN-0094,2026-02-04,48209,First Payment,Rural Development Agency,SYNTHETIC_PROTOTYPE
PAY-0094-4,MPLADS-SYN-0094,2026-02-25,147691,First Payment,Rural Development Agency,SYNTHETIC_PROTOTYPE
PAY-0095-1,MPLADS-SYN-0095,2026-06-20,237780,First Payment,Zilla Parishad,SYNTHETIC_PROTOTYPE
PAY-0095-2,MPLADS-SYN-0095,2026-06-21,528141,Milestone Payment,Zilla Parishad,SYNTHETIC_PROTOTYPE
PAY-0096-1,MPLADS-SYN-0096,2026-07-12,259085,Running Bill,Education Department,SYNTHETIC_PROTOTYPE
PAY-0096-2,MPLADS-SYN-0096,2026-07-29,814146,Running Bill,Education Department,SYNTHETIC_PROTOTYPE
PAY-0097-1,MPLADS-SYN-0097,2026-04-14,523204,Running Bill,District Health Office,SYNTHETIC_PROTOTYPE
PAY-0097-2,MPLADS-SYN-0097,2026-03-22,122741,Running Bill,District Health Office,SYNTHETIC_PROTOTYPE
PAY-0097-3,MPLADS-SYN-0097,2026-04-15,250090,Milestone Payment,District Health Office,SYNTHETIC_PROTOTYPE
PAY-0097-4,MPLADS-SYN-0097,2026-04-06,437616,Running Bill,District Health Office,SYNTHETIC_PROTOTYPE
PAY-0098-1,MPLADS-SYN-0098,2026-07-04,40378,Milestone Payment,District Health Office,SYNTHETIC_PROTOTYPE
PAY-0098-2,MPLADS-SYN-0098,2026-05-31,27707,First Payment,District Health Office,SYNTHETIC_PROTOTYPE
PAY-0098-3,MPLADS-SYN-0098,2026-05-31,31745,First Payment,District Health Office,SYNTHETIC_PROTOTYPE
PAY-0098-4,MPLADS-SYN-0098,2026-06-14,30085,Running Bill,District Health Office,SYNTHETIC_PROTOTYPE
PAY-0098-5,MPLADS-SYN-0098,2026-07-02,56168,Running Bill,District Health Office,SYNTHETIC_PROTOTYPE
PAY-0099-1,MPLADS-SYN-0099,2026-07-09,272564,Milestone Payment,District Health Office,SYNTHETIC_PROTOTYPE
PAY-0099-2,MPLADS-SYN-0099,2026-09-05,249234,First Payment,District Health Office,SYNTHETIC_PROTOTYPE
PAY-0099-3,MPLADS-SYN-0099,2026-07-27,514579,Milestone Payment,District Health Office,SYNTHETIC_PROTOTYPE
PAY-0100-1,MPLADS-SYN-0100,2026-07-23,376551,Running Bill,Municipal Council,SYNTHETIC_PROTOTYPE
PAY-0100-2,MPLADS-SYN-0100,2026-07-08,368340,First Payment,Municipal Council,SYNTHETIC_PROTOTYPE
PAY-0100-3,MPLADS-SYN-0100,2026-07-23,1566046,Running Bill,Municipal Council,SYNTHETIC_PROTOTYPE
PAY-0101-1,MPLADS-SYN-0101,2026-06-14,733549,First Payment,District Health Office,SYNTHETIC_PROTOTYPE
PAY-0101-2,MPLADS-SYN-0101,2026-06-15,225531,First Payment,District Health Office,SYNTHETIC_PROTOTYPE
PAY-0101-3,MPLADS-SYN-0101,2026-06-05,365471,First Payment,District Health Office,SYNTHETIC_PROTOTYPE
PAY-0101-4,MPLADS-SYN-0101,2026-06-21,92315,Running Bill,District Health Office,SYNTHETIC_PROTOTYPE
PAY-0101-5,MPLADS-SYN-0101,2026-06-14,426436,First Payment,District Health Office,SYNTHETIC_PROTOTYPE
PAY-0102-1,MPLADS-SYN-0102,2026-04-05,337940,Final Payment,Rural Development Agency,SYNTHETIC_PROTOTYPE
PAY-0102-2,MPLADS-SYN-0102,2026-03-15,157912,Final Payment,Rural Development Agency,SYNTHETIC_PROTOTYPE
PAY-0102-3,MPLADS-SYN-0102,2026-05-18,452539,Milestone Payment,Rural Development Agency,SYNTHETIC_PROTOTYPE
PAY-0103-1,MPLADS-SYN-0103,2026-08-31,365550,First Payment,Rural Development Agency,SYNTHETIC_PROTOTYPE
PAY-0103-2,MPLADS-SYN-0103,2026-04-14,1478601,Running Bill,Rural Development Agency,SYNTHETIC_PROTOTYPE
PAY-0104-1,MPLADS-SYN-0104,2026-02-15,589989,Milestone Payment,Rural Development Agency,SYNTHETIC_PROTOTYPE
PAY-0104-2,MPLADS-SYN-0104,2026-03-27,742738,Milestone Payment,Rural Development Agency,SYNTHETIC_PROTOTYPE
PAY-0105-1,MPLADS-SYN-0105,2026-10-09,303231,Final Payment,Rural Development Agency,SYNTHETIC_PROTOTYPE
PAY-0105-2,MPLADS-SYN-0105,2026-11-27,147145,Milestone Payment,Rural Development Agency,SYNTHETIC_PROTOTYPE
PAY-0105-3,MPLADS-SYN-0105,2026-09-12,104803,Final Payment,Rural Development Agency,SYNTHETIC_PROTOTYPE
PAY-0105-4,MPLADS-SYN-0105,2026-05-25,56253,Final Payment,Rural Development Agency,SYNTHETIC_PROTOTYPE
PAY-0105-5,MPLADS-SYN-0105,2026-06-16,78018,Milestone Payment,Rural Development Agency,SYNTHETIC_PROTOTYPE
PAY-0106-1,MPLADS-SYN-0106,2026-12-07,143794,Final Payment,Municipal Council,SYNTHETIC_PROTOTYPE
PAY-0106-2,MPLADS-SYN-0106,2026-11-21,193706,First Payment,Municipal Council,SYNTHETIC_PROTOTYPE
PAY-0107-1,MPLADS-SYN-0107,2026-04-04,302601,Running Bill,Education Department,SYNTHETIC_PROTOTYPE
PAY-0107-2,MPLADS-SYN-0107,2026-04-24,268977,Milestone Payment,Education Department,SYNTHETIC_PROTOTYPE
PAY-0107-3,MPLADS-SYN-0107,2026-05-15,183902,Running Bill,Education Department,SYNTHETIC_PROTOTYPE
PAY-0107-4,MPLADS-SYN-0107,2026-05-14,712420,Milestone Payment,Education Department,SYNTHETIC_PROTOTYPE
PAY-0108-1,MPLADS-SYN-0108,2026-06-17,562021,Milestone Payment,Education Department,SYNTHETIC_PROTOTYPE
PAY-0108-2,MPLADS-SYN-0108,2026-06-24,1410286,Milestone Payment,Education Department,SYNTHETIC_PROTOTYPE
PAY-0109-1,MPLADS-SYN-0109,2026-08-10,378264,Milestone Payment,Public Works Department,SYNTHETIC_PROTOTYPE
PAY-0109-2,MPLADS-SYN-0109,2026-07-29,386145,Final Payment,Public Works Department,SYNTHETIC_PROTOTYPE
PAY-0109-3,MPLADS-SYN-0109,2026-07-30,730191,Final Payment,Public Works Department,SYNTHETIC_PROTOTYPE
PAY-0110-1,MPLADS-SYN-0110,2026-09-06,397295,Final Payment,Municipal Corporation,SYNTHETIC_PROTOTYPE
PAY-0110-2,MPLADS-SYN-0110,2026-10-04,167190,Milestone Payment,Municipal Corporation,SYNTHETIC_PROTOTYPE
PAY-0110-3,MPLADS-SYN-0110,2026-08-13,128661,Running Bill,Municipal Corporation,SYNTHETIC_PROTOTYPE
PAY-0110-4,MPLADS-SYN-0110,2026-09-23,280354,Final Payment,Municipal Corporation,SYNTHETIC_PROTOTYPE
PAY-0111-1,MPLADS-SYN-0111,2027-02-11,174208,Running Bill,Zilla Parishad,SYNTHETIC_PROTOTYPE
PAY-0111-2,MPLADS-SYN-0111,2027-02-07,252633,Milestone Payment,Zilla Parishad,SYNTHETIC_PROTOTYPE
PAY-0111-3,MPLADS-SYN-0111,2027-01-18,135526,Milestone Payment,Zilla Parishad,SYNTHETIC_PROTOTYPE
PAY-0111-4,MPLADS-SYN-0111,2026-12-18,440195,Running Bill,Zilla Parishad,SYNTHETIC_PROTOTYPE
PAY-0112-1,MPLADS-SYN-0112,2026-03-07,21984,First Payment,Municipal Corporation,SYNTHETIC_PROTOTYPE
PAY-0112-2,MPLADS-SYN-0112,2026-02-08,34366,Running Bill,Municipal Corporation,SYNTHETIC_PROTOTYPE
PAY-0112-3,MPLADS-SYN-0112,2026-02-17,75445,Final Payment,Municipal Corporation,SYNTHETIC_PROTOTYPE
PAY-0113-1,MPLADS-SYN-0113,2026-07-18,102777,First Payment,Municipal Corporation,SYNTHETIC_PROTOTYPE
PAY-0113-2,MPLADS-SYN-0113,2026-07-05,39966,First Payment,Municipal Corporation,SYNTHETIC_PROTOTYPE
PAY-0113-3,MPLADS-SYN-0113,2026-08-05,159657,Running Bill,Municipal Corporation,SYNTHETIC_PROTOTYPE
PAY-0114-1,MPLADS-SYN-0114,2026-06-20,352110,Running Bill,Municipal Corporation,SYNTHETIC_PROTOTYPE
PAY-0114-2,MPLADS-SYN-0114,2026-07-04,247524,Milestone Payment,Municipal Corporation,SYNTHETIC_PROTOTYPE
PAY-0114-3,MPLADS-SYN-0114,2026-06-14,129968,Milestone Payment,Municipal Corporation,SYNTHETIC_PROTOTYPE
PAY-0114-4,MPLADS-SYN-0114,2026-07-18,395998,Running Bill,Municipal Corporation,SYNTHETIC_PROTOTYPE
PAY-0115-1,MPLADS-SYN-0115,2026-07-08,407033,Running Bill,Public Works Department,SYNTHETIC_PROTOTYPE
PAY-0115-2,MPLADS-SYN-0115,2026-07-28,289971,First Payment,Public Works Department,SYNTHETIC_PROTOTYPE
PAY-0115-3,MPLADS-SYN-0115,2026-07-08,1302258,Final Payment,Public Works Department,SYNTHETIC_PROTOTYPE
PAY-0116-1,MPLADS-SYN-0116,2026-07-11,459123,Final Payment,Municipal Corporation,SYNTHETIC_PROTOTYPE
PAY-0116-2,MPLADS-SYN-0116,2026-04-14,790016,Running Bill,Municipal Corporation,SYNTHETIC_PROTOTYPE
PAY-0117-1,MPLADS-SYN-0117,2026-08-10,495679,Final Payment,Municipal Council,SYNTHETIC_PROTOTYPE
PAY-0117-2,MPLADS-SYN-0117,2026-08-15,401907,Milestone Payment,Municipal Council,SYNTHETIC_PROTOTYPE
PAY-0117-3,MPLADS-SYN-0117,2026-09-09,656544,Final Payment,Municipal Council,SYNTHETIC_PROTOTYPE
PAY-0118-1,MPLADS-SYN-0118,2026-09-21,78725,Running Bill,Municipal Corporation,SYNTHETIC_PROTOTYPE
PAY-0118-2,MPLADS-SYN-0118,2026-12-13,135011,Milestone Payment,Municipal Corporation,SYNTHETIC_PROTOTYPE
PAY-0118-3,MPLADS-SYN-0118,2026-07-25,89059,Final Payment,Municipal Corporation,SYNTHETIC_PROTOTYPE
PAY-0118-4,MPLADS-SYN-0118,2027-01-08,140551,First Payment,Municipal Corporation,SYNTHETIC_PROTOTYPE
PAY-0119-1,MPLADS-SYN-0119,2026-06-11,926082,First Payment,District Health Office,SYNTHETIC_PROTOTYPE
PAY-0119-2,MPLADS-SYN-0119,2026-04-13,253970,Final Payment,District Health Office,SYNTHETIC_PROTOTYPE
PAY-0119-3,MPLADS-SYN-0119,2026-04-19,178544,First Payment,District Health Office,SYNTHETIC_PROTOTYPE
PAY-0119-4,MPLADS-SYN-0119,2026-06-10,216604,First Payment,District Health Office,SYNTHETIC_PROTOTYPE
PAY-0119-5,MPLADS-SYN-0119,2026-05-16,523275,Final Payment,District Health Office,SYNTHETIC_PROTOTYPE
PAY-0120-1,MPLADS-SYN-0120,2026-06-13,697670,First Payment,Education Department,SYNTHETIC_PROTOTYPE
PAY-0120-2,MPLADS-SYN-0120,2026-05-17,586568,Running Bill,Education Department,SYNTHETIC_PROTOTYPE
PAY-0120-3,MPLADS-SYN-0120,2026-05-07,279606,First Payment,Education Department,SYNTHETIC_PROTOTYPE
PAY-0120-4,MPLADS-SYN-0120,2026-04-24,93081,Running Bill,Education Department,SYNTHETIC_PROTOTYPE
PAY-0120-5,MPLADS-SYN-0120,2026-05-06,413592,Milestone Payment,Education Department,SYNTHETIC_PROTOTYPE
PAY-0121-1,MPLADS-SYN-0121,2026-04-19,861726,First Payment,Municipal Corporation,SYNTHETIC_PROTOTYPE
PAY-0121-2,MPLADS-SYN-0121,2026-03-22,836584,First Payment,Municipal Corporation,SYNTHETIC_PROTOTYPE
PAY-0121-3,MPLADS-SYN-0121,2026-03-24,236770,Final Payment,Municipal Corporation,SYNTHETIC_PROTOTYPE
PAY-0121-4,MPLADS-SYN-0121,2026-04-20,290528,First Payment,Municipal Corporation,SYNTHETIC_PROTOTYPE
PAY-0121-5,MPLADS-SYN-0121,2026-01-24,622491,Running Bill,Municipal Corporation,SYNTHETIC_PROTOTYPE
PAY-0122-1,MPLADS-SYN-0122,2026-03-11,169098,Milestone Payment,Education Department,SYNTHETIC_PROTOTYPE
PAY-0122-2,MPLADS-SYN-0122,2026-02-16,125091,Running Bill,Education Department,SYNTHETIC_PROTOTYPE
PAY-0122-3,MPLADS-SYN-0122,2026-04-24,314211,Running Bill,Education Department,SYNTHETIC_PROTOTYPE
PAY-0123-1,MPLADS-SYN-0123,2026-04-16,1126655,Running Bill,Municipal Council,SYNTHETIC_PROTOTYPE
PAY-0123-2,MPLADS-SYN-0123,2026-02-22,497783,Milestone Payment,Municipal Council,SYNTHETIC_PROTOTYPE
PAY-0123-3,MPLADS-SYN-0123,2026-06-18,308112,Running Bill,Municipal Council,SYNTHETIC_PROTOTYPE
PAY-0123-4,MPLADS-SYN-0123,2026-06-24,1464250,Final Payment,Municipal Council,SYNTHETIC_PROTOTYPE
PAY-0124-1,MPLADS-SYN-0124,2026-09-09,93087,Running Bill,Municipal Corporation,SYNTHETIC_PROTOTYPE
PAY-0124-2,MPLADS-SYN-0124,2026-12-09,70651,First Payment,Municipal Corporation,SYNTHETIC_PROTOTYPE
PAY-0124-3,MPLADS-SYN-0124,2027-01-09,50937,First Payment,Municipal Corporation,SYNTHETIC_PROTOTYPE
PAY-0124-4,MPLADS-SYN-0124,2026-12-20,22680,Final Payment,Municipal Corporation,SYNTHETIC_PROTOTYPE
PAY-0124-5,MPLADS-SYN-0124,2026-11-15,86912,Milestone Payment,Municipal Corporation,SYNTHETIC_PROTOTYPE
PAY-0125-1,MPLADS-SYN-0125,2026-06-29,45039,Running Bill,Rural Development Agency,SYNTHETIC_PROTOTYPE
PAY-0125-2,MPLADS-SYN-0125,2026-06-28,55741,First Payment,Rural Development Agency,SYNTHETIC_PROTOTYPE
PAY-0125-3,MPLADS-SYN-0125,2026-06-16,59248,Running Bill,Rural Development Agency,SYNTHETIC_PROTOTYPE
PAY-0125-4,MPLADS-SYN-0125,2026-05-03,96472,Running Bill,Rural Development Agency,SYNTHETIC_PROTOTYPE
PAY-0126-1,MPLADS-SYN-0126,2026-02-07,121188,Milestone Payment,Municipal Council,SYNTHETIC_PROTOTYPE
PAY-0126-2,MPLADS-SYN-0126,2026-02-21,157444,First Payment,Municipal Council,SYNTHETIC_PROTOTYPE
PAY-0126-3,MPLADS-SYN-0126,2026-03-16,86586,Running Bill,Municipal Council,SYNTHETIC_PROTOTYPE
PAY-0126-4,MPLADS-SYN-0126,2026-07-21,387430,Milestone Payment,Municipal Council,SYNTHETIC_PROTOTYPE
PAY-0127-1,MPLADS-SYN-0127,2026-07-29,765140,Final Payment,Rural Development Agency,SYNTHETIC_PROTOTYPE
PAY-0127-2,MPLADS-SYN-0127,2026-08-02,1827687,Milestone Payment,Rural Development Agency,SYNTHETIC_PROTOTYPE
PAY-0128-1,MPLADS-SYN-0128,2026-06-14,181264,Milestone Payment,Rural Development Agency,SYNTHETIC_PROTOTYPE
PAY-0128-2,MPLADS-SYN-0128,2026-04-11,566736,First Payment,Rural Development Agency,SYNTHETIC_PROTOTYPE
PAY-0129-1,MPLADS-SYN-0129,2026-10-02,434518,Running Bill,Zilla Parishad,SYNTHETIC_PROTOTYPE
PAY-0129-2,MPLADS-SYN-0129,2026-09-11,301577,Milestone Payment,Zilla Parishad,SYNTHETIC_PROTOTYPE
PAY-0129-3,MPLADS-SYN-0129,2026-07-03,616305,Milestone Payment,Zilla Parishad,SYNTHETIC_PROTOTYPE
PAY-0130-1,MPLADS-SYN-0130,2026-03-28,69954,First Payment,District Health Office,SYNTHETIC_PROTOTYPE
PAY-0130-2,MPLADS-SYN-0130,2026-07-28,209878,Milestone Payment,District Health Office,SYNTHETIC_PROTOTYPE
PAY-0131-1,MPLADS-SYN-0131,2026-10-06,95109,Running Bill,Municipal Council,SYNTHETIC_PROTOTYPE
PAY-0131-2,MPLADS-SYN-0131,2026-10-20,445788,Milestone Payment,Municipal Council,SYNTHETIC_PROTOTYPE
PAY-0132-1,MPLADS-SYN-0132,2026-12-14,199527,Final Payment,District Health Office,SYNTHETIC_PROTOTYPE
PAY-0132-2,MPLADS-SYN-0132,2026-10-25,357562,Milestone Payment,District Health Office,SYNTHETIC_PROTOTYPE
PAY-0132-3,MPLADS-SYN-0132,2026-09-15,174972,First Payment,District Health Office,SYNTHETIC_PROTOTYPE
PAY-0132-4,MPLADS-SYN-0132,2026-09-10,95943,Milestone Payment,District Health Office,SYNTHETIC_PROTOTYPE
PAY-0132-5,MPLADS-SYN-0132,2027-01-03,257172,First Payment,District Health Office,SYNTHETIC_PROTOTYPE
PAY-0133-1,MPLADS-SYN-0133,2027-01-15,432763,Final Payment,Municipal Corporation,SYNTHETIC_PROTOTYPE
PAY-0133-2,MPLADS-SYN-0133,2026-10-15,880719,Final Payment,Municipal Corporation,SYNTHETIC_PROTOTYPE
PAY-0134-1,MPLADS-SYN-0134,2026-08-12,1171396,First Payment,Municipal Council,SYNTHETIC_PROTOTYPE
PAY-0134-2,MPLADS-SYN-0134,2026-10-29,583206,First Payment,Municipal Council,SYNTHETIC_PROTOTYPE
PAY-0134-3,MPLADS-SYN-0134,2026-08-06,421563,Running Bill,Municipal Council,SYNTHETIC_PROTOTYPE
PAY-0134-4,MPLADS-SYN-0134,2026-11-17,610733,Final Payment,Municipal Council,SYNTHETIC_PROTOTYPE
PAY-0135-1,MPLADS-SYN-0135,2026-08-20,120580,Final Payment,Education Department,SYNTHETIC_PROTOTYPE
PAY-0135-2,MPLADS-SYN-0135,2026-07-17,67090,Final Payment,Education Department,SYNTHETIC_PROTOTYPE
PAY-0135-3,MPLADS-SYN-0135,2026-09-05,64411,Final Payment,Education Department,SYNTHETIC_PROTOTYPE
PAY-0135-4,MPLADS-SYN-0135,2026-07-24,52512,Milestone Payment,Education Department,SYNTHETIC_PROTOTYPE
PAY-0135-5,MPLADS-SYN-0135,2026-08-15,77455,Milestone Payment,Education Department,SYNTHETIC_PROTOTYPE
PAY-0136-1,MPLADS-SYN-0136,2026-05-04,157099,Milestone Payment,District Health Office,SYNTHETIC_PROTOTYPE
PAY-0136-2,MPLADS-SYN-0136,2026-07-20,40337,Milestone Payment,District Health Office,SYNTHETIC_PROTOTYPE
PAY-0136-3,MPLADS-SYN-0136,2026-07-12,59297,Milestone Payment,District Health Office,SYNTHETIC_PROTOTYPE
PAY-0136-4,MPLADS-SYN-0136,2026-03-05,101798,Final Payment,District Health Office,SYNTHETIC_PROTOTYPE
PAY-0137-1,MPLADS-SYN-0137,2026-08-23,496214,Final Payment,District Health Office,SYNTHETIC_PROTOTYPE
PAY-0137-2,MPLADS-SYN-0137,2026-06-18,282155,Final Payment,District Health Office,SYNTHETIC_PROTOTYPE
PAY-0137-3,MPLADS-SYN-0137,2026-08-19,458197,Running Bill,District Health Office,SYNTHETIC_PROTOTYPE
PAY-0138-1,MPLADS-SYN-0138,2026-06-30,671213,First Payment,Rural Development Agency,SYNTHETIC_PROTOTYPE
PAY-0138-2,MPLADS-SYN-0138,2026-09-19,455106,Final Payment,Rural Development Agency,SYNTHETIC_PROTOTYPE
PAY-0138-3,MPLADS-SYN-0138,2026-10-12,447861,Running Bill,Rural Development Agency,SYNTHETIC_PROTOTYPE
PAY-0138-4,MPLADS-SYN-0138,2026-10-27,1105420,Running Bill,Rural Development Agency,SYNTHETIC_PROTOTYPE
PAY-0139-1,MPLADS-SYN-0139,2026-04-23,95830,Final Payment,Education Department,SYNTHETIC_PROTOTYPE
PAY-0139-2,MPLADS-SYN-0139,2026-08-01,46031,Milestone Payment,Education Department,SYNTHETIC_PROTOTYPE
PAY-0139-3,MPLADS-SYN-0139,2026-08-30,18782,First Payment,Education Department,SYNTHETIC_PROTOTYPE
PAY-0139-4,MPLADS-SYN-0139,2026-02-27,14897,Final Payment,Education Department,SYNTHETIC_PROTOTYPE
PAY-0139-5,MPLADS-SYN-0139,2026-05-22,48989,Milestone Payment,Education Department,SYNTHETIC_PROTOTYPE
PAY-0140-1,MPLADS-SYN-0140,2026-08-04,391867,Final Payment,Rural Development Agency,SYNTHETIC_PROTOTYPE
PAY-0140-2,MPLADS-SYN-0140,2026-04-24,519733,Running Bill,Rural Development Agency,SYNTHETIC_PROTOTYPE
PAY-0141-1,MPLADS-SYN-0141,2026-09-28,254801,First Payment,Rural Development Agency,SYNTHETIC_PROTOTYPE
PAY-0141-2,MPLADS-SYN-0141,2026-09-20,274188,Final Payment,Rural Development Agency,SYNTHETIC_PROTOTYPE
PAY-0141-3,MPLADS-SYN-0141,2026-07-12,534186,Final Payment,Rural Development Agency,SYNTHETIC_PROTOTYPE
PAY-0142-1,MPLADS-SYN-0142,2026-01-23,670605,Running Bill,Municipal Corporation,SYNTHETIC_PROTOTYPE
PAY-0142-2,MPLADS-SYN-0142,2026-02-14,1630989,First Payment,Municipal Corporation,SYNTHETIC_PROTOTYPE
PAY-0143-1,MPLADS-SYN-0143,2026-05-30,341642,Running Bill,Municipal Corporation,SYNTHETIC_PROTOTYPE
PAY-0143-2,MPLADS-SYN-0143,2026-06-26,383827,First Payment,Municipal Corporation,SYNTHETIC_PROTOTYPE
PAY-0143-3,MPLADS-SYN-0143,2026-07-23,186059,Final Payment,Municipal Corporation,SYNTHETIC_PROTOTYPE
PAY-0143-4,MPLADS-SYN-0143,2026-04-15,304011,Final Payment,Municipal Corporation,SYNTHETIC_PROTOTYPE
PAY-0143-5,MPLADS-SYN-0143,2026-04-23,489134,First Payment,Municipal Corporation,SYNTHETIC_PROTOTYPE
PAY-0144-1,MPLADS-SYN-0144,2026-09-18,152634,Final Payment,Education Department,SYNTHETIC_PROTOTYPE
PAY-0144-2,MPLADS-SYN-0144,2026-09-19,202831,First Payment,Education Department,SYNTHETIC_PROTOTYPE
PAY-0144-3,MPLADS-SYN-0144,2026-09-05,474957,Milestone Payment,Education Department,SYNTHETIC_PROTOTYPE
PAY-0145-1,MPLADS-SYN-0145,2026-06-09,147144,Running Bill,Public Works Department,SYNTHETIC_PROTOTYPE
PAY-0145-2,MPLADS-SYN-0145,2026-07-24,158485,Final Payment,Public Works Department,SYNTHETIC_PROTOTYPE
PAY-0145-3,MPLADS-SYN-0145,2026-05-24,117814,Running Bill,Public Works Department,SYNTHETIC_PROTOTYPE
PAY-0145-4,MPLADS-SYN-0145,2026-04-08,132558,Milestone Payment,Public Works Department,SYNTHETIC_PROTOTYPE
PAY-0145-5,MPLADS-SYN-0145,2026-04-28,328800,Running Bill,Public Works Department,SYNTHETIC_PROTOTYPE
PAY-0146-1,MPLADS-SYN-0146,2026-08-29,286094,Running Bill,Public Works Department,SYNTHETIC_PROTOTYPE
PAY-0146-2,MPLADS-SYN-0146,2026-04-01,253352,Final Payment,Public Works Department,SYNTHETIC_PROTOTYPE
PAY-0146-3,MPLADS-SYN-0146,2026-04-10,152754,Final Payment,Public Works Department,SYNTHETIC_PROTOTYPE
PAY-0146-4,MPLADS-SYN-0146,2026-08-07,70768,First Payment,Public Works Department,SYNTHETIC_PROTOTYPE
PAY-0146-5,MPLADS-SYN-0146,2026-07-17,120477,Final Payment,Public Works Department,SYNTHETIC_PROTOTYPE
PAY-0147-1,MPLADS-SYN-0147,2026-06-12,117338,First Payment,Rural Development Agency,SYNTHETIC_PROTOTYPE
PAY-0147-2,MPLADS-SYN-0147,2026-06-07,324677,Final Payment,Rural Development Agency,SYNTHETIC_PROTOTYPE
PAY-0148-1,MPLADS-SYN-0148,2026-10-31,174774,Final Payment,Municipal Corporation,SYNTHETIC_PROTOTYPE
PAY-0148-2,MPLADS-SYN-0148,2026-07-11,56413,Milestone Payment,Municipal Corporation,SYNTHETIC_PROTOTYPE
PAY-0148-3,MPLADS-SYN-0148,2026-10-27,47051,First Payment,Municipal Corporation,SYNTHETIC_PROTOTYPE
PAY-0148-4,MPLADS-SYN-0148,2026-10-23,138507,Milestone Payment,Municipal Corporation,SYNTHETIC_PROTOTYPE
PAY-0149-1,MPLADS-SYN-0149,2026-03-28,272192,First Payment,Municipal Council,SYNTHETIC_PROTOTYPE
PAY-0149-2,MPLADS-SYN-0149,2026-04-18,874098,Milestone Payment,Municipal Council,SYNTHETIC_PROTOTYPE
PAY-0150-1,MPLADS-SYN-0150,2026-05-30,92126,First Payment,Rural Development Agency,SYNTHETIC_PROTOTYPE
PAY-0150-2,MPLADS-SYN-0150,2026-07-28,166827,Running Bill,Rural Development Agency,SYNTHETIC_PROTOTYPE
PAY-0150-3,MPLADS-SYN-0150,2026-07-11,205447,Milestone Payment,Rural Development Agency,SYNTHETIC_PROTOTYPE
PAY-0151-1,MPLADS-SYN-0151,2026-07-24,69313,Running Bill,Public Works Department,SYNTHETIC_PROTOTYPE
PAY-0151-2,MPLADS-SYN-0151,2026-06-20,105270,Milestone Payment,Public Works Department,SYNTHETIC_PROTOTYPE
PAY-0151-3,MPLADS-SYN-0151,2026-07-26,44237,Running Bill,Public Works Department,SYNTHETIC_PROTOTYPE
PAY-0151-4,MPLADS-SYN-0151,2026-07-22,221437,Running Bill,Public Works Department,SYNTHETIC_PROTOTYPE
PAY-0152-1,MPLADS-SYN-0152,2026-05-20,222772,Final Payment,Municipal Council,SYNTHETIC_PROTOTYPE
PAY-0152-2,MPLADS-SYN-0152,2026-02-23,66379,Running Bill,Municipal Council,SYNTHETIC_PROTOTYPE
PAY-0152-3,MPLADS-SYN-0152,2026-03-26,279580,Milestone Payment,Municipal Council,SYNTHETIC_PROTOTYPE
PAY-0153-1,MPLADS-SYN-0153,2026-06-06,1474620,Final Payment,Rural Development Agency,SYNTHETIC_PROTOTYPE
PAY-0153-2,MPLADS-SYN-0153,2026-06-10,356020,Milestone Payment,Rural Development Agency,SYNTHETIC_PROTOTYPE
PAY-0153-3,MPLADS-SYN-0153,2026-05-18,425173,Running Bill,Rural Development Agency,SYNTHETIC_PROTOTYPE
PAY-0153-4,MPLADS-SYN-0153,2026-03-20,1120087,First Payment,Rural Development Agency,SYNTHETIC_PROTOTYPE
PAY-0154-1,MPLADS-SYN-0154,2026-10-16,276101,Running Bill,Municipal Council,SYNTHETIC_PROTOTYPE
PAY-0154-2,MPLADS-SYN-0154,2026-08-04,141407,Milestone Payment,Municipal Council,SYNTHETIC_PROTOTYPE
PAY-0154-3,MPLADS-SYN-0154,2026-07-24,310211,Milestone Payment,Municipal Council,SYNTHETIC_PROTOTYPE
PAY-0155-1,MPLADS-SYN-0155,2026-05-22,149114,Milestone Payment,Municipal Council,SYNTHETIC_PROTOTYPE
PAY-0155-2,MPLADS-SYN-0155,2026-05-04,126790,First Payment,Municipal Council,SYNTHETIC_PROTOTYPE
PAY-0155-3,MPLADS-SYN-0155,2026-04-11,187391,Running Bill,Municipal Council,SYNTHETIC_PROTOTYPE
PAY-0155-4,MPLADS-SYN-0155,2026-04-12,314544,Running Bill,Municipal Council,SYNTHETIC_PROTOTYPE
PAY-0156-1,MPLADS-SYN-0156,2026-08-16,362208,Milestone Payment,Zilla Parishad,SYNTHETIC_PROTOTYPE
PAY-0156-2,MPLADS-SYN-0156,2026-09-14,136749,Running Bill,Zilla Parishad,SYNTHETIC_PROTOTYPE
PAY-0156-3,MPLADS-SYN-0156,2026-09-14,398136,First Payment,Zilla Parishad,SYNTHETIC_PROTOTYPE
PAY-0157-1,MPLADS-SYN-0157,2027-01-11,325549,First Payment,Municipal Council,SYNTHETIC_PROTOTYPE
PAY-0157-2,MPLADS-SYN-0157,2026-12-26,100473,First Payment,Municipal Council,SYNTHETIC_PROTOTYPE
PAY-0157-3,MPLADS-SYN-0157,2026-12-16,126010,Milestone Payment,Municipal Council,SYNTHETIC_PROTOTYPE
PAY-0157-4,MPLADS-SYN-0157,2027-02-13,348722,Final Payment,Municipal Council,SYNTHETIC_PROTOTYPE
PAY-0158-1,MPLADS-SYN-0158,2026-10-06,196634,Milestone Payment,Rural Development Agency,SYNTHETIC_PROTOTYPE
PAY-0158-2,MPLADS-SYN-0158,2026-10-22,127516,Milestone Payment,Rural Development Agency,SYNTHETIC_PROTOTYPE
PAY-0158-3,MPLADS-SYN-0158,2026-10-22,61717,Final Payment,Rural Development Agency,SYNTHETIC_PROTOTYPE
PAY-0158-4,MPLADS-SYN-0158,2026-09-19,45242,Final Payment,Rural Development Agency,SYNTHETIC_PROTOTYPE
PAY-0158-5,MPLADS-SYN-0158,2026-09-14,103863,First Payment,Rural Development Agency,SYNTHETIC_PROTOTYPE
PAY-0159-1,MPLADS-SYN-0159,2026-06-23,776200,Final Payment,Public Works Department,SYNTHETIC_PROTOTYPE
PAY-0159-2,MPLADS-SYN-0159,2026-07-15,1005000,Final Payment,Public Works Department,SYNTHETIC_PROTOTYPE
PAY-0160-1,MPLADS-SYN-0160,2026-12-13,262476,Milestone Payment,Municipal Council,SYNTHETIC_PROTOTYPE
PAY-0160-2,MPLADS-SYN-0160,2026-12-09,327230,Milestone Payment,Municipal Council,SYNTHETIC_PROTOTYPE
PAY-0160-3,MPLADS-SYN-0160,2026-10-27,67420,Running Bill,Municipal Council,SYNTHETIC_PROTOTYPE
PAY-0160-4,MPLADS-SYN-0160,2026-10-25,336455,Milestone Payment,Municipal Council,SYNTHETIC_PROTOTYPE
PAY-0161-1,MPLADS-SYN-0161,2026-08-15,541229,Running Bill,Rural Development Agency,SYNTHETIC_PROTOTYPE
PAY-0161-2,MPLADS-SYN-0161,2026-09-11,463120,First Payment,Rural Development Agency,SYNTHETIC_PROTOTYPE
PAY-0161-3,MPLADS-SYN-0161,2026-08-22,436428,Running Bill,Rural Development Agency,SYNTHETIC_PROTOTYPE
PAY-0161-4,MPLADS-SYN-0161,2026-08-06,648908,Milestone Payment,Rural Development Agency,SYNTHETIC_PROTOTYPE
PAY-0162-1,MPLADS-SYN-0162,2026-08-28,390583,First Payment,District Health Office,SYNTHETIC_PROTOTYPE
PAY-0162-2,MPLADS-SYN-0162,2026-07-12,158531,Final Payment,District Health Office,SYNTHETIC_PROTOTYPE
PAY-0162-3,MPLADS-SYN-0162,2026-06-15,69644,Milestone Payment,District Health Office,SYNTHETIC_PROTOTYPE
PAY-0162-4,MPLADS-SYN-0162,2026-07-18,116434,Milestone Payment,District Health Office,SYNTHETIC_PROTOTYPE
PAY-0162-5,MPLADS-SYN-0162,2026-09-14,172317,First Payment,District Health Office,SYNTHETIC_PROTOTYPE
PAY-0163-1,MPLADS-SYN-0163,2026-05-11,282249,Milestone Payment,Public Works Department,SYNTHETIC_PROTOTYPE
PAY-0163-2,MPLADS-SYN-0163,2026-09-21,409751,Milestone Payment,Public Works Department,SYNTHETIC_PROTOTYPE
PAY-0164-1,MPLADS-SYN-0164,2026-07-19,303599,Milestone Payment,Rural Development Agency,SYNTHETIC_PROTOTYPE
PAY-0164-2,MPLADS-SYN-0164,2026-10-20,169411,Running Bill,Rural Development Agency,SYNTHETIC_PROTOTYPE
PAY-0164-3,MPLADS-SYN-0164,2026-07-28,162687,Milestone Payment,Rural Development Agency,SYNTHETIC_PROTOTYPE
PAY-0164-4,MPLADS-SYN-0164,2026-10-20,207903,Milestone Payment,Rural Development Agency,SYNTHETIC_PROTOTYPE
PAY-0165-1,MPLADS-SYN-0165,2026-08-05,162019,Running Bill,Municipal Corporation,SYNTHETIC_PROTOTYPE
PAY-0165-2,MPLADS-SYN-0165,2026-11-17,82786,First Payment,Municipal Corporation,SYNTHETIC_PROTOTYPE
PAY-0165-3,MPLADS-SYN-0165,2026-11-28,37686,Milestone Payment,Municipal Corporation,SYNTHETIC_PROTOTYPE
PAY-0165-4,MPLADS-SYN-0165,2026-07-18,31395,First Payment,Municipal Corporation,SYNTHETIC_PROTOTYPE
PAY-0165-5,MPLADS-SYN-0165,2026-08-27,78386,Final Payment,Municipal Corporation,SYNTHETIC_PROTOTYPE
PAY-0166-1,MPLADS-SYN-0166,2026-04-04,282665,Running Bill,Education Department,SYNTHETIC_PROTOTYPE
PAY-0166-2,MPLADS-SYN-0166,2026-07-26,644363,Running Bill,Education Department,SYNTHETIC_PROTOTYPE
PAY-0166-3,MPLADS-SYN-0166,2026-06-05,882372,Running Bill,Education Department,SYNTHETIC_PROTOTYPE
PAY-0167-1,MPLADS-SYN-0167,2026-06-05,418831,Final Payment,Rural Development Agency,SYNTHETIC_PROTOTYPE
PAY-0167-2,MPLADS-SYN-0167,2026-06-18,100722,Running Bill,Rural Development Agency,SYNTHETIC_PROTOTYPE
PAY-0167-3,MPLADS-SYN-0167,2026-07-16,194391,Final Payment,Rural Development Agency,SYNTHETIC_PROTOTYPE
PAY-0167-4,MPLADS-SYN-0167,2026-07-19,99012,Final Payment,Rural Development Agency,SYNTHETIC_PROTOTYPE
PAY-0167-5,MPLADS-SYN-0167,2026-07-18,179070,Final Payment,Rural Development Agency,SYNTHETIC_PROTOTYPE
PAY-0168-1,MPLADS-SYN-0168,2026-07-31,26132,Running Bill,Municipal Corporation,SYNTHETIC_PROTOTYPE
PAY-0168-2,MPLADS-SYN-0168,2026-09-29,34497,Milestone Payment,Municipal Corporation,SYNTHETIC_PROTOTYPE
PAY-0168-3,MPLADS-SYN-0168,2026-09-30,34480,Milestone Payment,Municipal Corporation,SYNTHETIC_PROTOTYPE
PAY-0168-4,MPLADS-SYN-0168,2026-09-25,46106,Milestone Payment,Municipal Corporation,SYNTHETIC_PROTOTYPE
PAY-0169-1,MPLADS-SYN-0169,2026-04-04,75324,Running Bill,Municipal Council,SYNTHETIC_PROTOTYPE
PAY-0169-2,MPLADS-SYN-0169,2026-04-27,134331,Running Bill,Municipal Council,SYNTHETIC_PROTOTYPE
PAY-0169-3,MPLADS-SYN-0169,2026-07-20,192945,Milestone Payment,Municipal Council,SYNTHETIC_PROTOTYPE
PAY-0170-1,MPLADS-SYN-0170,2026-02-28,88209,First Payment,Zilla Parishad,SYNTHETIC_PROTOTYPE
PAY-0170-2,MPLADS-SYN-0170,2026-05-09,84500,Final Payment,Zilla Parishad,SYNTHETIC_PROTOTYPE
PAY-0170-3,MPLADS-SYN-0170,2026-03-25,32794,Running Bill,Zilla Parishad,SYNTHETIC_PROTOTYPE
PAY-0170-4,MPLADS-SYN-0170,2026-03-23,151689,Final Payment,Zilla Parishad,SYNTHETIC_PROTOTYPE
PAY-0171-1,MPLADS-SYN-0171,2026-10-10,182176,Milestone Payment,Municipal Corporation,SYNTHETIC_PROTOTYPE
PAY-0171-2,MPLADS-SYN-0171,2026-11-21,372127,Running Bill,Municipal Corporation,SYNTHETIC_PROTOTYPE
PAY-0171-3,MPLADS-SYN-0171,2026-11-30,161752,Running Bill,Municipal Corporation,SYNTHETIC_PROTOTYPE
PAY-0171-4,MPLADS-SYN-0171,2026-10-13,132225,First Payment,Municipal Corporation,SYNTHETIC_PROTOTYPE
PAY-0171-5,MPLADS-SYN-0171,2026-08-14,175848,Final Payment,Municipal Corporation,SYNTHETIC_PROTOTYPE
PAY-0172-1,MPLADS-SYN-0172,2026-04-29,618557,Milestone Payment,Public Works Department,SYNTHETIC_PROTOTYPE
PAY-0172-2,MPLADS-SYN-0172,2026-06-08,286717,Final Payment,Public Works Department,SYNTHETIC_PROTOTYPE
PAY-0172-3,MPLADS-SYN-0172,2026-04-20,199705,Milestone Payment,Public Works Department,SYNTHETIC_PROTOTYPE
PAY-0172-4,MPLADS-SYN-0172,2026-03-31,172768,Running Bill,Public Works Department,SYNTHETIC_PROTOTYPE
PAY-0172-5,MPLADS-SYN-0172,2026-03-31,219874,First Payment,Public Works Department,SYNTHETIC_PROTOTYPE
PAY-0173-1,MPLADS-SYN-0173,2026-09-23,1180825,Final Payment,Rural Development Agency,SYNTHETIC_PROTOTYPE
PAY-0173-2,MPLADS-SYN-0173,2027-01-14,591125,Running Bill,Rural Development Agency,SYNTHETIC_PROTOTYPE
PAY-0173-3,MPLADS-SYN-0173,2026-11-20,1124335,Running Bill,Rural Development Agency,SYNTHETIC_PROTOTYPE
PAY-0174-1,MPLADS-SYN-0174,2026-04-24,64862,First Payment,Education Department,SYNTHETIC_PROTOTYPE
PAY-0174-2,MPLADS-SYN-0174,2026-05-27,63767,First Payment,Education Department,SYNTHETIC_PROTOTYPE
PAY-0174-3,MPLADS-SYN-0174,2026-07-08,38417,Final Payment,Education Department,SYNTHETIC_PROTOTYPE
PAY-0174-4,MPLADS-SYN-0174,2026-05-01,53491,Final Payment,Education Department,SYNTHETIC_PROTOTYPE
PAY-0174-5,MPLADS-SYN-0174,2026-07-05,74866,Milestone Payment,Education Department,SYNTHETIC_PROTOTYPE
PAY-0175-1,MPLADS-SYN-0175,2026-10-07,235578,Final Payment,District Health Office,SYNTHETIC_PROTOTYPE
PAY-0175-2,MPLADS-SYN-0175,2026-09-10,258266,First Payment,District Health Office,SYNTHETIC_PROTOTYPE
PAY-0175-3,MPLADS-SYN-0175,2026-09-29,365650,Milestone Payment,District Health Office,SYNTHETIC_PROTOTYPE
PAY-0175-4,MPLADS-SYN-0175,2026-09-04,115008,Running Bill,District Health Office,SYNTHETIC_PROTOTYPE
PAY-0175-5,MPLADS-SYN-0175,2026-11-28,332298,First Payment,District Health Office,SYNTHETIC_PROTOTYPE
PAY-0176-1,MPLADS-SYN-0176,2026-06-01,539569,First Payment,Education Department,SYNTHETIC_PROTOTYPE
PAY-0176-2,MPLADS-SYN-0176,2026-04-28,173841,Milestone Payment,Education Department,SYNTHETIC_PROTOTYPE
PAY-0176-3,MPLADS-SYN-0176,2026-02-25,281693,Running Bill,Education Department,SYNTHETIC_PROTOTYPE
PAY-0176-4,MPLADS-SYN-0176,2026-05-11,121174,First Payment,Education Department,SYNTHETIC_PROTOTYPE
PAY-0176-5,MPLADS-SYN-0176,2026-03-28,308932,Final Payment,Education Department,SYNTHETIC_PROTOTYPE
PAY-0177-1,MPLADS-SYN-0177,2026-08-31,275612,First Payment,Education Department,SYNTHETIC_PROTOTYPE
PAY-0177-2,MPLADS-SYN-0177,2026-12-04,201261,Milestone Payment,Education Department,SYNTHETIC_PROTOTYPE
PAY-0177-3,MPLADS-SYN-0177,2026-12-12,69699,Milestone Payment,Education Department,SYNTHETIC_PROTOTYPE
PAY-0177-4,MPLADS-SYN-0177,2026-10-12,67073,Milestone Payment,Education Department,SYNTHETIC_PROTOTYPE
PAY-0177-5,MPLADS-SYN-0177,2026-07-26,115955,Milestone Payment,Education Department,SYNTHETIC_PROTOTYPE
PAY-0178-1,MPLADS-SYN-0178,2026-07-26,106813,Milestone Payment,Public Works Department,SYNTHETIC_PROTOTYPE
PAY-0178-2,MPLADS-SYN-0178,2026-07-08,158578,First Payment,Public Works Department,SYNTHETIC_PROTOTYPE
PAY-0179-1,MPLADS-SYN-0179,2026-08-14,134183,Final Payment,District Health Office,SYNTHETIC_PROTOTYPE
PAY-0179-2,MPLADS-SYN-0179,2026-08-12,208797,Final Payment,District Health Office,SYNTHETIC_PROTOTYPE
PAY-0179-3,MPLADS-SYN-0179,2026-08-07,177302,Final Payment,District Health Office,SYNTHETIC_PROTOTYPE
PAY-0179-4,MPLADS-SYN-0179,2026-08-05,113790,Final Payment,District Health Office,SYNTHETIC_PROTOTYPE
PAY-0179-5,MPLADS-SYN-0179,2026-05-13,139668,Running Bill,District Health Office,SYNTHETIC_PROTOTYPE
PAY-0180-1,MPLADS-SYN-0180,2026-08-08,91872,Running Bill,Rural Development Agency,SYNTHETIC_PROTOTYPE
PAY-0180-2,MPLADS-SYN-0180,2026-10-17,50889,First Payment,Rural Development Agency,SYNTHETIC_PROTOTYPE
PAY-0180-3,MPLADS-SYN-0180,2026-09-11,14507,First Payment,Rural Development Agency,SYNTHETIC_PROTOTYPE
PAY-0180-4,MPLADS-SYN-0180,2026-06-25,63199,Final Payment,Rural Development Agency,SYNTHETIC_PROTOTYPE
PAY-0181-1,MPLADS-SYN-0181,2026-11-19,446316,First Payment,Education Department,SYNTHETIC_PROTOTYPE
PAY-0181-2,MPLADS-SYN-0181,2027-02-12,941492,First Payment,Education Department,SYNTHETIC_PROTOTYPE
PAY-0182-1,MPLADS-SYN-0182,2026-05-31,128808,First Payment,District Health Office,SYNTHETIC_PROTOTYPE
PAY-0182-2,MPLADS-SYN-0182,2026-06-22,136966,Running Bill,District Health Office,SYNTHETIC_PROTOTYPE
PAY-0182-3,MPLADS-SYN-0182,2026-08-23,61702,First Payment,District Health Office,SYNTHETIC_PROTOTYPE
PAY-0182-4,MPLADS-SYN-0182,2026-07-08,47021,Running Bill,District Health Office,SYNTHETIC_PROTOTYPE
PAY-0182-5,MPLADS-SYN-0182,2026-05-24,192558,Milestone Payment,District Health Office,SYNTHETIC_PROTOTYPE
PAY-0183-1,MPLADS-SYN-0183,2026-08-08,199913,Final Payment,Public Works Department,SYNTHETIC_PROTOTYPE
PAY-0183-2,MPLADS-SYN-0183,2026-10-05,110058,Running Bill,Public Works Department,SYNTHETIC_PROTOTYPE
PAY-0183-3,MPLADS-SYN-0183,2026-06-01,518228,Milestone Payment,Public Works Department,SYNTHETIC_PROTOTYPE
PAY-0184-1,MPLADS-SYN-0184,2026-04-15,258695,Final Payment,Municipal Corporation,SYNTHETIC_PROTOTYPE
PAY-0184-2,MPLADS-SYN-0184,2026-04-06,389422,Milestone Payment,Municipal Corporation,SYNTHETIC_PROTOTYPE
PAY-0185-1,MPLADS-SYN-0185,2026-09-10,253755,Final Payment,District Health Office,SYNTHETIC_PROTOTYPE
PAY-0185-2,MPLADS-SYN-0185,2026-12-24,77897,First Payment,District Health Office,SYNTHETIC_PROTOTYPE
PAY-0185-3,MPLADS-SYN-0185,2026-09-13,57267,Running Bill,District Health Office,SYNTHETIC_PROTOTYPE
PAY-0185-4,MPLADS-SYN-0185,2026-08-06,70354,First Payment,District Health Office,SYNTHETIC_PROTOTYPE
PAY-0185-5,MPLADS-SYN-0185,2026-12-22,177920,Milestone Payment,District Health Office,SYNTHETIC_PROTOTYPE
PAY-0186-1,MPLADS-SYN-0186,2027-04-09,195891,Running Bill,Municipal Council,SYNTHETIC_PROTOTYPE
PAY-0186-2,MPLADS-SYN-0186,2027-03-07,107551,Milestone Payment,Municipal Council,SYNTHETIC_PROTOTYPE
PAY-0186-3,MPLADS-SYN-0186,2027-02-22,31558,First Payment,Municipal Council,SYNTHETIC_PROTOTYPE
PAY-0186-4,MPLADS-SYN-0186,2027-02-26,120489,Milestone Payment,Municipal Council,SYNTHETIC_PROTOTYPE
PAY-0187-1,MPLADS-SYN-0187,2026-10-28,860447,Running Bill,Education Department,SYNTHETIC_PROTOTYPE
PAY-0187-2,MPLADS-SYN-0187,2026-11-13,220682,First Payment,Education Department,SYNTHETIC_PROTOTYPE
PAY-0187-3,MPLADS-SYN-0187,2026-09-19,299410,First Payment,Education Department,SYNTHETIC_PROTOTYPE
PAY-0187-4,MPLADS-SYN-0187,2026-09-01,172557,Milestone Payment,Education Department,SYNTHETIC_PROTOTYPE
PAY-0187-5,MPLADS-SYN-0187,2026-10-29,414393,Running Bill,Education Department,SYNTHETIC_PROTOTYPE
PAY-0188-1,MPLADS-SYN-0188,2026-10-16,92814,Final Payment,Zilla Parishad,SYNTHETIC_PROTOTYPE
PAY-0188-2,MPLADS-SYN-0188,2026-09-10,296386,Final Payment,Zilla Parishad,SYNTHETIC_PROTOTYPE
PAY-0189-1,MPLADS-SYN-0189,2026-05-09,221336,Running Bill,Municipal Council,SYNTHETIC_PROTOTYPE
PAY-0189-2,MPLADS-SYN-0189,2026-04-09,133660,Milestone Payment,Municipal Council,SYNTHETIC_PROTOTYPE
PAY-0189-3,MPLADS-SYN-0189,2026-03-02,131598,Running Bill,Municipal Council,SYNTHETIC_PROTOTYPE
PAY-0189-4,MPLADS-SYN-0189,2026-03-08,422923,Running Bill,Municipal Council,SYNTHETIC_PROTOTYPE
PAY-0190-1,MPLADS-SYN-0190,2027-03-06,110280,Milestone Payment,Education Department,SYNTHETIC_PROTOTYPE
PAY-0190-2,MPLADS-SYN-0190,2026-12-04,151829,Running Bill,Education Department,SYNTHETIC_PROTOTYPE
PAY-0190-3,MPLADS-SYN-0190,2026-12-10,235311,Running Bill,Education Department,SYNTHETIC_PROTOTYPE
PAY-0191-1,MPLADS-SYN-0191,2026-02-12,254502,Milestone Payment,Municipal Council,SYNTHETIC_PROTOTYPE
PAY-0191-2,MPLADS-SYN-0191,2026-03-16,757376,Running Bill,Municipal Council,SYNTHETIC_PROTOTYPE
PAY-0192-1,MPLADS-SYN-0192,2026-05-18,259995,Final Payment,Municipal Corporation,SYNTHETIC_PROTOTYPE
PAY-0192-2,MPLADS-SYN-0192,2026-05-14,372563,Running Bill,Municipal Corporation,SYNTHETIC_PROTOTYPE
PAY-0192-3,MPLADS-SYN-0192,2026-09-05,178339,Milestone Payment,Municipal Corporation,SYNTHETIC_PROTOTYPE
PAY-0192-4,MPLADS-SYN-0192,2026-08-24,123140,Running Bill,Municipal Corporation,SYNTHETIC_PROTOTYPE
PAY-0192-5,MPLADS-SYN-0192,2026-07-19,287910,Milestone Payment,Municipal Corporation,SYNTHETIC_PROTOTYPE
PAY-0193-1,MPLADS-SYN-0193,2026-06-21,117022,Final Payment,Rural Development Agency,SYNTHETIC_PROTOTYPE
PAY-0193-2,MPLADS-SYN-0193,2026-08-03,82945,Final Payment,Rural Development Agency,SYNTHETIC_PROTOTYPE
PAY-0193-3,MPLADS-SYN-0193,2026-06-10,54225,First Payment,Rural Development Agency,SYNTHETIC_PROTOTYPE
PAY-0193-4,MPLADS-SYN-0193,2026-05-15,167008,Final Payment,Rural Development Agency,SYNTHETIC_PROTOTYPE
PAY-0194-1,MPLADS-SYN-0194,2026-09-10,526106,Running Bill,Municipal Corporation,SYNTHETIC_PROTOTYPE
PAY-0194-2,MPLADS-SYN-0194,2026-08-11,1278094,Running Bill,Municipal Corporation,SYNTHETIC_PROTOTYPE
PAY-0195-1,MPLADS-SYN-0195,2026-02-10,602339,Milestone Payment,Education Department,SYNTHETIC_PROTOTYPE
PAY-0195-2,MPLADS-SYN-0195,2026-04-04,809472,Final Payment,Education Department,SYNTHETIC_PROTOTYPE
PAY-0196-1,MPLADS-SYN-0196,2026-10-18,206546,Final Payment,Rural Development Agency,SYNTHETIC_PROTOTYPE
PAY-0196-2,MPLADS-SYN-0196,2026-06-20,818254,Running Bill,Rural Development Agency,SYNTHETIC_PROTOTYPE
PAY-0197-1,MPLADS-SYN-0197,2026-09-10,223450,Final Payment,Municipal Council,SYNTHETIC_PROTOTYPE
PAY-0197-2,MPLADS-SYN-0197,2026-11-06,137635,Final Payment,Municipal Council,SYNTHETIC_PROTOTYPE
PAY-0197-3,MPLADS-SYN-0197,2026-11-11,136428,Running Bill,Municipal Council,SYNTHETIC_PROTOTYPE
PAY-0197-4,MPLADS-SYN-0197,2026-11-16,338355,First Payment,Municipal Council,SYNTHETIC_PROTOTYPE
PAY-0198-1,MPLADS-SYN-0198,2026-03-08,84321,Running Bill,Zilla Parishad,SYNTHETIC_PROTOTYPE
PAY-0198-2,MPLADS-SYN-0198,2026-04-04,466003,Final Payment,Zilla Parishad,SYNTHETIC_PROTOTYPE
PAY-0199-1,MPLADS-SYN-0199,2026-07-31,232061,Final Payment,Rural Development Agency,SYNTHETIC_PROTOTYPE
PAY-0199-2,MPLADS-SYN-0199,2026-05-27,636479,First Payment,Rural Development Agency,SYNTHETIC_PROTOTYPE
PAY-0200-1,MPLADS-SYN-0200,2026-03-15,1037619,Final Payment,Zilla Parishad,SYNTHETIC_PROTOTYPE
PAY-0200-2,MPLADS-SYN-0200,2026-05-07,419014,First Payment,Zilla Parishad,SYNTHETIC_PROTOTYPE
PAY-0200-3,MPLADS-SYN-0200,2026-05-22,535170,Milestone Payment,Zilla Parishad,SYNTHETIC_PROTOTYPE
PAY-0200-4,MPLADS-SYN-0200,2026-05-06,164060,Final Payment,Zilla Parishad,SYNTHETIC_PROTOTYPE
PAY-0200-5,MPLADS-SYN-0200,2026-05-28,841323,Final Payment,Zilla Parishad,SYNTHETIC_PROTOTYPE
PAY-0201-1,MPLADS-SYN-0201,2026-10-05,308706,Final Payment,Municipal Corporation,SYNTHETIC_PROTOTYPE
PAY-0201-2,MPLADS-SYN-0201,2026-09-15,1529087,Running Bill,Municipal Corporation,SYNTHETIC_PROTOTYPE
PAY-0202-1,MPLADS-SYN-0202,2026-01-28,245108,First Payment,Education Department,SYNTHETIC_PROTOTYPE
PAY-0202-2,MPLADS-SYN-0202,2026-02-13,255572,Running Bill,Education Department,SYNTHETIC_PROTOTYPE
PAY-0202-3,MPLADS-SYN-0202,2026-02-09,366320,Running Bill,Education Department,SYNTHETIC_PROTOTYPE
PAY-0203-1,MPLADS-SYN-0203,2026-08-13,815976,Running Bill,Municipal Council,SYNTHETIC_PROTOTYPE
PAY-0203-2,MPLADS-SYN-0203,2026-10-17,1344650,Running Bill,Municipal Council,SYNTHETIC_PROTOTYPE
PAY-0204-1,MPLADS-SYN-0204,2026-04-10,155001,Final Payment,District Health Office,SYNTHETIC_PROTOTYPE
PAY-0204-2,MPLADS-SYN-0204,2026-04-15,85607,First Payment,District Health Office,SYNTHETIC_PROTOTYPE
PAY-0204-3,MPLADS-SYN-0204,2026-04-29,57250,Running Bill,District Health Office,SYNTHETIC_PROTOTYPE
PAY-0204-4,MPLADS-SYN-0204,2026-03-14,108564,Final Payment,District Health Office,SYNTHETIC_PROTOTYPE
PAY-0205-1,MPLADS-SYN-0205,2026-03-20,532323,Final Payment,Municipal Council,SYNTHETIC_PROTOTYPE
PAY-0205-2,MPLADS-SYN-0205,2026-03-07,447133,Final Payment,Municipal Council,SYNTHETIC_PROTOTYPE
PAY-0205-3,MPLADS-SYN-0205,2026-05-21,776215,Milestone Payment,Municipal Council,SYNTHETIC_PROTOTYPE
PAY-0205-4,MPLADS-SYN-0205,2026-05-31,1748158,Final Payment,Municipal Council,SYNTHETIC_PROTOTYPE
PAY-0206-1,MPLADS-SYN-0206,2026-04-16,245101,First Payment,Education Department,SYNTHETIC_PROTOTYPE
PAY-0206-2,MPLADS-SYN-0206,2026-07-09,75999,First Payment,Education Department,SYNTHETIC_PROTOTYPE
PAY-0206-3,MPLADS-SYN-0206,2026-04-09,131282,First Payment,Education Department,SYNTHETIC_PROTOTYPE
PAY-0206-4,MPLADS-SYN-0206,2026-04-04,52102,Final Payment,Education Department,SYNTHETIC_PROTOTYPE
PAY-0206-5,MPLADS-SYN-0206,2026-06-20,192141,Milestone Payment,Education Department,SYNTHETIC_PROTOTYPE
PAY-0207-1,MPLADS-SYN-0207,2026-04-14,233475,First Payment,Zilla Parishad,SYNTHETIC_PROTOTYPE
PAY-0207-2,MPLADS-SYN-0207,2026-02-02,446712,Milestone Payment,Zilla Parishad,SYNTHETIC_PROTOTYPE
PAY-0207-3,MPLADS-SYN-0207,2026-05-15,866634,Running Bill,Zilla Parishad,SYNTHETIC_PROTOTYPE
PAY-0208-1,MPLADS-SYN-0208,2026-09-26,160896,First Payment,Education Department,SYNTHETIC_PROTOTYPE
PAY-0208-2,MPLADS-SYN-0208,2026-05-07,724900,Milestone Payment,Education Department,SYNTHETIC_PROTOTYPE
PAY-0209-1,MPLADS-SYN-0209,2026-04-22,350296,First Payment,Municipal Council,SYNTHETIC_PROTOTYPE
PAY-0209-2,MPLADS-SYN-0209,2026-06-07,1039376,Running Bill,Municipal Council,SYNTHETIC_PROTOTYPE
PAY-0210-1,MPLADS-SYN-0210,2026-06-14,453407,First Payment,Public Works Department,SYNTHETIC_PROTOTYPE
PAY-0210-2,MPLADS-SYN-0210,2026-06-05,921955,Final Payment,Public Works Department,SYNTHETIC_PROTOTYPE
PAY-0211-1,MPLADS-SYN-0211,2026-08-13,87200,Final Payment,Education Department,SYNTHETIC_PROTOTYPE
PAY-0211-2,MPLADS-SYN-0211,2026-06-16,27739,First Payment,Education Department,SYNTHETIC_PROTOTYPE
PAY-0211-3,MPLADS-SYN-0211,2026-06-11,127061,Final Payment,Education Department,SYNTHETIC_PROTOTYPE
PAY-0212-1,MPLADS-SYN-0212,2026-04-29,530897,First Payment,Rural Development Agency,SYNTHETIC_PROTOTYPE
PAY-0212-2,MPLADS-SYN-0212,2026-04-29,384930,Milestone Payment,Rural Development Agency,SYNTHETIC_PROTOTYPE
PAY-0212-3,MPLADS-SYN-0212,2026-05-07,619273,Milestone Payment,Rural Development Agency,SYNTHETIC_PROTOTYPE
PAY-0213-1,MPLADS-SYN-0213,2026-09-11,830323,First Payment,Zilla Parishad,SYNTHETIC_PROTOTYPE
PAY-0213-2,MPLADS-SYN-0213,2026-09-04,1377677,Running Bill,Zilla Parishad,SYNTHETIC_PROTOTYPE
PAY-0214-1,MPLADS-SYN-0214,2026-04-04,297142,Running Bill,Municipal Council,SYNTHETIC_PROTOTYPE
PAY-0214-2,MPLADS-SYN-0214,2026-04-02,554795,Running Bill,Municipal Council,SYNTHETIC_PROTOTYPE
PAY-0215-1,MPLADS-SYN-0215,2026-09-07,215416,Final Payment,Municipal Council,SYNTHETIC_PROTOTYPE
PAY-0215-2,MPLADS-SYN-0215,2026-07-21,104787,First Payment,Municipal Council,SYNTHETIC_PROTOTYPE
PAY-0215-3,MPLADS-SYN-0215,2026-07-27,559377,First Payment,Municipal Council,SYNTHETIC_PROTOTYPE
PAY-0216-1,MPLADS-SYN-0216,2026-10-25,176792,Running Bill,Education Department,SYNTHETIC_PROTOTYPE
PAY-0216-2,MPLADS-SYN-0216,2026-12-01,58471,Final Payment,Education Department,SYNTHETIC_PROTOTYPE
PAY-0216-3,MPLADS-SYN-0216,2026-08-19,50446,Milestone Payment,Education Department,SYNTHETIC_PROTOTYPE
PAY-0216-4,MPLADS-SYN-0216,2026-07-20,121691,Running Bill,Education Department,SYNTHETIC_PROTOTYPE
PAY-0217-1,MPLADS-SYN-0217,2026-09-19,202606,Running Bill,District Health Office,SYNTHETIC_PROTOTYPE
PAY-0217-2,MPLADS-SYN-0217,2026-09-26,259280,Final Payment,District Health Office,SYNTHETIC_PROTOTYPE
PAY-0218-1,MPLADS-SYN-0218,2026-04-03,159656,First Payment,District Health Office,SYNTHETIC_PROTOTYPE
PAY-0218-2,MPLADS-SYN-0218,2026-04-14,475444,Milestone Payment,District Health Office,SYNTHETIC_PROTOTYPE
PAY-0219-1,MPLADS-SYN-0219,2026-09-22,71678,Running Bill,Zilla Parishad,SYNTHETIC_PROTOTYPE
PAY-0219-2,MPLADS-SYN-0219,2026-10-07,33936,Milestone Payment,Zilla Parishad,SYNTHETIC_PROTOTYPE
PAY-0219-3,MPLADS-SYN-0219,2026-10-06,82601,Final Payment,Zilla Parishad,SYNTHETIC_PROTOTYPE
PAY-0220-1,MPLADS-SYN-0220,2026-04-26,298519,First Payment,Rural Development Agency,SYNTHETIC_PROTOTYPE
PAY-0220-2,MPLADS-SYN-0220,2026-05-12,239943,First Payment,Rural Development Agency,SYNTHETIC_PROTOTYPE
PAY-0220-3,MPLADS-SYN-0220,2026-05-05,394458,First Payment,Rural Development Agency,SYNTHETIC_PROTOTYPE
PAY-0220-4,MPLADS-SYN-0220,2026-05-11,227296,Final Payment,Rural Development Agency,SYNTHETIC_PROTOTYPE
PAY-0220-5,MPLADS-SYN-0220,2026-05-28,415706,First Payment,Rural Development Agency,SYNTHETIC_PROTOTYPE
PAY-0221-1,MPLADS-SYN-0221,2026-05-25,116855,First Payment,Rural Development Agency,SYNTHETIC_PROTOTYPE
PAY-0221-2,MPLADS-SYN-0221,2026-08-07,232030,Final Payment,Rural Development Agency,SYNTHETIC_PROTOTYPE
PAY-0222-1,MPLADS-SYN-0222,2026-07-06,298486,Running Bill,Municipal Corporation,SYNTHETIC_PROTOTYPE
PAY-0222-2,MPLADS-SYN-0222,2026-09-25,1368421,Milestone Payment,Municipal Corporation,SYNTHETIC_PROTOTYPE
PAY-0223-1,MPLADS-SYN-0223,2026-05-19,86461,Final Payment,Zilla Parishad,SYNTHETIC_PROTOTYPE
PAY-0223-2,MPLADS-SYN-0223,2026-06-03,139771,Milestone Payment,Zilla Parishad,SYNTHETIC_PROTOTYPE
PAY-0223-3,MPLADS-SYN-0223,2026-07-02,303739,Final Payment,Zilla Parishad,SYNTHETIC_PROTOTYPE
PAY-0224-1,MPLADS-SYN-0224,2026-04-25,65266,Running Bill,Zilla Parishad,SYNTHETIC_PROTOTYPE
PAY-0224-2,MPLADS-SYN-0224,2026-03-20,120154,Final Payment,Zilla Parishad,SYNTHETIC_PROTOTYPE
PAY-0224-3,MPLADS-SYN-0224,2026-04-21,246580,Milestone Payment,Zilla Parishad,SYNTHETIC_PROTOTYPE
PAY-0225-1,MPLADS-SYN-0225,2026-04-21,23448,First Payment,Zilla Parishad,SYNTHETIC_PROTOTYPE
PAY-0225-2,MPLADS-SYN-0225,2026-10-10,33762,Final Payment,Zilla Parishad,SYNTHETIC_PROTOTYPE
PAY-0225-3,MPLADS-SYN-0225,2026-06-21,25280,Running Bill,Zilla Parishad,SYNTHETIC_PROTOTYPE
PAY-0225-4,MPLADS-SYN-0225,2026-08-08,33010,Running Bill,Zilla Parishad,SYNTHETIC_PROTOTYPE
PAY-0226-1,MPLADS-SYN-0226,2026-03-20,960152,First Payment,District Health Office,SYNTHETIC_PROTOTYPE
PAY-0226-2,MPLADS-SYN-0226,2026-03-22,434218,First Payment,District Health Office,SYNTHETIC_PROTOTYPE
PAY-0226-3,MPLADS-SYN-0226,2026-03-20,1214532,First Payment,District Health Office,SYNTHETIC_PROTOTYPE
PAY-0227-1,MPLADS-SYN-0227,2026-04-11,224101,Running Bill,Education Department,SYNTHETIC_PROTOTYPE
PAY-0227-2,MPLADS-SYN-0227,2026-03-17,152709,First Payment,Education Department,SYNTHETIC_PROTOTYPE
PAY-0227-3,MPLADS-SYN-0227,2026-04-07,188113,Running Bill,Education Department,SYNTHETIC_PROTOTYPE
PAY-0227-4,MPLADS-SYN-0227,2026-04-03,674781,Milestone Payment,Education Department,SYNTHETIC_PROTOTYPE
PAY-0228-1,MPLADS-SYN-0228,2026-07-22,274857,Running Bill,Zilla Parishad,SYNTHETIC_PROTOTYPE
PAY-0228-2,MPLADS-SYN-0228,2026-09-03,436000,Running Bill,Zilla Parishad,SYNTHETIC_PROTOTYPE
PAY-0229-1,MPLADS-SYN-0229,2026-11-16,140124,Final Payment,Rural Development Agency,SYNTHETIC_PROTOTYPE
PAY-0229-2,MPLADS-SYN-0229,2026-08-16,119498,First Payment,Rural Development Agency,SYNTHETIC_PROTOTYPE
PAY-0229-3,MPLADS-SYN-0229,2026-08-20,268378,Milestone Payment,Rural Development Agency,SYNTHETIC_PROTOTYPE
PAY-0230-1,MPLADS-SYN-0230,2026-08-06,48560,Final Payment,Municipal Council,SYNTHETIC_PROTOTYPE
PAY-0230-2,MPLADS-SYN-0230,2026-04-29,45208,Final Payment,Municipal Council,SYNTHETIC_PROTOTYPE
PAY-0230-3,MPLADS-SYN-0230,2026-09-20,186732,Running Bill,Municipal Council,SYNTHETIC_PROTOTYPE
PAY-0231-1,MPLADS-SYN-0231,2026-09-09,433437,First Payment,Public Works Department,SYNTHETIC_PROTOTYPE
PAY-0231-2,MPLADS-SYN-0231,2027-02-18,1576272,Final Payment,Public Works Department,SYNTHETIC_PROTOTYPE
PAY-0232-1,MPLADS-SYN-0232,2026-09-18,46286,First Payment,Municipal Council,SYNTHETIC_PROTOTYPE
PAY-0232-2,MPLADS-SYN-0232,2026-07-02,102398,Milestone Payment,Municipal Council,SYNTHETIC_PROTOTYPE
PAY-0232-3,MPLADS-SYN-0232,2026-10-09,50339,Running Bill,Municipal Council,SYNTHETIC_PROTOTYPE
PAY-0232-4,MPLADS-SYN-0232,2026-10-08,20456,Milestone Payment,Municipal Council,SYNTHETIC_PROTOTYPE
PAY-0232-5,MPLADS-SYN-0232,2026-08-02,63264,First Payment,Municipal Council,SYNTHETIC_PROTOTYPE
PAY-0233-1,MPLADS-SYN-0233,2027-01-16,137641,First Payment,District Health Office,SYNTHETIC_PROTOTYPE
PAY-0233-2,MPLADS-SYN-0233,2027-01-05,211315,Final Payment,District Health Office,SYNTHETIC_PROTOTYPE
PAY-0233-3,MPLADS-SYN-0233,2026-08-16,48711,Running Bill,District Health Office,SYNTHETIC_PROTOTYPE
PAY-0233-4,MPLADS-SYN-0233,2026-10-31,84748,First Payment,District Health Office,SYNTHETIC_PROTOTYPE
PAY-0233-5,MPLADS-SYN-0233,2026-12-18,138337,First Payment,District Health Office,SYNTHETIC_PROTOTYPE
PAY-0234-1,MPLADS-SYN-0234,2026-06-14,219212,First Payment,Municipal Council,SYNTHETIC_PROTOTYPE
PAY-0234-2,MPLADS-SYN-0234,2026-08-05,115894,First Payment,Municipal Council,SYNTHETIC_PROTOTYPE
PAY-0234-3,MPLADS-SYN-0234,2026-06-30,38368,Milestone Payment,Municipal Council,SYNTHETIC_PROTOTYPE
PAY-0234-4,MPLADS-SYN-0234,2026-09-08,157020,Running Bill,Municipal Council,SYNTHETIC_PROTOTYPE
PAY-0235-1,MPLADS-SYN-0235,2026-08-12,206317,Final Payment,Rural Development Agency,SYNTHETIC_PROTOTYPE
PAY-0235-2,MPLADS-SYN-0235,2026-11-04,106661,Final Payment,Rural Development Agency,SYNTHETIC_PROTOTYPE
PAY-0235-3,MPLADS-SYN-0235,2026-12-03,525522,Running Bill,Rural Development Agency,SYNTHETIC_PROTOTYPE
PAY-0236-1,MPLADS-SYN-0236,2026-06-25,119497,First Payment,Rural Development Agency,SYNTHETIC_PROTOTYPE
PAY-0236-2,MPLADS-SYN-0236,2026-07-13,71047,Running Bill,Rural Development Agency,SYNTHETIC_PROTOTYPE
PAY-0236-3,MPLADS-SYN-0236,2026-07-18,293018,Milestone Payment,Rural Development Agency,SYNTHETIC_PROTOTYPE
PAY-0237-1,MPLADS-SYN-0237,2026-07-23,288644,Milestone Payment,Education Department,SYNTHETIC_PROTOTYPE
PAY-0237-2,MPLADS-SYN-0237,2026-08-11,304409,Milestone Payment,Education Department,SYNTHETIC_PROTOTYPE
PAY-0237-3,MPLADS-SYN-0237,2026-06-08,84566,Final Payment,Education Department,SYNTHETIC_PROTOTYPE
PAY-0237-4,MPLADS-SYN-0237,2026-06-08,104442,Running Bill,Education Department,SYNTHETIC_PROTOTYPE
PAY-0237-5,MPLADS-SYN-0237,2026-09-09,270556,Final Payment,Education Department,SYNTHETIC_PROTOTYPE
PAY-0238-1,MPLADS-SYN-0238,2026-11-09,274001,Final Payment,Education Department,SYNTHETIC_PROTOTYPE
PAY-0238-2,MPLADS-SYN-0238,2026-12-26,799741,Final Payment,Education Department,SYNTHETIC_PROTOTYPE
PAY-0239-1,MPLADS-SYN-0239,2026-12-26,298280,Final Payment,Municipal Council,SYNTHETIC_PROTOTYPE
PAY-0239-2,MPLADS-SYN-0239,2026-12-25,278722,Milestone Payment,Municipal Council,SYNTHETIC_PROTOTYPE
PAY-0239-3,MPLADS-SYN-0239,2026-12-06,413053,Running Bill,Municipal Council,SYNTHETIC_PROTOTYPE
PAY-0240-1,MPLADS-SYN-0240,2026-04-20,75825,First Payment,District Health Office,SYNTHETIC_PROTOTYPE
PAY-0240-2,MPLADS-SYN-0240,2026-02-16,337888,Running Bill,District Health Office,SYNTHETIC_PROTOTYPE
PAY-0241-1,MPLADS-SYN-0241,2026-04-07,240369,First Payment,Rural Development Agency,SYNTHETIC_PROTOTYPE
PAY-0241-2,MPLADS-SYN-0241,2026-06-29,99847,Running Bill,Rural Development Agency,SYNTHETIC_PROTOTYPE
PAY-0241-3,MPLADS-SYN-0241,2026-05-21,47583,First Payment,Rural Development Agency,SYNTHETIC_PROTOTYPE
PAY-0241-4,MPLADS-SYN-0241,2026-04-13,173845,First Payment,Rural Development Agency,SYNTHETIC_PROTOTYPE
PAY-0242-1,MPLADS-SYN-0242,2026-12-11,560668,Running Bill,Municipal Council,SYNTHETIC_PROTOTYPE
PAY-0242-2,MPLADS-SYN-0242,2027-01-16,1127132,Milestone Payment,Municipal Council,SYNTHETIC_PROTOTYPE
PAY-0243-1,MPLADS-SYN-0243,2026-08-11,261220,Milestone Payment,Zilla Parishad,SYNTHETIC_PROTOTYPE
PAY-0243-2,MPLADS-SYN-0243,2026-08-04,213967,Final Payment,Zilla Parishad,SYNTHETIC_PROTOTYPE
PAY-0243-3,MPLADS-SYN-0243,2026-11-04,372439,Milestone Payment,Zilla Parishad,SYNTHETIC_PROTOTYPE
PAY-0244-1,MPLADS-SYN-0244,2026-11-01,105453,Milestone Payment,Municipal Corporation,SYNTHETIC_PROTOTYPE
PAY-0244-2,MPLADS-SYN-0244,2026-09-26,158872,Milestone Payment,Municipal Corporation,SYNTHETIC_PROTOTYPE
PAY-0245-1,MPLADS-SYN-0245,2026-03-25,390243,Final Payment,Education Department,SYNTHETIC_PROTOTYPE
PAY-0245-2,MPLADS-SYN-0245,2026-03-04,432352,Running Bill,Education Department,SYNTHETIC_PROTOTYPE
PAY-0245-3,MPLADS-SYN-0245,2026-02-26,467895,Running Bill,Education Department,SYNTHETIC_PROTOTYPE
PAY-0245-4,MPLADS-SYN-0245,2026-03-23,971624,Running Bill,Education Department,SYNTHETIC_PROTOTYPE
PAY-0246-1,MPLADS-SYN-0246,2026-09-30,304893,Running Bill,Zilla Parishad,SYNTHETIC_PROTOTYPE
PAY-0246-2,MPLADS-SYN-0246,2026-11-17,285451,Milestone Payment,Zilla Parishad,SYNTHETIC_PROTOTYPE
PAY-0246-3,MPLADS-SYN-0246,2026-09-22,438680,Final Payment,Zilla Parishad,SYNTHETIC_PROTOTYPE
PAY-0247-1,MPLADS-SYN-0247,2026-04-22,69969,Milestone Payment,Public Works Department,SYNTHETIC_PROTOTYPE
PAY-0247-2,MPLADS-SYN-0247,2026-05-09,85853,Final Payment,Public Works Department,SYNTHETIC_PROTOTYPE
PAY-0247-3,MPLADS-SYN-0247,2026-06-25,66558,First Payment,Public Works Department,SYNTHETIC_PROTOTYPE
PAY-0247-4,MPLADS-SYN-0247,2026-07-22,154820,Milestone Payment,Public Works Department,SYNTHETIC_PROTOTYPE
PAY-0248-1,MPLADS-SYN-0248,2026-05-05,350143,Milestone Payment,Zilla Parishad,SYNTHETIC_PROTOTYPE
PAY-0248-2,MPLADS-SYN-0248,2026-03-02,250401,Running Bill,Zilla Parishad,SYNTHETIC_PROTOTYPE
PAY-0248-3,MPLADS-SYN-0248,2026-05-08,128232,Final Payment,Zilla Parishad,SYNTHETIC_PROTOTYPE
PAY-0248-4,MPLADS-SYN-0248,2026-03-29,297828,Running Bill,Zilla Parishad,SYNTHETIC_PROTOTYPE
PAY-0249-1,MPLADS-SYN-0249,2026-05-25,49697,First Payment,Education Department,SYNTHETIC_PROTOTYPE
PAY-0249-2,MPLADS-SYN-0249,2026-06-24,19866,Final Payment,Education Department,SYNTHETIC_PROTOTYPE
PAY-0249-3,MPLADS-SYN-0249,2026-07-14,62437,Milestone Payment,Education Department,SYNTHETIC_PROTOTYPE
PAY-0250-1,MPLADS-SYN-0250,2027-01-07,23693,Milestone Payment,Municipal Corporation,SYNTHETIC_PROTOTYPE
PAY-0250-2,MPLADS-SYN-0250,2026-10-26,33106,Final Payment,Municipal Corporation,SYNTHETIC_PROTOTYPE
PAY-0250-3,MPLADS-SYN-0250,2026-09-26,46401,Milestone Payment,Municipal Corporation,SYNTHETIC_PROTOTYPE
PAY-0251-1,MPLADS-SYN-0251,2026-07-26,766072,Running Bill,Zilla Parishad,SYNTHETIC_PROTOTYPE
PAY-0251-2,MPLADS-SYN-0251,2026-05-28,532370,Running Bill,Zilla Parishad,SYNTHETIC_PROTOTYPE
PAY-0251-3,MPLADS-SYN-0251,2026-05-09,308921,Final Payment,Zilla Parishad,SYNTHETIC_PROTOTYPE
PAY-0251-4,MPLADS-SYN-0251,2026-08-16,379447,First Payment,Zilla Parishad,SYNTHETIC_PROTOTYPE
PAY-0252-1,MPLADS-SYN-0252,2026-10-20,186877,Milestone Payment,Public Works Department,SYNTHETIC_PROTOTYPE
PAY-0252-2,MPLADS-SYN-0252,2026-11-18,121993,Final Payment,Public Works Department,SYNTHETIC_PROTOTYPE
PAY-0252-3,MPLADS-SYN-0252,2026-11-16,297930,Final Payment,Public Works Department,SYNTHETIC_PROTOTYPE
PAY-0253-1,MPLADS-SYN-0253,2026-05-27,226593,First Payment,Rural Development Agency,SYNTHETIC_PROTOTYPE
PAY-0253-2,MPLADS-SYN-0253,2026-09-19,151762,First Payment,Rural Development Agency,SYNTHETIC_PROTOTYPE
PAY-0253-3,MPLADS-SYN-0253,2026-09-21,92297,Running Bill,Rural Development Agency,SYNTHETIC_PROTOTYPE
PAY-0253-4,MPLADS-SYN-0253,2026-09-15,52172,Running Bill,Rural Development Agency,SYNTHETIC_PROTOTYPE
PAY-0253-5,MPLADS-SYN-0253,2026-07-08,111576,Running Bill,Rural Development Agency,SYNTHETIC_PROTOTYPE
PAY-0254-1,MPLADS-SYN-0254,2026-08-18,684687,Milestone Payment,Rural Development Agency,SYNTHETIC_PROTOTYPE
PAY-0254-2,MPLADS-SYN-0254,2026-09-25,579102,Final Payment,Rural Development Agency,SYNTHETIC_PROTOTYPE
PAY-0254-3,MPLADS-SYN-0254,2026-08-28,1074244,Milestone Payment,Rural Development Agency,SYNTHETIC_PROTOTYPE
PAY-0255-1,MPLADS-SYN-0255,2026-09-16,124538,Milestone Payment,Rural Development Agency,SYNTHETIC_PROTOTYPE
PAY-0255-2,MPLADS-SYN-0255,2026-10-28,118777,Final Payment,Rural Development Agency,SYNTHETIC_PROTOTYPE
PAY-0255-3,MPLADS-SYN-0255,2026-12-13,32276,Final Payment,Rural Development Agency,SYNTHETIC_PROTOTYPE
PAY-0255-4,MPLADS-SYN-0255,2026-12-10,157068,Running Bill,Rural Development Agency,SYNTHETIC_PROTOTYPE
PAY-0256-1,MPLADS-SYN-0256,2026-02-12,262135,Final Payment,Zilla Parishad,SYNTHETIC_PROTOTYPE
PAY-0256-2,MPLADS-SYN-0256,2026-03-22,386651,First Payment,Zilla Parishad,SYNTHETIC_PROTOTYPE
PAY-0257-1,MPLADS-SYN-0257,2026-08-19,112499,Final Payment,Municipal Council,SYNTHETIC_PROTOTYPE
PAY-0257-2,MPLADS-SYN-0257,2026-06-13,90000,Final Payment,Municipal Council,SYNTHETIC_PROTOTYPE
PAY-0257-3,MPLADS-SYN-0257,2026-07-02,103498,Running Bill,Municipal Council,SYNTHETIC_PROTOTYPE
PAY-0257-4,MPLADS-SYN-0257,2026-05-26,241203,Final Payment,Municipal Council,SYNTHETIC_PROTOTYPE
PAY-0258-1,MPLADS-SYN-0258,2026-03-30,161611,First Payment,Public Works Department,SYNTHETIC_PROTOTYPE
PAY-0258-2,MPLADS-SYN-0258,2026-04-27,104790,Milestone Payment,Public Works Department,SYNTHETIC_PROTOTYPE
PAY-0258-3,MPLADS-SYN-0258,2026-05-11,188674,First Payment,Public Works Department,SYNTHETIC_PROTOTYPE
PAY-0258-4,MPLADS-SYN-0258,2026-02-25,55816,First Payment,Public Works Department,SYNTHETIC_PROTOTYPE
PAY-0258-5,MPLADS-SYN-0258,2026-04-01,197109,First Payment,Public Works Department,SYNTHETIC_PROTOTYPE
PAY-0259-1,MPLADS-SYN-0259,2026-03-30,117619,Milestone Payment,Public Works Department,SYNTHETIC_PROTOTYPE
PAY-0259-2,MPLADS-SYN-0259,2026-02-25,300381,Running Bill,Public Works Department,SYNTHETIC_PROTOTYPE
PAY-0260-1,MPLADS-SYN-0260,2026-12-14,110090,Milestone Payment,Municipal Corporation,SYNTHETIC_PROTOTYPE
PAY-0260-2,MPLADS-SYN-0260,2026-09-22,73895,Running Bill,Municipal Corporation,SYNTHETIC_PROTOTYPE
PAY-0260-3,MPLADS-SYN-0260,2026-09-19,36507,Milestone Payment,Municipal Corporation,SYNTHETIC_PROTOTYPE
PAY-0260-4,MPLADS-SYN-0260,2026-10-19,29466,First Payment,Municipal Corporation,SYNTHETIC_PROTOTYPE
PAY-0260-5,MPLADS-SYN-0260,2026-08-22,52538,Milestone Payment,Municipal Corporation,SYNTHETIC_PROTOTYPE
PAY-0261-1,MPLADS-SYN-0261,2026-04-07,69904,Final Payment,Rural Development Agency,SYNTHETIC_PROTOTYPE
PAY-0261-2,MPLADS-SYN-0261,2026-05-06,73528,First Payment,Rural Development Agency,SYNTHETIC_PROTOTYPE
PAY-0261-3,MPLADS-SYN-0261,2026-03-16,99067,Milestone Payment,Rural Development Agency,SYNTHETIC_PROTOTYPE
PAY-0261-4,MPLADS-SYN-0261,2026-05-28,79985,Milestone Payment,Rural Development Agency,SYNTHETIC_PROTOTYPE
PAY-0261-5,MPLADS-SYN-0261,2026-06-26,105525,Milestone Payment,Rural Development Agency,SYNTHETIC_PROTOTYPE
PAY-0262-1,MPLADS-SYN-0262,2026-08-06,376987,Milestone Payment,Public Works Department,SYNTHETIC_PROTOTYPE
PAY-0262-2,MPLADS-SYN-0262,2026-07-31,451127,First Payment,Public Works Department,SYNTHETIC_PROTOTYPE
PAY-0262-3,MPLADS-SYN-0262,2026-10-20,281872,Milestone Payment,Public Works Department,SYNTHETIC_PROTOTYPE
PAY-0262-4,MPLADS-SYN-0262,2026-07-12,490225,Final Payment,Public Works Department,SYNTHETIC_PROTOTYPE
PAY-0262-5,MPLADS-SYN-0262,2026-09-23,732893,First Payment,Public Works Department,SYNTHETIC_PROTOTYPE
PAY-0263-1,MPLADS-SYN-0263,2026-08-10,329303,First Payment,Municipal Corporation,SYNTHETIC_PROTOTYPE
PAY-0263-2,MPLADS-SYN-0263,2026-08-18,738669,Milestone Payment,Municipal Corporation,SYNTHETIC_PROTOTYPE
PAY-0263-3,MPLADS-SYN-0263,2026-09-11,148243,First Payment,Municipal Corporation,SYNTHETIC_PROTOTYPE
PAY-0263-4,MPLADS-SYN-0263,2026-11-13,809185,Running Bill,Municipal Corporation,SYNTHETIC_PROTOTYPE
PAY-0264-1,MPLADS-SYN-0264,2026-06-29,222567,Running Bill,Municipal Corporation,SYNTHETIC_PROTOTYPE
PAY-0264-2,MPLADS-SYN-0264,2026-07-11,88534,First Payment,Municipal Corporation,SYNTHETIC_PROTOTYPE
PAY-0264-3,MPLADS-SYN-0264,2026-08-17,107825,Final Payment,Municipal Corporation,SYNTHETIC_PROTOTYPE
PAY-0264-4,MPLADS-SYN-0264,2026-07-22,43194,First Payment,Municipal Corporation,SYNTHETIC_PROTOTYPE
PAY-0264-5,MPLADS-SYN-0264,2026-10-19,95389,Final Payment,Municipal Corporation,SYNTHETIC_PROTOTYPE
PAY-0265-1,MPLADS-SYN-0265,2026-05-29,272129,Running Bill,District Health Office,SYNTHETIC_PROTOTYPE
PAY-0265-2,MPLADS-SYN-0265,2026-06-14,165983,Milestone Payment,District Health Office,SYNTHETIC_PROTOTYPE
PAY-0265-3,MPLADS-SYN-0265,2026-03-20,84445,First Payment,District Health Office,SYNTHETIC_PROTOTYPE
PAY-0265-4,MPLADS-SYN-0265,2026-05-08,68145,Running Bill,District Health Office,SYNTHETIC_PROTOTYPE
PAY-0265-5,MPLADS-SYN-0265,2026-05-17,181884,Final Payment,District Health Office,SYNTHETIC_PROTOTYPE
PAY-0266-1,MPLADS-SYN-0266,2026-03-04,155601,First Payment,Municipal Council,SYNTHETIC_PROTOTYPE
PAY-0266-2,MPLADS-SYN-0266,2026-01-26,143257,First Payment,Municipal Council,SYNTHETIC_PROTOTYPE
PAY-0266-3,MPLADS-SYN-0266,2026-02-15,65533,Final Payment,Municipal Council,SYNTHETIC_PROTOTYPE
PAY-0266-4,MPLADS-SYN-0266,2026-02-19,110809,Final Payment,Municipal Council,SYNTHETIC_PROTOTYPE
PAY-0267-1,MPLADS-SYN-0267,2026-10-07,155949,Running Bill,Municipal Council,SYNTHETIC_PROTOTYPE
PAY-0267-2,MPLADS-SYN-0267,2026-10-15,70242,Final Payment,Municipal Council,SYNTHETIC_PROTOTYPE
PAY-0267-3,MPLADS-SYN-0267,2026-11-11,110619,First Payment,Municipal Council,SYNTHETIC_PROTOTYPE
PAY-0267-4,MPLADS-SYN-0267,2026-11-19,251190,Milestone Payment,Municipal Council,SYNTHETIC_PROTOTYPE
PAY-0268-1,MPLADS-SYN-0268,2026-04-02,374059,Running Bill,Public Works Department,SYNTHETIC_PROTOTYPE
PAY-0268-2,MPLADS-SYN-0268,2026-09-14,394742,First Payment,Public Works Department,SYNTHETIC_PROTOTYPE
PAY-0268-3,MPLADS-SYN-0268,2026-03-31,214331,Running Bill,Public Works Department,SYNTHETIC_PROTOTYPE
PAY-0268-4,MPLADS-SYN-0268,2026-06-02,100225,Running Bill,Public Works Department,SYNTHETIC_PROTOTYPE
PAY-0268-5,MPLADS-SYN-0268,2026-07-18,171974,Milestone Payment,Public Works Department,SYNTHETIC_PROTOTYPE
PAY-0269-1,MPLADS-SYN-0269,2026-07-09,287377,Running Bill,Education Department,SYNTHETIC_PROTOTYPE
PAY-0269-2,MPLADS-SYN-0269,2026-07-04,163622,Final Payment,Education Department,SYNTHETIC_PROTOTYPE
PAY-0269-3,MPLADS-SYN-0269,2026-11-06,920263,Running Bill,Education Department,SYNTHETIC_PROTOTYPE
PAY-0270-1,MPLADS-SYN-0270,2026-08-10,610060,First Payment,Rural Development Agency,SYNTHETIC_PROTOTYPE
PAY-0270-2,MPLADS-SYN-0270,2026-07-07,199934,Running Bill,Rural Development Agency,SYNTHETIC_PROTOTYPE
PAY-0270-3,MPLADS-SYN-0270,2026-07-18,224051,Final Payment,Rural Development Agency,SYNTHETIC_PROTOTYPE
PAY-0270-4,MPLADS-SYN-0270,2026-08-13,119678,Running Bill,Rural Development Agency,SYNTHETIC_PROTOTYPE
PAY-0270-5,MPLADS-SYN-0270,2026-05-21,242634,Milestone Payment,Rural Development Agency,SYNTHETIC_PROTOTYPE
PAY-0271-1,MPLADS-SYN-0271,2026-05-23,725280,Milestone Payment,District Health Office,SYNTHETIC_PROTOTYPE
PAY-0271-2,MPLADS-SYN-0271,2026-09-05,1130969,Milestone Payment,District Health Office,SYNTHETIC_PROTOTYPE
PAY-0272-1,MPLADS-SYN-0272,2026-04-22,542993,Final Payment,Municipal Council,SYNTHETIC_PROTOTYPE
PAY-0272-2,MPLADS-SYN-0272,2026-04-24,987028,Milestone Payment,Municipal Council,SYNTHETIC_PROTOTYPE
PAY-0272-3,MPLADS-SYN-0272,2026-04-12,1860859,First Payment,Municipal Council,SYNTHETIC_PROTOTYPE
PAY-0273-1,MPLADS-SYN-0273,2026-07-11,392470,First Payment,Municipal Corporation,SYNTHETIC_PROTOTYPE
PAY-0273-2,MPLADS-SYN-0273,2026-08-06,192335,First Payment,Municipal Corporation,SYNTHETIC_PROTOTYPE
PAY-0273-3,MPLADS-SYN-0273,2026-06-23,129465,Final Payment,Municipal Corporation,SYNTHETIC_PROTOTYPE
PAY-0273-4,MPLADS-SYN-0273,2026-08-05,91710,First Payment,Municipal Corporation,SYNTHETIC_PROTOTYPE
PAY-0273-5,MPLADS-SYN-0273,2026-08-15,259743,Milestone Payment,Municipal Corporation,SYNTHETIC_PROTOTYPE
PAY-0274-1,MPLADS-SYN-0274,2026-10-26,176541,Milestone Payment,Municipal Council,SYNTHETIC_PROTOTYPE
PAY-0274-2,MPLADS-SYN-0274,2026-12-28,65373,First Payment,Municipal Council,SYNTHETIC_PROTOTYPE
PAY-0274-3,MPLADS-SYN-0274,2026-12-13,68770,First Payment,Municipal Council,SYNTHETIC_PROTOTYPE
PAY-0274-4,MPLADS-SYN-0274,2026-12-01,92523,Running Bill,Municipal Council,SYNTHETIC_PROTOTYPE
PAY-0275-1,MPLADS-SYN-0275,2027-02-13,257409,Milestone Payment,Rural Development Agency,SYNTHETIC_PROTOTYPE
PAY-0275-2,MPLADS-SYN-0275,2026-10-18,122689,Final Payment,Rural Development Agency,SYNTHETIC_PROTOTYPE
PAY-0275-3,MPLADS-SYN-0275,2026-12-11,278502,Running Bill,Rural Development Agency,SYNTHETIC_PROTOTYPE
PAY-0276-1,MPLADS-SYN-0276,2026-03-23,311939,First Payment,Public Works Department,SYNTHETIC_PROTOTYPE
PAY-0276-2,MPLADS-SYN-0276,2026-04-24,549605,Running Bill,Public Works Department,SYNTHETIC_PROTOTYPE
PAY-0276-3,MPLADS-SYN-0276,2026-04-20,939045,First Payment,Public Works Department,SYNTHETIC_PROTOTYPE
PAY-0277-1,MPLADS-SYN-0277,2026-06-04,198363,Final Payment,Public Works Department,SYNTHETIC_PROTOTYPE
PAY-0277-2,MPLADS-SYN-0277,2026-06-01,153918,Milestone Payment,Public Works Department,SYNTHETIC_PROTOTYPE
PAY-0277-3,MPLADS-SYN-0277,2026-06-22,271419,Milestone Payment,Public Works Department,SYNTHETIC_PROTOTYPE
PAY-0278-1,MPLADS-SYN-0278,2026-03-27,1413252,First Payment,District Health Office,SYNTHETIC_PROTOTYPE
PAY-0278-2,MPLADS-SYN-0278,2026-06-26,1925307,Milestone Payment,District Health Office,SYNTHETIC_PROTOTYPE
PAY-0279-1,MPLADS-SYN-0279,2026-05-04,179705,Running Bill,Public Works Department,SYNTHETIC_PROTOTYPE
PAY-0279-2,MPLADS-SYN-0279,2026-05-16,539695,First Payment,Public Works Department,SYNTHETIC_PROTOTYPE
PAY-0280-1,MPLADS-SYN-0280,2026-08-16,124403,Milestone Payment,Public Works Department,SYNTHETIC_PROTOTYPE
PAY-0280-2,MPLADS-SYN-0280,2026-08-01,123325,Running Bill,Public Works Department,SYNTHETIC_PROTOTYPE
PAY-0280-3,MPLADS-SYN-0280,2026-09-19,44756,Milestone Payment,Public Works Department,SYNTHETIC_PROTOTYPE
PAY-0280-4,MPLADS-SYN-0280,2026-07-29,139316,Milestone Payment,Public Works Department,SYNTHETIC_PROTOTYPE
PAY-0281-1,MPLADS-SYN-0281,2026-07-09,221288,Milestone Payment,Municipal Council,SYNTHETIC_PROTOTYPE
PAY-0281-2,MPLADS-SYN-0281,2026-04-10,119824,Running Bill,Municipal Council,SYNTHETIC_PROTOTYPE
PAY-0281-3,MPLADS-SYN-0281,2026-07-11,631737,Running Bill,Municipal Council,SYNTHETIC_PROTOTYPE
PAY-0282-1,MPLADS-SYN-0282,2026-08-19,73413,First Payment,Municipal Council,SYNTHETIC_PROTOTYPE
PAY-0282-2,MPLADS-SYN-0282,2027-01-05,64213,Milestone Payment,Municipal Council,SYNTHETIC_PROTOTYPE
PAY-0282-3,MPLADS-SYN-0282,2026-10-01,73366,First Payment,Municipal Council,SYNTHETIC_PROTOTYPE
PAY-0282-4,MPLADS-SYN-0282,2026-08-02,18891,Milestone Payment,Municipal Council,SYNTHETIC_PROTOTYPE
PAY-0282-5,MPLADS-SYN-0282,2026-11-20,75940,Running Bill,Municipal Council,SYNTHETIC_PROTOTYPE
PAY-0283-1,MPLADS-SYN-0283,2026-05-07,316036,Final Payment,Municipal Council,SYNTHETIC_PROTOTYPE
PAY-0283-2,MPLADS-SYN-0283,2026-05-08,769106,Running Bill,Municipal Council,SYNTHETIC_PROTOTYPE
PAY-0284-1,MPLADS-SYN-0284,2026-07-19,316298,First Payment,Rural Development Agency,SYNTHETIC_PROTOTYPE
PAY-0284-2,MPLADS-SYN-0284,2026-09-20,285071,First Payment,Rural Development Agency,SYNTHETIC_PROTOTYPE
PAY-0284-3,MPLADS-SYN-0284,2026-08-26,1050974,Final Payment,Rural Development Agency,SYNTHETIC_PROTOTYPE
PAY-0285-1,MPLADS-SYN-0285,2026-03-11,552549,Final Payment,District Health Office,SYNTHETIC_PROTOTYPE
PAY-0285-2,MPLADS-SYN-0285,2026-04-26,432487,Milestone Payment,District Health Office,SYNTHETIC_PROTOTYPE
PAY-0285-3,MPLADS-SYN-0285,2026-04-12,405739,First Payment,District Health Office,SYNTHETIC_PROTOTYPE
PAY-0285-4,MPLADS-SYN-0285,2026-03-19,600434,Final Payment,District Health Office,SYNTHETIC_PROTOTYPE
PAY-0286-1,MPLADS-SYN-0286,2026-09-21,300600,Milestone Payment,Municipal Corporation,SYNTHETIC_PROTOTYPE
PAY-0286-2,MPLADS-SYN-0286,2026-08-26,189535,First Payment,Municipal Corporation,SYNTHETIC_PROTOTYPE
PAY-0286-3,MPLADS-SYN-0286,2026-08-26,154944,Final Payment,Municipal Corporation,SYNTHETIC_PROTOTYPE
PAY-0286-4,MPLADS-SYN-0286,2026-09-08,447545,Running Bill,Municipal Corporation,SYNTHETIC_PROTOTYPE
PAY-0287-1,MPLADS-SYN-0287,2026-03-20,504650,Milestone Payment,Zilla Parishad,SYNTHETIC_PROTOTYPE
PAY-0287-2,MPLADS-SYN-0287,2026-05-24,795683,Running Bill,Zilla Parishad,SYNTHETIC_PROTOTYPE
PAY-0288-1,MPLADS-SYN-0288,2026-12-18,202204,Final Payment,Municipal Corporation,SYNTHETIC_PROTOTYPE
PAY-0288-2,MPLADS-SYN-0288,2026-12-25,113120,Milestone Payment,Municipal Corporation,SYNTHETIC_PROTOTYPE
PAY-0288-3,MPLADS-SYN-0288,2026-11-14,72946,First Payment,Municipal Corporation,SYNTHETIC_PROTOTYPE
PAY-0288-4,MPLADS-SYN-0288,2026-10-11,160530,Milestone Payment,Municipal Corporation,SYNTHETIC_PROTOTYPE
PAY-0289-1,MPLADS-SYN-0289,2026-10-06,246295,First Payment,Municipal Corporation,SYNTHETIC_PROTOTYPE
PAY-0289-2,MPLADS-SYN-0289,2026-07-17,88696,Running Bill,Municipal Corporation,SYNTHETIC_PROTOTYPE
PAY-0289-3,MPLADS-SYN-0289,2026-09-01,181991,Milestone Payment,Municipal Corporation,SYNTHETIC_PROTOTYPE
PAY-0289-4,MPLADS-SYN-0289,2026-07-10,45718,Final Payment,Municipal Corporation,SYNTHETIC_PROTOTYPE
PAY-0289-5,MPLADS-SYN-0289,2026-08-29,178849,Final Payment,Municipal Corporation,SYNTHETIC_PROTOTYPE
PAY-0290-1,MPLADS-SYN-0290,2026-12-31,472522,Running Bill,Education Department,SYNTHETIC_PROTOTYPE
PAY-0290-2,MPLADS-SYN-0290,2026-12-31,174996,First Payment,Education Department,SYNTHETIC_PROTOTYPE
PAY-0290-3,MPLADS-SYN-0290,2026-12-26,738482,Final Payment,Education Department,SYNTHETIC_PROTOTYPE
PAY-0291-1,MPLADS-SYN-0291,2026-05-03,287335,First Payment,Municipal Council,SYNTHETIC_PROTOTYPE
PAY-0291-2,MPLADS-SYN-0291,2026-07-29,265228,Final Payment,Municipal Council,SYNTHETIC_PROTOTYPE
PAY-0291-3,MPLADS-SYN-0291,2026-07-23,442837,First Payment,Municipal Council,SYNTHETIC_PROTOTYPE
PAY-0292-1,MPLADS-SYN-0292,2026-10-25,996236,Running Bill,Municipal Council,SYNTHETIC_PROTOTYPE
PAY-0292-2,MPLADS-SYN-0292,2026-09-26,2469266,Milestone Payment,Municipal Council,SYNTHETIC_PROTOTYPE
PAY-0293-1,MPLADS-SYN-0293,2026-07-02,111467,Milestone Payment,Municipal Corporation,SYNTHETIC_PROTOTYPE
PAY-0293-2,MPLADS-SYN-0293,2026-11-06,119670,Final Payment,Municipal Corporation,SYNTHETIC_PROTOTYPE
PAY-0293-3,MPLADS-SYN-0293,2026-08-11,100218,Milestone Payment,Municipal Corporation,SYNTHETIC_PROTOTYPE
PAY-0293-4,MPLADS-SYN-0293,2026-08-07,241716,Milestone Payment,Municipal Corporation,SYNTHETIC_PROTOTYPE
PAY-0294-1,MPLADS-SYN-0294,2026-07-13,244749,Milestone Payment,Municipal Council,SYNTHETIC_PROTOTYPE
PAY-0294-2,MPLADS-SYN-0294,2026-10-25,663251,First Payment,Municipal Council,SYNTHETIC_PROTOTYPE
PAY-0295-1,MPLADS-SYN-0295,2026-06-11,124902,Final Payment,District Health Office,SYNTHETIC_PROTOTYPE
PAY-0295-2,MPLADS-SYN-0295,2026-06-07,472924,Final Payment,District Health Office,SYNTHETIC_PROTOTYPE
PAY-0296-1,MPLADS-SYN-0296,2026-11-15,229960,Running Bill,Rural Development Agency,SYNTHETIC_PROTOTYPE
PAY-0296-2,MPLADS-SYN-0296,2026-09-20,303275,Final Payment,Rural Development Agency,SYNTHETIC_PROTOTYPE
PAY-0296-3,MPLADS-SYN-0296,2026-09-02,215196,First Payment,Rural Development Agency,SYNTHETIC_PROTOTYPE
PAY-0296-4,MPLADS-SYN-0296,2026-11-05,191016,Milestone Payment,Rural Development Agency,SYNTHETIC_PROTOTYPE
PAY-0296-5,MPLADS-SYN-0296,2026-08-23,314144,Final Payment,Rural Development Agency,SYNTHETIC_PROTOTYPE
PAY-0297-1,MPLADS-SYN-0297,2027-03-15,212519,Milestone Payment,Public Works Department,SYNTHETIC_PROTOTYPE
PAY-0297-2,MPLADS-SYN-0297,2026-10-31,73504,Milestone Payment,Public Works Department,SYNTHETIC_PROTOTYPE
PAY-0297-3,MPLADS-SYN-0297,2027-03-14,76497,Milestone Payment,Public Works Department,SYNTHETIC_PROTOTYPE
PAY-0297-4,MPLADS-SYN-0297,2026-11-30,37428,Final Payment,Public Works Department,SYNTHETIC_PROTOTYPE
PAY-0297-5,MPLADS-SYN-0297,2027-02-25,93941,Final Payment,Public Works Department,SYNTHETIC_PROTOTYPE
PAY-0298-1,MPLADS-SYN-0298,2026-12-18,462987,Final Payment,District Health Office,SYNTHETIC_PROTOTYPE
PAY-0298-2,MPLADS-SYN-0298,2026-08-04,96468,Milestone Payment,District Health Office,SYNTHETIC_PROTOTYPE
PAY-0298-3,MPLADS-SYN-0298,2026-10-23,111389,Final Payment,District Health Office,SYNTHETIC_PROTOTYPE
PAY-0298-4,MPLADS-SYN-0298,2026-10-01,367061,First Payment,District Health Office,SYNTHETIC_PROTOTYPE
PAY-0299-1,MPLADS-SYN-0299,2026-10-23,104049,Milestone Payment,Public Works Department,SYNTHETIC_PROTOTYPE
PAY-0299-2,MPLADS-SYN-0299,2026-08-23,103400,Running Bill,Public Works Department,SYNTHETIC_PROTOTYPE
PAY-0299-3,MPLADS-SYN-0299,2026-12-01,38806,Final Payment,Public Works Department,SYNTHETIC_PROTOTYPE
PAY-0299-4,MPLADS-SYN-0299,2026-11-27,170103,Final Payment,Public Works Department,SYNTHETIC_PROTOTYPE
PAY-0300-1,MPLADS-SYN-0300,2026-07-06,374750,Milestone Payment,Zilla Parishad,SYNTHETIC_PROTOTYPE
PAY-0300-2,MPLADS-SYN-0300,2026-08-23,90139,Final Payment,Zilla Parishad,SYNTHETIC_PROTOTYPE
PAY-0300-3,MPLADS-SYN-0300,2026-09-16,133873,First Payment,Zilla Parishad,SYNTHETIC_PROTOTYPE
PAY-0300-4,MPLADS-SYN-0300,2026-08-12,81223,First Payment,Zilla Parishad,SYNTHETIC_PROTOTYPE
PAY-0300-5,MPLADS-SYN-0300,2026-09-05,219115,First Payment,Zilla Parishad,SYNTHETIC_PROTOTYPE
PAY-0301-1,MPLADS-SYN-0301,2026-05-17,360522,Milestone Payment,Zilla Parishad,SYNTHETIC_PROTOTYPE
PAY-0301-2,MPLADS-SYN-0301,2026-06-15,75324,First Payment,Zilla Parishad,SYNTHETIC_PROTOTYPE
PAY-0301-3,MPLADS-SYN-0301,2026-06-07,400846,First Payment,Zilla Parishad,SYNTHETIC_PROTOTYPE
PAY-0302-1,MPLADS-SYN-0302,2026-03-31,167333,First Payment,Public Works Department,SYNTHETIC_PROTOTYPE
PAY-0302-2,MPLADS-SYN-0302,2026-07-02,218700,Final Payment,Public Works Department,SYNTHETIC_PROTOTYPE
PAY-0303-1,MPLADS-SYN-0303,2026-08-21,746660,Running Bill,District Health Office,SYNTHETIC_PROTOTYPE
PAY-0303-2,MPLADS-SYN-0303,2026-08-28,229554,Running Bill,District Health Office,SYNTHETIC_PROTOTYPE
PAY-0303-3,MPLADS-SYN-0303,2026-09-15,337067,Running Bill,District Health Office,SYNTHETIC_PROTOTYPE
PAY-0303-4,MPLADS-SYN-0303,2026-08-02,147301,Running Bill,District Health Office,SYNTHETIC_PROTOTYPE
PAY-0303-5,MPLADS-SYN-0303,2026-07-27,420292,Final Payment,District Health Office,SYNTHETIC_PROTOTYPE
PAY-0304-1,MPLADS-SYN-0304,2026-05-14,326786,First Payment,Rural Development Agency,SYNTHETIC_PROTOTYPE
PAY-0304-2,MPLADS-SYN-0304,2026-04-23,115868,Milestone Payment,Rural Development Agency,SYNTHETIC_PROTOTYPE
PAY-0304-3,MPLADS-SYN-0304,2026-04-01,360115,Milestone Payment,Rural Development Agency,SYNTHETIC_PROTOTYPE
PAY-0305-1,MPLADS-SYN-0305,2026-04-20,486596,Milestone Payment,District Health Office,SYNTHETIC_PROTOTYPE
PAY-0305-2,MPLADS-SYN-0305,2026-09-03,221507,Running Bill,District Health Office,SYNTHETIC_PROTOTYPE
PAY-0305-3,MPLADS-SYN-0305,2026-10-21,187582,First Payment,District Health Office,SYNTHETIC_PROTOTYPE
PAY-0305-4,MPLADS-SYN-0305,2026-09-25,391715,Final Payment,District Health Office,SYNTHETIC_PROTOTYPE
PAY-0306-1,MPLADS-SYN-0306,2026-08-27,485247,First Payment,Public Works Department,SYNTHETIC_PROTOTYPE
PAY-0306-2,MPLADS-SYN-0306,2026-09-17,305804,First Payment,Public Works Department,SYNTHETIC_PROTOTYPE
PAY-0306-3,MPLADS-SYN-0306,2026-08-10,215032,First Payment,Public Works Department,SYNTHETIC_PROTOTYPE
PAY-0306-4,MPLADS-SYN-0306,2026-08-23,274317,Final Payment,Public Works Department,SYNTHETIC_PROTOTYPE
PAY-0307-1,MPLADS-SYN-0307,2026-09-06,89794,First Payment,Municipal Council,SYNTHETIC_PROTOTYPE
PAY-0307-2,MPLADS-SYN-0307,2026-10-07,57151,Milestone Payment,Municipal Council,SYNTHETIC_PROTOTYPE
PAY-0307-3,MPLADS-SYN-0307,2026-11-07,19597,Final Payment,Municipal Council,SYNTHETIC_PROTOTYPE
PAY-0307-4,MPLADS-SYN-0307,2026-10-24,22502,Milestone Payment,Municipal Council,SYNTHETIC_PROTOTYPE
PAY-0307-5,MPLADS-SYN-0307,2026-07-31,31317,Milestone Payment,Municipal Council,SYNTHETIC_PROTOTYPE
PAY-0308-1,MPLADS-SYN-0308,2026-08-16,434449,Running Bill,Municipal Council,SYNTHETIC_PROTOTYPE
PAY-0308-2,MPLADS-SYN-0308,2026-08-08,704351,Milestone Payment,Municipal Council,SYNTHETIC_PROTOTYPE
PAY-0309-1,MPLADS-SYN-0309,2026-12-20,699970,Milestone Payment,Public Works Department,SYNTHETIC_PROTOTYPE
PAY-0309-2,MPLADS-SYN-0309,2026-09-14,817388,First Payment,Public Works Department,SYNTHETIC_PROTOTYPE
PAY-0309-3,MPLADS-SYN-0309,2026-12-16,183900,Final Payment,Public Works Department,SYNTHETIC_PROTOTYPE
PAY-0309-4,MPLADS-SYN-0309,2026-10-05,835846,Final Payment,Public Works Department,SYNTHETIC_PROTOTYPE
PAY-0310-1,MPLADS-SYN-0310,2026-03-07,562445,Running Bill,Public Works Department,SYNTHETIC_PROTOTYPE
PAY-0310-2,MPLADS-SYN-0310,2026-03-07,333279,Milestone Payment,Public Works Department,SYNTHETIC_PROTOTYPE
PAY-0310-3,MPLADS-SYN-0310,2026-06-14,127179,First Payment,Public Works Department,SYNTHETIC_PROTOTYPE
PAY-0310-4,MPLADS-SYN-0310,2026-05-04,214144,Milestone Payment,Public Works Department,SYNTHETIC_PROTOTYPE
PAY-0310-5,MPLADS-SYN-0310,2026-09-26,366638,Milestone Payment,Public Works Department,SYNTHETIC_PROTOTYPE
PAY-0311-1,MPLADS-SYN-0311,2026-11-05,150173,Milestone Payment,Municipal Corporation,SYNTHETIC_PROTOTYPE
PAY-0311-2,MPLADS-SYN-0311,2026-10-24,126668,Milestone Payment,Municipal Corporation,SYNTHETIC_PROTOTYPE
PAY-0311-3,MPLADS-SYN-0311,2026-08-13,377785,Running Bill,Municipal Corporation,SYNTHETIC_PROTOTYPE
PAY-0312-1,MPLADS-SYN-0312,2026-05-14,81156,First Payment,Rural Development Agency,SYNTHETIC_PROTOTYPE
PAY-0312-2,MPLADS-SYN-0312,2026-08-29,44915,Running Bill,Rural Development Agency,SYNTHETIC_PROTOTYPE
PAY-0312-3,MPLADS-SYN-0312,2026-05-06,105634,Running Bill,Rural Development Agency,SYNTHETIC_PROTOTYPE
PAY-0313-1,MPLADS-SYN-0313,2026-05-11,754474,Milestone Payment,Public Works Department,SYNTHETIC_PROTOTYPE
PAY-0313-2,MPLADS-SYN-0313,2026-07-22,970326,Running Bill,Public Works Department,SYNTHETIC_PROTOTYPE
PAY-0314-1,MPLADS-SYN-0314,2026-12-29,87059,Final Payment,Zilla Parishad,SYNTHETIC_PROTOTYPE
PAY-0314-2,MPLADS-SYN-0314,2027-02-22,152060,Running Bill,Zilla Parishad,SYNTHETIC_PROTOTYPE
PAY-0315-1,MPLADS-SYN-0315,2026-03-22,124239,Final Payment,Education Department,SYNTHETIC_PROTOTYPE
PAY-0315-2,MPLADS-SYN-0315,2026-03-23,572761,Final Payment,Education Department,SYNTHETIC_PROTOTYPE
PAY-0316-1,MPLADS-SYN-0316,2026-04-06,293860,Running Bill,Zilla Parishad,SYNTHETIC_PROTOTYPE
PAY-0316-2,MPLADS-SYN-0316,2026-06-28,145490,Running Bill,Zilla Parishad,SYNTHETIC_PROTOTYPE
PAY-0316-3,MPLADS-SYN-0316,2026-05-20,87342,First Payment,Zilla Parishad,SYNTHETIC_PROTOTYPE
PAY-0316-4,MPLADS-SYN-0316,2026-04-01,193895,Milestone Payment,Zilla Parishad,SYNTHETIC_PROTOTYPE
PAY-0317-1,MPLADS-SYN-0317,2026-03-10,33134,Running Bill,Municipal Corporation,SYNTHETIC_PROTOTYPE
PAY-0317-2,MPLADS-SYN-0317,2026-04-23,50328,Running Bill,Municipal Corporation,SYNTHETIC_PROTOTYPE
PAY-0317-3,MPLADS-SYN-0317,2026-02-25,25058,Milestone Payment,Municipal Corporation,SYNTHETIC_PROTOTYPE
PAY-0317-4,MPLADS-SYN-0317,2026-02-27,39489,Final Payment,Municipal Corporation,SYNTHETIC_PROTOTYPE
PAY-0318-1,MPLADS-SYN-0318,2026-12-08,157449,Running Bill,District Health Office,SYNTHETIC_PROTOTYPE
PAY-0318-2,MPLADS-SYN-0318,2026-12-07,75150,First Payment,District Health Office,SYNTHETIC_PROTOTYPE
PAY-0318-3,MPLADS-SYN-0318,2026-09-10,44808,Milestone Payment,District Health Office,SYNTHETIC_PROTOTYPE
PAY-0318-4,MPLADS-SYN-0318,2026-10-23,99602,Running Bill,District Health Office,SYNTHETIC_PROTOTYPE
PAY-0319-1,MPLADS-SYN-0319,2026-07-18,466224,Final Payment,Municipal Council,SYNTHETIC_PROTOTYPE
PAY-0319-2,MPLADS-SYN-0319,2026-05-20,115261,Running Bill,Municipal Council,SYNTHETIC_PROTOTYPE
PAY-0319-3,MPLADS-SYN-0319,2026-06-19,198558,Final Payment,Municipal Council,SYNTHETIC_PROTOTYPE
PAY-0319-4,MPLADS-SYN-0319,2026-09-21,138623,Milestone Payment,Municipal Council,SYNTHETIC_PROTOTYPE
PAY-0319-5,MPLADS-SYN-0319,2026-06-05,252837,Milestone Payment,Municipal Council,SYNTHETIC_PROTOTYPE
PAY-0320-1,MPLADS-SYN-0320,2026-12-04,20375,Milestone Payment,Rural Development Agency,SYNTHETIC_PROTOTYPE
PAY-0320-2,MPLADS-SYN-0320,2026-08-11,12080,Final Payment,Rural Development Agency,SYNTHETIC_PROTOTYPE
PAY-0320-3,MPLADS-SYN-0320,2027-02-23,21468,Running Bill,Rural Development Agency,SYNTHETIC_PROTOTYPE
PAY-0320-4,MPLADS-SYN-0320,2026-08-03,32628,Final Payment,Rural Development Agency,SYNTHETIC_PROTOTYPE
PAY-0321-1,MPLADS-SYN-0321,2026-03-04,497109,Final Payment,Municipal Corporation,SYNTHETIC_PROTOTYPE
PAY-0321-2,MPLADS-SYN-0321,2026-05-03,493141,First Payment,Municipal Corporation,SYNTHETIC_PROTOTYPE
PAY-0321-3,MPLADS-SYN-0321,2026-07-28,299104,Running Bill,Municipal Corporation,SYNTHETIC_PROTOTYPE
PAY-0321-4,MPLADS-SYN-0321,2026-06-10,269734,First Payment,Municipal Corporation,SYNTHETIC_PROTOTYPE
PAY-0321-5,MPLADS-SYN-0321,2026-06-10,805907,First Payment,Municipal Corporation,SYNTHETIC_PROTOTYPE
PAY-0322-1,MPLADS-SYN-0322,2026-07-11,380575,Final Payment,Zilla Parishad,SYNTHETIC_PROTOTYPE
PAY-0322-2,MPLADS-SYN-0322,2026-06-02,524900,Final Payment,Zilla Parishad,SYNTHETIC_PROTOTYPE
PAY-0322-3,MPLADS-SYN-0322,2026-06-30,238917,Final Payment,Zilla Parishad,SYNTHETIC_PROTOTYPE
PAY-0322-4,MPLADS-SYN-0322,2026-05-12,140075,Final Payment,Zilla Parishad,SYNTHETIC_PROTOTYPE
PAY-0322-5,MPLADS-SYN-0322,2026-07-04,336795,Running Bill,Zilla Parishad,SYNTHETIC_PROTOTYPE
PAY-0323-1,MPLADS-SYN-0323,2026-12-15,48313,Running Bill,Municipal Council,SYNTHETIC_PROTOTYPE
PAY-0323-2,MPLADS-SYN-0323,2027-01-31,46115,Running Bill,Municipal Council,SYNTHETIC_PROTOTYPE
PAY-0323-3,MPLADS-SYN-0323,2027-02-04,51263,Milestone Payment,Municipal Council,SYNTHETIC_PROTOTYPE
PAY-0323-4,MPLADS-SYN-0323,2026-12-20,45656,Final Payment,Municipal Council,SYNTHETIC_PROTOTYPE
PAY-0323-5,MPLADS-SYN-0323,2026-11-05,63023,Milestone Payment,Municipal Council,SYNTHETIC_PROTOTYPE
PAY-0324-1,MPLADS-SYN-0324,2026-08-03,206081,Milestone Payment,Rural Development Agency,SYNTHETIC_PROTOTYPE
PAY-0324-2,MPLADS-SYN-0324,2026-08-14,112582,First Payment,Rural Development Agency,SYNTHETIC_PROTOTYPE
PAY-0324-3,MPLADS-SYN-0324,2026-04-25,225395,First Payment,Rural Development Agency,SYNTHETIC_PROTOTYPE
PAY-0325-1,MPLADS-SYN-0325,2026-05-04,281799,Running Bill,Public Works Department,SYNTHETIC_PROTOTYPE
PAY-0325-2,MPLADS-SYN-0325,2026-08-10,221891,Running Bill,Public Works Department,SYNTHETIC_PROTOTYPE
PAY-0325-3,MPLADS-SYN-0325,2026-03-18,118023,First Payment,Public Works Department,SYNTHETIC_PROTOTYPE
PAY-0325-4,MPLADS-SYN-0325,2026-05-30,30728,Final Payment,Public Works Department,SYNTHETIC_PROTOTYPE
PAY-0325-5,MPLADS-SYN-0325,2026-05-30,130426,Final Payment,Public Works Department,SYNTHETIC_PROTOTYPE
PAY-0326-1,MPLADS-SYN-0326,2026-08-06,1057069,Milestone Payment,Zilla Parishad,SYNTHETIC_PROTOTYPE
PAY-0326-2,MPLADS-SYN-0326,2026-07-26,270935,First Payment,Zilla Parishad,SYNTHETIC_PROTOTYPE
PAY-0326-3,MPLADS-SYN-0326,2026-07-12,307008,First Payment,Zilla Parishad,SYNTHETIC_PROTOTYPE
PAY-0326-4,MPLADS-SYN-0326,2026-07-30,250719,Milestone Payment,Zilla Parishad,SYNTHETIC_PROTOTYPE
PAY-0326-5,MPLADS-SYN-0326,2026-08-17,476379,Final Payment,Zilla Parishad,SYNTHETIC_PROTOTYPE
PAY-0327-1,MPLADS-SYN-0327,2026-05-15,35728,First Payment,Rural Development Agency,SYNTHETIC_PROTOTYPE
PAY-0327-2,MPLADS-SYN-0327,2026-04-11,65969,First Payment,Rural Development Agency,SYNTHETIC_PROTOTYPE
PAY-0327-3,MPLADS-SYN-0327,2026-02-21,16078,First Payment,Rural Development Agency,SYNTHETIC_PROTOTYPE
PAY-0327-4,MPLADS-SYN-0327,2026-03-23,86395,First Payment,Rural Development Agency,SYNTHETIC_PROTOTYPE
PAY-0328-1,MPLADS-SYN-0328,2026-10-20,44056,Final Payment,District Health Office,SYNTHETIC_PROTOTYPE
PAY-0328-2,MPLADS-SYN-0328,2026-10-17,35287,Final Payment,District Health Office,SYNTHETIC_PROTOTYPE
PAY-0328-3,MPLADS-SYN-0328,2026-11-12,71116,First Payment,District Health Office,SYNTHETIC_PROTOTYPE
PAY-0329-1,MPLADS-SYN-0329,2026-09-06,231289,Milestone Payment,Rural Development Agency,SYNTHETIC_PROTOTYPE
PAY-0329-2,MPLADS-SYN-0329,2026-10-06,1141464,First Payment,Rural Development Agency,SYNTHETIC_PROTOTYPE
PAY-0330-1,MPLADS-SYN-0330,2026-06-21,138479,Final Payment,Education Department,SYNTHETIC_PROTOTYPE
PAY-0330-2,MPLADS-SYN-0330,2026-06-10,91237,Final Payment,Education Department,SYNTHETIC_PROTOTYPE
PAY-0330-3,MPLADS-SYN-0330,2026-06-24,80274,Final Payment,Education Department,SYNTHETIC_PROTOTYPE
PAY-0330-4,MPLADS-SYN-0330,2026-04-27,197410,Running Bill,Education Department,SYNTHETIC_PROTOTYPE
PAY-0331-1,MPLADS-SYN-0331,2026-05-25,175145,Milestone Payment,Municipal Corporation,SYNTHETIC_PROTOTYPE
PAY-0331-2,MPLADS-SYN-0331,2026-02-28,226670,Running Bill,Municipal Corporation,SYNTHETIC_PROTOTYPE
PAY-0332-1,MPLADS-SYN-0332,2026-06-06,358971,Milestone Payment,District Health Office,SYNTHETIC_PROTOTYPE
PAY-0332-2,MPLADS-SYN-0332,2026-05-08,184497,Running Bill,District Health Office,SYNTHETIC_PROTOTYPE
PAY-0332-3,MPLADS-SYN-0332,2026-05-07,162506,Running Bill,District Health Office,SYNTHETIC_PROTOTYPE
PAY-0332-4,MPLADS-SYN-0332,2026-06-13,81149,Running Bill,District Health Office,SYNTHETIC_PROTOTYPE
PAY-0332-5,MPLADS-SYN-0332,2026-07-09,142753,Running Bill,District Health Office,SYNTHETIC_PROTOTYPE
PAY-0333-1,MPLADS-SYN-0333,2026-09-27,238475,Running Bill,Education Department,SYNTHETIC_PROTOTYPE
PAY-0333-2,MPLADS-SYN-0333,2026-10-25,191095,Running Bill,Education Department,SYNTHETIC_PROTOTYPE
PAY-0333-3,MPLADS-SYN-0333,2026-10-12,126805,First Payment,Education Department,SYNTHETIC_PROTOTYPE
PAY-0333-4,MPLADS-SYN-0333,2026-07-27,163156,First Payment,Education Department,SYNTHETIC_PROTOTYPE
PAY-0334-1,MPLADS-SYN-0334,2026-05-07,86129,Milestone Payment,Education Department,SYNTHETIC_PROTOTYPE
PAY-0334-2,MPLADS-SYN-0334,2026-02-12,30202,Milestone Payment,Education Department,SYNTHETIC_PROTOTYPE
PAY-0334-3,MPLADS-SYN-0334,2026-01-15,121669,First Payment,Education Department,SYNTHETIC_PROTOTYPE
PAY-0335-1,MPLADS-SYN-0335,2026-02-04,184565,Final Payment,District Health Office,SYNTHETIC_PROTOTYPE
PAY-0335-2,MPLADS-SYN-0335,2026-02-03,147169,Final Payment,District Health Office,SYNTHETIC_PROTOTYPE
PAY-0335-3,MPLADS-SYN-0335,2026-03-18,136184,Running Bill,District Health Office,SYNTHETIC_PROTOTYPE
PAY-0335-4,MPLADS-SYN-0335,2026-02-07,82186,Running Bill,District Health Office,SYNTHETIC_PROTOTYPE
PAY-0335-5,MPLADS-SYN-0335,2026-03-25,179196,Running Bill,District Health Office,SYNTHETIC_PROTOTYPE
PAY-0336-1,MPLADS-SYN-0336,2026-11-06,929720,Running Bill,Rural Development Agency,SYNTHETIC_PROTOTYPE
PAY-0336-2,MPLADS-SYN-0336,2026-11-13,1935586,Running Bill,Rural Development Agency,SYNTHETIC_PROTOTYPE
PAY-0337-1,MPLADS-SYN-0337,2026-07-16,602257,Running Bill,Zilla Parishad,SYNTHETIC_PROTOTYPE
PAY-0337-2,MPLADS-SYN-0337,2026-08-03,375994,Milestone Payment,Zilla Parishad,SYNTHETIC_PROTOTYPE
PAY-0337-3,MPLADS-SYN-0337,2026-04-27,136333,Running Bill,Zilla Parishad,SYNTHETIC_PROTOTYPE
PAY-0337-4,MPLADS-SYN-0337,2026-07-02,391515,Milestone Payment,Zilla Parishad,SYNTHETIC_PROTOTYPE
PAY-0338-1,MPLADS-SYN-0338,2026-05-05,371831,First Payment,Public Works Department,SYNTHETIC_PROTOTYPE
PAY-0338-2,MPLADS-SYN-0338,2026-05-20,105759,Running Bill,Public Works Department,SYNTHETIC_PROTOTYPE
PAY-0338-3,MPLADS-SYN-0338,2026-06-29,234369,First Payment,Public Works Department,SYNTHETIC_PROTOTYPE
PAY-0338-4,MPLADS-SYN-0338,2026-09-09,69435,First Payment,Public Works Department,SYNTHETIC_PROTOTYPE
PAY-0338-5,MPLADS-SYN-0338,2026-06-10,227306,First Payment,Public Works Department,SYNTHETIC_PROTOTYPE
PAY-0339-1,MPLADS-SYN-0339,2026-05-06,114604,First Payment,Public Works Department,SYNTHETIC_PROTOTYPE
PAY-0339-2,MPLADS-SYN-0339,2026-11-08,240177,Milestone Payment,Public Works Department,SYNTHETIC_PROTOTYPE
PAY-0340-1,MPLADS-SYN-0340,2026-04-27,64113,Final Payment,District Health Office,SYNTHETIC_PROTOTYPE
PAY-0340-2,MPLADS-SYN-0340,2026-05-11,39687,Milestone Payment,District Health Office,SYNTHETIC_PROTOTYPE
PAY-0340-3,MPLADS-SYN-0340,2026-05-28,156600,Milestone Payment,District Health Office,SYNTHETIC_PROTOTYPE
PAY-0341-1,MPLADS-SYN-0341,2026-05-11,58867,Running Bill,District Health Office,SYNTHETIC_PROTOTYPE
PAY-0341-2,MPLADS-SYN-0341,2026-06-23,201133,Final Payment,District Health Office,SYNTHETIC_PROTOTYPE
PAY-0342-1,MPLADS-SYN-0342,2026-04-24,239804,First Payment,District Health Office,SYNTHETIC_PROTOTYPE
PAY-0342-2,MPLADS-SYN-0342,2026-04-21,1169926,Milestone Payment,District Health Office,SYNTHETIC_PROTOTYPE
PAY-0343-1,MPLADS-SYN-0343,2026-02-18,49755,First Payment,Zilla Parishad,SYNTHETIC_PROTOTYPE
PAY-0343-2,MPLADS-SYN-0343,2026-02-19,38181,Final Payment,Zilla Parishad,SYNTHETIC_PROTOTYPE
PAY-0343-3,MPLADS-SYN-0343,2026-04-22,34990,Running Bill,Zilla Parishad,SYNTHETIC_PROTOTYPE
PAY-0343-4,MPLADS-SYN-0343,2026-05-26,32305,First Payment,Zilla Parishad,SYNTHETIC_PROTOTYPE
PAY-0343-5,MPLADS-SYN-0343,2026-04-18,65269,Milestone Payment,Zilla Parishad,SYNTHETIC_PROTOTYPE
PAY-0344-1,MPLADS-SYN-0344,2026-07-28,244577,Running Bill,District Health Office,SYNTHETIC_PROTOTYPE
PAY-0344-2,MPLADS-SYN-0344,2026-08-04,674229,Final Payment,District Health Office,SYNTHETIC_PROTOTYPE
PAY-0345-1,MPLADS-SYN-0345,2026-08-21,122412,First Payment,Municipal Corporation,SYNTHETIC_PROTOTYPE
PAY-0345-2,MPLADS-SYN-0345,2026-12-28,171690,Running Bill,Municipal Corporation,SYNTHETIC_PROTOTYPE
PAY-0345-3,MPLADS-SYN-0345,2026-11-02,362961,Milestone Payment,Municipal Corporation,SYNTHETIC_PROTOTYPE
PAY-0346-1,MPLADS-SYN-0346,2026-10-18,83346,First Payment,Public Works Department,SYNTHETIC_PROTOTYPE
PAY-0346-2,MPLADS-SYN-0346,2026-08-12,73739,Running Bill,Public Works Department,SYNTHETIC_PROTOTYPE
PAY-0346-3,MPLADS-SYN-0346,2026-07-28,306690,Final Payment,Public Works Department,SYNTHETIC_PROTOTYPE
PAY-0347-1,MPLADS-SYN-0347,2026-01-28,213865,Final Payment,Municipal Council,SYNTHETIC_PROTOTYPE
PAY-0347-2,MPLADS-SYN-0347,2026-02-06,550425,First Payment,Municipal Council,SYNTHETIC_PROTOTYPE
PAY-0348-1,MPLADS-SYN-0348,2026-08-07,609231,Running Bill,Rural Development Agency,SYNTHETIC_PROTOTYPE
PAY-0348-2,MPLADS-SYN-0348,2026-08-16,196783,Running Bill,Rural Development Agency,SYNTHETIC_PROTOTYPE
PAY-0348-3,MPLADS-SYN-0348,2026-08-23,195075,Milestone Payment,Rural Development Agency,SYNTHETIC_PROTOTYPE
PAY-0348-4,MPLADS-SYN-0348,2026-07-14,414910,Milestone Payment,Rural Development Agency,SYNTHETIC_PROTOTYPE
PAY-0349-1,MPLADS-SYN-0349,2026-10-12,436964,Milestone Payment,Public Works Department,SYNTHETIC_PROTOTYPE
PAY-0349-2,MPLADS-SYN-0349,2026-11-19,112431,First Payment,Public Works Department,SYNTHETIC_PROTOTYPE
PAY-0349-3,MPLADS-SYN-0349,2026-09-21,105521,Final Payment,Public Works Department,SYNTHETIC_PROTOTYPE
PAY-0349-4,MPLADS-SYN-0349,2026-06-17,361884,First Payment,Public Works Department,SYNTHETIC_PROTOTYPE
PAY-0350-1,MPLADS-SYN-0350,2026-07-19,1138646,Milestone Payment,Zilla Parishad,SYNTHETIC_PROTOTYPE
PAY-0350-2,MPLADS-SYN-0350,2026-07-13,399266,Running Bill,Zilla Parishad,SYNTHETIC_PROTOTYPE
PAY-0350-3,MPLADS-SYN-0350,2026-08-26,346263,Milestone Payment,Zilla Parishad,SYNTHETIC_PROTOTYPE
PAY-0350-4,MPLADS-SYN-0350,2026-08-23,685838,Milestone Payment,Zilla Parishad,SYNTHETIC_PROTOTYPE
PAY-0351-1,MPLADS-SYN-0351,2026-07-02,239235,Final Payment,Public Works Department,SYNTHETIC_PROTOTYPE
PAY-0351-2,MPLADS-SYN-0351,2026-05-11,125368,First Payment,Public Works Department,SYNTHETIC_PROTOTYPE
PAY-0351-3,MPLADS-SYN-0351,2026-04-02,316303,Final Payment,Public Works Department,SYNTHETIC_PROTOTYPE
PAY-0352-1,MPLADS-SYN-0352,2026-07-15,302715,Final Payment,Public Works Department,SYNTHETIC_PROTOTYPE
PAY-0352-2,MPLADS-SYN-0352,2026-08-03,183531,Running Bill,Public Works Department,SYNTHETIC_PROTOTYPE
PAY-0352-3,MPLADS-SYN-0352,2026-06-25,80860,Final Payment,Public Works Department,SYNTHETIC_PROTOTYPE
PAY-0352-4,MPLADS-SYN-0352,2026-08-05,154443,First Payment,Public Works Department,SYNTHETIC_PROTOTYPE
PAY-0353-1,MPLADS-SYN-0353,2026-08-23,207382,Final Payment,Municipal Council,SYNTHETIC_PROTOTYPE
PAY-0353-2,MPLADS-SYN-0353,2026-07-27,466865,Milestone Payment,Municipal Council,SYNTHETIC_PROTOTYPE
PAY-0354-1,MPLADS-SYN-0354,2026-05-06,310054,Running Bill,Rural Development Agency,SYNTHETIC_PROTOTYPE
PAY-0354-2,MPLADS-SYN-0354,2026-06-11,491603,Running Bill,Rural Development Agency,SYNTHETIC_PROTOTYPE
PAY-0354-3,MPLADS-SYN-0354,2026-05-28,781743,First Payment,Rural Development Agency,SYNTHETIC_PROTOTYPE
PAY-0355-1,MPLADS-SYN-0355,2026-05-17,165557,Final Payment,District Health Office,SYNTHETIC_PROTOTYPE
PAY-0355-2,MPLADS-SYN-0355,2026-05-11,98920,Final Payment,District Health Office,SYNTHETIC_PROTOTYPE
PAY-0355-3,MPLADS-SYN-0355,2026-06-22,32915,Final Payment,District Health Office,SYNTHETIC_PROTOTYPE
PAY-0355-4,MPLADS-SYN-0355,2026-03-21,131608,First Payment,District Health Office,SYNTHETIC_PROTOTYPE
PAY-0356-1,MPLADS-SYN-0356,2026-04-25,1089438,Milestone Payment,Municipal Council,SYNTHETIC_PROTOTYPE
PAY-0356-2,MPLADS-SYN-0356,2026-06-28,395928,Final Payment,Municipal Council,SYNTHETIC_PROTOTYPE
PAY-0356-3,MPLADS-SYN-0356,2026-07-07,1114034,Final Payment,Municipal Council,SYNTHETIC_PROTOTYPE
PAY-0357-1,MPLADS-SYN-0357,2026-04-12,125479,First Payment,Zilla Parishad,SYNTHETIC_PROTOTYPE
PAY-0357-2,MPLADS-SYN-0357,2026-05-12,92400,Final Payment,Zilla Parishad,SYNTHETIC_PROTOTYPE
PAY-0357-3,MPLADS-SYN-0357,2026-10-02,28172,Final Payment,Zilla Parishad,SYNTHETIC_PROTOTYPE
PAY-0357-4,MPLADS-SYN-0357,2026-09-12,31383,Milestone Payment,Zilla Parishad,SYNTHETIC_PROTOTYPE
PAY-0357-5,MPLADS-SYN-0357,2026-05-09,53566,Running Bill,Zilla Parishad,SYNTHETIC_PROTOTYPE
PAY-0358-1,MPLADS-SYN-0358,2026-10-10,182026,Milestone Payment,Public Works Department,SYNTHETIC_PROTOTYPE
PAY-0358-2,MPLADS-SYN-0358,2026-09-19,113672,Milestone Payment,Public Works Department,SYNTHETIC_PROTOTYPE
PAY-0358-3,MPLADS-SYN-0358,2026-10-06,56647,Running Bill,Public Works Department,SYNTHETIC_PROTOTYPE
PAY-0358-4,MPLADS-SYN-0358,2026-12-12,38616,Milestone Payment,Public Works Department,SYNTHETIC_PROTOTYPE
PAY-0358-5,MPLADS-SYN-0358,2026-12-14,71615,Running Bill,Public Works Department,SYNTHETIC_PROTOTYPE
PAY-0359-1,MPLADS-SYN-0359,2026-06-14,214817,Running Bill,Municipal Council,SYNTHETIC_PROTOTYPE
PAY-0359-2,MPLADS-SYN-0359,2026-08-06,229536,First Payment,Municipal Council,SYNTHETIC_PROTOTYPE
PAY-0359-3,MPLADS-SYN-0359,2026-05-21,172788,Final Payment,Municipal Council,SYNTHETIC_PROTOTYPE
PAY-0359-4,MPLADS-SYN-0359,2026-07-04,278959,Final Payment,Municipal Council,SYNTHETIC_PROTOTYPE
PAY-0360-1,MPLADS-SYN-0360,2026-05-06,128392,Milestone Payment,Municipal Corporation,SYNTHETIC_PROTOTYPE
PAY-0360-2,MPLADS-SYN-0360,2026-04-01,144255,First Payment,Municipal Corporation,SYNTHETIC_PROTOTYPE
PAY-0360-3,MPLADS-SYN-0360,2026-04-11,268120,Milestone Payment,Municipal Corporation,SYNTHETIC_PROTOTYPE
PAY-0361-1,MPLADS-SYN-0361,2026-08-29,1011523,Milestone Payment,Education Department,SYNTHETIC_PROTOTYPE
PAY-0361-2,MPLADS-SYN-0361,2026-11-26,371857,Final Payment,Education Department,SYNTHETIC_PROTOTYPE
PAY-0361-3,MPLADS-SYN-0361,2026-07-29,327698,Milestone Payment,Education Department,SYNTHETIC_PROTOTYPE
PAY-0361-4,MPLADS-SYN-0361,2026-07-22,301677,Running Bill,Education Department,SYNTHETIC_PROTOTYPE
PAY-0361-5,MPLADS-SYN-0361,2026-09-25,560564,Running Bill,Education Department,SYNTHETIC_PROTOTYPE
PAY-0362-1,MPLADS-SYN-0362,2026-10-14,390099,Milestone Payment,Rural Development Agency,SYNTHETIC_PROTOTYPE
PAY-0362-2,MPLADS-SYN-0362,2026-08-17,1978826,Running Bill,Rural Development Agency,SYNTHETIC_PROTOTYPE
PAY-0363-1,MPLADS-SYN-0363,2026-04-27,260330,Milestone Payment,Rural Development Agency,SYNTHETIC_PROTOTYPE
PAY-0363-2,MPLADS-SYN-0363,2026-05-11,61395,Running Bill,Rural Development Agency,SYNTHETIC_PROTOTYPE
PAY-0363-3,MPLADS-SYN-0363,2026-04-22,73740,Milestone Payment,Rural Development Agency,SYNTHETIC_PROTOTYPE
PAY-0363-4,MPLADS-SYN-0363,2026-05-17,271941,Final Payment,Rural Development Agency,SYNTHETIC_PROTOTYPE
PAY-0364-1,MPLADS-SYN-0364,2026-08-12,266913,Running Bill,Zilla Parishad,SYNTHETIC_PROTOTYPE
PAY-0364-2,MPLADS-SYN-0364,2026-12-11,117955,Final Payment,Zilla Parishad,SYNTHETIC_PROTOTYPE
PAY-0364-3,MPLADS-SYN-0364,2026-08-12,135107,Final Payment,Zilla Parishad,SYNTHETIC_PROTOTYPE
PAY-0364-4,MPLADS-SYN-0364,2026-08-18,474325,First Payment,Zilla Parishad,SYNTHETIC_PROTOTYPE
PAY-0365-1,MPLADS-SYN-0365,2026-06-14,223100,Running Bill,Municipal Corporation,SYNTHETIC_PROTOTYPE
PAY-0365-2,MPLADS-SYN-0365,2026-07-05,79038,Milestone Payment,Municipal Corporation,SYNTHETIC_PROTOTYPE
PAY-0365-3,MPLADS-SYN-0365,2026-09-08,226803,First Payment,Municipal Corporation,SYNTHETIC_PROTOTYPE
PAY-0366-1,MPLADS-SYN-0366,2026-08-20,501690,Final Payment,Zilla Parishad,SYNTHETIC_PROTOTYPE
PAY-0366-2,MPLADS-SYN-0366,2026-09-21,480716,Final Payment,Zilla Parishad,SYNTHETIC_PROTOTYPE
PAY-0366-3,MPLADS-SYN-0366,2026-06-30,464630,Final Payment,Zilla Parishad,SYNTHETIC_PROTOTYPE
PAY-0366-4,MPLADS-SYN-0366,2026-05-30,1709509,Running Bill,Zilla Parishad,SYNTHETIC_PROTOTYPE
PAY-0367-1,MPLADS-SYN-0367,2027-01-04,75742,First Payment,District Health Office,SYNTHETIC_PROTOTYPE
PAY-0367-2,MPLADS-SYN-0367,2026-11-21,127960,Milestone Payment,District Health Office,SYNTHETIC_PROTOTYPE
PAY-0367-3,MPLADS-SYN-0367,2026-10-26,45585,Final Payment,District Health Office,SYNTHETIC_PROTOTYPE
PAY-0367-4,MPLADS-SYN-0367,2026-08-25,158094,First Payment,District Health Office,SYNTHETIC_PROTOTYPE
PAY-0368-1,MPLADS-SYN-0368,2026-07-29,254453,Running Bill,District Health Office,SYNTHETIC_PROTOTYPE
PAY-0368-2,MPLADS-SYN-0368,2026-07-03,115727,Running Bill,District Health Office,SYNTHETIC_PROTOTYPE
PAY-0368-3,MPLADS-SYN-0368,2026-08-31,39652,First Payment,District Health Office,SYNTHETIC_PROTOTYPE
PAY-0368-4,MPLADS-SYN-0368,2026-10-31,201068,Milestone Payment,District Health Office,SYNTHETIC_PROTOTYPE
PAY-0369-1,MPLADS-SYN-0369,2026-08-13,1720168,Milestone Payment,Municipal Corporation,SYNTHETIC_PROTOTYPE
PAY-0369-2,MPLADS-SYN-0369,2026-09-29,687681,Final Payment,Municipal Corporation,SYNTHETIC_PROTOTYPE
PAY-0369-3,MPLADS-SYN-0369,2026-12-30,1441315,Running Bill,Municipal Corporation,SYNTHETIC_PROTOTYPE
PAY-0370-1,MPLADS-SYN-0370,2026-03-23,255210,First Payment,District Health Office,SYNTHETIC_PROTOTYPE
PAY-0370-2,MPLADS-SYN-0370,2026-08-25,290364,First Payment,District Health Office,SYNTHETIC_PROTOTYPE
PAY-0370-3,MPLADS-SYN-0370,2026-08-20,549917,First Payment,District Health Office,SYNTHETIC_PROTOTYPE
PAY-0371-1,MPLADS-SYN-0371,2026-12-24,458247,First Payment,Education Department,SYNTHETIC_PROTOTYPE
PAY-0371-2,MPLADS-SYN-0371,2026-10-06,847334,Milestone Payment,Education Department,SYNTHETIC_PROTOTYPE
PAY-0371-3,MPLADS-SYN-0371,2026-07-16,1415258,Final Payment,Education Department,SYNTHETIC_PROTOTYPE
PAY-0372-1,MPLADS-SYN-0372,2026-07-26,99525,Milestone Payment,Education Department,SYNTHETIC_PROTOTYPE
PAY-0372-2,MPLADS-SYN-0372,2026-07-22,136283,First Payment,Education Department,SYNTHETIC_PROTOTYPE
PAY-0372-3,MPLADS-SYN-0372,2026-05-29,308205,Milestone Payment,Education Department,SYNTHETIC_PROTOTYPE
PAY-0373-1,MPLADS-SYN-0373,2026-09-07,302233,Final Payment,Zilla Parishad,SYNTHETIC_PROTOTYPE
PAY-0373-2,MPLADS-SYN-0373,2026-09-01,219438,Milestone Payment,Zilla Parishad,SYNTHETIC_PROTOTYPE
PAY-0373-3,MPLADS-SYN-0373,2026-07-29,72573,Running Bill,Zilla Parishad,SYNTHETIC_PROTOTYPE
PAY-0373-4,MPLADS-SYN-0373,2026-06-01,333256,Milestone Payment,Zilla Parishad,SYNTHETIC_PROTOTYPE
PAY-0374-1,MPLADS-SYN-0374,2026-08-12,177161,First Payment,District Health Office,SYNTHETIC_PROTOTYPE
PAY-0374-2,MPLADS-SYN-0374,2026-10-04,93077,Running Bill,District Health Office,SYNTHETIC_PROTOTYPE
PAY-0374-3,MPLADS-SYN-0374,2026-09-01,23604,Running Bill,District Health Office,SYNTHETIC_PROTOTYPE
PAY-0374-4,MPLADS-SYN-0374,2026-07-28,120989,Final Payment,District Health Office,SYNTHETIC_PROTOTYPE
PAY-0375-1,MPLADS-SYN-0375,2026-10-30,254164,First Payment,District Health Office,SYNTHETIC_PROTOTYPE
PAY-0375-2,MPLADS-SYN-0375,2026-08-31,378133,Running Bill,District Health Office,SYNTHETIC_PROTOTYPE
PAY-0375-3,MPLADS-SYN-0375,2026-07-13,706903,First Payment,District Health Office,SYNTHETIC_PROTOTYPE
PAY-0376-1,MPLADS-SYN-0376,2026-05-16,283144,Running Bill,Zilla Parishad,SYNTHETIC_PROTOTYPE
PAY-0376-2,MPLADS-SYN-0376,2026-04-15,397124,Running Bill,Zilla Parishad,SYNTHETIC_PROTOTYPE
PAY-0376-3,MPLADS-SYN-0376,2026-05-31,144305,Final Payment,Zilla Parishad,SYNTHETIC_PROTOTYPE
PAY-0376-4,MPLADS-SYN-0376,2026-06-26,165586,First Payment,Zilla Parishad,SYNTHETIC_PROTOTYPE
PAY-0376-5,MPLADS-SYN-0376,2026-07-10,221142,Running Bill,Zilla Parishad,SYNTHETIC_PROTOTYPE
PAY-0377-1,MPLADS-SYN-0377,2026-07-25,100690,Running Bill,Public Works Department,SYNTHETIC_PROTOTYPE
PAY-0377-2,MPLADS-SYN-0377,2026-04-26,152475,Running Bill,Public Works Department,SYNTHETIC_PROTOTYPE
PAY-0377-3,MPLADS-SYN-0377,2026-07-03,271501,Final Payment,Public Works Department,SYNTHETIC_PROTOTYPE
PAY-0378-1,MPLADS-SYN-0378,2026-04-20,155188,Running Bill,Rural Development Agency,SYNTHETIC_PROTOTYPE
PAY-0378-2,MPLADS-SYN-0378,2026-09-09,45249,Running Bill,Rural Development Agency,SYNTHETIC_PROTOTYPE
PAY-0378-3,MPLADS-SYN-0378,2026-07-10,70168,Final Payment,Rural Development Agency,SYNTHETIC_PROTOTYPE
PAY-0378-4,MPLADS-SYN-0378,2026-04-27,142395,Final Payment,Rural Development Agency,SYNTHETIC_PROTOTYPE
PAY-0379-1,MPLADS-SYN-0379,2026-06-30,54551,Final Payment,District Health Office,SYNTHETIC_PROTOTYPE
PAY-0379-2,MPLADS-SYN-0379,2026-05-28,155372,First Payment,District Health Office,SYNTHETIC_PROTOTYPE
PAY-0380-1,MPLADS-SYN-0380,2026-01-23,171244,Final Payment,Education Department,SYNTHETIC_PROTOTYPE
PAY-0380-2,MPLADS-SYN-0380,2026-01-28,88415,First Payment,Education Department,SYNTHETIC_PROTOTYPE
PAY-0380-3,MPLADS-SYN-0380,2026-01-28,295435,Final Payment,Education Department,SYNTHETIC_PROTOTYPE
PAY-0381-1,MPLADS-SYN-0381,2026-08-09,395353,Milestone Payment,Education Department,SYNTHETIC_PROTOTYPE
PAY-0381-2,MPLADS-SYN-0381,2026-07-19,243532,First Payment,Education Department,SYNTHETIC_PROTOTYPE
PAY-0381-3,MPLADS-SYN-0381,2026-08-25,270614,Final Payment,Education Department,SYNTHETIC_PROTOTYPE
PAY-0381-4,MPLADS-SYN-0381,2026-08-21,659495,Milestone Payment,Education Department,SYNTHETIC_PROTOTYPE
PAY-0382-1,MPLADS-SYN-0382,2027-03-24,309548,First Payment,District Health Office,SYNTHETIC_PROTOTYPE
PAY-0382-2,MPLADS-SYN-0382,2027-02-28,84984,Final Payment,District Health Office,SYNTHETIC_PROTOTYPE
PAY-0382-3,MPLADS-SYN-0382,2027-01-11,395109,Final Payment,District Health Office,SYNTHETIC_PROTOTYPE
PAY-0383-1,MPLADS-SYN-0383,2026-07-01,243378,First Payment,Education Department,SYNTHETIC_PROTOTYPE
PAY-0383-2,MPLADS-SYN-0383,2026-08-08,331370,First Payment,Education Department,SYNTHETIC_PROTOTYPE
PAY-0384-1,MPLADS-SYN-0384,2026-09-25,194495,Running Bill,Public Works Department,SYNTHETIC_PROTOTYPE
PAY-0384-2,MPLADS-SYN-0384,2026-10-25,190951,Final Payment,Public Works Department,SYNTHETIC_PROTOTYPE
PAY-0384-3,MPLADS-SYN-0384,2026-08-22,171801,Running Bill,Public Works Department,SYNTHETIC_PROTOTYPE
PAY-0384-4,MPLADS-SYN-0384,2026-11-23,507566,Final Payment,Public Works Department,SYNTHETIC_PROTOTYPE
PAY-0385-1,MPLADS-SYN-0385,2026-02-25,227625,First Payment,District Health Office,SYNTHETIC_PROTOTYPE
PAY-0385-2,MPLADS-SYN-0385,2026-05-19,516732,Running Bill,District Health Office,SYNTHETIC_PROTOTYPE
PAY-0386-1,MPLADS-SYN-0386,2026-04-07,298456,Final Payment,Municipal Council,SYNTHETIC_PROTOTYPE
PAY-0386-2,MPLADS-SYN-0386,2026-04-11,174599,Running Bill,Municipal Council,SYNTHETIC_PROTOTYPE
PAY-0386-3,MPLADS-SYN-0386,2026-04-09,153022,Milestone Payment,Municipal Council,SYNTHETIC_PROTOTYPE
PAY-0386-4,MPLADS-SYN-0386,2026-03-09,71592,First Payment,Municipal Council,SYNTHETIC_PROTOTYPE
PAY-0386-5,MPLADS-SYN-0386,2026-03-22,230331,Milestone Payment,Municipal Council,SYNTHETIC_PROTOTYPE
PAY-0387-1,MPLADS-SYN-0387,2026-04-29,216596,Final Payment,Municipal Corporation,SYNTHETIC_PROTOTYPE
PAY-0387-2,MPLADS-SYN-0387,2026-04-26,221562,Final Payment,Municipal Corporation,SYNTHETIC_PROTOTYPE
PAY-0387-3,MPLADS-SYN-0387,2026-03-21,361515,Final Payment,Municipal Corporation,SYNTHETIC_PROTOTYPE
PAY-0388-1,MPLADS-SYN-0388,2026-07-17,135308,First Payment,Public Works Department,SYNTHETIC_PROTOTYPE
PAY-0388-2,MPLADS-SYN-0388,2026-05-21,158877,First Payment,Public Works Department,SYNTHETIC_PROTOTYPE
PAY-0388-3,MPLADS-SYN-0388,2026-03-20,135115,Running Bill,Public Works Department,SYNTHETIC_PROTOTYPE
PAY-0388-4,MPLADS-SYN-0388,2026-04-03,62968,Running Bill,Public Works Department,SYNTHETIC_PROTOTYPE
PAY-0388-5,MPLADS-SYN-0388,2026-04-28,196323,Milestone Payment,Public Works Department,SYNTHETIC_PROTOTYPE
PAY-0389-1,MPLADS-SYN-0389,2026-05-27,1206640,First Payment,Rural Development Agency,SYNTHETIC_PROTOTYPE
PAY-0389-2,MPLADS-SYN-0389,2026-07-20,749093,First Payment,Rural Development Agency,SYNTHETIC_PROTOTYPE
PAY-0389-3,MPLADS-SYN-0389,2026-09-24,563468,Running Bill,Rural Development Agency,SYNTHETIC_PROTOTYPE
PAY-0389-4,MPLADS-SYN-0389,2026-08-15,394802,Milestone Payment,Rural Development Agency,SYNTHETIC_PROTOTYPE
PAY-0389-5,MPLADS-SYN-0389,2026-08-26,644297,Milestone Payment,Rural Development Agency,SYNTHETIC_PROTOTYPE
PAY-0390-1,MPLADS-SYN-0390,2026-10-09,173749,First Payment,Zilla Parishad,SYNTHETIC_PROTOTYPE
PAY-0390-2,MPLADS-SYN-0390,2026-10-13,347051,First Payment,Zilla Parishad,SYNTHETIC_PROTOTYPE
PAY-0391-1,MPLADS-SYN-0391,2026-06-19,468304,First Payment,Public Works Department,SYNTHETIC_PROTOTYPE
PAY-0391-2,MPLADS-SYN-0391,2026-04-03,585024,First Payment,Public Works Department,SYNTHETIC_PROTOTYPE
PAY-0392-1,MPLADS-SYN-0392,2026-07-21,105000,Milestone Payment,Zilla Parishad,SYNTHETIC_PROTOTYPE
PAY-0392-2,MPLADS-SYN-0392,2026-05-04,117859,Running Bill,Zilla Parishad,SYNTHETIC_PROTOTYPE
PAY-0392-3,MPLADS-SYN-0392,2026-05-31,93979,Milestone Payment,Zilla Parishad,SYNTHETIC_PROTOTYPE
PAY-0392-4,MPLADS-SYN-0392,2026-05-23,236648,First Payment,Zilla Parishad,SYNTHETIC_PROTOTYPE
PAY-0393-1,MPLADS-SYN-0393,2026-03-08,136565,Milestone Payment,District Health Office,SYNTHETIC_PROTOTYPE
PAY-0393-2,MPLADS-SYN-0393,2026-05-05,189364,Running Bill,District Health Office,SYNTHETIC_PROTOTYPE
PAY-0393-3,MPLADS-SYN-0393,2026-06-13,429825,Milestone Payment,District Health Office,SYNTHETIC_PROTOTYPE
PAY-0394-1,MPLADS-SYN-0394,2026-03-31,85686,Milestone Payment,Rural Development Agency,SYNTHETIC_PROTOTYPE
PAY-0394-2,MPLADS-SYN-0394,2026-07-02,47159,Running Bill,Rural Development Agency,SYNTHETIC_PROTOTYPE
PAY-0394-3,MPLADS-SYN-0394,2026-04-18,77155,Running Bill,Rural Development Agency,SYNTHETIC_PROTOTYPE
PAY-0395-1,MPLADS-SYN-0395,2026-03-31,987927,First Payment,Municipal Council,SYNTHETIC_PROTOTYPE
PAY-0395-2,MPLADS-SYN-0395,2026-05-22,1278346,First Payment,Municipal Council,SYNTHETIC_PROTOTYPE
PAY-0396-1,MPLADS-SYN-0396,2026-11-19,106271,Running Bill,Public Works Department,SYNTHETIC_PROTOTYPE
PAY-0396-2,MPLADS-SYN-0396,2026-12-08,40426,Final Payment,Public Works Department,SYNTHETIC_PROTOTYPE
PAY-0396-3,MPLADS-SYN-0396,2027-01-19,50133,First Payment,Public Works Department,SYNTHETIC_PROTOTYPE
PAY-0396-4,MPLADS-SYN-0396,2026-07-20,72674,Final Payment,Public Works Department,SYNTHETIC_PROTOTYPE
PAY-0396-5,MPLADS-SYN-0396,2026-11-07,92850,Final Payment,Public Works Department,SYNTHETIC_PROTOTYPE
PAY-0397-1,MPLADS-SYN-0397,2026-10-09,423007,First Payment,District Health Office,SYNTHETIC_PROTOTYPE
PAY-0397-2,MPLADS-SYN-0397,2026-09-10,121983,Running Bill,District Health Office,SYNTHETIC_PROTOTYPE
PAY-0397-3,MPLADS-SYN-0397,2026-10-07,150686,Running Bill,District Health Office,SYNTHETIC_PROTOTYPE
PAY-0397-4,MPLADS-SYN-0397,2026-10-22,493605,Milestone Payment,District Health Office,SYNTHETIC_PROTOTYPE
PAY-0398-1,MPLADS-SYN-0398,2026-07-01,168914,Running Bill,Public Works Department,SYNTHETIC_PROTOTYPE
PAY-0398-2,MPLADS-SYN-0398,2026-06-13,123729,Final Payment,Public Works Department,SYNTHETIC_PROTOTYPE
PAY-0398-3,MPLADS-SYN-0398,2026-07-13,33642,Running Bill,Public Works Department,SYNTHETIC_PROTOTYPE
PAY-0398-4,MPLADS-SYN-0398,2026-06-21,134315,Running Bill,Public Works Department,SYNTHETIC_PROTOTYPE
PAY-0399-1,MPLADS-SYN-0399,2026-09-11,219902,First Payment,District Health Office,SYNTHETIC_PROTOTYPE
PAY-0399-2,MPLADS-SYN-0399,2026-10-06,80442,Running Bill,District Health Office,SYNTHETIC_PROTOTYPE
PAY-0399-3,MPLADS-SYN-0399,2026-07-27,101205,Milestone Payment,District Health Office,SYNTHETIC_PROTOTYPE
PAY-0399-4,MPLADS-SYN-0399,2026-09-18,275922,Final Payment,District Health Office,SYNTHETIC_PROTOTYPE
PAY-0400-1,MPLADS-SYN-0400,2026-08-27,141772,Final Payment,Zilla Parishad,SYNTHETIC_PROTOTYPE
PAY-0400-2,MPLADS-SYN-0400,2026-10-25,46126,Running Bill,Zilla Parishad,SYNTHETIC_PROTOTYPE
PAY-0400-3,MPLADS-SYN-0400,2026-12-03,56735,Milestone Payment,Zilla Parishad,SYNTHETIC_PROTOTYPE
PAY-0400-4,MPLADS-SYN-0400,2026-08-29,54285,Milestone Payment,Zilla Parishad,SYNTHETIC_PROTOTYPE
PAY-0400-5,MPLADS-SYN-0400,2026-11-11,146282,Final Payment,Zilla Parishad,SYNTHETIC_PROTOTYPE
PAY-0401-1,MPLADS-SYN-0401,2026-08-19,247897,First Payment,Municipal Council,SYNTHETIC_PROTOTYPE
PAY-0401-2,MPLADS-SYN-0401,2026-07-24,224352,First Payment,Municipal Council,SYNTHETIC_PROTOTYPE
PAY-0401-3,MPLADS-SYN-0401,2027-01-11,288409,Milestone Payment,Municipal Council,SYNTHETIC_PROTOTYPE
PAY-0402-1,MPLADS-SYN-0402,2026-10-05,118976,Running Bill,Rural Development Agency,SYNTHETIC_PROTOTYPE
PAY-0402-2,MPLADS-SYN-0402,2026-08-29,510791,Milestone Payment,Rural Development Agency,SYNTHETIC_PROTOTYPE
PAY-0403-1,MPLADS-SYN-0403,2026-05-19,50180,Final Payment,Municipal Corporation,SYNTHETIC_PROTOTYPE
PAY-0403-2,MPLADS-SYN-0403,2026-04-25,111820,First Payment,Municipal Corporation,SYNTHETIC_PROTOTYPE
PAY-0404-1,MPLADS-SYN-0404,2026-10-10,441282,Running Bill,Public Works Department,SYNTHETIC_PROTOTYPE
PAY-0404-2,MPLADS-SYN-0404,2027-01-02,363710,Running Bill,Public Works Department,SYNTHETIC_PROTOTYPE
PAY-0404-3,MPLADS-SYN-0404,2026-11-29,587031,Running Bill,Public Works Department,SYNTHETIC_PROTOTYPE
PAY-0404-4,MPLADS-SYN-0404,2026-06-22,343215,Milestone Payment,Public Works Department,SYNTHETIC_PROTOTYPE
PAY-0404-5,MPLADS-SYN-0404,2026-07-31,442162,Running Bill,Public Works Department,SYNTHETIC_PROTOTYPE
PAY-0405-1,MPLADS-SYN-0405,2026-10-31,594584,First Payment,Municipal Corporation,SYNTHETIC_PROTOTYPE
PAY-0405-2,MPLADS-SYN-0405,2026-08-21,242721,Final Payment,Municipal Corporation,SYNTHETIC_PROTOTYPE
PAY-0405-3,MPLADS-SYN-0405,2026-09-22,142706,Running Bill,Municipal Corporation,SYNTHETIC_PROTOTYPE
PAY-0405-4,MPLADS-SYN-0405,2026-06-09,226643,First Payment,Municipal Corporation,SYNTHETIC_PROTOTYPE
PAY-0405-5,MPLADS-SYN-0405,2026-07-22,576937,Running Bill,Municipal Corporation,SYNTHETIC_PROTOTYPE
PAY-0406-1,MPLADS-SYN-0406,2026-06-18,305042,Final Payment,Education Department,SYNTHETIC_PROTOTYPE
PAY-0406-2,MPLADS-SYN-0406,2026-05-11,176616,Milestone Payment,Education Department,SYNTHETIC_PROTOTYPE
PAY-0406-3,MPLADS-SYN-0406,2026-05-30,180900,Running Bill,Education Department,SYNTHETIC_PROTOTYPE
PAY-0406-4,MPLADS-SYN-0406,2026-06-22,74193,Final Payment,Education Department,SYNTHETIC_PROTOTYPE
PAY-0406-5,MPLADS-SYN-0406,2026-04-22,261465,First Payment,Education Department,SYNTHETIC_PROTOTYPE
PAY-0407-1,MPLADS-SYN-0407,2026-08-11,178528,Final Payment,Zilla Parishad,SYNTHETIC_PROTOTYPE
PAY-0407-2,MPLADS-SYN-0407,2026-04-07,108793,Running Bill,Zilla Parishad,SYNTHETIC_PROTOTYPE
PAY-0407-3,MPLADS-SYN-0407,2026-09-08,134237,Final Payment,Zilla Parishad,SYNTHETIC_PROTOTYPE
PAY-0408-1,MPLADS-SYN-0408,2026-05-30,135760,Running Bill,Education Department,SYNTHETIC_PROTOTYPE
PAY-0408-2,MPLADS-SYN-0408,2026-05-24,82586,Running Bill,Education Department,SYNTHETIC_PROTOTYPE
PAY-0408-3,MPLADS-SYN-0408,2026-05-06,430031,Final Payment,Education Department,SYNTHETIC_PROTOTYPE
PAY-0409-1,MPLADS-SYN-0409,2026-09-23,200226,Milestone Payment,Municipal Corporation,SYNTHETIC_PROTOTYPE
PAY-0409-2,MPLADS-SYN-0409,2026-09-01,311066,Final Payment,Municipal Corporation,SYNTHETIC_PROTOTYPE
PAY-0410-1,MPLADS-SYN-0410,2026-06-25,309810,First Payment,Education Department,SYNTHETIC_PROTOTYPE
PAY-0410-2,MPLADS-SYN-0410,2026-06-14,287939,Final Payment,Education Department,SYNTHETIC_PROTOTYPE
PAY-0410-3,MPLADS-SYN-0410,2026-08-18,202768,First Payment,Education Department,SYNTHETIC_PROTOTYPE
PAY-0410-4,MPLADS-SYN-0410,2026-06-20,144236,Running Bill,Education Department,SYNTHETIC_PROTOTYPE
PAY-0410-5,MPLADS-SYN-0410,2026-07-10,382747,First Payment,Education Department,SYNTHETIC_PROTOTYPE
PAY-0411-1,MPLADS-SYN-0411,2027-01-11,214494,First Payment,Municipal Corporation,SYNTHETIC_PROTOTYPE
PAY-0411-2,MPLADS-SYN-0411,2026-09-21,956533,First Payment,Municipal Corporation,SYNTHETIC_PROTOTYPE
PAY-0412-1,MPLADS-SYN-0412,2026-04-06,236340,First Payment,Rural Development Agency,SYNTHETIC_PROTOTYPE
PAY-0412-2,MPLADS-SYN-0412,2026-02-27,133356,First Payment,Rural Development Agency,SYNTHETIC_PROTOTYPE
PAY-0412-3,MPLADS-SYN-0412,2026-07-15,235827,Final Payment,Rural Development Agency,SYNTHETIC_PROTOTYPE
PAY-0413-1,MPLADS-SYN-0413,2026-03-22,324902,First Payment,Education Department,SYNTHETIC_PROTOTYPE
PAY-0413-2,MPLADS-SYN-0413,2026-02-24,92262,Final Payment,Education Department,SYNTHETIC_PROTOTYPE
PAY-0413-3,MPLADS-SYN-0413,2026-03-15,485735,Final Payment,Education Department,SYNTHETIC_PROTOTYPE
PAY-0414-1,MPLADS-SYN-0414,2026-07-06,819382,Final Payment,Education Department,SYNTHETIC_PROTOTYPE
PAY-0414-2,MPLADS-SYN-0414,2026-07-18,1269018,Final Payment,Education Department,SYNTHETIC_PROTOTYPE
PAY-0415-1,MPLADS-SYN-0415,2026-07-31,545463,Milestone Payment,Municipal Council,SYNTHETIC_PROTOTYPE
PAY-0415-2,MPLADS-SYN-0415,2026-09-16,168744,Running Bill,Municipal Council,SYNTHETIC_PROTOTYPE
PAY-0415-3,MPLADS-SYN-0415,2026-09-20,106879,First Payment,Municipal Council,SYNTHETIC_PROTOTYPE
PAY-0415-4,MPLADS-SYN-0415,2026-09-30,173673,Running Bill,Municipal Council,SYNTHETIC_PROTOTYPE
PAY-0415-5,MPLADS-SYN-0415,2026-08-05,396361,First Payment,Municipal Council,SYNTHETIC_PROTOTYPE
PAY-0416-1,MPLADS-SYN-0416,2026-09-29,782571,Running Bill,Rural Development Agency,SYNTHETIC_PROTOTYPE
PAY-0416-2,MPLADS-SYN-0416,2026-10-10,327887,Milestone Payment,Rural Development Agency,SYNTHETIC_PROTOTYPE
PAY-0416-3,MPLADS-SYN-0416,2026-08-16,194809,Running Bill,Rural Development Agency,SYNTHETIC_PROTOTYPE
PAY-0416-4,MPLADS-SYN-0416,2026-08-18,83873,Milestone Payment,Rural Development Agency,SYNTHETIC_PROTOTYPE
PAY-0416-5,MPLADS-SYN-0416,2026-10-23,413851,First Payment,Rural Development Agency,SYNTHETIC_PROTOTYPE
PAY-0417-1,MPLADS-SYN-0417,2026-03-10,217573,Final Payment,District Health Office,SYNTHETIC_PROTOTYPE
PAY-0417-2,MPLADS-SYN-0417,2026-03-16,738395,Milestone Payment,District Health Office,SYNTHETIC_PROTOTYPE
PAY-0418-1,MPLADS-SYN-0418,2026-10-06,570674,First Payment,District Health Office,SYNTHETIC_PROTOTYPE
PAY-0418-2,MPLADS-SYN-0418,2026-10-07,370850,Milestone Payment,District Health Office,SYNTHETIC_PROTOTYPE
PAY-0418-3,MPLADS-SYN-0418,2026-10-04,169592,Running Bill,District Health Office,SYNTHETIC_PROTOTYPE
PAY-0418-4,MPLADS-SYN-0418,2026-11-28,341778,Running Bill,District Health Office,SYNTHETIC_PROTOTYPE
PAY-0418-5,MPLADS-SYN-0418,2027-03-28,427355,Final Payment,District Health Office,SYNTHETIC_PROTOTYPE
PAY-0419-1,MPLADS-SYN-0419,2026-06-17,770070,Running Bill,Municipal Council,SYNTHETIC_PROTOTYPE
PAY-0419-2,MPLADS-SYN-0419,2026-06-24,999195,Running Bill,Municipal Council,SYNTHETIC_PROTOTYPE
PAY-0419-3,MPLADS-SYN-0419,2026-06-14,1223344,Final Payment,Municipal Council,SYNTHETIC_PROTOTYPE
PAY-0420-1,MPLADS-SYN-0420,2026-08-06,197010,Final Payment,Municipal Council,SYNTHETIC_PROTOTYPE
PAY-0420-2,MPLADS-SYN-0420,2026-11-21,200014,First Payment,Municipal Council,SYNTHETIC_PROTOTYPE
PAY-0420-3,MPLADS-SYN-0420,2026-08-22,126340,Milestone Payment,Municipal Council,SYNTHETIC_PROTOTYPE
PAY-0420-4,MPLADS-SYN-0420,2026-12-14,67195,First Payment,Municipal Council,SYNTHETIC_PROTOTYPE
PAY-0420-5,MPLADS-SYN-0420,2026-12-07,137441,First Payment,Municipal Council,SYNTHETIC_PROTOTYPE
PAY-0421-1,MPLADS-SYN-0421,2026-11-01,371999,Running Bill,District Health Office,SYNTHETIC_PROTOTYPE
PAY-0421-2,MPLADS-SYN-0421,2026-10-28,1658637,Running Bill,District Health Office,SYNTHETIC_PROTOTYPE
PAY-0422-1,MPLADS-SYN-0422,2026-09-30,319683,Final Payment,Municipal Council,SYNTHETIC_PROTOTYPE
PAY-0422-2,MPLADS-SYN-0422,2026-09-25,561931,Final Payment,Municipal Council,SYNTHETIC_PROTOTYPE
PAY-0422-3,MPLADS-SYN-0422,2026-10-30,192211,First Payment,Municipal Council,SYNTHETIC_PROTOTYPE
PAY-0422-4,MPLADS-SYN-0422,2026-10-08,495728,Final Payment,Municipal Council,SYNTHETIC_PROTOTYPE
PAY-0423-1,MPLADS-SYN-0423,2026-08-28,39235,Milestone Payment,Municipal Council,SYNTHETIC_PROTOTYPE
PAY-0423-2,MPLADS-SYN-0423,2026-08-01,106649,First Payment,Municipal Council,SYNTHETIC_PROTOTYPE
PAY-0424-1,MPLADS-SYN-0424,2026-03-20,307784,Final Payment,Zilla Parishad,SYNTHETIC_PROTOTYPE
PAY-0424-2,MPLADS-SYN-0424,2026-03-30,230501,Running Bill,Zilla Parishad,SYNTHETIC_PROTOTYPE
PAY-0424-3,MPLADS-SYN-0424,2026-02-28,84337,Running Bill,Zilla Parishad,SYNTHETIC_PROTOTYPE
PAY-0424-4,MPLADS-SYN-0424,2026-04-20,103357,Milestone Payment,Zilla Parishad,SYNTHETIC_PROTOTYPE
PAY-0424-5,MPLADS-SYN-0424,2026-03-23,216288,First Payment,Zilla Parishad,SYNTHETIC_PROTOTYPE
PAY-0425-1,MPLADS-SYN-0425,2026-02-17,206274,Running Bill,Municipal Council,SYNTHETIC_PROTOTYPE
PAY-0425-2,MPLADS-SYN-0425,2026-03-22,193520,Milestone Payment,Municipal Council,SYNTHETIC_PROTOTYPE
PAY-0425-3,MPLADS-SYN-0425,2026-03-26,449322,First Payment,Municipal Council,SYNTHETIC_PROTOTYPE
PAY-0426-1,MPLADS-SYN-0426,2026-07-13,453851,First Payment,Rural Development Agency,SYNTHETIC_PROTOTYPE
PAY-0426-2,MPLADS-SYN-0426,2026-03-14,309197,Final Payment,Rural Development Agency,SYNTHETIC_PROTOTYPE
PAY-0426-3,MPLADS-SYN-0426,2026-03-07,211840,Milestone Payment,Rural Development Agency,SYNTHETIC_PROTOTYPE
PAY-0426-4,MPLADS-SYN-0426,2026-05-20,271049,Running Bill,Rural Development Agency,SYNTHETIC_PROTOTYPE
PAY-0427-1,MPLADS-SYN-0427,2027-01-31,566982,Running Bill,Public Works Department,SYNTHETIC_PROTOTYPE
PAY-0427-2,MPLADS-SYN-0427,2026-12-19,1371197,First Payment,Public Works Department,SYNTHETIC_PROTOTYPE
PAY-0428-1,MPLADS-SYN-0428,2026-03-13,277031,Running Bill,Public Works Department,SYNTHETIC_PROTOTYPE
PAY-0428-2,MPLADS-SYN-0428,2026-03-02,387900,Running Bill,Public Works Department,SYNTHETIC_PROTOTYPE
PAY-0428-3,MPLADS-SYN-0428,2026-02-15,176240,Running Bill,Public Works Department,SYNTHETIC_PROTOTYPE
PAY-0428-4,MPLADS-SYN-0428,2026-02-17,619501,Final Payment,Public Works Department,SYNTHETIC_PROTOTYPE
PAY-0429-1,MPLADS-SYN-0429,2026-02-10,360403,Milestone Payment,Public Works Department,SYNTHETIC_PROTOTYPE
PAY-0429-2,MPLADS-SYN-0429,2026-02-20,1162671,Running Bill,Public Works Department,SYNTHETIC_PROTOTYPE
PAY-0430-1,MPLADS-SYN-0430,2026-08-20,295676,Final Payment,Zilla Parishad,SYNTHETIC_PROTOTYPE
PAY-0430-2,MPLADS-SYN-0430,2026-08-05,757403,First Payment,Zilla Parishad,SYNTHETIC_PROTOTYPE
PAY-0431-1,MPLADS-SYN-0431,2026-07-15,51180,Final Payment,Municipal Council,SYNTHETIC_PROTOTYPE
PAY-0431-2,MPLADS-SYN-0431,2026-06-28,124251,First Payment,Municipal Council,SYNTHETIC_PROTOTYPE
PAY-0432-1,MPLADS-SYN-0432,2026-05-15,555297,Milestone Payment,Rural Development Agency,SYNTHETIC_PROTOTYPE
PAY-0432-2,MPLADS-SYN-0432,2026-03-26,703680,Final Payment,Rural Development Agency,SYNTHETIC_PROTOTYPE
PAY-0432-3,MPLADS-SYN-0432,2026-04-17,263533,First Payment,Rural Development Agency,SYNTHETIC_PROTOTYPE
PAY-0432-4,MPLADS-SYN-0432,2026-03-28,220184,Final Payment,Rural Development Agency,SYNTHETIC_PROTOTYPE
PAY-0432-5,MPLADS-SYN-0432,2026-04-17,406606,Final Payment,Rural Development Agency,SYNTHETIC_PROTOTYPE
PAY-0433-1,MPLADS-SYN-0433,2026-08-06,229177,Running Bill,Public Works Department,SYNTHETIC_PROTOTYPE
PAY-0433-2,MPLADS-SYN-0433,2026-03-30,703623,Running Bill,Public Works Department,SYNTHETIC_PROTOTYPE
PAY-0434-1,MPLADS-SYN-0434,2026-12-01,90188,First Payment,Public Works Department,SYNTHETIC_PROTOTYPE
PAY-0434-2,MPLADS-SYN-0434,2026-11-23,382312,Milestone Payment,Public Works Department,SYNTHETIC_PROTOTYPE
PAY-0435-1,MPLADS-SYN-0435,2026-03-04,627742,Final Payment,Municipal Council,SYNTHETIC_PROTOTYPE
PAY-0435-2,MPLADS-SYN-0435,2026-03-15,259790,Milestone Payment,Municipal Council,SYNTHETIC_PROTOTYPE
PAY-0435-3,MPLADS-SYN-0435,2026-04-14,281908,Milestone Payment,Municipal Council,SYNTHETIC_PROTOTYPE
PAY-0435-4,MPLADS-SYN-0435,2026-04-02,603116,Running Bill,Municipal Council,SYNTHETIC_PROTOTYPE
PAY-0436-1,MPLADS-SYN-0436,2026-10-19,96111,Final Payment,Education Department,SYNTHETIC_PROTOTYPE
PAY-0436-2,MPLADS-SYN-0436,2026-09-27,106380,First Payment,Education Department,SYNTHETIC_PROTOTYPE
PAY-0436-3,MPLADS-SYN-0436,2026-10-11,111808,Running Bill,Education Department,SYNTHETIC_PROTOTYPE
PAY-0436-4,MPLADS-SYN-0436,2026-10-20,273101,Final Payment,Education Department,SYNTHETIC_PROTOTYPE
PAY-0437-1,MPLADS-SYN-0437,2026-08-28,296239,Milestone Payment,Municipal Council,SYNTHETIC_PROTOTYPE
PAY-0437-2,MPLADS-SYN-0437,2026-08-13,149022,Milestone Payment,Municipal Council,SYNTHETIC_PROTOTYPE
PAY-0437-3,MPLADS-SYN-0437,2026-08-29,65156,Running Bill,Municipal Council,SYNTHETIC_PROTOTYPE
PAY-0437-4,MPLADS-SYN-0437,2026-07-11,309267,Running Bill,Municipal Council,SYNTHETIC_PROTOTYPE
PAY-0438-1,MPLADS-SYN-0438,2026-04-06,55605,Running Bill,Zilla Parishad,SYNTHETIC_PROTOTYPE
PAY-0438-2,MPLADS-SYN-0438,2026-03-30,148948,Milestone Payment,Zilla Parishad,SYNTHETIC_PROTOTYPE
PAY-0439-1,MPLADS-SYN-0439,2026-11-30,183850,First Payment,Zilla Parishad,SYNTHETIC_PROTOTYPE
PAY-0439-2,MPLADS-SYN-0439,2027-02-01,116727,Milestone Payment,Zilla Parishad,SYNTHETIC_PROTOTYPE
PAY-0439-3,MPLADS-SYN-0439,2027-01-15,155223,First Payment,Zilla Parishad,SYNTHETIC_PROTOTYPE
PAY-0440-1,MPLADS-SYN-0440,2026-04-19,88779,Final Payment,Public Works Department,SYNTHETIC_PROTOTYPE
PAY-0440-2,MPLADS-SYN-0440,2026-02-01,63165,Final Payment,Public Works Department,SYNTHETIC_PROTOTYPE
PAY-0440-3,MPLADS-SYN-0440,2026-06-11,134283,First Payment,Public Works Department,SYNTHETIC_PROTOTYPE
PAY-0440-4,MPLADS-SYN-0440,2026-01-21,171513,Final Payment,Public Works Department,SYNTHETIC_PROTOTYPE
PAY-0441-1,MPLADS-SYN-0441,2026-04-11,195745,Final Payment,Municipal Council,SYNTHETIC_PROTOTYPE
PAY-0441-2,MPLADS-SYN-0441,2026-05-20,63147,Milestone Payment,Municipal Council,SYNTHETIC_PROTOTYPE
PAY-0441-3,MPLADS-SYN-0441,2026-05-22,52617,Running Bill,Municipal Council,SYNTHETIC_PROTOTYPE
PAY-0441-4,MPLADS-SYN-0441,2026-05-08,179657,First Payment,Municipal Council,SYNTHETIC_PROTOTYPE
PAY-0442-1,MPLADS-SYN-0442,2026-02-20,52280,First Payment,Education Department,SYNTHETIC_PROTOTYPE
PAY-0442-2,MPLADS-SYN-0442,2026-03-09,215220,Final Payment,Education Department,SYNTHETIC_PROTOTYPE
PAY-0443-1,MPLADS-SYN-0443,2026-08-05,199133,First Payment,Zilla Parishad,SYNTHETIC_PROTOTYPE
PAY-0443-2,MPLADS-SYN-0443,2026-09-14,356376,First Payment,Zilla Parishad,SYNTHETIC_PROTOTYPE
PAY-0444-1,MPLADS-SYN-0444,2026-08-22,42701,First Payment,District Health Office,SYNTHETIC_PROTOTYPE
PAY-0444-2,MPLADS-SYN-0444,2026-07-09,45112,First Payment,District Health Office,SYNTHETIC_PROTOTYPE
PAY-0444-3,MPLADS-SYN-0444,2026-09-07,45489,Milestone Payment,District Health Office,SYNTHETIC_PROTOTYPE
PAY-0444-4,MPLADS-SYN-0444,2026-06-29,33989,Running Bill,District Health Office,SYNTHETIC_PROTOTYPE
PAY-0444-5,MPLADS-SYN-0444,2026-03-16,45959,Final Payment,District Health Office,SYNTHETIC_PROTOTYPE
PAY-0445-1,MPLADS-SYN-0445,2026-09-18,997889,First Payment,Municipal Council,SYNTHETIC_PROTOTYPE
PAY-0445-2,MPLADS-SYN-0445,2026-09-08,227052,Running Bill,Municipal Council,SYNTHETIC_PROTOTYPE
PAY-0445-3,MPLADS-SYN-0445,2026-09-29,1110034,First Payment,Municipal Council,SYNTHETIC_PROTOTYPE
PAY-0446-1,MPLADS-SYN-0446,2026-09-09,82708,Milestone Payment,Municipal Council,SYNTHETIC_PROTOTYPE
PAY-0446-2,MPLADS-SYN-0446,2026-10-24,150500,Final Payment,Municipal Council,SYNTHETIC_PROTOTYPE
PAY-0447-1,MPLADS-SYN-0447,2026-06-08,122098,Running Bill,Education Department,SYNTHETIC_PROTOTYPE
PAY-0447-2,MPLADS-SYN-0447,2026-04-20,111872,Final Payment,Education Department,SYNTHETIC_PROTOTYPE
PAY-0447-3,MPLADS-SYN-0447,2026-02-27,147293,First Payment,Education Department,SYNTHETIC_PROTOTYPE
PAY-0448-1,MPLADS-SYN-0448,2026-05-17,256759,Final Payment,Rural Development Agency,SYNTHETIC_PROTOTYPE
PAY-0448-2,MPLADS-SYN-0448,2026-04-18,151648,Running Bill,Rural Development Agency,SYNTHETIC_PROTOTYPE
PAY-0448-3,MPLADS-SYN-0448,2026-06-07,244757,Running Bill,Rural Development Agency,SYNTHETIC_PROTOTYPE
PAY-0448-4,MPLADS-SYN-0448,2026-03-31,101176,First Payment,Rural Development Agency,SYNTHETIC_PROTOTYPE
PAY-0448-5,MPLADS-SYN-0448,2026-05-15,259972,Running Bill,Rural Development Agency,SYNTHETIC_PROTOTYPE
PAY-0449-1,MPLADS-SYN-0449,2026-03-16,286552,Milestone Payment,District Health Office,SYNTHETIC_PROTOTYPE
PAY-0449-2,MPLADS-SYN-0449,2026-05-01,130711,Running Bill,District Health Office,SYNTHETIC_PROTOTYPE
PAY-0449-3,MPLADS-SYN-0449,2026-04-04,52788,Running Bill,District Health Office,SYNTHETIC_PROTOTYPE
PAY-0449-4,MPLADS-SYN-0449,2026-02-05,189949,Running Bill,District Health Office,SYNTHETIC_PROTOTYPE
PAY-0450-1,MPLADS-SYN-0450,2026-09-08,352262,Final Payment,District Health Office,SYNTHETIC_PROTOTYPE
PAY-0450-2,MPLADS-SYN-0450,2026-11-02,95820,Running Bill,District Health Office,SYNTHETIC_PROTOTYPE
PAY-0450-3,MPLADS-SYN-0450,2026-11-18,61657,Milestone Payment,District Health Office,SYNTHETIC_PROTOTYPE
PAY-0450-4,MPLADS-SYN-0450,2027-01-07,76535,First Payment,District Health Office,SYNTHETIC_PROTOTYPE
PAY-0450-5,MPLADS-SYN-0450,2027-01-16,216726,Milestone Payment,District Health Office,SYNTHETIC_PROTOTYPE
PAY-0451-1,MPLADS-SYN-0451,2026-06-23,427336,Running Bill,Education Department,SYNTHETIC_PROTOTYPE
PAY-0451-2,MPLADS-SYN-0451,2026-05-22,251605,Final Payment,Education Department,SYNTHETIC_PROTOTYPE
PAY-0451-3,MPLADS-SYN-0451,2026-06-12,139746,Final Payment,Education Department,SYNTHETIC_PROTOTYPE
PAY-0451-4,MPLADS-SYN-0451,2026-06-12,297001,First Payment,Education Department,SYNTHETIC_PROTOTYPE
PAY-0452-1,MPLADS-SYN-0452,2026-09-23,219628,First Payment,Municipal Corporation,SYNTHETIC_PROTOTYPE
PAY-0452-2,MPLADS-SYN-0452,2026-11-26,298568,Milestone Payment,Municipal Corporation,SYNTHETIC_PROTOTYPE
PAY-0452-3,MPLADS-SYN-0452,2026-09-19,221440,Running Bill,Municipal Corporation,SYNTHETIC_PROTOTYPE
PAY-0452-4,MPLADS-SYN-0452,2026-12-09,132877,Final Payment,Municipal Corporation,SYNTHETIC_PROTOTYPE
PAY-0452-5,MPLADS-SYN-0452,2026-09-15,182387,Final Payment,Municipal Corporation,SYNTHETIC_PROTOTYPE
PAY-0453-1,MPLADS-SYN-0453,2026-08-18,226783,First Payment,District Health Office,SYNTHETIC_PROTOTYPE
PAY-0453-2,MPLADS-SYN-0453,2027-01-03,457817,Running Bill,District Health Office,SYNTHETIC_PROTOTYPE
PAY-0454-1,MPLADS-SYN-0454,2026-11-19,252868,Final Payment,District Health Office,SYNTHETIC_PROTOTYPE
PAY-0454-2,MPLADS-SYN-0454,2026-10-13,510352,Milestone Payment,District Health Office,SYNTHETIC_PROTOTYPE
PAY-0454-3,MPLADS-SYN-0454,2026-10-14,917780,Running Bill,District Health Office,SYNTHETIC_PROTOTYPE
PAY-0455-1,MPLADS-SYN-0455,2026-07-11,248410,Final Payment,Municipal Council,SYNTHETIC_PROTOTYPE
PAY-0455-2,MPLADS-SYN-0455,2026-05-13,317320,Milestone Payment,Municipal Council,SYNTHETIC_PROTOTYPE
PAY-0456-1,MPLADS-SYN-0456,2026-03-03,542585,Final Payment,Public Works Department,SYNTHETIC_PROTOTYPE
PAY-0456-2,MPLADS-SYN-0456,2026-03-03,749084,First Payment,Public Works Department,SYNTHETIC_PROTOTYPE
PAY-0457-1,MPLADS-SYN-0457,2026-07-09,114237,Final Payment,Public Works Department,SYNTHETIC_PROTOTYPE
PAY-0457-2,MPLADS-SYN-0457,2026-06-09,353663,Milestone Payment,Public Works Department,SYNTHETIC_PROTOTYPE
PAY-0458-1,MPLADS-SYN-0458,2026-10-10,211745,Running Bill,Zilla Parishad,SYNTHETIC_PROTOTYPE
PAY-0458-2,MPLADS-SYN-0458,2026-06-24,724826,First Payment,Zilla Parishad,SYNTHETIC_PROTOTYPE
PAY-0459-1,MPLADS-SYN-0459,2026-08-01,216743,Final Payment,District Health Office,SYNTHETIC_PROTOTYPE
PAY-0459-2,MPLADS-SYN-0459,2027-01-19,174290,Final Payment,District Health Office,SYNTHETIC_PROTOTYPE
PAY-0459-3,MPLADS-SYN-0459,2026-11-09,77150,Milestone Payment,District Health Office,SYNTHETIC_PROTOTYPE
PAY-0459-4,MPLADS-SYN-0459,2027-01-04,32449,Running Bill,District Health Office,SYNTHETIC_PROTOTYPE
PAY-0459-5,MPLADS-SYN-0459,2027-01-02,114268,Milestone Payment,District Health Office,SYNTHETIC_PROTOTYPE
PAY-0460-1,MPLADS-SYN-0460,2026-04-25,126705,Final Payment,Education Department,SYNTHETIC_PROTOTYPE
PAY-0460-2,MPLADS-SYN-0460,2026-04-27,107351,Final Payment,Education Department,SYNTHETIC_PROTOTYPE
PAY-0460-3,MPLADS-SYN-0460,2026-03-12,123765,Final Payment,Education Department,SYNTHETIC_PROTOTYPE
PAY-0460-4,MPLADS-SYN-0460,2026-04-19,65578,Milestone Payment,Education Department,SYNTHETIC_PROTOTYPE
PAY-0460-5,MPLADS-SYN-0460,2026-04-24,100501,First Payment,Education Department,SYNTHETIC_PROTOTYPE
PAY-0461-1,MPLADS-SYN-0461,2026-08-14,100607,First Payment,Rural Development Agency,SYNTHETIC_PROTOTYPE
PAY-0461-2,MPLADS-SYN-0461,2026-11-19,106098,Milestone Payment,Rural Development Agency,SYNTHETIC_PROTOTYPE
PAY-0461-3,MPLADS-SYN-0461,2026-10-27,155231,Milestone Payment,Rural Development Agency,SYNTHETIC_PROTOTYPE
PAY-0462-1,MPLADS-SYN-0462,2026-03-04,145434,Milestone Payment,Rural Development Agency,SYNTHETIC_PROTOTYPE
PAY-0462-2,MPLADS-SYN-0462,2026-03-24,181556,Final Payment,Rural Development Agency,SYNTHETIC_PROTOTYPE
PAY-0462-3,MPLADS-SYN-0462,2026-08-24,423327,Running Bill,Rural Development Agency,SYNTHETIC_PROTOTYPE
PAY-0463-1,MPLADS-SYN-0463,2026-08-20,163554,Milestone Payment,Municipal Council,SYNTHETIC_PROTOTYPE
PAY-0463-2,MPLADS-SYN-0463,2026-09-19,568791,Final Payment,Municipal Council,SYNTHETIC_PROTOTYPE
PAY-0464-1,MPLADS-SYN-0464,2026-06-21,283790,Milestone Payment,Education Department,SYNTHETIC_PROTOTYPE
PAY-0464-2,MPLADS-SYN-0464,2026-08-13,220599,Final Payment,Education Department,SYNTHETIC_PROTOTYPE
PAY-0464-3,MPLADS-SYN-0464,2026-05-22,85331,Running Bill,Education Department,SYNTHETIC_PROTOTYPE
PAY-0464-4,MPLADS-SYN-0464,2026-09-19,309019,Milestone Payment,Education Department,SYNTHETIC_PROTOTYPE
PAY-0465-1,MPLADS-SYN-0465,2027-01-04,336018,Final Payment,Public Works Department,SYNTHETIC_PROTOTYPE
PAY-0465-2,MPLADS-SYN-0465,2026-11-14,640809,First Payment,Public Works Department,SYNTHETIC_PROTOTYPE
PAY-0466-1,MPLADS-SYN-0466,2026-06-20,430466,Running Bill,Municipal Council,SYNTHETIC_PROTOTYPE
PAY-0466-2,MPLADS-SYN-0466,2026-05-26,191466,Running Bill,Municipal Council,SYNTHETIC_PROTOTYPE
PAY-0466-3,MPLADS-SYN-0466,2026-07-13,111894,Milestone Payment,Municipal Council,SYNTHETIC_PROTOTYPE
PAY-0466-4,MPLADS-SYN-0466,2026-09-13,164221,First Payment,Municipal Council,SYNTHETIC_PROTOTYPE
PAY-0466-5,MPLADS-SYN-0466,2026-06-24,438453,Final Payment,Municipal Council,SYNTHETIC_PROTOTYPE
PAY-0467-1,MPLADS-SYN-0467,2026-07-12,146866,First Payment,Zilla Parishad,SYNTHETIC_PROTOTYPE
PAY-0467-2,MPLADS-SYN-0467,2026-08-26,132654,Final Payment,Zilla Parishad,SYNTHETIC_PROTOTYPE
PAY-0467-3,MPLADS-SYN-0467,2026-06-28,338080,Final Payment,Zilla Parishad,SYNTHETIC_PROTOTYPE
PAY-0468-1,MPLADS-SYN-0468,2026-12-17,289532,Running Bill,District Health Office,SYNTHETIC_PROTOTYPE
PAY-0468-2,MPLADS-SYN-0468,2026-12-08,127610,First Payment,District Health Office,SYNTHETIC_PROTOTYPE
PAY-0468-3,MPLADS-SYN-0468,2027-03-06,249758,Running Bill,District Health Office,SYNTHETIC_PROTOTYPE
PAY-0469-1,MPLADS-SYN-0469,2026-03-06,178652,Final Payment,Education Department,SYNTHETIC_PROTOTYPE
PAY-0469-2,MPLADS-SYN-0469,2026-04-26,706648,Final Payment,Education Department,SYNTHETIC_PROTOTYPE
PAY-0470-1,MPLADS-SYN-0470,2026-04-27,111885,First Payment,Public Works Department,SYNTHETIC_PROTOTYPE
PAY-0470-2,MPLADS-SYN-0470,2026-05-26,246551,Final Payment,Public Works Department,SYNTHETIC_PROTOTYPE
PAY-0470-3,MPLADS-SYN-0470,2026-05-30,135834,Milestone Payment,Public Works Department,SYNTHETIC_PROTOTYPE
PAY-0470-4,MPLADS-SYN-0470,2026-06-05,38023,Milestone Payment,Public Works Department,SYNTHETIC_PROTOTYPE
PAY-0470-5,MPLADS-SYN-0470,2026-04-29,183804,Final Payment,Public Works Department,SYNTHETIC_PROTOTYPE
PAY-0471-1,MPLADS-SYN-0471,2026-11-16,93107,Final Payment,Municipal Council,SYNTHETIC_PROTOTYPE
PAY-0471-2,MPLADS-SYN-0471,2026-10-03,88333,Milestone Payment,Municipal Council,SYNTHETIC_PROTOTYPE
PAY-0471-3,MPLADS-SYN-0471,2026-12-06,78696,Running Bill,Municipal Council,SYNTHETIC_PROTOTYPE
PAY-0471-4,MPLADS-SYN-0471,2026-12-15,242854,Running Bill,Municipal Council,SYNTHETIC_PROTOTYPE
PAY-0472-1,MPLADS-SYN-0472,2026-07-07,162128,First Payment,District Health Office,SYNTHETIC_PROTOTYPE
PAY-0472-2,MPLADS-SYN-0472,2026-07-13,636402,First Payment,District Health Office,SYNTHETIC_PROTOTYPE
PAY-0473-1,MPLADS-SYN-0473,2026-08-09,445462,Milestone Payment,Education Department,SYNTHETIC_PROTOTYPE
PAY-0473-2,MPLADS-SYN-0473,2026-08-13,592874,Final Payment,Education Department,SYNTHETIC_PROTOTYPE
PAY-0473-3,MPLADS-SYN-0473,2026-08-14,224208,Milestone Payment,Education Department,SYNTHETIC_PROTOTYPE
PAY-0473-4,MPLADS-SYN-0473,2026-07-27,279920,Final Payment,Education Department,SYNTHETIC_PROTOTYPE
PAY-0473-5,MPLADS-SYN-0473,2026-09-04,451858,Running Bill,Education Department,SYNTHETIC_PROTOTYPE
PAY-0474-1,MPLADS-SYN-0474,2026-04-18,194312,Running Bill,Public Works Department,SYNTHETIC_PROTOTYPE
PAY-0474-2,MPLADS-SYN-0474,2026-02-26,368088,First Payment,Public Works Department,SYNTHETIC_PROTOTYPE
PAY-0475-1,MPLADS-SYN-0475,2026-05-28,230254,Final Payment,District Health Office,SYNTHETIC_PROTOTYPE
PAY-0475-2,MPLADS-SYN-0475,2026-05-13,124370,Final Payment,District Health Office,SYNTHETIC_PROTOTYPE
PAY-0475-3,MPLADS-SYN-0475,2026-04-28,215021,Running Bill,District Health Office,SYNTHETIC_PROTOTYPE
PAY-0475-4,MPLADS-SYN-0475,2026-04-27,114877,Final Payment,District Health Office,SYNTHETIC_PROTOTYPE
PAY-0475-5,MPLADS-SYN-0475,2026-05-27,170071,Running Bill,District Health Office,SYNTHETIC_PROTOTYPE
PAY-0476-1,MPLADS-SYN-0476,2026-08-13,645779,Final Payment,Zilla Parishad,SYNTHETIC_PROTOTYPE
PAY-0476-2,MPLADS-SYN-0476,2026-08-02,270923,Final Payment,Zilla Parishad,SYNTHETIC_PROTOTYPE
PAY-0476-3,MPLADS-SYN-0476,2026-11-28,358763,Final Payment,Zilla Parishad,SYNTHETIC_PROTOTYPE
PAY-0476-4,MPLADS-SYN-0476,2026-08-08,123405,Final Payment,Zilla Parishad,SYNTHETIC_PROTOTYPE
PAY-0476-5,MPLADS-SYN-0476,2026-10-30,341062,Running Bill,Zilla Parishad,SYNTHETIC_PROTOTYPE
PAY-0477-1,MPLADS-SYN-0477,2026-07-15,271613,Running Bill,Municipal Corporation,SYNTHETIC_PROTOTYPE
PAY-0477-2,MPLADS-SYN-0477,2026-06-24,172871,Milestone Payment,Municipal Corporation,SYNTHETIC_PROTOTYPE
PAY-0477-3,MPLADS-SYN-0477,2026-10-05,179306,First Payment,Municipal Corporation,SYNTHETIC_PROTOTYPE
PAY-0477-4,MPLADS-SYN-0477,2026-11-09,331031,Final Payment,Municipal Corporation,SYNTHETIC_PROTOTYPE
PAY-0478-1,MPLADS-SYN-0478,2026-09-08,486821,Running Bill,Public Works Department,SYNTHETIC_PROTOTYPE
PAY-0478-2,MPLADS-SYN-0478,2026-09-07,511812,Milestone Payment,Public Works Department,SYNTHETIC_PROTOTYPE
PAY-0478-3,MPLADS-SYN-0478,2026-10-08,349712,First Payment,Public Works Department,SYNTHETIC_PROTOTYPE
PAY-0478-4,MPLADS-SYN-0478,2026-08-18,1300829,Milestone Payment,Public Works Department,SYNTHETIC_PROTOTYPE
PAY-0479-1,MPLADS-SYN-0479,2026-01-26,250080,Milestone Payment,Rural Development Agency,SYNTHETIC_PROTOTYPE
PAY-0479-2,MPLADS-SYN-0479,2026-06-03,104987,Running Bill,Rural Development Agency,SYNTHETIC_PROTOTYPE
PAY-0479-3,MPLADS-SYN-0479,2026-06-17,251218,Final Payment,Rural Development Agency,SYNTHETIC_PROTOTYPE
PAY-0480-1,MPLADS-SYN-0480,2026-02-14,155383,Final Payment,Rural Development Agency,SYNTHETIC_PROTOTYPE
PAY-0480-2,MPLADS-SYN-0480,2026-02-05,169828,First Payment,Rural Development Agency,SYNTHETIC_PROTOTYPE
PAY-0480-3,MPLADS-SYN-0480,2026-03-14,71289,Final Payment,Rural Development Agency,SYNTHETIC_PROTOTYPE
PAY-0480-4,MPLADS-SYN-0480,2026-02-09,159239,First Payment,Rural Development Agency,SYNTHETIC_PROTOTYPE
PAY-0481-1,MPLADS-SYN-0481,2026-02-27,146185,Milestone Payment,District Health Office,SYNTHETIC_PROTOTYPE
PAY-0481-2,MPLADS-SYN-0481,2026-03-09,89777,Running Bill,District Health Office,SYNTHETIC_PROTOTYPE
PAY-0481-3,MPLADS-SYN-0481,2026-03-10,51429,First Payment,District Health Office,SYNTHETIC_PROTOTYPE
PAY-0481-4,MPLADS-SYN-0481,2026-04-17,22526,Running Bill,District Health Office,SYNTHETIC_PROTOTYPE
PAY-0481-5,MPLADS-SYN-0481,2026-03-19,45183,Milestone Payment,District Health Office,SYNTHETIC_PROTOTYPE
PAY-0482-1,MPLADS-SYN-0482,2026-08-05,153313,Running Bill,Zilla Parishad,SYNTHETIC_PROTOTYPE
PAY-0482-2,MPLADS-SYN-0482,2026-06-26,183684,Final Payment,Zilla Parishad,SYNTHETIC_PROTOTYPE
PAY-0482-3,MPLADS-SYN-0482,2026-08-04,70286,Milestone Payment,Zilla Parishad,SYNTHETIC_PROTOTYPE
PAY-0482-4,MPLADS-SYN-0482,2026-07-06,88985,Running Bill,Zilla Parishad,SYNTHETIC_PROTOTYPE
PAY-0482-5,MPLADS-SYN-0482,2026-07-16,197306,Milestone Payment,Zilla Parishad,SYNTHETIC_PROTOTYPE
PAY-0483-1,MPLADS-SYN-0483,2026-05-31,410375,Running Bill,Municipal Corporation,SYNTHETIC_PROTOTYPE
PAY-0483-2,MPLADS-SYN-0483,2026-04-04,375884,Milestone Payment,Municipal Corporation,SYNTHETIC_PROTOTYPE
PAY-0483-3,MPLADS-SYN-0483,2026-05-13,305937,First Payment,Municipal Corporation,SYNTHETIC_PROTOTYPE
PAY-0483-4,MPLADS-SYN-0483,2026-06-25,312321,First Payment,Municipal Corporation,SYNTHETIC_PROTOTYPE
PAY-0483-5,MPLADS-SYN-0483,2026-05-29,468521,Milestone Payment,Municipal Corporation,SYNTHETIC_PROTOTYPE
PAY-0484-1,MPLADS-SYN-0484,2026-08-07,141284,First Payment,Municipal Council,SYNTHETIC_PROTOTYPE
PAY-0484-2,MPLADS-SYN-0484,2026-09-06,73054,Running Bill,Municipal Council,SYNTHETIC_PROTOTYPE
PAY-0484-3,MPLADS-SYN-0484,2026-07-21,58030,Milestone Payment,Municipal Council,SYNTHETIC_PROTOTYPE
PAY-0484-4,MPLADS-SYN-0484,2026-09-07,36605,Milestone Payment,Municipal Council,SYNTHETIC_PROTOTYPE
PAY-0484-5,MPLADS-SYN-0484,2026-09-03,142427,Milestone Payment,Municipal Council,SYNTHETIC_PROTOTYPE
PAY-0485-1,MPLADS-SYN-0485,2027-01-08,100925,Milestone Payment,Public Works Department,SYNTHETIC_PROTOTYPE
PAY-0485-2,MPLADS-SYN-0485,2026-12-25,448629,Running Bill,Public Works Department,SYNTHETIC_PROTOTYPE
PAY-0486-1,MPLADS-SYN-0486,2026-08-25,264386,First Payment,Public Works Department,SYNTHETIC_PROTOTYPE
PAY-0486-2,MPLADS-SYN-0486,2026-05-29,139084,Running Bill,Public Works Department,SYNTHETIC_PROTOTYPE
PAY-0486-3,MPLADS-SYN-0486,2026-06-10,206230,First Payment,Public Works Department,SYNTHETIC_PROTOTYPE
PAY-0487-1,MPLADS-SYN-0487,2026-06-17,74183,First Payment,Zilla Parishad,SYNTHETIC_PROTOTYPE
PAY-0487-2,MPLADS-SYN-0487,2026-09-21,39887,First Payment,Zilla Parishad,SYNTHETIC_PROTOTYPE
PAY-0487-3,MPLADS-SYN-0487,2026-08-13,19401,First Payment,Zilla Parishad,SYNTHETIC_PROTOTYPE
PAY-0487-4,MPLADS-SYN-0487,2026-05-24,64037,Running Bill,Zilla Parishad,SYNTHETIC_PROTOTYPE
PAY-0488-1,MPLADS-SYN-0488,2026-07-03,217496,First Payment,District Health Office,SYNTHETIC_PROTOTYPE
PAY-0488-2,MPLADS-SYN-0488,2026-10-27,77640,Running Bill,District Health Office,SYNTHETIC_PROTOTYPE
PAY-0488-3,MPLADS-SYN-0488,2026-11-06,268064,Final Payment,District Health Office,SYNTHETIC_PROTOTYPE
PAY-0489-1,MPLADS-SYN-0489,2026-04-15,258703,Milestone Payment,Rural Development Agency,SYNTHETIC_PROTOTYPE
PAY-0489-2,MPLADS-SYN-0489,2026-06-07,122089,First Payment,Rural Development Agency,SYNTHETIC_PROTOTYPE
PAY-0489-3,MPLADS-SYN-0489,2026-06-08,154050,Milestone Payment,Rural Development Agency,SYNTHETIC_PROTOTYPE
PAY-0489-4,MPLADS-SYN-0489,2026-06-24,85340,Final Payment,Rural Development Agency,SYNTHETIC_PROTOTYPE
PAY-0489-5,MPLADS-SYN-0489,2026-03-31,186994,Milestone Payment,Rural Development Agency,SYNTHETIC_PROTOTYPE
PAY-0490-1,MPLADS-SYN-0490,2026-08-04,179510,Running Bill,Rural Development Agency,SYNTHETIC_PROTOTYPE
PAY-0490-2,MPLADS-SYN-0490,2026-08-27,114034,First Payment,Rural Development Agency,SYNTHETIC_PROTOTYPE
PAY-0490-3,MPLADS-SYN-0490,2026-07-24,95873,Milestone Payment,Rural Development Agency,SYNTHETIC_PROTOTYPE
PAY-0490-4,MPLADS-SYN-0490,2026-08-13,45762,First Payment,Rural Development Agency,SYNTHETIC_PROTOTYPE
PAY-0490-5,MPLADS-SYN-0490,2026-06-26,222470,First Payment,Rural Development Agency,SYNTHETIC_PROTOTYPE
PAY-0491-1,MPLADS-SYN-0491,2026-04-11,50327,First Payment,Public Works Department,SYNTHETIC_PROTOTYPE
PAY-0491-2,MPLADS-SYN-0491,2026-04-27,28481,Running Bill,Public Works Department,SYNTHETIC_PROTOTYPE
PAY-0491-3,MPLADS-SYN-0491,2026-03-11,20897,First Payment,Public Works Department,SYNTHETIC_PROTOTYPE
PAY-0491-4,MPLADS-SYN-0491,2026-04-26,42895,Final Payment,Public Works Department,SYNTHETIC_PROTOTYPE
PAY-0492-1,MPLADS-SYN-0492,2026-10-11,354790,Milestone Payment,Education Department,SYNTHETIC_PROTOTYPE
PAY-0492-2,MPLADS-SYN-0492,2026-07-13,562810,Running Bill,Education Department,SYNTHETIC_PROTOTYPE
PAY-0493-1,MPLADS-SYN-0493,2026-05-22,531528,Running Bill,Zilla Parishad,SYNTHETIC_PROTOTYPE
PAY-0493-2,MPLADS-SYN-0493,2026-06-12,712836,First Payment,Zilla Parishad,SYNTHETIC_PROTOTYPE
PAY-0494-1,MPLADS-SYN-0494,2026-08-21,331805,Milestone Payment,Municipal Council,SYNTHETIC_PROTOTYPE
PAY-0494-2,MPLADS-SYN-0494,2026-10-08,560048,Final Payment,Municipal Council,SYNTHETIC_PROTOTYPE
PAY-0494-3,MPLADS-SYN-0494,2026-06-28,170612,Milestone Payment,Municipal Council,SYNTHETIC_PROTOTYPE
PAY-0494-4,MPLADS-SYN-0494,2026-09-17,110381,Milestone Payment,Municipal Council,SYNTHETIC_PROTOTYPE
PAY-0494-5,MPLADS-SYN-0494,2026-06-19,526047,Running Bill,Municipal Council,SYNTHETIC_PROTOTYPE
PAY-0495-1,MPLADS-SYN-0495,2026-08-23,30333,Running Bill,Zilla Parishad,SYNTHETIC_PROTOTYPE
PAY-0495-2,MPLADS-SYN-0495,2026-10-09,40107,First Payment,Zilla Parishad,SYNTHETIC_PROTOTYPE
PAY-0495-3,MPLADS-SYN-0495,2026-05-25,106925,Milestone Payment,Zilla Parishad,SYNTHETIC_PROTOTYPE
PAY-0496-1,MPLADS-SYN-0496,2026-04-08,273146,First Payment,Rural Development Agency,SYNTHETIC_PROTOTYPE
PAY-0496-2,MPLADS-SYN-0496,2026-02-24,206412,Running Bill,Rural Development Agency,SYNTHETIC_PROTOTYPE
PAY-0496-3,MPLADS-SYN-0496,2026-02-21,79369,Final Payment,Rural Development Agency,SYNTHETIC_PROTOTYPE
PAY-0496-4,MPLADS-SYN-0496,2026-04-11,173283,First Payment,Rural Development Agency,SYNTHETIC_PROTOTYPE
PAY-0497-1,MPLADS-SYN-0497,2026-09-29,306416,Milestone Payment,Municipal Council,SYNTHETIC_PROTOTYPE
PAY-0497-2,MPLADS-SYN-0497,2026-08-08,196523,Running Bill,Municipal Council,SYNTHETIC_PROTOTYPE
PAY-0497-3,MPLADS-SYN-0497,2026-09-09,606461,Final Payment,Municipal Council,SYNTHETIC_PROTOTYPE
PAY-0498-1,MPLADS-SYN-0498,2026-03-08,142861,First Payment,Education Department,SYNTHETIC_PROTOTYPE
PAY-0498-2,MPLADS-SYN-0498,2026-04-30,119625,Milestone Payment,Education Department,SYNTHETIC_PROTOTYPE
PAY-0498-3,MPLADS-SYN-0498,2026-02-27,80046,Running Bill,Education Department,SYNTHETIC_PROTOTYPE
PAY-0498-4,MPLADS-SYN-0498,2026-08-08,56017,First Payment,Education Department,SYNTHETIC_PROTOTYPE
PAY-0498-5,MPLADS-SYN-0498,2026-07-15,142983,First Payment,Education Department,SYNTHETIC_PROTOTYPE
PAY-0499-1,MPLADS-SYN-0499,2026-06-09,170823,Running Bill,District Health Office,SYNTHETIC_PROTOTYPE
PAY-0499-2,MPLADS-SYN-0499,2026-04-25,205677,Running Bill,District Health Office,SYNTHETIC_PROTOTYPE
PAY-0499-3,MPLADS-SYN-0499,2026-06-04,60926,Running Bill,District Health Office,SYNTHETIC_PROTOTYPE
PAY-0499-4,MPLADS-SYN-0499,2026-10-30,297942,Final Payment,District Health Office,SYNTHETIC_PROTOTYPE
PAY-0500-1,MPLADS-SYN-0500,2026-08-04,120972,Final Payment,District Health Office,SYNTHETIC_PROTOTYPE
PAY-0500-2,MPLADS-SYN-0500,2026-09-14,38813,Final Payment,District Health Office,SYNTHETIC_PROTOTYPE
PAY-0500-3,MPLADS-SYN-0500,2026-10-20,145608,First Payment,District Health Office,SYNTHETIC_PROTOTYPE
PAY-0501-1,MPLADS-SYN-0501,2026-04-05,202596,Running Bill,Education Department,SYNTHETIC_PROTOTYPE
PAY-0501-2,MPLADS-SYN-0501,2026-03-31,137076,Running Bill,Education Department,SYNTHETIC_PROTOTYPE
PAY-0501-3,MPLADS-SYN-0501,2026-02-28,99757,Milestone Payment,Education Department,SYNTHETIC_PROTOTYPE
PAY-0501-4,MPLADS-SYN-0501,2026-06-30,126024,First Payment,Education Department,SYNTHETIC_PROTOTYPE
PAY-0502-1,MPLADS-SYN-0502,2026-02-27,309870,First Payment,Municipal Council,SYNTHETIC_PROTOTYPE
PAY-0502-2,MPLADS-SYN-0502,2026-02-24,389434,Running Bill,Municipal Council,SYNTHETIC_PROTOTYPE
PAY-0502-3,MPLADS-SYN-0502,2026-02-28,264942,Running Bill,Municipal Council,SYNTHETIC_PROTOTYPE
PAY-0502-4,MPLADS-SYN-0502,2026-02-03,177158,Running Bill,Municipal Council,SYNTHETIC_PROTOTYPE
PAY-0502-5,MPLADS-SYN-0502,2026-02-27,470644,Final Payment,Municipal Council,SYNTHETIC_PROTOTYPE
PAY-0503-1,MPLADS-SYN-0503,2026-09-09,173693,Running Bill,Rural Development Agency,SYNTHETIC_PROTOTYPE
PAY-0503-2,MPLADS-SYN-0503,2026-08-23,209125,Final Payment,Rural Development Agency,SYNTHETIC_PROTOTYPE
PAY-0503-3,MPLADS-SYN-0503,2026-07-18,443701,Milestone Payment,Rural Development Agency,SYNTHETIC_PROTOTYPE
PAY-0504-1,MPLADS-SYN-0504,2026-07-11,165360,Milestone Payment,Zilla Parishad,SYNTHETIC_PROTOTYPE
PAY-0504-2,MPLADS-SYN-0504,2026-06-27,85321,Milestone Payment,Zilla Parishad,SYNTHETIC_PROTOTYPE
PAY-0504-3,MPLADS-SYN-0504,2026-10-09,44407,Final Payment,Zilla Parishad,SYNTHETIC_PROTOTYPE
PAY-0504-4,MPLADS-SYN-0504,2026-09-01,27466,Running Bill,Zilla Parishad,SYNTHETIC_PROTOTYPE
PAY-0504-5,MPLADS-SYN-0504,2026-06-30,129556,Milestone Payment,Zilla Parishad,SYNTHETIC_PROTOTYPE
PAY-0505-1,MPLADS-SYN-0505,2026-07-28,274881,Milestone Payment,Zilla Parishad,SYNTHETIC_PROTOTYPE
PAY-0505-2,MPLADS-SYN-0505,2026-09-17,1432987,Final Payment,Zilla Parishad,SYNTHETIC_PROTOTYPE
PAY-0506-1,MPLADS-SYN-0506,2026-04-25,1035660,First Payment,Education Department,SYNTHETIC_PROTOTYPE
PAY-0506-2,MPLADS-SYN-0506,2026-04-15,517817,Running Bill,Education Department,SYNTHETIC_PROTOTYPE
PAY-0506-3,MPLADS-SYN-0506,2026-04-10,174278,Running Bill,Education Department,SYNTHETIC_PROTOTYPE
PAY-0506-4,MPLADS-SYN-0506,2026-03-30,237599,Milestone Payment,Education Department,SYNTHETIC_PROTOTYPE
PAY-0506-5,MPLADS-SYN-0506,2026-04-20,744147,Running Bill,Education Department,SYNTHETIC_PROTOTYPE
PAY-0507-1,MPLADS-SYN-0507,2026-02-24,306320,Final Payment,Municipal Council,SYNTHETIC_PROTOTYPE
PAY-0507-2,MPLADS-SYN-0507,2026-02-19,119114,Running Bill,Municipal Council,SYNTHETIC_PROTOTYPE
PAY-0507-3,MPLADS-SYN-0507,2026-03-04,599045,First Payment,Municipal Council,SYNTHETIC_PROTOTYPE
PAY-0508-1,MPLADS-SYN-0508,2026-04-09,302192,Milestone Payment,Education Department,SYNTHETIC_PROTOTYPE
PAY-0508-2,MPLADS-SYN-0508,2026-04-08,557318,Final Payment,Education Department,SYNTHETIC_PROTOTYPE
PAY-0508-3,MPLADS-SYN-0508,2026-02-28,326463,Milestone Payment,Education Department,SYNTHETIC_PROTOTYPE
PAY-0508-4,MPLADS-SYN-0508,2026-05-14,497018,First Payment,Education Department,SYNTHETIC_PROTOTYPE
PAY-0509-1,MPLADS-SYN-0509,2026-10-14,122761,Final Payment,Municipal Council,SYNTHETIC_PROTOTYPE
PAY-0509-2,MPLADS-SYN-0509,2026-09-27,50702,First Payment,Municipal Council,SYNTHETIC_PROTOTYPE
PAY-0509-3,MPLADS-SYN-0509,2026-09-30,174249,Running Bill,Municipal Council,SYNTHETIC_PROTOTYPE
PAY-0510-1,MPLADS-SYN-0510,2026-10-16,59368,Milestone Payment,Public Works Department,SYNTHETIC_PROTOTYPE
PAY-0510-2,MPLADS-SYN-0510,2026-10-20,34724,First Payment,Public Works Department,SYNTHETIC_PROTOTYPE
PAY-0510-3,MPLADS-SYN-0510,2026-10-13,25097,Milestone Payment,Public Works Department,SYNTHETIC_PROTOTYPE
PAY-0510-4,MPLADS-SYN-0510,2026-11-27,11724,First Payment,Public Works Department,SYNTHETIC_PROTOTYPE
PAY-0510-5,MPLADS-SYN-0510,2026-08-23,57291,Milestone Payment,Public Works Department,SYNTHETIC_PROTOTYPE
PAY-0511-1,MPLADS-SYN-0511,2026-02-14,249070,First Payment,Zilla Parishad,SYNTHETIC_PROTOTYPE
PAY-0511-2,MPLADS-SYN-0511,2026-01-30,88527,Final Payment,Zilla Parishad,SYNTHETIC_PROTOTYPE
PAY-0511-3,MPLADS-SYN-0511,2026-01-26,161746,First Payment,Zilla Parishad,SYNTHETIC_PROTOTYPE
PAY-0511-4,MPLADS-SYN-0511,2026-02-26,328089,Running Bill,Zilla Parishad,SYNTHETIC_PROTOTYPE
PAY-0512-1,MPLADS-SYN-0512,2026-08-13,61997,Milestone Payment,Municipal Corporation,SYNTHETIC_PROTOTYPE
PAY-0512-2,MPLADS-SYN-0512,2026-06-23,85003,Running Bill,Municipal Corporation,SYNTHETIC_PROTOTYPE
PAY-0513-1,MPLADS-SYN-0513,2026-08-26,192952,Milestone Payment,District Health Office,SYNTHETIC_PROTOTYPE
PAY-0513-2,MPLADS-SYN-0513,2026-09-20,316280,Running Bill,District Health Office,SYNTHETIC_PROTOTYPE
PAY-0513-3,MPLADS-SYN-0513,2026-06-04,154230,Running Bill,District Health Office,SYNTHETIC_PROTOTYPE
PAY-0513-4,MPLADS-SYN-0513,2026-08-09,66299,Milestone Payment,District Health Office,SYNTHETIC_PROTOTYPE
PAY-0513-5,MPLADS-SYN-0513,2026-07-17,303448,First Payment,District Health Office,SYNTHETIC_PROTOTYPE
PAY-0514-1,MPLADS-SYN-0514,2026-07-13,169420,Final Payment,Education Department,SYNTHETIC_PROTOTYPE
PAY-0514-2,MPLADS-SYN-0514,2026-06-16,427980,Running Bill,Education Department,SYNTHETIC_PROTOTYPE
PAY-0515-1,MPLADS-SYN-0515,2027-01-04,225901,Running Bill,Rural Development Agency,SYNTHETIC_PROTOTYPE
PAY-0515-2,MPLADS-SYN-0515,2026-12-02,408312,Running Bill,Rural Development Agency,SYNTHETIC_PROTOTYPE
PAY-0516-1,MPLADS-SYN-0516,2026-08-10,395504,Final Payment,Rural Development Agency,SYNTHETIC_PROTOTYPE
PAY-0516-2,MPLADS-SYN-0516,2026-08-17,243098,First Payment,Rural Development Agency,SYNTHETIC_PROTOTYPE
PAY-0516-3,MPLADS-SYN-0516,2026-08-16,150685,Running Bill,Rural Development Agency,SYNTHETIC_PROTOTYPE
PAY-0516-4,MPLADS-SYN-0516,2026-08-07,78300,First Payment,Rural Development Agency,SYNTHETIC_PROTOTYPE
PAY-0516-5,MPLADS-SYN-0516,2026-09-22,187447,Milestone Payment,Rural Development Agency,SYNTHETIC_PROTOTYPE
PAY-0517-1,MPLADS-SYN-0517,2026-07-26,320631,Running Bill,Public Works Department,SYNTHETIC_PROTOTYPE
PAY-0517-2,MPLADS-SYN-0517,2026-11-08,393366,Final Payment,Public Works Department,SYNTHETIC_PROTOTYPE
PAY-0518-1,MPLADS-SYN-0518,2026-10-01,485902,Running Bill,District Health Office,SYNTHETIC_PROTOTYPE
PAY-0518-2,MPLADS-SYN-0518,2026-09-04,330033,Running Bill,District Health Office,SYNTHETIC_PROTOTYPE
PAY-0518-3,MPLADS-SYN-0518,2026-09-06,195482,Final Payment,District Health Office,SYNTHETIC_PROTOTYPE
PAY-0518-4,MPLADS-SYN-0518,2026-10-22,251467,Milestone Payment,District Health Office,SYNTHETIC_PROTOTYPE
PAY-0519-1,MPLADS-SYN-0519,2026-12-10,245957,Running Bill,Zilla Parishad,SYNTHETIC_PROTOTYPE
PAY-0519-2,MPLADS-SYN-0519,2026-11-01,117903,Milestone Payment,Zilla Parishad,SYNTHETIC_PROTOTYPE
PAY-0519-3,MPLADS-SYN-0519,2027-01-13,113158,Final Payment,Zilla Parishad,SYNTHETIC_PROTOTYPE
PAY-0519-4,MPLADS-SYN-0519,2026-10-22,142182,Milestone Payment,Zilla Parishad,SYNTHETIC_PROTOTYPE
PAY-0520-1,MPLADS-SYN-0520,2026-04-01,463975,Running Bill,Zilla Parishad,SYNTHETIC_PROTOTYPE
PAY-0520-2,MPLADS-SYN-0520,2026-03-22,120676,Running Bill,Zilla Parishad,SYNTHETIC_PROTOTYPE
PAY-0520-3,MPLADS-SYN-0520,2026-03-06,122646,Running Bill,Zilla Parishad,SYNTHETIC_PROTOTYPE
PAY-0520-4,MPLADS-SYN-0520,2026-04-17,354103,Milestone Payment,Zilla Parishad,SYNTHETIC_PROTOTYPE
PAY-0521-1,MPLADS-SYN-0521,2026-04-24,100515,Final Payment,Education Department,SYNTHETIC_PROTOTYPE
PAY-0521-2,MPLADS-SYN-0521,2026-07-02,54657,Final Payment,Education Department,SYNTHETIC_PROTOTYPE
PAY-0521-3,MPLADS-SYN-0521,2026-05-27,87671,Running Bill,Education Department,SYNTHETIC_PROTOTYPE
PAY-0522-1,MPLADS-SYN-0522,2026-03-15,214701,Running Bill,Education Department,SYNTHETIC_PROTOTYPE
PAY-0522-2,MPLADS-SYN-0522,2026-02-27,330495,Final Payment,Education Department,SYNTHETIC_PROTOTYPE
PAY-0522-3,MPLADS-SYN-0522,2026-04-18,106161,Final Payment,Education Department,SYNTHETIC_PROTOTYPE
PAY-0522-4,MPLADS-SYN-0522,2026-02-24,326179,Final Payment,Education Department,SYNTHETIC_PROTOTYPE
PAY-0523-1,MPLADS-SYN-0523,2026-08-14,354083,First Payment,Zilla Parishad,SYNTHETIC_PROTOTYPE
PAY-0523-2,MPLADS-SYN-0523,2026-07-26,1122165,Final Payment,Zilla Parishad,SYNTHETIC_PROTOTYPE
PAY-0524-1,MPLADS-SYN-0524,2026-08-23,255619,Running Bill,Education Department,SYNTHETIC_PROTOTYPE
PAY-0524-2,MPLADS-SYN-0524,2026-07-17,123491,Final Payment,Education Department,SYNTHETIC_PROTOTYPE
PAY-0524-3,MPLADS-SYN-0524,2026-06-17,203841,First Payment,Education Department,SYNTHETIC_PROTOTYPE
PAY-0525-1,MPLADS-SYN-0525,2026-11-30,383151,Running Bill,Municipal Council,SYNTHETIC_PROTOTYPE
PAY-0525-2,MPLADS-SYN-0525,2026-08-28,429287,Milestone Payment,Municipal Council,SYNTHETIC_PROTOTYPE
PAY-0525-3,MPLADS-SYN-0525,2026-07-24,456480,Final Payment,Municipal Council,SYNTHETIC_PROTOTYPE
PAY-0525-4,MPLADS-SYN-0525,2026-08-13,155185,Running Bill,Municipal Council,SYNTHETIC_PROTOTYPE
PAY-0525-5,MPLADS-SYN-0525,2026-08-19,618297,Milestone Payment,Municipal Council,SYNTHETIC_PROTOTYPE
PAY-0526-1,MPLADS-SYN-0526,2026-03-31,68470,First Payment,Municipal Corporation,SYNTHETIC_PROTOTYPE
PAY-0526-2,MPLADS-SYN-0526,2026-04-03,40560,Final Payment,Municipal Corporation,SYNTHETIC_PROTOTYPE
PAY-0526-3,MPLADS-SYN-0526,2026-02-24,10800,Final Payment,Municipal Corporation,SYNTHETIC_PROTOTYPE
PAY-0526-4,MPLADS-SYN-0526,2026-03-24,41061,First Payment,Municipal Corporation,SYNTHETIC_PROTOTYPE
PAY-0527-1,MPLADS-SYN-0527,2026-06-07,231222,Milestone Payment,Zilla Parishad,SYNTHETIC_PROTOTYPE
PAY-0527-2,MPLADS-SYN-0527,2026-05-29,115613,Milestone Payment,Zilla Parishad,SYNTHETIC_PROTOTYPE
PAY-0527-3,MPLADS-SYN-0527,2026-05-04,139729,Running Bill,Zilla Parishad,SYNTHETIC_PROTOTYPE
PAY-0527-4,MPLADS-SYN-0527,2026-04-28,115664,Final Payment,Zilla Parishad,SYNTHETIC_PROTOTYPE
PAY-0527-5,MPLADS-SYN-0527,2026-05-20,384156,Running Bill,Zilla Parishad,SYNTHETIC_PROTOTYPE
PAY-0528-1,MPLADS-SYN-0528,2026-06-09,908084,Running Bill,Municipal Corporation,SYNTHETIC_PROTOTYPE
PAY-0528-2,MPLADS-SYN-0528,2026-05-08,484860,Milestone Payment,Municipal Corporation,SYNTHETIC_PROTOTYPE
PAY-0528-3,MPLADS-SYN-0528,2026-06-26,953456,First Payment,Municipal Corporation,SYNTHETIC_PROTOTYPE
PAY-0529-1,MPLADS-SYN-0529,2026-06-03,351658,Running Bill,Municipal Council,SYNTHETIC_PROTOTYPE
PAY-0529-2,MPLADS-SYN-0529,2026-07-09,227791,Milestone Payment,Municipal Council,SYNTHETIC_PROTOTYPE
PAY-0529-3,MPLADS-SYN-0529,2026-07-20,245167,Running Bill,Municipal Council,SYNTHETIC_PROTOTYPE
PAY-0529-4,MPLADS-SYN-0529,2026-07-25,411049,First Payment,Municipal Council,SYNTHETIC_PROTOTYPE
PAY-0530-1,MPLADS-SYN-0530,2026-10-14,201095,First Payment,District Health Office,SYNTHETIC_PROTOTYPE
PAY-0530-2,MPLADS-SYN-0530,2026-10-25,70651,Milestone Payment,District Health Office,SYNTHETIC_PROTOTYPE
PAY-0530-3,MPLADS-SYN-0530,2026-10-26,52623,First Payment,District Health Office,SYNTHETIC_PROTOTYPE
PAY-0530-4,MPLADS-SYN-0530,2026-10-05,46640,First Payment,District Health Office,SYNTHETIC_PROTOTYPE
PAY-0530-5,MPLADS-SYN-0530,2026-10-24,126840,Milestone Payment,District Health Office,SYNTHETIC_PROTOTYPE
PAY-0531-1,MPLADS-SYN-0531,2026-08-07,638775,Final Payment,District Health Office,SYNTHETIC_PROTOTYPE
PAY-0531-2,MPLADS-SYN-0531,2026-02-27,1139300,Milestone Payment,District Health Office,SYNTHETIC_PROTOTYPE
PAY-0532-1,MPLADS-SYN-0532,2026-05-15,310178,Final Payment,Rural Development Agency,SYNTHETIC_PROTOTYPE
PAY-0532-2,MPLADS-SYN-0532,2026-05-08,503237,Running Bill,Rural Development Agency,SYNTHETIC_PROTOTYPE
PAY-0533-1,MPLADS-SYN-0533,2026-09-17,90881,Final Payment,Education Department,SYNTHETIC_PROTOTYPE
PAY-0533-2,MPLADS-SYN-0533,2026-08-24,198993,Final Payment,Education Department,SYNTHETIC_PROTOTYPE
PAY-0534-1,MPLADS-SYN-0534,2026-08-01,245452,Milestone Payment,Public Works Department,SYNTHETIC_PROTOTYPE
PAY-0534-2,MPLADS-SYN-0534,2026-04-25,191946,Running Bill,Public Works Department,SYNTHETIC_PROTOTYPE
PAY-0534-3,MPLADS-SYN-0534,2026-03-26,344921,Running Bill,Public Works Department,SYNTHETIC_PROTOTYPE
PAY-0534-4,MPLADS-SYN-0534,2026-05-26,435898,Milestone Payment,Public Works Department,SYNTHETIC_PROTOTYPE
PAY-0535-1,MPLADS-SYN-0535,2026-07-08,293833,First Payment,Public Works Department,SYNTHETIC_PROTOTYPE
PAY-0535-2,MPLADS-SYN-0535,2026-06-08,777435,Final Payment,Public Works Department,SYNTHETIC_PROTOTYPE
PAY-0536-1,MPLADS-SYN-0536,2026-04-16,450890,Final Payment,Municipal Corporation,SYNTHETIC_PROTOTYPE
PAY-0536-2,MPLADS-SYN-0536,2026-05-10,1026110,Final Payment,Municipal Corporation,SYNTHETIC_PROTOTYPE
PAY-0537-1,MPLADS-SYN-0537,2026-07-01,115142,Running Bill,District Health Office,SYNTHETIC_PROTOTYPE
PAY-0537-2,MPLADS-SYN-0537,2026-09-16,257348,First Payment,District Health Office,SYNTHETIC_PROTOTYPE
PAY-0538-1,MPLADS-SYN-0538,2026-12-27,231384,First Payment,District Health Office,SYNTHETIC_PROTOTYPE
PAY-0538-2,MPLADS-SYN-0538,2026-09-08,203693,Running Bill,District Health Office,SYNTHETIC_PROTOTYPE
PAY-0538-3,MPLADS-SYN-0538,2026-10-02,77128,First Payment,District Health Office,SYNTHETIC_PROTOTYPE
PAY-0538-4,MPLADS-SYN-0538,2026-10-07,39133,Final Payment,District Health Office,SYNTHETIC_PROTOTYPE
PAY-0538-5,MPLADS-SYN-0538,2026-11-11,151957,First Payment,District Health Office,SYNTHETIC_PROTOTYPE
PAY-0539-1,MPLADS-SYN-0539,2026-08-20,920867,Milestone Payment,Rural Development Agency,SYNTHETIC_PROTOTYPE
PAY-0539-2,MPLADS-SYN-0539,2026-12-17,262779,Final Payment,Rural Development Agency,SYNTHETIC_PROTOTYPE
PAY-0539-3,MPLADS-SYN-0539,2026-08-07,236530,Running Bill,Rural Development Agency,SYNTHETIC_PROTOTYPE
PAY-0539-4,MPLADS-SYN-0539,2026-06-27,137867,Final Payment,Rural Development Agency,SYNTHETIC_PROTOTYPE
PAY-0539-5,MPLADS-SYN-0539,2026-09-29,490956,Final Payment,Rural Development Agency,SYNTHETIC_PROTOTYPE
PAY-0540-1,MPLADS-SYN-0540,2026-04-23,144000,Running Bill,Public Works Department,SYNTHETIC_PROTOTYPE
PAY-0540-2,MPLADS-SYN-0540,2026-04-25,63775,Final Payment,Public Works Department,SYNTHETIC_PROTOTYPE
PAY-0540-3,MPLADS-SYN-0540,2026-03-11,233407,Final Payment,Public Works Department,SYNTHETIC_PROTOTYPE
PAY-0541-1,MPLADS-SYN-0541,2026-06-17,258147,First Payment,Municipal Corporation,SYNTHETIC_PROTOTYPE
PAY-0541-2,MPLADS-SYN-0541,2026-07-08,150152,Running Bill,Municipal Corporation,SYNTHETIC_PROTOTYPE
PAY-0541-3,MPLADS-SYN-0541,2026-09-18,78522,Milestone Payment,Municipal Corporation,SYNTHETIC_PROTOTYPE
PAY-0541-4,MPLADS-SYN-0541,2026-08-10,42452,First Payment,Municipal Corporation,SYNTHETIC_PROTOTYPE
PAY-0541-5,MPLADS-SYN-0541,2026-06-26,72493,Milestone Payment,Municipal Corporation,SYNTHETIC_PROTOTYPE
PAY-0542-1,MPLADS-SYN-0542,2026-11-17,262437,First Payment,District Health Office,SYNTHETIC_PROTOTYPE
PAY-0542-2,MPLADS-SYN-0542,2026-10-05,108881,Final Payment,District Health Office,SYNTHETIC_PROTOTYPE
PAY-0542-3,MPLADS-SYN-0542,2026-08-08,40221,Milestone Payment,District Health Office,SYNTHETIC_PROTOTYPE
PAY-0542-4,MPLADS-SYN-0542,2026-09-02,47170,First Payment,District Health Office,SYNTHETIC_PROTOTYPE
PAY-0542-5,MPLADS-SYN-0542,2026-08-21,127091,Final Payment,District Health Office,SYNTHETIC_PROTOTYPE
PAY-0543-1,MPLADS-SYN-0543,2026-07-09,72571,First Payment,District Health Office,SYNTHETIC_PROTOTYPE
PAY-0543-2,MPLADS-SYN-0543,2026-06-06,76073,Running Bill,District Health Office,SYNTHETIC_PROTOTYPE
PAY-0543-3,MPLADS-SYN-0543,2026-05-31,273325,Running Bill,District Health Office,SYNTHETIC_PROTOTYPE
PAY-0544-1,MPLADS-SYN-0544,2026-06-11,321748,First Payment,Municipal Corporation,SYNTHETIC_PROTOTYPE
PAY-0544-2,MPLADS-SYN-0544,2026-08-02,355350,Final Payment,Municipal Corporation,SYNTHETIC_PROTOTYPE
PAY-0544-3,MPLADS-SYN-0544,2026-07-14,638502,First Payment,Municipal Corporation,SYNTHETIC_PROTOTYPE
PAY-0545-1,MPLADS-SYN-0545,2026-07-24,142744,First Payment,Zilla Parishad,SYNTHETIC_PROTOTYPE
PAY-0545-2,MPLADS-SYN-0545,2026-06-29,112717,Final Payment,Zilla Parishad,SYNTHETIC_PROTOTYPE
PAY-0545-3,MPLADS-SYN-0545,2026-06-23,60066,First Payment,Zilla Parishad,SYNTHETIC_PROTOTYPE
PAY-0545-4,MPLADS-SYN-0545,2026-09-06,21543,Running Bill,Zilla Parishad,SYNTHETIC_PROTOTYPE
PAY-0545-5,MPLADS-SYN-0545,2026-06-24,69930,Milestone Payment,Zilla Parishad,SYNTHETIC_PROTOTYPE
PAY-0546-1,MPLADS-SYN-0546,2026-05-31,156863,Final Payment,Public Works Department,SYNTHETIC_PROTOTYPE
PAY-0546-2,MPLADS-SYN-0546,2026-05-01,171025,Running Bill,Public Works Department,SYNTHETIC_PROTOTYPE
PAY-0546-3,MPLADS-SYN-0546,2026-05-20,228636,Running Bill,Public Works Department,SYNTHETIC_PROTOTYPE
PAY-0546-4,MPLADS-SYN-0546,2026-04-25,328898,Final Payment,Public Works Department,SYNTHETIC_PROTOTYPE
PAY-0547-1,MPLADS-SYN-0547,2026-12-31,78367,Milestone Payment,Zilla Parishad,SYNTHETIC_PROTOTYPE
PAY-0547-2,MPLADS-SYN-0547,2026-11-07,55222,Running Bill,Zilla Parishad,SYNTHETIC_PROTOTYPE
PAY-0547-3,MPLADS-SYN-0547,2026-10-12,46144,Running Bill,Zilla Parishad,SYNTHETIC_PROTOTYPE
PAY-0547-4,MPLADS-SYN-0547,2027-01-27,72145,First Payment,Zilla Parishad,SYNTHETIC_PROTOTYPE
PAY-0548-1,MPLADS-SYN-0548,2026-10-07,389527,Milestone Payment,Rural Development Agency,SYNTHETIC_PROTOTYPE
PAY-0548-2,MPLADS-SYN-0548,2026-10-17,591990,Running Bill,Rural Development Agency,SYNTHETIC_PROTOTYPE
PAY-0549-1,MPLADS-SYN-0549,2026-07-24,68179,Final Payment,Zilla Parishad,SYNTHETIC_PROTOTYPE
PAY-0549-2,MPLADS-SYN-0549,2026-09-09,205421,First Payment,Zilla Parishad,SYNTHETIC_PROTOTYPE
PAY-0550-1,MPLADS-SYN-0550,2026-05-22,284196,Running Bill,Zilla Parishad,SYNTHETIC_PROTOTYPE
PAY-0550-2,MPLADS-SYN-0550,2026-06-04,206798,Running Bill,Zilla Parishad,SYNTHETIC_PROTOTYPE
PAY-0550-3,MPLADS-SYN-0550,2026-05-01,132669,First Payment,Zilla Parishad,SYNTHETIC_PROTOTYPE
PAY-0550-4,MPLADS-SYN-0550,2026-06-02,56726,Final Payment,Zilla Parishad,SYNTHETIC_PROTOTYPE
PAY-0550-5,MPLADS-SYN-0550,2026-05-01,111611,Running Bill,Zilla Parishad,SYNTHETIC_PROTOTYPE
PAY-0551-1,MPLADS-SYN-0551,2026-03-03,235310,Milestone Payment,Public Works Department,SYNTHETIC_PROTOTYPE
PAY-0551-2,MPLADS-SYN-0551,2026-03-24,168108,First Payment,Public Works Department,SYNTHETIC_PROTOTYPE
PAY-0551-3,MPLADS-SYN-0551,2026-04-20,65925,Final Payment,Public Works Department,SYNTHETIC_PROTOTYPE
PAY-0551-4,MPLADS-SYN-0551,2026-03-26,42147,Running Bill,Public Works Department,SYNTHETIC_PROTOTYPE
PAY-0551-5,MPLADS-SYN-0551,2026-03-19,191016,Final Payment,Public Works Department,SYNTHETIC_PROTOTYPE
PAY-0552-1,MPLADS-SYN-0552,2026-05-06,62228,Running Bill,Rural Development Agency,SYNTHETIC_PROTOTYPE
PAY-0552-2,MPLADS-SYN-0552,2026-05-22,47461,Milestone Payment,Rural Development Agency,SYNTHETIC_PROTOTYPE
PAY-0552-3,MPLADS-SYN-0552,2026-05-30,164811,Milestone Payment,Rural Development Agency,SYNTHETIC_PROTOTYPE
PAY-0553-1,MPLADS-SYN-0553,2026-08-16,60819,Running Bill,District Health Office,SYNTHETIC_PROTOTYPE
PAY-0553-2,MPLADS-SYN-0553,2026-10-20,138180,Final Payment,District Health Office,SYNTHETIC_PROTOTYPE
PAY-0553-3,MPLADS-SYN-0553,2026-11-03,68789,First Payment,District Health Office,SYNTHETIC_PROTOTYPE
PAY-0553-4,MPLADS-SYN-0553,2026-08-24,31689,First Payment,District Health Office,SYNTHETIC_PROTOTYPE
PAY-0553-5,MPLADS-SYN-0553,2026-11-04,69679,First Payment,District Health Office,SYNTHETIC_PROTOTYPE
PAY-0554-1,MPLADS-SYN-0554,2026-09-14,243182,Running Bill,Rural Development Agency,SYNTHETIC_PROTOTYPE
PAY-0554-2,MPLADS-SYN-0554,2026-07-31,104084,Milestone Payment,Rural Development Agency,SYNTHETIC_PROTOTYPE
PAY-0554-3,MPLADS-SYN-0554,2026-08-30,375234,Running Bill,Rural Development Agency,SYNTHETIC_PROTOTYPE
PAY-0555-1,MPLADS-SYN-0555,2026-10-28,274198,First Payment,Public Works Department,SYNTHETIC_PROTOTYPE
PAY-0555-2,MPLADS-SYN-0555,2026-07-21,122373,First Payment,Public Works Department,SYNTHETIC_PROTOTYPE
PAY-0555-3,MPLADS-SYN-0555,2026-11-25,72892,Final Payment,Public Works Department,SYNTHETIC_PROTOTYPE
PAY-0555-4,MPLADS-SYN-0555,2026-07-27,149228,Running Bill,Public Works Department,SYNTHETIC_PROTOTYPE
PAY-0555-5,MPLADS-SYN-0555,2026-11-14,236794,Running Bill,Public Works Department,SYNTHETIC_PROTOTYPE
PAY-0556-1,MPLADS-SYN-0556,2026-07-02,91000,Milestone Payment,Zilla Parishad,SYNTHETIC_PROTOTYPE
PAY-0556-2,MPLADS-SYN-0556,2026-05-08,69009,First Payment,Zilla Parishad,SYNTHETIC_PROTOTYPE
PAY-0556-3,MPLADS-SYN-0556,2026-03-05,107967,Final Payment,Zilla Parishad,SYNTHETIC_PROTOTYPE
PAY-0556-4,MPLADS-SYN-0556,2026-05-11,185123,First Payment,Zilla Parishad,SYNTHETIC_PROTOTYPE
PAY-0557-1,MPLADS-SYN-0557,2026-02-19,358599,First Payment,Education Department,SYNTHETIC_PROTOTYPE
PAY-0557-2,MPLADS-SYN-0557,2026-02-20,210086,Final Payment,Education Department,SYNTHETIC_PROTOTYPE
PAY-0557-3,MPLADS-SYN-0557,2026-04-03,177787,Milestone Payment,Education Department,SYNTHETIC_PROTOTYPE
PAY-0557-4,MPLADS-SYN-0557,2026-04-10,119525,First Payment,Education Department,SYNTHETIC_PROTOTYPE
PAY-0557-5,MPLADS-SYN-0557,2026-02-25,177333,Final Payment,Education Department,SYNTHETIC_PROTOTYPE
PAY-0558-1,MPLADS-SYN-0558,2026-08-13,209264,Running Bill,District Health Office,SYNTHETIC_PROTOTYPE
PAY-0558-2,MPLADS-SYN-0558,2026-04-06,102358,Milestone Payment,District Health Office,SYNTHETIC_PROTOTYPE
PAY-0558-3,MPLADS-SYN-0558,2026-05-03,186878,Running Bill,District Health Office,SYNTHETIC_PROTOTYPE
PAY-0558-4,MPLADS-SYN-0558,2026-07-29,97910,Running Bill,District Health Office,SYNTHETIC_PROTOTYPE
PAY-0558-5,MPLADS-SYN-0558,2026-05-14,148087,Final Payment,District Health Office,SYNTHETIC_PROTOTYPE
PAY-0559-1,MPLADS-SYN-0559,2026-11-03,240596,Final Payment,Public Works Department,SYNTHETIC_PROTOTYPE
PAY-0559-2,MPLADS-SYN-0559,2026-12-03,399440,Milestone Payment,Public Works Department,SYNTHETIC_PROTOTYPE
PAY-0560-1,MPLADS-SYN-0560,2026-03-14,204848,Final Payment,Municipal Council,SYNTHETIC_PROTOTYPE
PAY-0560-2,MPLADS-SYN-0560,2026-02-19,87092,Milestone Payment,Municipal Council,SYNTHETIC_PROTOTYPE
PAY-0560-3,MPLADS-SYN-0560,2026-03-04,73823,First Payment,Municipal Council,SYNTHETIC_PROTOTYPE
PAY-0560-4,MPLADS-SYN-0560,2026-01-28,179798,First Payment,Municipal Council,SYNTHETIC_PROTOTYPE
PAY-0561-1,MPLADS-SYN-0561,2026-08-17,76022,Milestone Payment,Municipal Council,SYNTHETIC_PROTOTYPE
PAY-0561-2,MPLADS-SYN-0561,2026-10-17,174243,First Payment,Municipal Council,SYNTHETIC_PROTOTYPE
PAY-0562-1,MPLADS-SYN-0562,2026-03-15,396255,Final Payment,District Health Office,SYNTHETIC_PROTOTYPE
PAY-0562-2,MPLADS-SYN-0562,2026-02-02,108434,Milestone Payment,District Health Office,SYNTHETIC_PROTOTYPE
PAY-0562-3,MPLADS-SYN-0562,2026-02-20,206000,Milestone Payment,District Health Office,SYNTHETIC_PROTOTYPE
PAY-0562-4,MPLADS-SYN-0562,2026-02-08,46598,Final Payment,District Health Office,SYNTHETIC_PROTOTYPE
PAY-0562-5,MPLADS-SYN-0562,2026-02-24,208243,Milestone Payment,District Health Office,SYNTHETIC_PROTOTYPE
PAY-0563-1,MPLADS-SYN-0563,2027-01-13,80855,Running Bill,Public Works Department,SYNTHETIC_PROTOTYPE
PAY-0563-2,MPLADS-SYN-0563,2026-11-24,234824,Milestone Payment,Public Works Department,SYNTHETIC_PROTOTYPE
PAY-0564-1,MPLADS-SYN-0564,2026-12-07,101120,Running Bill,Zilla Parishad,SYNTHETIC_PROTOTYPE
PAY-0564-2,MPLADS-SYN-0564,2027-03-06,101668,Running Bill,Zilla Parishad,SYNTHETIC_PROTOTYPE
PAY-0564-3,MPLADS-SYN-0564,2026-12-09,70857,First Payment,Zilla Parishad,SYNTHETIC_PROTOTYPE
PAY-0564-4,MPLADS-SYN-0564,2027-02-26,282555,Milestone Payment,Zilla Parishad,SYNTHETIC_PROTOTYPE
PAY-0565-1,MPLADS-SYN-0565,2026-06-10,502836,Running Bill,Zilla Parishad,SYNTHETIC_PROTOTYPE
PAY-0565-2,MPLADS-SYN-0565,2026-06-05,666363,Final Payment,Zilla Parishad,SYNTHETIC_PROTOTYPE
PAY-0566-1,MPLADS-SYN-0566,2026-06-12,265501,First Payment,Education Department,SYNTHETIC_PROTOTYPE
PAY-0566-2,MPLADS-SYN-0566,2026-05-31,367100,First Payment,Education Department,SYNTHETIC_PROTOTYPE
PAY-0566-3,MPLADS-SYN-0566,2026-03-06,183237,Final Payment,Education Department,SYNTHETIC_PROTOTYPE
PAY-0566-4,MPLADS-SYN-0566,2026-05-23,271561,First Payment,Education Department,SYNTHETIC_PROTOTYPE
PAY-0567-1,MPLADS-SYN-0567,2026-10-15,587502,First Payment,Rural Development Agency,SYNTHETIC_PROTOTYPE
PAY-0567-2,MPLADS-SYN-0567,2026-10-20,195240,Final Payment,Rural Development Agency,SYNTHETIC_PROTOTYPE
PAY-0567-3,MPLADS-SYN-0567,2026-06-22,322885,Running Bill,Rural Development Agency,SYNTHETIC_PROTOTYPE
PAY-0567-4,MPLADS-SYN-0567,2026-06-03,475941,Final Payment,Rural Development Agency,SYNTHETIC_PROTOTYPE
PAY-0568-1,MPLADS-SYN-0568,2026-08-26,205294,Running Bill,Rural Development Agency,SYNTHETIC_PROTOTYPE
PAY-0568-2,MPLADS-SYN-0568,2026-09-25,291148,First Payment,Rural Development Agency,SYNTHETIC_PROTOTYPE
PAY-0568-3,MPLADS-SYN-0568,2026-10-27,106938,First Payment,Rural Development Agency,SYNTHETIC_PROTOTYPE
PAY-0568-4,MPLADS-SYN-0568,2026-10-21,115619,Final Payment,Rural Development Agency,SYNTHETIC_PROTOTYPE
PAY-0568-5,MPLADS-SYN-0568,2026-08-09,210619,Milestone Payment,Rural Development Agency,SYNTHETIC_PROTOTYPE
PAY-0569-1,MPLADS-SYN-0569,2026-06-21,461080,First Payment,Zilla Parishad,SYNTHETIC_PROTOTYPE
PAY-0569-2,MPLADS-SYN-0569,2026-06-09,262669,Final Payment,Zilla Parishad,SYNTHETIC_PROTOTYPE
PAY-0569-3,MPLADS-SYN-0569,2026-06-21,148019,First Payment,Zilla Parishad,SYNTHETIC_PROTOTYPE
PAY-0569-4,MPLADS-SYN-0569,2026-05-02,120888,Running Bill,Zilla Parishad,SYNTHETIC_PROTOTYPE
PAY-0569-5,MPLADS-SYN-0569,2026-05-22,172451,Milestone Payment,Zilla Parishad,SYNTHETIC_PROTOTYPE
PAY-0570-1,MPLADS-SYN-0570,2026-06-03,745554,Running Bill,Public Works Department,SYNTHETIC_PROTOTYPE
PAY-0570-2,MPLADS-SYN-0570,2026-03-13,346715,First Payment,Public Works Department,SYNTHETIC_PROTOTYPE
PAY-0570-3,MPLADS-SYN-0570,2026-04-12,151625,Milestone Payment,Public Works Department,SYNTHETIC_PROTOTYPE
PAY-0570-4,MPLADS-SYN-0570,2026-06-09,156390,Running Bill,Public Works Department,SYNTHETIC_PROTOTYPE
PAY-0570-5,MPLADS-SYN-0570,2026-03-25,299879,Running Bill,Public Works Department,SYNTHETIC_PROTOTYPE
PAY-0571-1,MPLADS-SYN-0571,2026-11-01,240160,First Payment,Municipal Corporation,SYNTHETIC_PROTOTYPE
PAY-0571-2,MPLADS-SYN-0571,2026-10-05,625568,First Payment,Municipal Corporation,SYNTHETIC_PROTOTYPE
PAY-0572-1,MPLADS-SYN-0572,2027-03-02,309492,First Payment,District Health Office,SYNTHETIC_PROTOTYPE
PAY-0572-2,MPLADS-SYN-0572,2027-02-04,126650,Final Payment,District Health Office,SYNTHETIC_PROTOTYPE
PAY-0572-3,MPLADS-SYN-0572,2026-10-09,96330,First Payment,District Health Office,SYNTHETIC_PROTOTYPE
PAY-0572-4,MPLADS-SYN-0572,2027-01-12,169685,Running Bill,District Health Office,SYNTHETIC_PROTOTYPE
PAY-0573-1,MPLADS-SYN-0573,2026-07-22,564109,First Payment,Zilla Parishad,SYNTHETIC_PROTOTYPE
PAY-0573-2,MPLADS-SYN-0573,2026-06-15,289871,First Payment,Zilla Parishad,SYNTHETIC_PROTOTYPE
PAY-0573-3,MPLADS-SYN-0573,2026-07-09,331962,Milestone Payment,Zilla Parishad,SYNTHETIC_PROTOTYPE
PAY-0573-4,MPLADS-SYN-0573,2026-06-09,234083,First Payment,Zilla Parishad,SYNTHETIC_PROTOTYPE
PAY-0573-5,MPLADS-SYN-0573,2026-05-24,771330,Milestone Payment,Zilla Parishad,SYNTHETIC_PROTOTYPE
PAY-0574-1,MPLADS-SYN-0574,2026-09-09,516218,First Payment,Municipal Council,SYNTHETIC_PROTOTYPE
PAY-0574-2,MPLADS-SYN-0574,2026-10-01,1638382,Milestone Payment,Municipal Council,SYNTHETIC_PROTOTYPE
PAY-0575-1,MPLADS-SYN-0575,2026-05-19,343252,Milestone Payment,Municipal Council,SYNTHETIC_PROTOTYPE
PAY-0575-2,MPLADS-SYN-0575,2026-02-23,165271,First Payment,Municipal Council,SYNTHETIC_PROTOTYPE
PAY-0575-3,MPLADS-SYN-0575,2026-06-18,143693,Milestone Payment,Municipal Council,SYNTHETIC_PROTOTYPE
PAY-0575-4,MPLADS-SYN-0575,2026-05-12,109090,Final Payment,Municipal Council,SYNTHETIC_PROTOTYPE
PAY-0575-5,MPLADS-SYN-0575,2026-07-05,353894,Final Payment,Municipal Council,SYNTHETIC_PROTOTYPE
PAY-0576-1,MPLADS-SYN-0576,2026-05-27,62565,Final Payment,Rural Development Agency,SYNTHETIC_PROTOTYPE
PAY-0576-2,MPLADS-SYN-0576,2026-04-12,108077,First Payment,Rural Development Agency,SYNTHETIC_PROTOTYPE
PAY-0576-3,MPLADS-SYN-0576,2026-04-14,31043,Running Bill,Rural Development Agency,SYNTHETIC_PROTOTYPE
PAY-0576-4,MPLADS-SYN-0576,2026-03-22,129941,First Payment,Rural Development Agency,SYNTHETIC_PROTOTYPE
PAY-0577-1,MPLADS-SYN-0577,2026-09-20,487192,Running Bill,District Health Office,SYNTHETIC_PROTOTYPE
PAY-0577-2,MPLADS-SYN-0577,2027-02-06,363657,Final Payment,District Health Office,SYNTHETIC_PROTOTYPE
PAY-0577-3,MPLADS-SYN-0577,2026-09-02,546759,Running Bill,District Health Office,SYNTHETIC_PROTOTYPE
PAY-0577-4,MPLADS-SYN-0577,2027-02-03,1424792,Running Bill,District Health Office,SYNTHETIC_PROTOTYPE
PAY-0578-1,MPLADS-SYN-0578,2026-03-06,65042,Milestone Payment,Municipal Council,SYNTHETIC_PROTOTYPE
PAY-0578-2,MPLADS-SYN-0578,2026-02-09,48606,Milestone Payment,Municipal Council,SYNTHETIC_PROTOTYPE
PAY-0578-3,MPLADS-SYN-0578,2026-03-05,29999,Milestone Payment,Municipal Council,SYNTHETIC_PROTOTYPE
PAY-0578-4,MPLADS-SYN-0578,2026-02-20,115839,Final Payment,Municipal Council,SYNTHETIC_PROTOTYPE
PAY-0579-1,MPLADS-SYN-0579,2026-11-24,202290,First Payment,District Health Office,SYNTHETIC_PROTOTYPE
PAY-0579-2,MPLADS-SYN-0579,2027-03-14,131692,Final Payment,District Health Office,SYNTHETIC_PROTOTYPE
PAY-0579-3,MPLADS-SYN-0579,2026-12-03,192888,Running Bill,District Health Office,SYNTHETIC_PROTOTYPE
PAY-0579-4,MPLADS-SYN-0579,2027-01-08,101840,First Payment,District Health Office,SYNTHETIC_PROTOTYPE
PAY-0579-5,MPLADS-SYN-0579,2027-02-05,145524,Final Payment,District Health Office,SYNTHETIC_PROTOTYPE
PAY-0580-1,MPLADS-SYN-0580,2026-08-29,262984,Final Payment,District Health Office,SYNTHETIC_PROTOTYPE
PAY-0580-2,MPLADS-SYN-0580,2026-09-29,145878,Final Payment,District Health Office,SYNTHETIC_PROTOTYPE
PAY-0580-3,MPLADS-SYN-0580,2026-07-24,689915,Running Bill,District Health Office,SYNTHETIC_PROTOTYPE
PAY-0581-1,MPLADS-SYN-0581,2026-08-25,443372,First Payment,Municipal Corporation,SYNTHETIC_PROTOTYPE
PAY-0581-2,MPLADS-SYN-0581,2026-12-08,177364,Running Bill,Municipal Corporation,SYNTHETIC_PROTOTYPE
PAY-0581-3,MPLADS-SYN-0581,2026-12-02,616382,Running Bill,Municipal Corporation,SYNTHETIC_PROTOTYPE
PAY-0582-1,MPLADS-SYN-0582,2026-06-20,439324,Milestone Payment,Municipal Council,SYNTHETIC_PROTOTYPE
PAY-0582-2,MPLADS-SYN-0582,2026-05-13,306208,Running Bill,Municipal Council,SYNTHETIC_PROTOTYPE
PAY-0582-3,MPLADS-SYN-0582,2026-07-18,902468,Running Bill,Municipal Council,SYNTHETIC_PROTOTYPE
PAY-0583-1,MPLADS-SYN-0583,2026-10-14,636978,First Payment,Rural Development Agency,SYNTHETIC_PROTOTYPE
PAY-0583-2,MPLADS-SYN-0583,2026-11-09,186841,Running Bill,Rural Development Agency,SYNTHETIC_PROTOTYPE
PAY-0583-3,MPLADS-SYN-0583,2026-09-05,265271,First Payment,Rural Development Agency,SYNTHETIC_PROTOTYPE
PAY-0583-4,MPLADS-SYN-0583,2026-11-07,562910,First Payment,Rural Development Agency,SYNTHETIC_PROTOTYPE
PAY-0584-1,MPLADS-SYN-0584,2026-07-05,426729,Final Payment,Education Department,SYNTHETIC_PROTOTYPE
PAY-0584-2,MPLADS-SYN-0584,2026-07-03,408397,First Payment,Education Department,SYNTHETIC_PROTOTYPE
PAY-0584-3,MPLADS-SYN-0584,2026-05-22,546363,First Payment,Education Department,SYNTHETIC_PROTOTYPE
PAY-0585-1,MPLADS-SYN-0585,2026-02-15,251966,Running Bill,Zilla Parishad,SYNTHETIC_PROTOTYPE
PAY-0585-2,MPLADS-SYN-0585,2026-02-20,398750,First Payment,Zilla Parishad,SYNTHETIC_PROTOTYPE
PAY-0586-1,MPLADS-SYN-0586,2026-03-22,281713,First Payment,Municipal Council,SYNTHETIC_PROTOTYPE
PAY-0586-2,MPLADS-SYN-0586,2026-04-24,91583,Milestone Payment,Municipal Council,SYNTHETIC_PROTOTYPE
PAY-0586-3,MPLADS-SYN-0586,2026-03-06,476369,Final Payment,Municipal Council,SYNTHETIC_PROTOTYPE
PAY-0587-1,MPLADS-SYN-0587,2026-05-27,70877,Final Payment,Public Works Department,SYNTHETIC_PROTOTYPE
PAY-0587-2,MPLADS-SYN-0587,2026-04-29,50406,Final Payment,Public Works Department,SYNTHETIC_PROTOTYPE
PAY-0587-3,MPLADS-SYN-0587,2026-05-26,87242,Milestone Payment,Public Works Department,SYNTHETIC_PROTOTYPE
PAY-0588-1,MPLADS-SYN-0588,2026-07-19,303975,Final Payment,Education Department,SYNTHETIC_PROTOTYPE
PAY-0588-2,MPLADS-SYN-0588,2026-07-22,1031025,First Payment,Education Department,SYNTHETIC_PROTOTYPE
PAY-0589-1,MPLADS-SYN-0589,2027-01-08,33292,Running Bill,Zilla Parishad,SYNTHETIC_PROTOTYPE
PAY-0589-2,MPLADS-SYN-0589,2026-08-28,145208,Running Bill,Zilla Parishad,SYNTHETIC_PROTOTYPE
PAY-0590-1,MPLADS-SYN-0590,2026-11-04,100124,Milestone Payment,Zilla Parishad,SYNTHETIC_PROTOTYPE
PAY-0590-2,MPLADS-SYN-0590,2026-10-14,141019,First Payment,Zilla Parishad,SYNTHETIC_PROTOTYPE
PAY-0590-3,MPLADS-SYN-0590,2026-09-20,59900,Running Bill,Zilla Parishad,SYNTHETIC_PROTOTYPE
PAY-0590-4,MPLADS-SYN-0590,2026-10-10,19339,First Payment,Zilla Parishad,SYNTHETIC_PROTOTYPE
PAY-0590-5,MPLADS-SYN-0590,2026-06-12,102477,First Payment,Zilla Parishad,SYNTHETIC_PROTOTYPE
PAY-0591-1,MPLADS-SYN-0591,2026-05-05,787711,First Payment,Rural Development Agency,SYNTHETIC_PROTOTYPE
PAY-0591-2,MPLADS-SYN-0591,2026-04-01,458726,Final Payment,Rural Development Agency,SYNTHETIC_PROTOTYPE
PAY-0591-3,MPLADS-SYN-0591,2026-05-13,844079,First Payment,Rural Development Agency,SYNTHETIC_PROTOTYPE
PAY-0592-1,MPLADS-SYN-0592,2026-07-15,182158,First Payment,Rural Development Agency,SYNTHETIC_PROTOTYPE
PAY-0592-2,MPLADS-SYN-0592,2026-10-13,265853,Final Payment,Rural Development Agency,SYNTHETIC_PROTOTYPE
PAY-0592-3,MPLADS-SYN-0592,2026-10-21,162528,Milestone Payment,Rural Development Agency,SYNTHETIC_PROTOTYPE
PAY-0592-4,MPLADS-SYN-0592,2026-07-09,148722,First Payment,Rural Development Agency,SYNTHETIC_PROTOTYPE
PAY-0592-5,MPLADS-SYN-0592,2026-10-08,420276,Milestone Payment,Rural Development Agency,SYNTHETIC_PROTOTYPE
PAY-0593-1,MPLADS-SYN-0593,2026-06-30,222955,Running Bill,Rural Development Agency,SYNTHETIC_PROTOTYPE
PAY-0593-2,MPLADS-SYN-0593,2026-05-18,73943,First Payment,Rural Development Agency,SYNTHETIC_PROTOTYPE
PAY-0593-3,MPLADS-SYN-0593,2026-07-26,233587,First Payment,Rural Development Agency,SYNTHETIC_PROTOTYPE
PAY-0594-1,MPLADS-SYN-0594,2026-07-22,194541,First Payment,Municipal Council,SYNTHETIC_PROTOTYPE
PAY-0594-2,MPLADS-SYN-0594,2026-07-02,63794,Running Bill,Municipal Council,SYNTHETIC_PROTOTYPE
PAY-0594-3,MPLADS-SYN-0594,2026-07-01,194851,Final Payment,Municipal Council,SYNTHETIC_PROTOTYPE
PAY-0595-1,MPLADS-SYN-0595,2026-04-03,453623,Running Bill,Municipal Council,SYNTHETIC_PROTOTYPE
PAY-0595-2,MPLADS-SYN-0595,2026-04-28,129017,Running Bill,Municipal Council,SYNTHETIC_PROTOTYPE
PAY-0595-3,MPLADS-SYN-0595,2026-06-02,563388,First Payment,Municipal Council,SYNTHETIC_PROTOTYPE
PAY-0596-1,MPLADS-SYN-0596,2026-10-02,195881,Milestone Payment,Public Works Department,SYNTHETIC_PROTOTYPE
PAY-0596-2,MPLADS-SYN-0596,2026-09-14,246390,Milestone Payment,Public Works Department,SYNTHETIC_PROTOTYPE
PAY-0596-3,MPLADS-SYN-0596,2026-08-26,107843,Running Bill,Public Works Department,SYNTHETIC_PROTOTYPE
PAY-0596-4,MPLADS-SYN-0596,2026-08-05,132499,Milestone Payment,Public Works Department,SYNTHETIC_PROTOTYPE
PAY-0596-5,MPLADS-SYN-0596,2026-10-01,475097,Running Bill,Public Works Department,SYNTHETIC_PROTOTYPE
PAY-0597-1,MPLADS-SYN-0597,2026-09-15,122432,Final Payment,Education Department,SYNTHETIC_PROTOTYPE
PAY-0597-2,MPLADS-SYN-0597,2026-05-24,81729,Running Bill,Education Department,SYNTHETIC_PROTOTYPE
PAY-0597-3,MPLADS-SYN-0597,2026-08-08,126085,Final Payment,Education Department,SYNTHETIC_PROTOTYPE
PAY-0597-4,MPLADS-SYN-0597,2026-10-05,272754,First Payment,Education Department,SYNTHETIC_PROTOTYPE
PAY-0598-1,MPLADS-SYN-0598,2026-03-27,103735,First Payment,Zilla Parishad,SYNTHETIC_PROTOTYPE
PAY-0598-2,MPLADS-SYN-0598,2026-05-18,170752,Final Payment,Zilla Parishad,SYNTHETIC_PROTOTYPE
PAY-0598-3,MPLADS-SYN-0598,2026-09-30,89705,Running Bill,Zilla Parishad,SYNTHETIC_PROTOTYPE
PAY-0598-4,MPLADS-SYN-0598,2026-08-09,135090,Running Bill,Zilla Parishad,SYNTHETIC_PROTOTYPE
PAY-0599-1,MPLADS-SYN-0599,2026-12-03,234151,Running Bill,Municipal Corporation,SYNTHETIC_PROTOTYPE
PAY-0599-2,MPLADS-SYN-0599,2027-03-02,359604,Final Payment,Municipal Corporation,SYNTHETIC_PROTOTYPE
PAY-0600-1,MPLADS-SYN-0600,2026-08-30,697022,Milestone Payment,Education Department,SYNTHETIC_PROTOTYPE
PAY-0600-2,MPLADS-SYN-0600,2026-10-02,388173,First Payment,Education Department,SYNTHETIC_PROTOTYPE
PAY-0600-3,MPLADS-SYN-0600,2026-08-09,106861,Running Bill,Education Department,SYNTHETIC_PROTOTYPE
PAY-0600-4,MPLADS-SYN-0600,2026-07-28,575944,First Payment,Education Department,SYNTHETIC_PROTOTYPE
PAY-0601-1,MPLADS-SYN-0601,2026-05-06,237449,Final Payment,Municipal Corporation,SYNTHETIC_PROTOTYPE
PAY-0601-2,MPLADS-SYN-0601,2026-07-17,108841,First Payment,Municipal Corporation,SYNTHETIC_PROTOTYPE
PAY-0601-3,MPLADS-SYN-0601,2026-05-05,268502,Milestone Payment,Municipal Corporation,SYNTHETIC_PROTOTYPE
PAY-0602-1,MPLADS-SYN-0602,2026-06-19,81974,Final Payment,Public Works Department,SYNTHETIC_PROTOTYPE
PAY-0602-2,MPLADS-SYN-0602,2026-04-07,29864,Final Payment,Public Works Department,SYNTHETIC_PROTOTYPE
PAY-0602-3,MPLADS-SYN-0602,2026-06-06,55827,Running Bill,Public Works Department,SYNTHETIC_PROTOTYPE
PAY-0602-4,MPLADS-SYN-0602,2026-06-21,44035,Final Payment,Public Works Department,SYNTHETIC_PROTOTYPE
PAY-0602-5,MPLADS-SYN-0602,2026-04-07,64800,First Payment,Public Works Department,SYNTHETIC_PROTOTYPE
PAY-0603-1,MPLADS-SYN-0603,2026-07-27,121484,Final Payment,Public Works Department,SYNTHETIC_PROTOTYPE
PAY-0603-2,MPLADS-SYN-0603,2026-05-07,152385,First Payment,Public Works Department,SYNTHETIC_PROTOTYPE
PAY-0603-3,MPLADS-SYN-0603,2026-06-11,498891,Running Bill,Public Works Department,SYNTHETIC_PROTOTYPE
PAY-0604-1,MPLADS-SYN-0604,2026-06-04,374472,Milestone Payment,Public Works Department,SYNTHETIC_PROTOTYPE
PAY-0604-2,MPLADS-SYN-0604,2026-03-17,1096519,Running Bill,Public Works Department,SYNTHETIC_PROTOTYPE
PAY-0605-1,MPLADS-SYN-0605,2026-09-27,281803,First Payment,Zilla Parishad,SYNTHETIC_PROTOTYPE
PAY-0605-2,MPLADS-SYN-0605,2026-09-14,121115,Running Bill,Zilla Parishad,SYNTHETIC_PROTOTYPE
PAY-0605-3,MPLADS-SYN-0605,2026-05-08,95938,Final Payment,Zilla Parishad,SYNTHETIC_PROTOTYPE
PAY-0605-4,MPLADS-SYN-0605,2026-07-14,40792,Final Payment,Zilla Parishad,SYNTHETIC_PROTOTYPE
PAY-0605-5,MPLADS-SYN-0605,2026-07-29,188352,Final Payment,Zilla Parishad,SYNTHETIC_PROTOTYPE
PAY-0606-1,MPLADS-SYN-0606,2026-05-04,93615,Final Payment,Municipal Corporation,SYNTHETIC_PROTOTYPE
PAY-0606-2,MPLADS-SYN-0606,2026-07-20,74003,Final Payment,Municipal Corporation,SYNTHETIC_PROTOTYPE
PAY-0606-3,MPLADS-SYN-0606,2026-04-27,25434,First Payment,Municipal Corporation,SYNTHETIC_PROTOTYPE
PAY-0606-4,MPLADS-SYN-0606,2026-06-30,26963,Milestone Payment,Municipal Corporation,SYNTHETIC_PROTOTYPE
PAY-0606-5,MPLADS-SYN-0606,2026-06-15,49120,Final Payment,Municipal Corporation,SYNTHETIC_PROTOTYPE
PAY-0607-1,MPLADS-SYN-0607,2026-07-25,777578,Final Payment,Education Department,SYNTHETIC_PROTOTYPE
PAY-0607-2,MPLADS-SYN-0607,2027-01-24,222904,First Payment,Education Department,SYNTHETIC_PROTOTYPE
PAY-0607-3,MPLADS-SYN-0607,2027-02-04,329988,Running Bill,Education Department,SYNTHETIC_PROTOTYPE
PAY-0607-4,MPLADS-SYN-0607,2027-01-23,201344,Running Bill,Education Department,SYNTHETIC_PROTOTYPE
PAY-0607-5,MPLADS-SYN-0607,2026-11-24,434472,Final Payment,Education Department,SYNTHETIC_PROTOTYPE
PAY-0608-1,MPLADS-SYN-0608,2026-04-30,202596,First Payment,Municipal Council,SYNTHETIC_PROTOTYPE
PAY-0608-2,MPLADS-SYN-0608,2026-06-08,334486,Final Payment,Municipal Council,SYNTHETIC_PROTOTYPE
PAY-0609-1,MPLADS-SYN-0609,2026-07-16,235731,First Payment,Municipal Corporation,SYNTHETIC_PROTOTYPE
PAY-0609-2,MPLADS-SYN-0609,2026-06-02,84478,Milestone Payment,Municipal Corporation,SYNTHETIC_PROTOTYPE
PAY-0609-3,MPLADS-SYN-0609,2026-06-17,209261,Running Bill,Municipal Corporation,SYNTHETIC_PROTOTYPE
PAY-0610-1,MPLADS-SYN-0610,2026-03-29,225137,Running Bill,Public Works Department,SYNTHETIC_PROTOTYPE
PAY-0610-2,MPLADS-SYN-0610,2026-04-29,118404,Final Payment,Public Works Department,SYNTHETIC_PROTOTYPE
PAY-0610-3,MPLADS-SYN-0610,2026-04-23,530961,First Payment,Public Works Department,SYNTHETIC_PROTOTYPE
PAY-0611-1,MPLADS-SYN-0611,2026-10-06,216785,Running Bill,Municipal Council,SYNTHETIC_PROTOTYPE
PAY-0611-2,MPLADS-SYN-0611,2026-04-18,334476,Final Payment,Municipal Council,SYNTHETIC_PROTOTYPE
PAY-0612-1,MPLADS-SYN-0612,2026-07-07,64706,Running Bill,District Health Office,SYNTHETIC_PROTOTYPE
PAY-0612-2,MPLADS-SYN-0612,2026-03-11,133294,Final Payment,District Health Office,SYNTHETIC_PROTOTYPE
PAY-0613-1,MPLADS-SYN-0613,2026-03-15,205734,Milestone Payment,Municipal Corporation,SYNTHETIC_PROTOTYPE
PAY-0613-2,MPLADS-SYN-0613,2026-04-29,179170,Milestone Payment,Municipal Corporation,SYNTHETIC_PROTOTYPE
PAY-0613-3,MPLADS-SYN-0613,2026-05-18,109455,First Payment,Municipal Corporation,SYNTHETIC_PROTOTYPE
PAY-0613-4,MPLADS-SYN-0613,2026-05-01,73268,Running Bill,Municipal Corporation,SYNTHETIC_PROTOTYPE
PAY-0613-5,MPLADS-SYN-0613,2026-02-08,104766,First Payment,Municipal Corporation,SYNTHETIC_PROTOTYPE
PAY-0614-1,MPLADS-SYN-0614,2026-04-07,886318,Running Bill,District Health Office,SYNTHETIC_PROTOTYPE
PAY-0614-2,MPLADS-SYN-0614,2026-05-05,655468,Final Payment,District Health Office,SYNTHETIC_PROTOTYPE
PAY-0614-3,MPLADS-SYN-0614,2026-06-05,547775,First Payment,District Health Office,SYNTHETIC_PROTOTYPE
PAY-0614-4,MPLADS-SYN-0614,2026-06-15,211590,Running Bill,District Health Office,SYNTHETIC_PROTOTYPE
PAY-0614-5,MPLADS-SYN-0614,2026-07-01,988349,Final Payment,District Health Office,SYNTHETIC_PROTOTYPE
PAY-0615-1,MPLADS-SYN-0615,2026-02-18,222488,Milestone Payment,Public Works Department,SYNTHETIC_PROTOTYPE
PAY-0615-2,MPLADS-SYN-0615,2026-05-27,484469,First Payment,Public Works Department,SYNTHETIC_PROTOTYPE
PAY-0616-1,MPLADS-SYN-0616,2026-07-17,260593,Running Bill,Municipal Corporation,SYNTHETIC_PROTOTYPE
PAY-0616-2,MPLADS-SYN-0616,2026-06-09,269887,Final Payment,Municipal Corporation,SYNTHETIC_PROTOTYPE
PAY-0616-3,MPLADS-SYN-0616,2026-05-15,609639,Final Payment,Municipal Corporation,SYNTHETIC_PROTOTYPE
PAY-0617-1,MPLADS-SYN-0617,2026-09-25,434379,First Payment,Municipal Corporation,SYNTHETIC_PROTOTYPE
PAY-0617-2,MPLADS-SYN-0617,2026-07-31,1202736,Final Payment,Municipal Corporation,SYNTHETIC_PROTOTYPE
PAY-0618-1,MPLADS-SYN-0618,2027-01-07,419185,Running Bill,Zilla Parishad,SYNTHETIC_PROTOTYPE
PAY-0618-2,MPLADS-SYN-0618,2026-11-19,238091,Milestone Payment,Zilla Parishad,SYNTHETIC_PROTOTYPE
PAY-0618-3,MPLADS-SYN-0618,2026-10-29,294884,Milestone Payment,Zilla Parishad,SYNTHETIC_PROTOTYPE
PAY-0618-4,MPLADS-SYN-0618,2026-09-19,96607,Milestone Payment,Zilla Parishad,SYNTHETIC_PROTOTYPE
PAY-0618-5,MPLADS-SYN-0618,2026-12-09,291233,Final Payment,Zilla Parishad,SYNTHETIC_PROTOTYPE
PAY-0619-1,MPLADS-SYN-0619,2026-10-12,246251,Running Bill,Rural Development Agency,SYNTHETIC_PROTOTYPE
PAY-0619-2,MPLADS-SYN-0619,2026-10-17,138597,Milestone Payment,Rural Development Agency,SYNTHETIC_PROTOTYPE
PAY-0619-3,MPLADS-SYN-0619,2026-10-27,62638,Final Payment,Rural Development Agency,SYNTHETIC_PROTOTYPE
PAY-0619-4,MPLADS-SYN-0619,2026-10-22,88957,Milestone Payment,Rural Development Agency,SYNTHETIC_PROTOTYPE
PAY-0619-5,MPLADS-SYN-0619,2026-10-02,109147,First Payment,Rural Development Agency,SYNTHETIC_PROTOTYPE
PAY-0620-1,MPLADS-SYN-0620,2026-09-28,947543,First Payment,Rural Development Agency,SYNTHETIC_PROTOTYPE
PAY-0620-2,MPLADS-SYN-0620,2026-08-17,391402,First Payment,Rural Development Agency,SYNTHETIC_PROTOTYPE
PAY-0620-3,MPLADS-SYN-0620,2026-09-06,378174,Milestone Payment,Rural Development Agency,SYNTHETIC_PROTOTYPE
PAY-0620-4,MPLADS-SYN-0620,2026-08-23,989481,Milestone Payment,Rural Development Agency,SYNTHETIC_PROTOTYPE
PAY-0621-1,MPLADS-SYN-0621,2026-10-07,199908,Final Payment,Education Department,SYNTHETIC_PROTOTYPE
PAY-0621-2,MPLADS-SYN-0621,2026-10-05,183033,Milestone Payment,Education Department,SYNTHETIC_PROTOTYPE
PAY-0621-3,MPLADS-SYN-0621,2026-05-16,250867,First Payment,Education Department,SYNTHETIC_PROTOTYPE
PAY-0622-1,MPLADS-SYN-0622,2026-03-26,182139,Running Bill,Zilla Parishad,SYNTHETIC_PROTOTYPE
PAY-0622-2,MPLADS-SYN-0622,2026-04-26,480861,Milestone Payment,Zilla Parishad,SYNTHETIC_PROTOTYPE
PAY-0623-1,MPLADS-SYN-0623,2026-02-03,239374,Milestone Payment,Zilla Parishad,SYNTHETIC_PROTOTYPE
PAY-0623-2,MPLADS-SYN-0623,2026-04-28,100686,Milestone Payment,Zilla Parishad,SYNTHETIC_PROTOTYPE
PAY-0623-3,MPLADS-SYN-0623,2026-05-12,110256,Running Bill,Zilla Parishad,SYNTHETIC_PROTOTYPE
PAY-0623-4,MPLADS-SYN-0623,2026-02-12,81113,Final Payment,Zilla Parishad,SYNTHETIC_PROTOTYPE
PAY-0623-5,MPLADS-SYN-0623,2026-03-24,109606,Running Bill,Zilla Parishad,SYNTHETIC_PROTOTYPE
PAY-0624-1,MPLADS-SYN-0624,2026-04-20,120998,Final Payment,Municipal Council,SYNTHETIC_PROTOTYPE
PAY-0624-2,MPLADS-SYN-0624,2026-03-27,91462,First Payment,Municipal Council,SYNTHETIC_PROTOTYPE
PAY-0624-3,MPLADS-SYN-0624,2026-04-15,46779,Milestone Payment,Municipal Council,SYNTHETIC_PROTOTYPE
PAY-0624-4,MPLADS-SYN-0624,2026-06-07,68294,Milestone Payment,Municipal Council,SYNTHETIC_PROTOTYPE
PAY-0624-5,MPLADS-SYN-0624,2026-05-23,140467,Milestone Payment,Municipal Council,SYNTHETIC_PROTOTYPE
PAY-0625-1,MPLADS-SYN-0625,2026-10-17,605751,Final Payment,District Health Office,SYNTHETIC_PROTOTYPE
PAY-0625-2,MPLADS-SYN-0625,2026-08-08,1017849,Running Bill,District Health Office,SYNTHETIC_PROTOTYPE
PAY-0626-1,MPLADS-SYN-0626,2026-06-07,650695,Running Bill,Municipal Corporation,SYNTHETIC_PROTOTYPE
PAY-0626-2,MPLADS-SYN-0626,2026-06-16,348394,First Payment,Municipal Corporation,SYNTHETIC_PROTOTYPE
PAY-0626-3,MPLADS-SYN-0626,2026-08-03,310718,Milestone Payment,Municipal Corporation,SYNTHETIC_PROTOTYPE
PAY-0626-4,MPLADS-SYN-0626,2026-02-08,148841,Running Bill,Municipal Corporation,SYNTHETIC_PROTOTYPE
PAY-0626-5,MPLADS-SYN-0626,2026-06-26,287152,Milestone Payment,Municipal Corporation,SYNTHETIC_PROTOTYPE
PAY-0627-1,MPLADS-SYN-0627,2026-04-27,271447,Running Bill,Public Works Department,SYNTHETIC_PROTOTYPE
PAY-0627-2,MPLADS-SYN-0627,2026-03-18,594008,First Payment,Public Works Department,SYNTHETIC_PROTOTYPE
PAY-0628-1,MPLADS-SYN-0628,2026-09-03,469189,First Payment,Zilla Parishad,SYNTHETIC_PROTOTYPE
PAY-0628-2,MPLADS-SYN-0628,2026-10-16,197889,Running Bill,Zilla Parishad,SYNTHETIC_PROTOTYPE
PAY-0628-3,MPLADS-SYN-0628,2026-08-12,177283,First Payment,Zilla Parishad,SYNTHETIC_PROTOTYPE
PAY-0628-4,MPLADS-SYN-0628,2026-07-20,369651,Final Payment,Zilla Parishad,SYNTHETIC_PROTOTYPE
PAY-0628-5,MPLADS-SYN-0628,2026-08-16,470548,Final Payment,Zilla Parishad,SYNTHETIC_PROTOTYPE
PAY-0629-1,MPLADS-SYN-0629,2026-05-22,43053,Running Bill,Public Works Department,SYNTHETIC_PROTOTYPE
PAY-0629-2,MPLADS-SYN-0629,2026-05-09,18721,First Payment,Public Works Department,SYNTHETIC_PROTOTYPE
PAY-0629-3,MPLADS-SYN-0629,2026-05-03,10321,First Payment,Public Works Department,SYNTHETIC_PROTOTYPE
PAY-0629-4,MPLADS-SYN-0629,2026-05-10,12975,Final Payment,Public Works Department,SYNTHETIC_PROTOTYPE
PAY-0629-5,MPLADS-SYN-0629,2026-03-25,23430,Final Payment,Public Works Department,SYNTHETIC_PROTOTYPE
PAY-0630-1,MPLADS-SYN-0630,2026-09-03,194113,Milestone Payment,Zilla Parishad,SYNTHETIC_PROTOTYPE
PAY-0630-2,MPLADS-SYN-0630,2026-09-17,144998,First Payment,Zilla Parishad,SYNTHETIC_PROTOTYPE
PAY-0630-3,MPLADS-SYN-0630,2026-12-15,188005,Final Payment,Zilla Parishad,SYNTHETIC_PROTOTYPE
PAY-0631-1,MPLADS-SYN-0631,2026-12-18,278078,Running Bill,Rural Development Agency,SYNTHETIC_PROTOTYPE
PAY-0631-2,MPLADS-SYN-0631,2026-09-13,178945,First Payment,Rural Development Agency,SYNTHETIC_PROTOTYPE
PAY-0631-3,MPLADS-SYN-0631,2026-10-13,482665,Running Bill,Rural Development Agency,SYNTHETIC_PROTOTYPE
PAY-0632-1,MPLADS-SYN-0632,2026-06-10,243830,Final Payment,Zilla Parishad,SYNTHETIC_PROTOTYPE
PAY-0632-2,MPLADS-SYN-0632,2026-06-23,540336,First Payment,Zilla Parishad,SYNTHETIC_PROTOTYPE
PAY-0633-1,MPLADS-SYN-0633,2026-02-17,218270,Milestone Payment,Municipal Council,SYNTHETIC_PROTOTYPE
PAY-0633-2,MPLADS-SYN-0633,2026-02-21,283538,First Payment,Municipal Council,SYNTHETIC_PROTOTYPE
PAY-0633-3,MPLADS-SYN-0633,2026-02-15,340085,First Payment,Municipal Council,SYNTHETIC_PROTOTYPE
PAY-0633-4,MPLADS-SYN-0633,2026-03-21,84013,Milestone Payment,Municipal Council,SYNTHETIC_PROTOTYPE
PAY-0633-5,MPLADS-SYN-0633,2026-03-07,335113,Final Payment,Municipal Council,SYNTHETIC_PROTOTYPE
PAY-0634-1,MPLADS-SYN-0634,2026-03-25,112063,First Payment,District Health Office,SYNTHETIC_PROTOTYPE
PAY-0634-2,MPLADS-SYN-0634,2026-05-23,174765,Milestone Payment,District Health Office,SYNTHETIC_PROTOTYPE
PAY-0635-1,MPLADS-SYN-0635,2026-07-14,208479,Running Bill,Municipal Council,SYNTHETIC_PROTOTYPE
PAY-0635-2,MPLADS-SYN-0635,2026-07-14,79598,Milestone Payment,Municipal Council,SYNTHETIC_PROTOTYPE
PAY-0635-3,MPLADS-SYN-0635,2026-10-12,97077,Running Bill,Municipal Council,SYNTHETIC_PROTOTYPE
PAY-0635-4,MPLADS-SYN-0635,2026-07-24,61456,Running Bill,Municipal Council,SYNTHETIC_PROTOTYPE
PAY-0635-5,MPLADS-SYN-0635,2026-08-14,84390,Final Payment,Municipal Council,SYNTHETIC_PROTOTYPE
PAY-0636-1,MPLADS-SYN-0636,2026-12-25,574346,Final Payment,District Health Office,SYNTHETIC_PROTOTYPE
PAY-0636-2,MPLADS-SYN-0636,2026-10-17,346809,Milestone Payment,District Health Office,SYNTHETIC_PROTOTYPE
PAY-0636-3,MPLADS-SYN-0636,2026-09-22,670778,Final Payment,District Health Office,SYNTHETIC_PROTOTYPE
PAY-0637-1,MPLADS-SYN-0637,2026-06-11,273038,First Payment,District Health Office,SYNTHETIC_PROTOTYPE
PAY-0637-2,MPLADS-SYN-0637,2026-07-11,125043,First Payment,District Health Office,SYNTHETIC_PROTOTYPE
PAY-0637-3,MPLADS-SYN-0637,2026-07-25,576487,Milestone Payment,District Health Office,SYNTHETIC_PROTOTYPE
PAY-0638-1,MPLADS-SYN-0638,2026-11-16,75106,First Payment,Municipal Corporation,SYNTHETIC_PROTOTYPE
PAY-0638-2,MPLADS-SYN-0638,2026-10-08,91755,First Payment,Municipal Corporation,SYNTHETIC_PROTOTYPE
PAY-0638-3,MPLADS-SYN-0638,2027-01-09,31273,Running Bill,Municipal Corporation,SYNTHETIC_PROTOTYPE
PAY-0638-4,MPLADS-SYN-0638,2026-09-02,23010,First Payment,Municipal Corporation,SYNTHETIC_PROTOTYPE
PAY-0638-5,MPLADS-SYN-0638,2026-12-03,72856,First Payment,Municipal Corporation,SYNTHETIC_PROTOTYPE
PAY-0639-1,MPLADS-SYN-0639,2027-01-01,208516,Running Bill,Rural Development Agency,SYNTHETIC_PROTOTYPE
PAY-0639-2,MPLADS-SYN-0639,2026-10-28,162481,Final Payment,Rural Development Agency,SYNTHETIC_PROTOTYPE
PAY-0639-3,MPLADS-SYN-0639,2027-01-12,519592,Running Bill,Rural Development Agency,SYNTHETIC_PROTOTYPE
PAY-0640-1,MPLADS-SYN-0640,2026-05-13,70506,Running Bill,Rural Development Agency,SYNTHETIC_PROTOTYPE
PAY-0640-2,MPLADS-SYN-0640,2026-03-11,95950,Milestone Payment,Rural Development Agency,SYNTHETIC_PROTOTYPE
PAY-0640-3,MPLADS-SYN-0640,2026-07-27,56653,Milestone Payment,Rural Development Agency,SYNTHETIC_PROTOTYPE
PAY-0640-4,MPLADS-SYN-0640,2026-08-08,228141,Milestone Payment,Rural Development Agency,SYNTHETIC_PROTOTYPE
PAY-0641-1,MPLADS-SYN-0641,2026-07-08,107701,Final Payment,Zilla Parishad,SYNTHETIC_PROTOTYPE
PAY-0641-2,MPLADS-SYN-0641,2026-07-26,55765,Milestone Payment,Zilla Parishad,SYNTHETIC_PROTOTYPE
PAY-0641-3,MPLADS-SYN-0641,2026-06-10,41392,First Payment,Zilla Parishad,SYNTHETIC_PROTOTYPE
PAY-0641-4,MPLADS-SYN-0641,2026-03-03,29526,Final Payment,Zilla Parishad,SYNTHETIC_PROTOTYPE
PAY-0641-5,MPLADS-SYN-0641,2026-07-25,73257,First Payment,Zilla Parishad,SYNTHETIC_PROTOTYPE
PAY-0642-1,MPLADS-SYN-0642,2026-09-26,828602,Final Payment,Municipal Corporation,SYNTHETIC_PROTOTYPE
PAY-0642-2,MPLADS-SYN-0642,2026-09-15,339020,First Payment,Municipal Corporation,SYNTHETIC_PROTOTYPE
PAY-0642-3,MPLADS-SYN-0642,2026-09-03,711734,Milestone Payment,Municipal Corporation,SYNTHETIC_PROTOTYPE
PAY-0643-1,MPLADS-SYN-0643,2026-06-29,291159,Final Payment,Zilla Parishad,SYNTHETIC_PROTOTYPE
PAY-0643-2,MPLADS-SYN-0643,2026-08-01,311276,First Payment,Zilla Parishad,SYNTHETIC_PROTOTYPE
PAY-0643-3,MPLADS-SYN-0643,2026-11-25,150266,Running Bill,Zilla Parishad,SYNTHETIC_PROTOTYPE
PAY-0643-4,MPLADS-SYN-0643,2026-07-28,89518,Running Bill,Zilla Parishad,SYNTHETIC_PROTOTYPE
PAY-0643-5,MPLADS-SYN-0643,2026-11-23,203801,Final Payment,Zilla Parishad,SYNTHETIC_PROTOTYPE
PAY-0644-1,MPLADS-SYN-0644,2026-09-05,762668,First Payment,Education Department,SYNTHETIC_PROTOTYPE
PAY-0644-2,MPLADS-SYN-0644,2026-11-15,1001341,Running Bill,Education Department,SYNTHETIC_PROTOTYPE
PAY-0644-3,MPLADS-SYN-0644,2026-10-10,295761,Running Bill,Education Department,SYNTHETIC_PROTOTYPE
PAY-0644-4,MPLADS-SYN-0644,2026-10-04,342802,Final Payment,Education Department,SYNTHETIC_PROTOTYPE
PAY-0644-5,MPLADS-SYN-0644,2026-12-07,669428,Final Payment,Education Department,SYNTHETIC_PROTOTYPE
PAY-0645-1,MPLADS-SYN-0645,2026-08-22,99322,Milestone Payment,Rural Development Agency,SYNTHETIC_PROTOTYPE
PAY-0645-2,MPLADS-SYN-0645,2026-07-19,56345,Milestone Payment,Rural Development Agency,SYNTHETIC_PROTOTYPE
PAY-0645-3,MPLADS-SYN-0645,2026-08-12,41090,Running Bill,Rural Development Agency,SYNTHETIC_PROTOTYPE
PAY-0645-4,MPLADS-SYN-0645,2026-08-17,61178,Running Bill,Rural Development Agency,SYNTHETIC_PROTOTYPE
PAY-0646-1,MPLADS-SYN-0646,2026-07-25,104862,First Payment,Municipal Council,SYNTHETIC_PROTOTYPE
PAY-0646-2,MPLADS-SYN-0646,2026-08-01,201044,First Payment,Municipal Council,SYNTHETIC_PROTOTYPE
PAY-0646-3,MPLADS-SYN-0646,2026-07-23,318948,Milestone Payment,Municipal Council,SYNTHETIC_PROTOTYPE
PAY-0647-1,MPLADS-SYN-0647,2027-01-05,62806,Running Bill,Municipal Corporation,SYNTHETIC_PROTOTYPE
PAY-0647-2,MPLADS-SYN-0647,2027-01-25,304394,Milestone Payment,Municipal Corporation,SYNTHETIC_PROTOTYPE
PAY-0648-1,MPLADS-SYN-0648,2026-09-25,221060,First Payment,Zilla Parishad,SYNTHETIC_PROTOTYPE
PAY-0648-2,MPLADS-SYN-0648,2026-09-22,179489,Milestone Payment,Zilla Parishad,SYNTHETIC_PROTOTYPE
PAY-0648-3,MPLADS-SYN-0648,2027-01-16,82147,Milestone Payment,Zilla Parishad,SYNTHETIC_PROTOTYPE
PAY-0648-4,MPLADS-SYN-0648,2026-09-05,34218,Milestone Payment,Zilla Parishad,SYNTHETIC_PROTOTYPE
PAY-0648-5,MPLADS-SYN-0648,2026-09-30,186499,Running Bill,Zilla Parishad,SYNTHETIC_PROTOTYPE
PAY-0649-1,MPLADS-SYN-0649,2026-09-18,285097,Milestone Payment,Municipal Corporation,SYNTHETIC_PROTOTYPE
PAY-0649-2,MPLADS-SYN-0649,2026-08-06,976403,Milestone Payment,Municipal Corporation,SYNTHETIC_PROTOTYPE
PAY-0650-1,MPLADS-SYN-0650,2026-10-25,69119,Running Bill,Education Department,SYNTHETIC_PROTOTYPE
PAY-0650-2,MPLADS-SYN-0650,2026-08-23,202173,Final Payment,Education Department,SYNTHETIC_PROTOTYPE
PAY-0651-1,MPLADS-SYN-0651,2026-03-27,203153,Running Bill,Education Department,SYNTHETIC_PROTOTYPE
PAY-0651-2,MPLADS-SYN-0651,2026-04-04,189847,First Payment,Education Department,SYNTHETIC_PROTOTYPE
PAY-0651-3,MPLADS-SYN-0651,2026-05-28,210380,Final Payment,Education Department,SYNTHETIC_PROTOTYPE
PAY-0651-4,MPLADS-SYN-0651,2026-04-25,141636,First Payment,Education Department,SYNTHETIC_PROTOTYPE
PAY-0651-5,MPLADS-SYN-0651,2026-07-23,237712,First Payment,Education Department,SYNTHETIC_PROTOTYPE
PAY-0652-1,MPLADS-SYN-0652,2026-11-18,152040,Milestone Payment,Municipal Council,SYNTHETIC_PROTOTYPE
PAY-0652-2,MPLADS-SYN-0652,2026-09-19,152511,Milestone Payment,Municipal Council,SYNTHETIC_PROTOTYPE
PAY-0652-3,MPLADS-SYN-0652,2026-10-19,81609,Running Bill,Municipal Council,SYNTHETIC_PROTOTYPE
PAY-0652-4,MPLADS-SYN-0652,2026-09-17,75992,Milestone Payment,Municipal Council,SYNTHETIC_PROTOTYPE
PAY-0652-5,MPLADS-SYN-0652,2026-09-16,126766,First Payment,Municipal Council,SYNTHETIC_PROTOTYPE
PAY-0653-1,MPLADS-SYN-0653,2026-03-20,148075,Final Payment,Rural Development Agency,SYNTHETIC_PROTOTYPE
PAY-0653-2,MPLADS-SYN-0653,2026-05-05,397625,Running Bill,Rural Development Agency,SYNTHETIC_PROTOTYPE
PAY-0654-1,MPLADS-SYN-0654,2026-04-16,217218,Final Payment,Municipal Corporation,SYNTHETIC_PROTOTYPE
PAY-0654-2,MPLADS-SYN-0654,2026-03-23,1107382,Milestone Payment,Municipal Corporation,SYNTHETIC_PROTOTYPE
PAY-0655-1,MPLADS-SYN-0655,2026-04-21,204437,Milestone Payment,Zilla Parishad,SYNTHETIC_PROTOTYPE
PAY-0655-2,MPLADS-SYN-0655,2026-07-20,695565,Final Payment,Zilla Parishad,SYNTHETIC_PROTOTYPE
PAY-0656-1,MPLADS-SYN-0656,2026-09-05,395845,Milestone Payment,Rural Development Agency,SYNTHETIC_PROTOTYPE
PAY-0656-2,MPLADS-SYN-0656,2026-11-12,251485,Final Payment,Rural Development Agency,SYNTHETIC_PROTOTYPE
PAY-0656-3,MPLADS-SYN-0656,2026-09-23,602169,First Payment,Rural Development Agency,SYNTHETIC_PROTOTYPE
PAY-0657-1,MPLADS-SYN-0657,2026-05-27,67952,Milestone Payment,District Health Office,SYNTHETIC_PROTOTYPE
PAY-0657-2,MPLADS-SYN-0657,2026-06-05,60654,Final Payment,District Health Office,SYNTHETIC_PROTOTYPE
PAY-0657-3,MPLADS-SYN-0657,2026-06-21,30963,Final Payment,District Health Office,SYNTHETIC_PROTOTYPE
PAY-0657-4,MPLADS-SYN-0657,2026-07-26,28764,Final Payment,District Health Office,SYNTHETIC_PROTOTYPE
PAY-0657-5,MPLADS-SYN-0657,2026-07-01,44167,Final Payment,District Health Office,SYNTHETIC_PROTOTYPE
PAY-0658-1,MPLADS-SYN-0658,2026-07-23,144422,Milestone Payment,Public Works Department,SYNTHETIC_PROTOTYPE
PAY-0658-2,MPLADS-SYN-0658,2026-07-17,98095,Milestone Payment,Public Works Department,SYNTHETIC_PROTOTYPE
PAY-0658-3,MPLADS-SYN-0658,2026-07-01,28626,Milestone Payment,Public Works Department,SYNTHETIC_PROTOTYPE
PAY-0658-4,MPLADS-SYN-0658,2026-07-27,118957,Running Bill,Public Works Department,SYNTHETIC_PROTOTYPE
PAY-0659-1,MPLADS-SYN-0659,2026-10-22,689585,Final Payment,Rural Development Agency,SYNTHETIC_PROTOTYPE
PAY-0659-2,MPLADS-SYN-0659,2026-09-09,1123915,First Payment,Rural Development Agency,SYNTHETIC_PROTOTYPE
PAY-0660-1,MPLADS-SYN-0660,2026-01-25,310304,First Payment,Rural Development Agency,SYNTHETIC_PROTOTYPE
PAY-0660-2,MPLADS-SYN-0660,2026-05-22,311074,First Payment,Rural Development Agency,SYNTHETIC_PROTOTYPE
PAY-0660-3,MPLADS-SYN-0660,2026-03-06,112429,Running Bill,Rural Development Agency,SYNTHETIC_PROTOTYPE
PAY-0660-4,MPLADS-SYN-0660,2026-03-30,371393,First Payment,Rural Development Agency,SYNTHETIC_PROTOTYPE
PAY-0661-1,MPLADS-SYN-0661,2026-05-14,246961,Milestone Payment,Rural Development Agency,SYNTHETIC_PROTOTYPE
PAY-0661-2,MPLADS-SYN-0661,2026-05-09,118059,Running Bill,Rural Development Agency,SYNTHETIC_PROTOTYPE
PAY-0661-3,MPLADS-SYN-0661,2026-05-13,314980,Milestone Payment,Rural Development Agency,SYNTHETIC_PROTOTYPE
PAY-0662-1,MPLADS-SYN-0662,2026-03-04,286711,Final Payment,Rural Development Agency,SYNTHETIC_PROTOTYPE
PAY-0662-2,MPLADS-SYN-0662,2026-06-19,576502,Milestone Payment,Rural Development Agency,SYNTHETIC_PROTOTYPE
PAY-0663-1,MPLADS-SYN-0663,2026-08-15,104408,Milestone Payment,Public Works Department,SYNTHETIC_PROTOTYPE
PAY-0663-2,MPLADS-SYN-0663,2026-11-12,299503,Running Bill,Public Works Department,SYNTHETIC_PROTOTYPE
PAY-0664-1,MPLADS-SYN-0664,2026-04-21,285357,Milestone Payment,Public Works Department,SYNTHETIC_PROTOTYPE
PAY-0664-2,MPLADS-SYN-0664,2026-03-29,370753,Final Payment,Public Works Department,SYNTHETIC_PROTOTYPE
PAY-0665-1,MPLADS-SYN-0665,2026-09-28,169121,Milestone Payment,Rural Development Agency,SYNTHETIC_PROTOTYPE
PAY-0665-2,MPLADS-SYN-0665,2026-12-14,118368,Milestone Payment,Rural Development Agency,SYNTHETIC_PROTOTYPE
PAY-0665-3,MPLADS-SYN-0665,2026-10-27,256446,Milestone Payment,Rural Development Agency,SYNTHETIC_PROTOTYPE
PAY-0666-1,MPLADS-SYN-0666,2026-09-27,176197,Milestone Payment,District Health Office,SYNTHETIC_PROTOTYPE
PAY-0666-2,MPLADS-SYN-0666,2026-09-13,137992,Running Bill,District Health Office,SYNTHETIC_PROTOTYPE
PAY-0666-3,MPLADS-SYN-0666,2026-07-15,50888,Milestone Payment,District Health Office,SYNTHETIC_PROTOTYPE
PAY-0666-4,MPLADS-SYN-0666,2026-11-02,118858,Final Payment,District Health Office,SYNTHETIC_PROTOTYPE
PAY-0667-1,MPLADS-SYN-0667,2026-06-20,610082,Running Bill,Public Works Department,SYNTHETIC_PROTOTYPE
PAY-0667-2,MPLADS-SYN-0667,2026-06-29,432831,Running Bill,Public Works Department,SYNTHETIC_PROTOTYPE
PAY-0667-3,MPLADS-SYN-0667,2026-07-11,178399,Milestone Payment,Public Works Department,SYNTHETIC_PROTOTYPE
PAY-0667-4,MPLADS-SYN-0667,2026-07-06,182898,Final Payment,Public Works Department,SYNTHETIC_PROTOTYPE
PAY-0667-5,MPLADS-SYN-0667,2026-05-31,323790,Final Payment,Public Works Department,SYNTHETIC_PROTOTYPE
PAY-0668-1,MPLADS-SYN-0668,2026-02-01,139953,First Payment,Municipal Corporation,SYNTHETIC_PROTOTYPE
PAY-0668-2,MPLADS-SYN-0668,2026-03-29,105064,Milestone Payment,Municipal Corporation,SYNTHETIC_PROTOTYPE
PAY-0668-3,MPLADS-SYN-0668,2026-07-09,142583,Final Payment,Municipal Corporation,SYNTHETIC_PROTOTYPE
PAY-0669-1,MPLADS-SYN-0669,2026-12-10,1084369,Running Bill,Zilla Parishad,SYNTHETIC_PROTOTYPE
PAY-0669-2,MPLADS-SYN-0669,2026-12-29,692224,Milestone Payment,Zilla Parishad,SYNTHETIC_PROTOTYPE
PAY-0669-3,MPLADS-SYN-0669,2027-02-03,275271,Milestone Payment,Zilla Parishad,SYNTHETIC_PROTOTYPE
PAY-0669-4,MPLADS-SYN-0669,2026-09-29,214298,Milestone Payment,Zilla Parishad,SYNTHETIC_PROTOTYPE
PAY-0669-5,MPLADS-SYN-0669,2026-10-28,536438,Milestone Payment,Zilla Parishad,SYNTHETIC_PROTOTYPE
PAY-0670-1,MPLADS-SYN-0670,2026-05-05,268304,Running Bill,Municipal Corporation,SYNTHETIC_PROTOTYPE
PAY-0670-2,MPLADS-SYN-0670,2026-05-01,118096,Milestone Payment,Municipal Corporation,SYNTHETIC_PROTOTYPE
PAY-0670-3,MPLADS-SYN-0670,2026-05-12,218757,Running Bill,Municipal Corporation,SYNTHETIC_PROTOTYPE
PAY-0670-4,MPLADS-SYN-0670,2026-05-12,408843,Milestone Payment,Municipal Corporation,SYNTHETIC_PROTOTYPE
PAY-0671-1,MPLADS-SYN-0671,2026-04-06,174621,Final Payment,Rural Development Agency,SYNTHETIC_PROTOTYPE
PAY-0671-2,MPLADS-SYN-0671,2026-07-11,230633,Milestone Payment,Rural Development Agency,SYNTHETIC_PROTOTYPE
PAY-0671-3,MPLADS-SYN-0671,2026-05-03,89362,Running Bill,Rural Development Agency,SYNTHETIC_PROTOTYPE
PAY-0671-4,MPLADS-SYN-0671,2026-08-23,66124,Running Bill,Rural Development Agency,SYNTHETIC_PROTOTYPE
PAY-0671-5,MPLADS-SYN-0671,2026-05-03,338518,Milestone Payment,Rural Development Agency,SYNTHETIC_PROTOTYPE
PAY-0672-1,MPLADS-SYN-0672,2026-08-03,174101,First Payment,Rural Development Agency,SYNTHETIC_PROTOTYPE
PAY-0672-2,MPLADS-SYN-0672,2026-06-17,294899,Final Payment,Rural Development Agency,SYNTHETIC_PROTOTYPE
PAY-0673-1,MPLADS-SYN-0673,2026-04-04,140141,First Payment,Rural Development Agency,SYNTHETIC_PROTOTYPE
PAY-0673-2,MPLADS-SYN-0673,2026-03-02,80902,Final Payment,Rural Development Agency,SYNTHETIC_PROTOTYPE
PAY-0673-3,MPLADS-SYN-0673,2026-02-25,100670,First Payment,Rural Development Agency,SYNTHETIC_PROTOTYPE
PAY-0673-4,MPLADS-SYN-0673,2026-03-17,353220,Milestone Payment,Rural Development Agency,SYNTHETIC_PROTOTYPE
PAY-0674-1,MPLADS-SYN-0674,2026-05-14,55212,Final Payment,Municipal Council,SYNTHETIC_PROTOTYPE
PAY-0674-2,MPLADS-SYN-0674,2026-06-23,210649,Final Payment,Municipal Council,SYNTHETIC_PROTOTYPE
PAY-0675-1,MPLADS-SYN-0675,2026-09-06,754519,Final Payment,Rural Development Agency,SYNTHETIC_PROTOTYPE
PAY-0675-2,MPLADS-SYN-0675,2026-06-22,422909,Running Bill,Rural Development Agency,SYNTHETIC_PROTOTYPE
PAY-0675-3,MPLADS-SYN-0675,2026-07-15,695630,Running Bill,Rural Development Agency,SYNTHETIC_PROTOTYPE
PAY-0676-1,MPLADS-SYN-0676,2026-08-12,113491,Milestone Payment,Education Department,SYNTHETIC_PROTOTYPE
PAY-0676-2,MPLADS-SYN-0676,2026-08-27,226306,Milestone Payment,Education Department,SYNTHETIC_PROTOTYPE
PAY-0676-3,MPLADS-SYN-0676,2026-07-19,135304,First Payment,Education Department,SYNTHETIC_PROTOTYPE
PAY-0676-4,MPLADS-SYN-0676,2026-06-03,38289,Final Payment,Education Department,SYNTHETIC_PROTOTYPE
PAY-0676-5,MPLADS-SYN-0676,2026-08-09,172610,Final Payment,Education Department,SYNTHETIC_PROTOTYPE
PAY-0677-1,MPLADS-SYN-0677,2026-07-21,343723,Final Payment,Municipal Council,SYNTHETIC_PROTOTYPE
PAY-0677-2,MPLADS-SYN-0677,2026-07-20,73126,Final Payment,Municipal Council,SYNTHETIC_PROTOTYPE
PAY-0677-3,MPLADS-SYN-0677,2026-07-27,383538,Final Payment,Municipal Council,SYNTHETIC_PROTOTYPE
PAY-0678-1,MPLADS-SYN-0678,2026-06-03,198175,First Payment,District Health Office,SYNTHETIC_PROTOTYPE
PAY-0678-2,MPLADS-SYN-0678,2026-05-28,272165,Running Bill,District Health Office,SYNTHETIC_PROTOTYPE
PAY-0678-3,MPLADS-SYN-0678,2026-06-06,432309,Milestone Payment,District Health Office,SYNTHETIC_PROTOTYPE
PAY-0679-1,MPLADS-SYN-0679,2026-07-17,386129,Milestone Payment,Public Works Department,SYNTHETIC_PROTOTYPE
PAY-0679-2,MPLADS-SYN-0679,2026-04-15,279251,First Payment,Public Works Department,SYNTHETIC_PROTOTYPE
PAY-0679-3,MPLADS-SYN-0679,2026-06-17,219863,Milestone Payment,Public Works Department,SYNTHETIC_PROTOTYPE
PAY-0679-4,MPLADS-SYN-0679,2026-06-04,749649,Running Bill,Public Works Department,SYNTHETIC_PROTOTYPE
PAY-0680-1,MPLADS-SYN-0680,2026-12-26,573670,Running Bill,Rural Development Agency,SYNTHETIC_PROTOTYPE
PAY-0680-2,MPLADS-SYN-0680,2026-11-25,240415,Final Payment,Rural Development Agency,SYNTHETIC_PROTOTYPE
PAY-0680-3,MPLADS-SYN-0680,2026-12-07,104894,Final Payment,Rural Development Agency,SYNTHETIC_PROTOTYPE
PAY-0680-4,MPLADS-SYN-0680,2027-01-23,89692,First Payment,Rural Development Agency,SYNTHETIC_PROTOTYPE
PAY-0680-5,MPLADS-SYN-0680,2026-09-30,335603,Running Bill,Rural Development Agency,SYNTHETIC_PROTOTYPE
PAY-0681-1,MPLADS-SYN-0681,2026-06-18,40241,Milestone Payment,Public Works Department,SYNTHETIC_PROTOTYPE
PAY-0681-2,MPLADS-SYN-0681,2026-05-25,190132,Milestone Payment,Public Works Department,SYNTHETIC_PROTOTYPE
PAY-0682-1,MPLADS-SYN-0682,2027-01-14,208649,Milestone Payment,Zilla Parishad,SYNTHETIC_PROTOTYPE
PAY-0682-2,MPLADS-SYN-0682,2026-12-25,236573,Running Bill,Zilla Parishad,SYNTHETIC_PROTOTYPE
PAY-0682-3,MPLADS-SYN-0682,2026-10-20,545990,Running Bill,Zilla Parishad,SYNTHETIC_PROTOTYPE
PAY-0683-1,MPLADS-SYN-0683,2026-10-25,350353,Running Bill,District Health Office,SYNTHETIC_PROTOTYPE
PAY-0683-2,MPLADS-SYN-0683,2026-11-29,167624,Running Bill,District Health Office,SYNTHETIC_PROTOTYPE
PAY-0683-3,MPLADS-SYN-0683,2026-10-22,855315,Milestone Payment,District Health Office,SYNTHETIC_PROTOTYPE
PAY-0684-1,MPLADS-SYN-0684,2026-05-11,413574,Running Bill,Municipal Corporation,SYNTHETIC_PROTOTYPE
PAY-0684-2,MPLADS-SYN-0684,2026-05-08,508604,Final Payment,Municipal Corporation,SYNTHETIC_PROTOTYPE
PAY-0685-1,MPLADS-SYN-0685,2026-10-15,287327,Final Payment,Education Department,SYNTHETIC_PROTOTYPE
PAY-0685-2,MPLADS-SYN-0685,2026-10-01,168762,Milestone Payment,Education Department,SYNTHETIC_PROTOTYPE
PAY-0685-3,MPLADS-SYN-0685,2026-11-20,203823,Running Bill,Education Department,SYNTHETIC_PROTOTYPE
PAY-0685-4,MPLADS-SYN-0685,2027-02-15,117160,First Payment,Education Department,SYNTHETIC_PROTOTYPE
PAY-0685-5,MPLADS-SYN-0685,2026-10-13,162928,First Payment,Education Department,SYNTHETIC_PROTOTYPE
PAY-0686-1,MPLADS-SYN-0686,2026-07-30,134039,First Payment,Rural Development Agency,SYNTHETIC_PROTOTYPE
PAY-0686-2,MPLADS-SYN-0686,2026-07-08,232841,Milestone Payment,Rural Development Agency,SYNTHETIC_PROTOTYPE
PAY-0687-1,MPLADS-SYN-0687,2027-01-04,473031,Milestone Payment,Zilla Parishad,SYNTHETIC_PROTOTYPE
PAY-0687-2,MPLADS-SYN-0687,2026-12-16,237437,Final Payment,Zilla Parishad,SYNTHETIC_PROTOTYPE
PAY-0687-3,MPLADS-SYN-0687,2026-12-18,471464,Final Payment,Zilla Parishad,SYNTHETIC_PROTOTYPE
PAY-0688-1,MPLADS-SYN-0688,2026-06-25,255299,Milestone Payment,Zilla Parishad,SYNTHETIC_PROTOTYPE
PAY-0688-2,MPLADS-SYN-0688,2026-05-06,145528,Milestone Payment,Zilla Parishad,SYNTHETIC_PROTOTYPE
PAY-0688-3,MPLADS-SYN-0688,2026-06-25,90742,First Payment,Zilla Parishad,SYNTHETIC_PROTOTYPE
PAY-0688-4,MPLADS-SYN-0688,2026-08-27,96363,Running Bill,Zilla Parishad,SYNTHETIC_PROTOTYPE
PAY-0688-5,MPLADS-SYN-0688,2026-05-08,260319,Final Payment,Zilla Parishad,SYNTHETIC_PROTOTYPE
PAY-0689-1,MPLADS-SYN-0689,2026-09-12,557979,Running Bill,Education Department,SYNTHETIC_PROTOTYPE
PAY-0689-2,MPLADS-SYN-0689,2027-01-17,671133,Running Bill,Education Department,SYNTHETIC_PROTOTYPE
PAY-0689-3,MPLADS-SYN-0689,2026-08-14,216375,Final Payment,Education Department,SYNTHETIC_PROTOTYPE
PAY-0689-4,MPLADS-SYN-0689,2027-01-19,265883,Running Bill,Education Department,SYNTHETIC_PROTOTYPE
PAY-0689-5,MPLADS-SYN-0689,2026-07-26,827982,Milestone Payment,Education Department,SYNTHETIC_PROTOTYPE
PAY-0690-1,MPLADS-SYN-0690,2026-08-28,67770,Milestone Payment,Municipal Council,SYNTHETIC_PROTOTYPE
PAY-0690-2,MPLADS-SYN-0690,2026-07-01,74643,First Payment,Municipal Council,SYNTHETIC_PROTOTYPE
PAY-0690-3,MPLADS-SYN-0690,2026-11-11,203896,Running Bill,Municipal Council,SYNTHETIC_PROTOTYPE
PAY-0691-1,MPLADS-SYN-0691,2026-06-17,1085572,Running Bill,Municipal Corporation,SYNTHETIC_PROTOTYPE
PAY-0691-2,MPLADS-SYN-0691,2026-08-16,756568,Running Bill,Municipal Corporation,SYNTHETIC_PROTOTYPE
PAY-0691-3,MPLADS-SYN-0691,2026-08-22,146953,First Payment,Municipal Corporation,SYNTHETIC_PROTOTYPE
PAY-0691-4,MPLADS-SYN-0691,2026-06-07,298683,First Payment,Municipal Corporation,SYNTHETIC_PROTOTYPE
PAY-0691-5,MPLADS-SYN-0691,2026-09-18,501017,Milestone Payment,Municipal Corporation,SYNTHETIC_PROTOTYPE
PAY-0692-1,MPLADS-SYN-0692,2026-08-08,170746,Running Bill,District Health Office,SYNTHETIC_PROTOTYPE
PAY-0692-2,MPLADS-SYN-0692,2026-11-28,96005,First Payment,District Health Office,SYNTHETIC_PROTOTYPE
PAY-0692-3,MPLADS-SYN-0692,2026-09-18,60704,First Payment,District Health Office,SYNTHETIC_PROTOTYPE
PAY-0692-4,MPLADS-SYN-0692,2026-11-04,31455,First Payment,District Health Office,SYNTHETIC_PROTOTYPE
PAY-0692-5,MPLADS-SYN-0692,2026-11-02,102790,Running Bill,District Health Office,SYNTHETIC_PROTOTYPE
PAY-0693-1,MPLADS-SYN-0693,2026-09-21,251654,Final Payment,Education Department,SYNTHETIC_PROTOTYPE
PAY-0693-2,MPLADS-SYN-0693,2026-10-20,146496,Running Bill,Education Department,SYNTHETIC_PROTOTYPE
PAY-0693-3,MPLADS-SYN-0693,2026-12-26,477383,First Payment,Education Department,SYNTHETIC_PROTOTYPE
PAY-0694-1,MPLADS-SYN-0694,2026-05-05,173458,Milestone Payment,Municipal Corporation,SYNTHETIC_PROTOTYPE
PAY-0694-2,MPLADS-SYN-0694,2026-07-26,176492,Final Payment,Municipal Corporation,SYNTHETIC_PROTOTYPE
PAY-0694-3,MPLADS-SYN-0694,2026-07-10,69344,Running Bill,Municipal Corporation,SYNTHETIC_PROTOTYPE
PAY-0694-4,MPLADS-SYN-0694,2026-05-16,257493,First Payment,Municipal Corporation,SYNTHETIC_PROTOTYPE
PAY-0695-1,MPLADS-SYN-0695,2026-05-14,92299,Running Bill,Rural Development Agency,SYNTHETIC_PROTOTYPE
PAY-0695-2,MPLADS-SYN-0695,2026-05-02,116197,Running Bill,Rural Development Agency,SYNTHETIC_PROTOTYPE
PAY-0695-3,MPLADS-SYN-0695,2026-07-22,391691,Milestone Payment,Rural Development Agency,SYNTHETIC_PROTOTYPE
PAY-0696-1,MPLADS-SYN-0696,2027-01-27,162328,Milestone Payment,Municipal Council,SYNTHETIC_PROTOTYPE
PAY-0696-2,MPLADS-SYN-0696,2026-10-19,168886,First Payment,Municipal Council,SYNTHETIC_PROTOTYPE
PAY-0696-3,MPLADS-SYN-0696,2026-12-26,334445,Milestone Payment,Municipal Council,SYNTHETIC_PROTOTYPE
PAY-0697-1,MPLADS-SYN-0697,2026-06-20,301936,Final Payment,Public Works Department,SYNTHETIC_PROTOTYPE
PAY-0697-2,MPLADS-SYN-0697,2026-05-05,340521,Running Bill,Public Works Department,SYNTHETIC_PROTOTYPE
PAY-0697-3,MPLADS-SYN-0697,2026-06-08,128485,First Payment,Public Works Department,SYNTHETIC_PROTOTYPE
PAY-0697-4,MPLADS-SYN-0697,2026-05-25,369852,First Payment,Public Works Department,SYNTHETIC_PROTOTYPE
PAY-0698-1,MPLADS-SYN-0698,2026-04-25,420309,First Payment,Rural Development Agency,SYNTHETIC_PROTOTYPE
PAY-0698-2,MPLADS-SYN-0698,2026-05-22,256285,Running Bill,Rural Development Agency,SYNTHETIC_PROTOTYPE
PAY-0698-3,MPLADS-SYN-0698,2026-08-03,240799,Final Payment,Rural Development Agency,SYNTHETIC_PROTOTYPE
PAY-0698-4,MPLADS-SYN-0698,2026-05-04,827907,First Payment,Rural Development Agency,SYNTHETIC_PROTOTYPE
PAY-0699-1,MPLADS-SYN-0699,2026-11-04,481976,Running Bill,Zilla Parishad,SYNTHETIC_PROTOTYPE
PAY-0699-2,MPLADS-SYN-0699,2027-02-01,341686,Final Payment,Zilla Parishad,SYNTHETIC_PROTOTYPE
PAY-0699-3,MPLADS-SYN-0699,2026-11-12,478655,Running Bill,Zilla Parishad,SYNTHETIC_PROTOTYPE
PAY-0700-1,MPLADS-SYN-0700,2026-02-27,506697,Final Payment,District Health Office,SYNTHETIC_PROTOTYPE
PAY-0700-2,MPLADS-SYN-0700,2026-01-29,389629,First Payment,District Health Office,SYNTHETIC_PROTOTYPE
PAY-0700-3,MPLADS-SYN-0700,2026-02-23,183317,Milestone Payment,District Health Office,SYNTHETIC_PROTOTYPE
PAY-0700-4,MPLADS-SYN-0700,2026-03-11,262262,Milestone Payment,District Health Office,SYNTHETIC_PROTOTYPE
PAY-0700-5,MPLADS-SYN-0700,2026-03-02,429947,Final Payment,District Health Office,SYNTHETIC_PROTOTYPE
PAY-0701-1,MPLADS-SYN-0701,2026-08-21,182005,Running Bill,District Health Office,SYNTHETIC_PROTOTYPE
PAY-0701-2,MPLADS-SYN-0701,2026-09-09,272966,Final Payment,District Health Office,SYNTHETIC_PROTOTYPE
PAY-0702-1,MPLADS-SYN-0702,2026-02-01,51432,Final Payment,Public Works Department,SYNTHETIC_PROTOTYPE
PAY-0702-2,MPLADS-SYN-0702,2026-02-22,48357,Milestone Payment,Public Works Department,SYNTHETIC_PROTOTYPE
PAY-0702-3,MPLADS-SYN-0702,2026-02-15,23628,First Payment,Public Works Department,SYNTHETIC_PROTOTYPE
PAY-0702-4,MPLADS-SYN-0702,2026-02-23,15800,Running Bill,Public Works Department,SYNTHETIC_PROTOTYPE
PAY-0702-5,MPLADS-SYN-0702,2026-02-07,38649,First Payment,Public Works Department,SYNTHETIC_PROTOTYPE
PAY-0703-1,MPLADS-SYN-0703,2026-04-13,119723,Milestone Payment,Public Works Department,SYNTHETIC_PROTOTYPE
PAY-0703-2,MPLADS-SYN-0703,2026-05-28,149710,Milestone Payment,Public Works Department,SYNTHETIC_PROTOTYPE
PAY-0703-3,MPLADS-SYN-0703,2026-03-26,73198,Running Bill,Public Works Department,SYNTHETIC_PROTOTYPE
PAY-0703-4,MPLADS-SYN-0703,2026-07-08,205966,First Payment,Public Works Department,SYNTHETIC_PROTOTYPE
PAY-0704-1,MPLADS-SYN-0704,2026-09-07,383561,Running Bill,Municipal Council,SYNTHETIC_PROTOTYPE
PAY-0704-2,MPLADS-SYN-0704,2026-12-21,258467,Milestone Payment,Municipal Council,SYNTHETIC_PROTOTYPE
PAY-0704-3,MPLADS-SYN-0704,2026-11-04,164714,Milestone Payment,Municipal Council,SYNTHETIC_PROTOTYPE
PAY-0704-4,MPLADS-SYN-0704,2026-10-01,107258,Running Bill,Municipal Council,SYNTHETIC_PROTOTYPE
PAY-0704-5,MPLADS-SYN-0704,2026-11-30,136000,Final Payment,Municipal Council,SYNTHETIC_PROTOTYPE
PAY-0705-1,MPLADS-SYN-0705,2026-05-12,262630,Final Payment,Municipal Corporation,SYNTHETIC_PROTOTYPE
PAY-0705-2,MPLADS-SYN-0705,2026-04-04,150460,Milestone Payment,Municipal Corporation,SYNTHETIC_PROTOTYPE
PAY-0705-3,MPLADS-SYN-0705,2026-02-26,212308,Running Bill,Municipal Corporation,SYNTHETIC_PROTOTYPE
PAY-0705-4,MPLADS-SYN-0705,2026-03-28,201172,Milestone Payment,Municipal Corporation,SYNTHETIC_PROTOTYPE
PAY-0705-5,MPLADS-SYN-0705,2026-05-21,408830,Running Bill,Municipal Corporation,SYNTHETIC_PROTOTYPE
PAY-0706-1,MPLADS-SYN-0706,2026-08-22,42807,Running Bill,District Health Office,SYNTHETIC_PROTOTYPE
PAY-0706-2,MPLADS-SYN-0706,2026-07-31,218114,Running Bill,District Health Office,SYNTHETIC_PROTOTYPE
PAY-0707-1,MPLADS-SYN-0707,2026-04-15,741464,Final Payment,District Health Office,SYNTHETIC_PROTOTYPE
PAY-0707-2,MPLADS-SYN-0707,2026-04-23,224929,Final Payment,District Health Office,SYNTHETIC_PROTOTYPE
PAY-0707-3,MPLADS-SYN-0707,2026-05-19,826161,First Payment,District Health Office,SYNTHETIC_PROTOTYPE
PAY-0708-1,MPLADS-SYN-0708,2026-10-03,1663029,Final Payment,Municipal Corporation,SYNTHETIC_PROTOTYPE
PAY-0708-2,MPLADS-SYN-0708,2026-05-20,915346,Running Bill,Municipal Corporation,SYNTHETIC_PROTOTYPE
PAY-0708-3,MPLADS-SYN-0708,2026-07-30,1422627,Running Bill,Municipal Corporation,SYNTHETIC_PROTOTYPE
PAY-0709-1,MPLADS-SYN-0709,2026-05-25,357620,Milestone Payment,Public Works Department,SYNTHETIC_PROTOTYPE
PAY-0709-2,MPLADS-SYN-0709,2026-09-18,610390,First Payment,Public Works Department,SYNTHETIC_PROTOTYPE
PAY-0709-3,MPLADS-SYN-0709,2026-08-08,525204,Milestone Payment,Public Works Department,SYNTHETIC_PROTOTYPE
PAY-0709-4,MPLADS-SYN-0709,2026-06-02,780386,Final Payment,Public Works Department,SYNTHETIC_PROTOTYPE
PAY-0710-1,MPLADS-SYN-0710,2026-08-29,137966,Milestone Payment,District Health Office,SYNTHETIC_PROTOTYPE
PAY-0710-2,MPLADS-SYN-0710,2026-04-20,65754,Running Bill,District Health Office,SYNTHETIC_PROTOTYPE
PAY-0710-3,MPLADS-SYN-0710,2026-07-27,24389,Milestone Payment,District Health Office,SYNTHETIC_PROTOTYPE
PAY-0710-4,MPLADS-SYN-0710,2026-04-24,83310,First Payment,District Health Office,SYNTHETIC_PROTOTYPE
PAY-0711-1,MPLADS-SYN-0711,2026-05-16,67863,Running Bill,Education Department,SYNTHETIC_PROTOTYPE
PAY-0711-2,MPLADS-SYN-0711,2026-03-27,351578,Running Bill,Education Department,SYNTHETIC_PROTOTYPE
PAY-0712-1,MPLADS-SYN-0712,2026-03-06,264425,First Payment,Zilla Parishad,SYNTHETIC_PROTOTYPE
PAY-0712-2,MPLADS-SYN-0712,2026-03-22,535896,First Payment,Zilla Parishad,SYNTHETIC_PROTOTYPE
PAY-0712-3,MPLADS-SYN-0712,2026-08-07,209787,Milestone Payment,Zilla Parishad,SYNTHETIC_PROTOTYPE
PAY-0712-4,MPLADS-SYN-0712,2026-07-17,480349,Milestone Payment,Zilla Parishad,SYNTHETIC_PROTOTYPE
PAY-0713-1,MPLADS-SYN-0713,2026-10-01,588006,Final Payment,Municipal Council,SYNTHETIC_PROTOTYPE
PAY-0713-2,MPLADS-SYN-0713,2026-05-29,841415,First Payment,Municipal Council,SYNTHETIC_PROTOTYPE
PAY-0714-1,MPLADS-SYN-0714,2026-07-10,14006,Running Bill,Rural Development Agency,SYNTHETIC_PROTOTYPE
PAY-0714-2,MPLADS-SYN-0714,2026-06-04,17867,Milestone Payment,Rural Development Agency,SYNTHETIC_PROTOTYPE
PAY-0714-3,MPLADS-SYN-0714,2026-07-03,10000,First Payment,Rural Development Agency,SYNTHETIC_PROTOTYPE
PAY-0714-4,MPLADS-SYN-0714,2026-06-28,30770,First Payment,Rural Development Agency,SYNTHETIC_PROTOTYPE
PAY-0715-1,MPLADS-SYN-0715,2026-12-12,100677,Milestone Payment,District Health Office,SYNTHETIC_PROTOTYPE
PAY-0715-2,MPLADS-SYN-0715,2026-09-27,50821,Running Bill,District Health Office,SYNTHETIC_PROTOTYPE
PAY-0715-3,MPLADS-SYN-0715,2026-12-24,51395,Running Bill,District Health Office,SYNTHETIC_PROTOTYPE
PAY-0715-4,MPLADS-SYN-0715,2026-11-15,67707,Milestone Payment,District Health Office,SYNTHETIC_PROTOTYPE
PAY-0716-1,MPLADS-SYN-0716,2027-02-14,225291,Milestone Payment,Zilla Parishad,SYNTHETIC_PROTOTYPE
PAY-0716-2,MPLADS-SYN-0716,2026-11-02,280208,Milestone Payment,Zilla Parishad,SYNTHETIC_PROTOTYPE
PAY-0716-3,MPLADS-SYN-0716,2027-01-18,359701,Running Bill,Zilla Parishad,SYNTHETIC_PROTOTYPE
PAY-0717-1,MPLADS-SYN-0717,2026-07-16,252670,Running Bill,Rural Development Agency,SYNTHETIC_PROTOTYPE
PAY-0717-2,MPLADS-SYN-0717,2026-07-26,87605,Running Bill,Rural Development Agency,SYNTHETIC_PROTOTYPE
PAY-0717-3,MPLADS-SYN-0717,2026-10-15,101839,Final Payment,Rural Development Agency,SYNTHETIC_PROTOTYPE
PAY-0717-4,MPLADS-SYN-0717,2026-06-19,284391,First Payment,Rural Development Agency,SYNTHETIC_PROTOTYPE
PAY-0718-1,MPLADS-SYN-0718,2026-05-11,198458,Milestone Payment,Municipal Council,SYNTHETIC_PROTOTYPE
PAY-0718-2,MPLADS-SYN-0718,2026-03-24,137508,Milestone Payment,Municipal Council,SYNTHETIC_PROTOTYPE
PAY-0718-3,MPLADS-SYN-0718,2026-05-16,71824,Final Payment,Municipal Council,SYNTHETIC_PROTOTYPE
PAY-0718-4,MPLADS-SYN-0718,2026-03-19,37122,Milestone Payment,Municipal Council,SYNTHETIC_PROTOTYPE
PAY-0718-5,MPLADS-SYN-0718,2026-04-05,85088,Final Payment,Municipal Council,SYNTHETIC_PROTOTYPE
PAY-0719-1,MPLADS-SYN-0719,2026-08-30,206127,Milestone Payment,Education Department,SYNTHETIC_PROTOTYPE
PAY-0719-2,MPLADS-SYN-0719,2026-08-02,244598,Running Bill,Education Department,SYNTHETIC_PROTOTYPE
PAY-0719-3,MPLADS-SYN-0719,2026-07-25,359453,Milestone Payment,Education Department,SYNTHETIC_PROTOTYPE
PAY-0719-4,MPLADS-SYN-0719,2026-08-09,211150,First Payment,Education Department,SYNTHETIC_PROTOTYPE
PAY-0719-5,MPLADS-SYN-0719,2026-07-18,272650,Final Payment,Education Department,SYNTHETIC_PROTOTYPE
PAY-0720-1,MPLADS-SYN-0720,2026-06-26,550935,Running Bill,Zilla Parishad,SYNTHETIC_PROTOTYPE
PAY-0720-2,MPLADS-SYN-0720,2026-09-22,314434,Milestone Payment,Zilla Parishad,SYNTHETIC_PROTOTYPE
PAY-0720-3,MPLADS-SYN-0720,2026-07-28,1202931,First Payment,Zilla Parishad,SYNTHETIC_PROTOTYPE
PAY-0721-1,MPLADS-SYN-0721,2026-06-14,123183,Final Payment,Municipal Council,SYNTHETIC_PROTOTYPE
PAY-0721-2,MPLADS-SYN-0721,2026-06-24,113473,First Payment,Municipal Council,SYNTHETIC_PROTOTYPE
PAY-0721-3,MPLADS-SYN-0721,2026-07-01,58350,Milestone Payment,Municipal Council,SYNTHETIC_PROTOTYPE
PAY-0721-4,MPLADS-SYN-0721,2026-07-25,31484,First Payment,Municipal Council,SYNTHETIC_PROTOTYPE
PAY-0721-5,MPLADS-SYN-0721,2026-05-09,89405,First Payment,Municipal Council,SYNTHETIC_PROTOTYPE
PAY-0722-1,MPLADS-SYN-0722,2026-10-10,154528,First Payment,District Health Office,SYNTHETIC_PROTOTYPE
PAY-0722-2,MPLADS-SYN-0722,2026-07-16,75479,Milestone Payment,District Health Office,SYNTHETIC_PROTOTYPE
PAY-0722-3,MPLADS-SYN-0722,2026-08-17,215493,Milestone Payment,District Health Office,SYNTHETIC_PROTOTYPE
PAY-0723-1,MPLADS-SYN-0723,2026-08-12,260969,Running Bill,Municipal Council,SYNTHETIC_PROTOTYPE
PAY-0723-2,MPLADS-SYN-0723,2026-06-05,1011295,First Payment,Municipal Council,SYNTHETIC_PROTOTYPE
PAY-0724-1,MPLADS-SYN-0724,2026-04-11,98016,Running Bill,Municipal Council,SYNTHETIC_PROTOTYPE
PAY-0724-2,MPLADS-SYN-0724,2026-09-02,212784,Running Bill,Municipal Council,SYNTHETIC_PROTOTYPE
PAY-0725-1,MPLADS-SYN-0725,2026-09-08,140483,First Payment,District Health Office,SYNTHETIC_PROTOTYPE
PAY-0725-2,MPLADS-SYN-0725,2026-04-26,253662,Final Payment,District Health Office,SYNTHETIC_PROTOTYPE
PAY-0725-3,MPLADS-SYN-0725,2026-08-09,325481,First Payment,District Health Office,SYNTHETIC_PROTOTYPE
PAY-0726-1,MPLADS-SYN-0726,2026-09-05,227825,Milestone Payment,Rural Development Agency,SYNTHETIC_PROTOTYPE
PAY-0726-2,MPLADS-SYN-0726,2026-08-02,76680,Milestone Payment,Rural Development Agency,SYNTHETIC_PROTOTYPE
PAY-0726-3,MPLADS-SYN-0726,2026-09-01,115628,Final Payment,Rural Development Agency,SYNTHETIC_PROTOTYPE
PAY-0726-4,MPLADS-SYN-0726,2026-08-05,87636,Final Payment,Rural Development Agency,SYNTHETIC_PROTOTYPE
PAY-0726-5,MPLADS-SYN-0726,2026-08-07,217244,Running Bill,Rural Development Agency,SYNTHETIC_PROTOTYPE
PAY-0727-1,MPLADS-SYN-0727,2026-03-25,519351,Running Bill,Zilla Parishad,SYNTHETIC_PROTOTYPE
PAY-0727-2,MPLADS-SYN-0727,2026-10-23,196547,Final Payment,Zilla Parishad,SYNTHETIC_PROTOTYPE
PAY-0727-3,MPLADS-SYN-0727,2026-07-21,248729,Milestone Payment,Zilla Parishad,SYNTHETIC_PROTOTYPE
PAY-0727-4,MPLADS-SYN-0727,2026-04-28,237046,Final Payment,Zilla Parishad,SYNTHETIC_PROTOTYPE
PAY-0727-5,MPLADS-SYN-0727,2026-08-19,458528,Running Bill,Zilla Parishad,SYNTHETIC_PROTOTYPE
PAY-0728-1,MPLADS-SYN-0728,2026-06-28,48934,First Payment,Zilla Parishad,SYNTHETIC_PROTOTYPE
PAY-0728-2,MPLADS-SYN-0728,2026-07-17,117587,First Payment,Zilla Parishad,SYNTHETIC_PROTOTYPE
PAY-0729-1,MPLADS-SYN-0729,2026-05-30,460848,Running Bill,Zilla Parishad,SYNTHETIC_PROTOTYPE
PAY-0729-2,MPLADS-SYN-0729,2026-06-29,646319,Final Payment,Zilla Parishad,SYNTHETIC_PROTOTYPE
PAY-0729-3,MPLADS-SYN-0729,2026-06-13,1894199,Running Bill,Zilla Parishad,SYNTHETIC_PROTOTYPE
PAY-0730-1,MPLADS-SYN-0730,2026-11-12,178535,First Payment,District Health Office,SYNTHETIC_PROTOTYPE
PAY-0730-2,MPLADS-SYN-0730,2027-03-04,214408,Running Bill,District Health Office,SYNTHETIC_PROTOTYPE
PAY-0730-3,MPLADS-SYN-0730,2026-09-11,177016,Milestone Payment,District Health Office,SYNTHETIC_PROTOTYPE
PAY-0730-4,MPLADS-SYN-0730,2026-09-24,450163,Running Bill,District Health Office,SYNTHETIC_PROTOTYPE
PAY-0731-1,MPLADS-SYN-0731,2026-08-03,182533,First Payment,Education Department,SYNTHETIC_PROTOTYPE
PAY-0731-2,MPLADS-SYN-0731,2026-07-15,602526,First Payment,Education Department,SYNTHETIC_PROTOTYPE
PAY-0732-1,MPLADS-SYN-0732,2026-09-20,203530,Milestone Payment,Municipal Corporation,SYNTHETIC_PROTOTYPE
PAY-0732-2,MPLADS-SYN-0732,2026-08-07,122584,First Payment,Municipal Corporation,SYNTHETIC_PROTOTYPE
PAY-0732-3,MPLADS-SYN-0732,2026-09-28,55726,Final Payment,Municipal Corporation,SYNTHETIC_PROTOTYPE
PAY-0732-4,MPLADS-SYN-0732,2026-10-10,36021,Running Bill,Municipal Corporation,SYNTHETIC_PROTOTYPE
PAY-0732-5,MPLADS-SYN-0732,2026-07-23,158339,Final Payment,Municipal Corporation,SYNTHETIC_PROTOTYPE
PAY-0733-1,MPLADS-SYN-0733,2026-09-03,164906,Running Bill,Municipal Council,SYNTHETIC_PROTOTYPE
PAY-0733-2,MPLADS-SYN-0733,2026-10-14,147979,First Payment,Municipal Council,SYNTHETIC_PROTOTYPE
PAY-0733-3,MPLADS-SYN-0733,2026-11-07,90455,Milestone Payment,Municipal Council,SYNTHETIC_PROTOTYPE
PAY-0733-4,MPLADS-SYN-0733,2026-12-11,216660,Final Payment,Municipal Council,SYNTHETIC_PROTOTYPE
PAY-0734-1,MPLADS-SYN-0734,2027-01-30,321423,Final Payment,Rural Development Agency,SYNTHETIC_PROTOTYPE
PAY-0734-2,MPLADS-SYN-0734,2026-10-14,577973,Final Payment,Rural Development Agency,SYNTHETIC_PROTOTYPE
PAY-0735-1,MPLADS-SYN-0735,2026-07-23,193038,First Payment,Municipal Council,SYNTHETIC_PROTOTYPE
PAY-0735-2,MPLADS-SYN-0735,2026-07-18,236649,First Payment,Municipal Council,SYNTHETIC_PROTOTYPE
PAY-0735-3,MPLADS-SYN-0735,2026-06-22,89808,Running Bill,Municipal Council,SYNTHETIC_PROTOTYPE
PAY-0735-4,MPLADS-SYN-0735,2026-08-04,71456,Running Bill,Municipal Council,SYNTHETIC_PROTOTYPE
PAY-0735-5,MPLADS-SYN-0735,2026-07-22,179397,First Payment,Municipal Council,SYNTHETIC_PROTOTYPE
PAY-0736-1,MPLADS-SYN-0736,2026-09-03,1244466,First Payment,Education Department,SYNTHETIC_PROTOTYPE
PAY-0736-2,MPLADS-SYN-0736,2026-08-09,1705547,Milestone Payment,Education Department,SYNTHETIC_PROTOTYPE
PAY-0737-1,MPLADS-SYN-0737,2026-03-25,64867,Milestone Payment,Municipal Council,SYNTHETIC_PROTOTYPE
PAY-0737-2,MPLADS-SYN-0737,2026-04-21,31981,First Payment,Municipal Council,SYNTHETIC_PROTOTYPE
PAY-0737-3,MPLADS-SYN-0737,2026-04-11,45974,Final Payment,Municipal Council,SYNTHETIC_PROTOTYPE
PAY-0737-4,MPLADS-SYN-0737,2026-04-01,85023,Running Bill,Municipal Council,SYNTHETIC_PROTOTYPE
PAY-0738-1,MPLADS-SYN-0738,2026-03-25,440444,Final Payment,District Health Office,SYNTHETIC_PROTOTYPE
PAY-0738-2,MPLADS-SYN-0738,2026-05-09,567493,Running Bill,District Health Office,SYNTHETIC_PROTOTYPE
PAY-0739-1,MPLADS-SYN-0739,2026-07-17,419053,First Payment,District Health Office,SYNTHETIC_PROTOTYPE
PAY-0739-2,MPLADS-SYN-0739,2026-05-05,156553,Milestone Payment,District Health Office,SYNTHETIC_PROTOTYPE
PAY-0739-3,MPLADS-SYN-0739,2026-05-03,78984,Milestone Payment,District Health Office,SYNTHETIC_PROTOTYPE
PAY-0739-4,MPLADS-SYN-0739,2026-06-20,406993,Milestone Payment,District Health Office,SYNTHETIC_PROTOTYPE
PAY-0740-1,MPLADS-SYN-0740,2026-11-13,317241,Final Payment,Education Department,SYNTHETIC_PROTOTYPE
PAY-0740-2,MPLADS-SYN-0740,2026-09-17,198642,Running Bill,Education Department,SYNTHETIC_PROTOTYPE
PAY-0740-3,MPLADS-SYN-0740,2027-01-01,120946,First Payment,Education Department,SYNTHETIC_PROTOTYPE
PAY-0740-4,MPLADS-SYN-0740,2027-01-18,211778,Running Bill,Education Department,SYNTHETIC_PROTOTYPE
PAY-0741-1,MPLADS-SYN-0741,2026-11-05,254798,Final Payment,Education Department,SYNTHETIC_PROTOTYPE
PAY-0741-2,MPLADS-SYN-0741,2026-07-22,890892,Final Payment,Education Department,SYNTHETIC_PROTOTYPE
PAY-0742-1,MPLADS-SYN-0742,2026-04-10,336267,Final Payment,Rural Development Agency,SYNTHETIC_PROTOTYPE
PAY-0742-2,MPLADS-SYN-0742,2026-05-07,226194,Milestone Payment,Rural Development Agency,SYNTHETIC_PROTOTYPE
PAY-0742-3,MPLADS-SYN-0742,2026-04-26,103383,Milestone Payment,Rural Development Agency,SYNTHETIC_PROTOTYPE
PAY-0742-4,MPLADS-SYN-0742,2026-05-11,96279,Milestone Payment,Rural Development Agency,SYNTHETIC_PROTOTYPE
PAY-0742-5,MPLADS-SYN-0742,2026-04-10,204122,First Payment,Rural Development Agency,SYNTHETIC_PROTOTYPE
PAY-0743-1,MPLADS-SYN-0743,2026-05-30,416556,Running Bill,Public Works Department,SYNTHETIC_PROTOTYPE
PAY-0743-2,MPLADS-SYN-0743,2026-08-16,339890,Final Payment,Public Works Department,SYNTHETIC_PROTOTYPE
PAY-0743-3,MPLADS-SYN-0743,2026-07-27,375154,Milestone Payment,Public Works Department,SYNTHETIC_PROTOTYPE
PAY-0743-4,MPLADS-SYN-0743,2026-06-20,1197037,First Payment,Public Works Department,SYNTHETIC_PROTOTYPE
PAY-0744-1,MPLADS-SYN-0744,2026-03-31,83004,Running Bill,Education Department,SYNTHETIC_PROTOTYPE
PAY-0744-2,MPLADS-SYN-0744,2026-03-31,174166,First Payment,Education Department,SYNTHETIC_PROTOTYPE
PAY-0745-1,MPLADS-SYN-0745,2026-08-11,105248,Final Payment,Rural Development Agency,SYNTHETIC_PROTOTYPE
PAY-0745-2,MPLADS-SYN-0745,2026-05-07,59386,Running Bill,Rural Development Agency,SYNTHETIC_PROTOTYPE
PAY-0745-3,MPLADS-SYN-0745,2026-06-28,38662,Running Bill,Rural Development Agency,SYNTHETIC_PROTOTYPE
PAY-0745-4,MPLADS-SYN-0745,2026-05-14,16824,Running Bill,Rural Development Agency,SYNTHETIC_PROTOTYPE
PAY-0745-5,MPLADS-SYN-0745,2026-04-21,74222,Running Bill,Rural Development Agency,SYNTHETIC_PROTOTYPE
PAY-0746-1,MPLADS-SYN-0746,2026-08-02,203549,Running Bill,Public Works Department,SYNTHETIC_PROTOTYPE
PAY-0746-2,MPLADS-SYN-0746,2026-03-07,46310,Running Bill,Public Works Department,SYNTHETIC_PROTOTYPE
PAY-0746-3,MPLADS-SYN-0746,2026-07-07,80736,Final Payment,Public Works Department,SYNTHETIC_PROTOTYPE
PAY-0746-4,MPLADS-SYN-0746,2026-04-14,39400,First Payment,Public Works Department,SYNTHETIC_PROTOTYPE
PAY-0746-5,MPLADS-SYN-0746,2026-05-31,93388,First Payment,Public Works Department,SYNTHETIC_PROTOTYPE
PAY-0747-1,MPLADS-SYN-0747,2026-07-21,283924,First Payment,Zilla Parishad,SYNTHETIC_PROTOTYPE
PAY-0747-2,MPLADS-SYN-0747,2026-09-06,430076,First Payment,Zilla Parishad,SYNTHETIC_PROTOTYPE
PAY-0748-1,MPLADS-SYN-0748,2026-07-02,122080,First Payment,Education Department,SYNTHETIC_PROTOTYPE
PAY-0748-2,MPLADS-SYN-0748,2026-09-07,210313,Final Payment,Education Department,SYNTHETIC_PROTOTYPE
PAY-0748-3,MPLADS-SYN-0748,2026-04-28,138086,Milestone Payment,Education Department,SYNTHETIC_PROTOTYPE
PAY-0748-4,MPLADS-SYN-0748,2026-09-02,68912,Final Payment,Education Department,SYNTHETIC_PROTOTYPE
PAY-0748-5,MPLADS-SYN-0748,2026-06-01,129803,Running Bill,Education Department,SYNTHETIC_PROTOTYPE
PAY-0749-1,MPLADS-SYN-0749,2026-04-16,73601,Final Payment,Public Works Department,SYNTHETIC_PROTOTYPE
PAY-0749-2,MPLADS-SYN-0749,2026-03-24,271181,Running Bill,Public Works Department,SYNTHETIC_PROTOTYPE
PAY-0750-1,MPLADS-SYN-0750,2026-04-26,144907,Running Bill,Zilla Parishad,SYNTHETIC_PROTOTYPE
PAY-0750-2,MPLADS-SYN-0750,2026-05-14,55333,First Payment,Zilla Parishad,SYNTHETIC_PROTOTYPE
PAY-0750-3,MPLADS-SYN-0750,2026-06-12,287126,Milestone Payment,Zilla Parishad,SYNTHETIC_PROTOTYPE
PAY-0751-1,MPLADS-SYN-0751,2026-05-28,127902,First Payment,Rural Development Agency,SYNTHETIC_PROTOTYPE
PAY-0751-2,MPLADS-SYN-0751,2026-06-09,55377,Final Payment,Rural Development Agency,SYNTHETIC_PROTOTYPE
PAY-0751-3,MPLADS-SYN-0751,2026-05-21,126236,Milestone Payment,Rural Development Agency,SYNTHETIC_PROTOTYPE
PAY-0752-1,MPLADS-SYN-0752,2026-05-19,843368,Final Payment,Municipal Corporation,SYNTHETIC_PROTOTYPE
PAY-0752-2,MPLADS-SYN-0752,2026-10-07,1237132,Running Bill,Municipal Corporation,SYNTHETIC_PROTOTYPE
PAY-0753-1,MPLADS-SYN-0753,2026-08-04,1153540,First Payment,Municipal Corporation,SYNTHETIC_PROTOTYPE
PAY-0753-2,MPLADS-SYN-0753,2026-08-03,399063,Milestone Payment,Municipal Corporation,SYNTHETIC_PROTOTYPE
PAY-0753-3,MPLADS-SYN-0753,2026-08-31,288723,Final Payment,Municipal Corporation,SYNTHETIC_PROTOTYPE
PAY-0753-4,MPLADS-SYN-0753,2026-08-24,177551,Running Bill,Municipal Corporation,SYNTHETIC_PROTOTYPE
PAY-0753-5,MPLADS-SYN-0753,2026-09-02,930914,Milestone Payment,Municipal Corporation,SYNTHETIC_PROTOTYPE
PAY-0754-1,MPLADS-SYN-0754,2026-06-20,397408,Milestone Payment,Education Department,SYNTHETIC_PROTOTYPE
PAY-0754-2,MPLADS-SYN-0754,2026-06-13,405623,Milestone Payment,Education Department,SYNTHETIC_PROTOTYPE
PAY-0754-3,MPLADS-SYN-0754,2026-07-06,296044,Running Bill,Education Department,SYNTHETIC_PROTOTYPE
PAY-0754-4,MPLADS-SYN-0754,2026-07-24,544402,Running Bill,Education Department,SYNTHETIC_PROTOTYPE
PAY-0755-1,MPLADS-SYN-0755,2026-05-15,655311,Running Bill,Public Works Department,SYNTHETIC_PROTOTYPE
PAY-0755-2,MPLADS-SYN-0755,2026-09-11,783982,Running Bill,Public Works Department,SYNTHETIC_PROTOTYPE
PAY-0755-3,MPLADS-SYN-0755,2026-07-28,1246258,Running Bill,Public Works Department,SYNTHETIC_PROTOTYPE
PAY-0756-1,MPLADS-SYN-0756,2026-09-04,752256,First Payment,Rural Development Agency,SYNTHETIC_PROTOTYPE
PAY-0756-2,MPLADS-SYN-0756,2026-07-07,1786644,Final Payment,Rural Development Agency,SYNTHETIC_PROTOTYPE
PAY-0757-1,MPLADS-SYN-0757,2026-08-05,143139,First Payment,Education Department,SYNTHETIC_PROTOTYPE
PAY-0757-2,MPLADS-SYN-0757,2026-08-14,349382,Running Bill,Education Department,SYNTHETIC_PROTOTYPE
PAY-0758-1,MPLADS-SYN-0758,2026-03-19,335146,Final Payment,Rural Development Agency,SYNTHETIC_PROTOTYPE
PAY-0758-2,MPLADS-SYN-0758,2026-02-01,505384,First Payment,Rural Development Agency,SYNTHETIC_PROTOTYPE
PAY-0759-1,MPLADS-SYN-0759,2027-03-27,202409,Milestone Payment,Public Works Department,SYNTHETIC_PROTOTYPE
PAY-0759-2,MPLADS-SYN-0759,2027-02-23,296472,Milestone Payment,Public Works Department,SYNTHETIC_PROTOTYPE
PAY-0760-1,MPLADS-SYN-0760,2026-09-14,52328,Final Payment,Rural Development Agency,SYNTHETIC_PROTOTYPE
PAY-0760-2,MPLADS-SYN-0760,2026-12-22,90762,Milestone Payment,Rural Development Agency,SYNTHETIC_PROTOTYPE
PAY-0760-3,MPLADS-SYN-0760,2026-10-12,169310,Running Bill,Rural Development Agency,SYNTHETIC_PROTOTYPE
PAY-0761-1,MPLADS-SYN-0761,2026-08-13,139219,Running Bill,Municipal Corporation,SYNTHETIC_PROTOTYPE
PAY-0761-2,MPLADS-SYN-0761,2026-07-18,147046,Running Bill,Municipal Corporation,SYNTHETIC_PROTOTYPE
PAY-0761-3,MPLADS-SYN-0761,2026-10-29,181276,Milestone Payment,Municipal Corporation,SYNTHETIC_PROTOTYPE
PAY-0762-1,MPLADS-SYN-0762,2026-06-09,71734,Running Bill,Education Department,SYNTHETIC_PROTOTYPE
PAY-0762-2,MPLADS-SYN-0762,2026-05-24,97320,Running Bill,Education Department,SYNTHETIC_PROTOTYPE
PAY-0762-3,MPLADS-SYN-0762,2026-05-18,176946,Milestone Payment,Education Department,SYNTHETIC_PROTOTYPE
PAY-0763-1,MPLADS-SYN-0763,2026-09-11,175713,Running Bill,District Health Office,SYNTHETIC_PROTOTYPE
PAY-0763-2,MPLADS-SYN-0763,2026-09-06,535786,Final Payment,District Health Office,SYNTHETIC_PROTOTYPE
PAY-0764-1,MPLADS-SYN-0764,2026-08-10,175454,Milestone Payment,Public Works Department,SYNTHETIC_PROTOTYPE
PAY-0764-2,MPLADS-SYN-0764,2026-07-11,85991,First Payment,Public Works Department,SYNTHETIC_PROTOTYPE
PAY-0764-3,MPLADS-SYN-0764,2026-01-20,25999,Final Payment,Public Works Department,SYNTHETIC_PROTOTYPE
PAY-0764-4,MPLADS-SYN-0764,2026-07-25,31462,Final Payment,Public Works Department,SYNTHETIC_PROTOTYPE
PAY-0764-5,MPLADS-SYN-0764,2026-06-30,80594,First Payment,Public Works Department,SYNTHETIC_PROTOTYPE
PAY-0765-1,MPLADS-SYN-0765,2026-04-13,206127,Milestone Payment,Public Works Department,SYNTHETIC_PROTOTYPE
PAY-0765-2,MPLADS-SYN-0765,2026-04-13,246837,Milestone Payment,Public Works Department,SYNTHETIC_PROTOTYPE
PAY-0765-3,MPLADS-SYN-0765,2026-04-10,74719,Milestone Payment,Public Works Department,SYNTHETIC_PROTOTYPE
PAY-0765-4,MPLADS-SYN-0765,2026-04-22,102462,Milestone Payment,Public Works Department,SYNTHETIC_PROTOTYPE
PAY-0765-5,MPLADS-SYN-0765,2026-04-01,313855,Milestone Payment,Public Works Department,SYNTHETIC_PROTOTYPE
PAY-0766-1,MPLADS-SYN-0766,2026-04-15,623683,First Payment,Education Department,SYNTHETIC_PROTOTYPE
PAY-0766-2,MPLADS-SYN-0766,2026-03-24,558825,Milestone Payment,Education Department,SYNTHETIC_PROTOTYPE
PAY-0766-3,MPLADS-SYN-0766,2026-07-10,922919,Final Payment,Education Department,SYNTHETIC_PROTOTYPE
PAY-0766-4,MPLADS-SYN-0766,2026-03-27,735868,Final Payment,Education Department,SYNTHETIC_PROTOTYPE
PAY-0766-5,MPLADS-SYN-0766,2026-05-14,1274705,Running Bill,Education Department,SYNTHETIC_PROTOTYPE
PAY-0767-1,MPLADS-SYN-0767,2026-04-03,212259,Running Bill,Zilla Parishad,SYNTHETIC_PROTOTYPE
PAY-0767-2,MPLADS-SYN-0767,2026-02-28,258513,Final Payment,Zilla Parishad,SYNTHETIC_PROTOTYPE
PAY-0767-3,MPLADS-SYN-0767,2026-02-06,177445,Milestone Payment,Zilla Parishad,SYNTHETIC_PROTOTYPE
PAY-0767-4,MPLADS-SYN-0767,2026-02-15,288983,First Payment,Zilla Parishad,SYNTHETIC_PROTOTYPE
PAY-0768-1,MPLADS-SYN-0768,2026-08-10,107826,Milestone Payment,Rural Development Agency,SYNTHETIC_PROTOTYPE
PAY-0768-2,MPLADS-SYN-0768,2026-09-23,77174,Milestone Payment,Rural Development Agency,SYNTHETIC_PROTOTYPE
PAY-0768-3,MPLADS-SYN-0768,2026-07-27,265307,First Payment,Rural Development Agency,SYNTHETIC_PROTOTYPE
PAY-0769-1,MPLADS-SYN-0769,2026-09-03,221609,Milestone Payment,Municipal Corporation,SYNTHETIC_PROTOTYPE
PAY-0769-2,MPLADS-SYN-0769,2026-10-11,168794,Final Payment,Municipal Corporation,SYNTHETIC_PROTOTYPE
PAY-0769-3,MPLADS-SYN-0769,2026-09-28,211622,First Payment,Municipal Corporation,SYNTHETIC_PROTOTYPE
PAY-0770-1,MPLADS-SYN-0770,2027-02-25,214472,Milestone Payment,Zilla Parishad,SYNTHETIC_PROTOTYPE
PAY-0770-2,MPLADS-SYN-0770,2026-08-26,127307,First Payment,Zilla Parishad,SYNTHETIC_PROTOTYPE
PAY-0770-3,MPLADS-SYN-0770,2026-11-05,185607,First Payment,Zilla Parishad,SYNTHETIC_PROTOTYPE
PAY-0771-1,MPLADS-SYN-0771,2026-07-21,156751,Running Bill,District Health Office,SYNTHETIC_PROTOTYPE
PAY-0771-2,MPLADS-SYN-0771,2026-12-23,113653,Milestone Payment,District Health Office,SYNTHETIC_PROTOTYPE
PAY-0771-3,MPLADS-SYN-0771,2026-12-10,31065,First Payment,District Health Office,SYNTHETIC_PROTOTYPE
PAY-0771-4,MPLADS-SYN-0771,2026-11-14,169120,Final Payment,District Health Office,SYNTHETIC_PROTOTYPE
PAY-0772-1,MPLADS-SYN-0772,2026-06-27,161879,Final Payment,Education Department,SYNTHETIC_PROTOTYPE
PAY-0772-2,MPLADS-SYN-0772,2026-11-29,787628,Running Bill,Education Department,SYNTHETIC_PROTOTYPE
PAY-0773-1,MPLADS-SYN-0773,2026-04-02,230362,Running Bill,Rural Development Agency,SYNTHETIC_PROTOTYPE
PAY-0773-2,MPLADS-SYN-0773,2026-04-19,210688,Milestone Payment,Rural Development Agency,SYNTHETIC_PROTOTYPE
PAY-0773-3,MPLADS-SYN-0773,2026-05-29,931212,Final Payment,Rural Development Agency,SYNTHETIC_PROTOTYPE
PAY-0774-1,MPLADS-SYN-0774,2026-05-04,220558,First Payment,Municipal Corporation,SYNTHETIC_PROTOTYPE
PAY-0774-2,MPLADS-SYN-0774,2026-02-08,152348,Final Payment,Municipal Corporation,SYNTHETIC_PROTOTYPE
PAY-0774-3,MPLADS-SYN-0774,2026-03-26,91426,First Payment,Municipal Corporation,SYNTHETIC_PROTOTYPE
PAY-0774-4,MPLADS-SYN-0774,2026-06-10,125168,Running Bill,Municipal Corporation,SYNTHETIC_PROTOTYPE
PAY-0775-1,MPLADS-SYN-0775,2027-01-06,221159,Final Payment,Municipal Council,SYNTHETIC_PROTOTYPE
PAY-0775-2,MPLADS-SYN-0775,2026-09-07,232836,Milestone Payment,Municipal Council,SYNTHETIC_PROTOTYPE
PAY-0775-3,MPLADS-SYN-0775,2027-01-12,128800,Milestone Payment,Municipal Council,SYNTHETIC_PROTOTYPE
PAY-0775-4,MPLADS-SYN-0775,2026-11-17,189705,Final Payment,Municipal Council,SYNTHETIC_PROTOTYPE
PAY-0776-1,MPLADS-SYN-0776,2026-10-13,205620,Running Bill,Zilla Parishad,SYNTHETIC_PROTOTYPE
PAY-0776-2,MPLADS-SYN-0776,2026-10-04,334921,Final Payment,Zilla Parishad,SYNTHETIC_PROTOTYPE
PAY-0777-1,MPLADS-SYN-0777,2026-08-22,48671,Running Bill,Zilla Parishad,SYNTHETIC_PROTOTYPE
PAY-0777-2,MPLADS-SYN-0777,2026-07-03,12588,Milestone Payment,Zilla Parishad,SYNTHETIC_PROTOTYPE
PAY-0777-3,MPLADS-SYN-0777,2026-06-27,21544,Milestone Payment,Zilla Parishad,SYNTHETIC_PROTOTYPE
PAY-0777-4,MPLADS-SYN-0777,2026-07-25,14736,Milestone Payment,Zilla Parishad,SYNTHETIC_PROTOTYPE
PAY-0777-5,MPLADS-SYN-0777,2026-07-21,20147,First Payment,Zilla Parishad,SYNTHETIC_PROTOTYPE
PAY-0778-1,MPLADS-SYN-0778,2026-07-23,340103,Final Payment,Municipal Council,SYNTHETIC_PROTOTYPE
PAY-0778-2,MPLADS-SYN-0778,2026-06-14,255884,Running Bill,Municipal Council,SYNTHETIC_PROTOTYPE
PAY-0778-3,MPLADS-SYN-0778,2026-08-06,364013,Milestone Payment,Municipal Council,SYNTHETIC_PROTOTYPE
PAY-0779-1,MPLADS-SYN-0779,2026-07-30,616192,Milestone Payment,Municipal Council,SYNTHETIC_PROTOTYPE
PAY-0779-2,MPLADS-SYN-0779,2026-06-17,680656,Running Bill,Municipal Council,SYNTHETIC_PROTOTYPE
PAY-0779-3,MPLADS-SYN-0779,2026-08-13,330269,Final Payment,Municipal Council,SYNTHETIC_PROTOTYPE
PAY-0779-4,MPLADS-SYN-0779,2026-03-11,497597,Milestone Payment,Municipal Council,SYNTHETIC_PROTOTYPE
PAY-0779-5,MPLADS-SYN-0779,2026-04-21,755199,Milestone Payment,Municipal Council,SYNTHETIC_PROTOTYPE
PAY-0780-1,MPLADS-SYN-0780,2026-08-25,168450,Final Payment,Municipal Council,SYNTHETIC_PROTOTYPE
PAY-0780-2,MPLADS-SYN-0780,2026-05-22,92778,First Payment,Municipal Council,SYNTHETIC_PROTOTYPE
PAY-0780-3,MPLADS-SYN-0780,2026-07-08,149049,Running Bill,Municipal Council,SYNTHETIC_PROTOTYPE
PAY-0780-4,MPLADS-SYN-0780,2026-06-13,50177,Final Payment,Municipal Council,SYNTHETIC_PROTOTYPE
PAY-0780-5,MPLADS-SYN-0780,2026-07-20,242100,Running Bill,Municipal Council,SYNTHETIC_PROTOTYPE
PAY-0781-1,MPLADS-SYN-0781,2026-05-14,244038,Running Bill,Municipal Corporation,SYNTHETIC_PROTOTYPE
PAY-0781-2,MPLADS-SYN-0781,2026-04-10,443283,Running Bill,Municipal Corporation,SYNTHETIC_PROTOTYPE
PAY-0782-1,MPLADS-SYN-0782,2026-07-30,343632,Running Bill,Public Works Department,SYNTHETIC_PROTOTYPE
PAY-0782-2,MPLADS-SYN-0782,2026-06-19,454723,Running Bill,Public Works Department,SYNTHETIC_PROTOTYPE
PAY-0782-3,MPLADS-SYN-0782,2026-07-15,1062326,Final Payment,Public Works Department,SYNTHETIC_PROTOTYPE
PAY-0783-1,MPLADS-SYN-0783,2026-08-25,230651,First Payment,Public Works Department,SYNTHETIC_PROTOTYPE
PAY-0783-2,MPLADS-SYN-0783,2026-08-06,170172,Final Payment,Public Works Department,SYNTHETIC_PROTOTYPE
PAY-0783-3,MPLADS-SYN-0783,2026-07-29,251412,Final Payment,Public Works Department,SYNTHETIC_PROTOTYPE
PAY-0783-4,MPLADS-SYN-0783,2026-08-23,56115,Final Payment,Public Works Department,SYNTHETIC_PROTOTYPE
PAY-0783-5,MPLADS-SYN-0783,2026-06-04,308848,Running Bill,Public Works Department,SYNTHETIC_PROTOTYPE
PAY-0784-1,MPLADS-SYN-0784,2026-06-28,569604,Running Bill,Rural Development Agency,SYNTHETIC_PROTOTYPE
PAY-0784-2,MPLADS-SYN-0784,2026-08-10,148750,Running Bill,Rural Development Agency,SYNTHETIC_PROTOTYPE
PAY-0784-3,MPLADS-SYN-0784,2026-10-15,250478,Milestone Payment,Rural Development Agency,SYNTHETIC_PROTOTYPE
PAY-0784-4,MPLADS-SYN-0784,2026-10-30,306704,First Payment,Rural Development Agency,SYNTHETIC_PROTOTYPE
PAY-0785-1,MPLADS-SYN-0785,2026-06-30,283813,Running Bill,Zilla Parishad,SYNTHETIC_PROTOTYPE
PAY-0785-2,MPLADS-SYN-0785,2026-06-27,102859,Final Payment,Zilla Parishad,SYNTHETIC_PROTOTYPE
PAY-0785-3,MPLADS-SYN-0785,2026-06-14,159539,First Payment,Zilla Parishad,SYNTHETIC_PROTOTYPE
PAY-0785-4,MPLADS-SYN-0785,2026-06-17,335705,Final Payment,Zilla Parishad,SYNTHETIC_PROTOTYPE
PAY-0786-1,MPLADS-SYN-0786,2026-11-30,162344,First Payment,Municipal Council,SYNTHETIC_PROTOTYPE
PAY-0786-2,MPLADS-SYN-0786,2026-10-31,215930,Final Payment,Municipal Council,SYNTHETIC_PROTOTYPE
PAY-0786-3,MPLADS-SYN-0786,2026-07-27,394262,Milestone Payment,Municipal Council,SYNTHETIC_PROTOTYPE
PAY-0787-1,MPLADS-SYN-0787,2026-07-25,50337,Final Payment,Municipal Council,SYNTHETIC_PROTOTYPE
PAY-0787-2,MPLADS-SYN-0787,2026-12-12,32209,Final Payment,Municipal Council,SYNTHETIC_PROTOTYPE
PAY-0787-3,MPLADS-SYN-0787,2026-11-14,80309,Running Bill,Municipal Council,SYNTHETIC_PROTOTYPE
PAY-0788-1,MPLADS-SYN-0788,2026-04-11,404910,First Payment,Education Department,SYNTHETIC_PROTOTYPE
PAY-0788-2,MPLADS-SYN-0788,2026-05-29,351194,First Payment,Education Department,SYNTHETIC_PROTOTYPE
PAY-0788-3,MPLADS-SYN-0788,2026-07-09,255957,Final Payment,Education Department,SYNTHETIC_PROTOTYPE
PAY-0788-4,MPLADS-SYN-0788,2026-04-27,81251,Final Payment,Education Department,SYNTHETIC_PROTOTYPE
PAY-0788-5,MPLADS-SYN-0788,2026-03-13,302588,Final Payment,Education Department,SYNTHETIC_PROTOTYPE
PAY-0789-1,MPLADS-SYN-0789,2026-12-04,253874,Milestone Payment,Municipal Council,SYNTHETIC_PROTOTYPE
PAY-0789-2,MPLADS-SYN-0789,2026-12-10,117265,Milestone Payment,Municipal Council,SYNTHETIC_PROTOTYPE
PAY-0789-3,MPLADS-SYN-0789,2026-11-03,88893,Final Payment,Municipal Council,SYNTHETIC_PROTOTYPE
PAY-0789-4,MPLADS-SYN-0789,2026-10-17,52347,Final Payment,Municipal Council,SYNTHETIC_PROTOTYPE
PAY-0789-5,MPLADS-SYN-0789,2026-11-16,98621,Milestone Payment,Municipal Council,SYNTHETIC_PROTOTYPE
PAY-0790-1,MPLADS-SYN-0790,2026-05-19,568176,Final Payment,Rural Development Agency,SYNTHETIC_PROTOTYPE
PAY-0790-2,MPLADS-SYN-0790,2026-08-14,377838,Running Bill,Rural Development Agency,SYNTHETIC_PROTOTYPE
PAY-0790-3,MPLADS-SYN-0790,2026-06-30,263473,Milestone Payment,Rural Development Agency,SYNTHETIC_PROTOTYPE
PAY-0790-4,MPLADS-SYN-0790,2026-08-22,587461,Running Bill,Rural Development Agency,SYNTHETIC_PROTOTYPE
PAY-0791-1,MPLADS-SYN-0791,2026-03-15,224051,Running Bill,Zilla Parishad,SYNTHETIC_PROTOTYPE
PAY-0791-2,MPLADS-SYN-0791,2026-02-25,91814,Final Payment,Zilla Parishad,SYNTHETIC_PROTOTYPE
PAY-0791-3,MPLADS-SYN-0791,2026-03-14,99851,Milestone Payment,Zilla Parishad,SYNTHETIC_PROTOTYPE
PAY-0791-4,MPLADS-SYN-0791,2026-03-10,87316,Final Payment,Zilla Parishad,SYNTHETIC_PROTOTYPE
PAY-0791-5,MPLADS-SYN-0791,2026-01-23,156929,Running Bill,Zilla Parishad,SYNTHETIC_PROTOTYPE
PAY-0792-1,MPLADS-SYN-0792,2026-06-07,192754,Running Bill,Zilla Parishad,SYNTHETIC_PROTOTYPE
PAY-0792-2,MPLADS-SYN-0792,2026-05-15,295345,Final Payment,Zilla Parishad,SYNTHETIC_PROTOTYPE
PAY-0792-3,MPLADS-SYN-0792,2026-06-14,75206,Running Bill,Zilla Parishad,SYNTHETIC_PROTOTYPE
PAY-0792-4,MPLADS-SYN-0792,2026-07-09,146608,Milestone Payment,Zilla Parishad,SYNTHETIC_PROTOTYPE
PAY-0792-5,MPLADS-SYN-0792,2026-06-16,205112,Final Payment,Zilla Parishad,SYNTHETIC_PROTOTYPE
PAY-0793-1,MPLADS-SYN-0793,2026-05-07,156891,Milestone Payment,Public Works Department,SYNTHETIC_PROTOTYPE
PAY-0793-2,MPLADS-SYN-0793,2026-03-01,169455,Running Bill,Public Works Department,SYNTHETIC_PROTOTYPE
PAY-0793-3,MPLADS-SYN-0793,2026-04-07,91927,Final Payment,Public Works Department,SYNTHETIC_PROTOTYPE
PAY-0793-4,MPLADS-SYN-0793,2026-06-11,34311,Final Payment,Public Works Department,SYNTHETIC_PROTOTYPE
PAY-0793-5,MPLADS-SYN-0793,2026-02-05,91204,Milestone Payment,Public Works Department,SYNTHETIC_PROTOTYPE
PAY-0794-1,MPLADS-SYN-0794,2026-08-04,277404,Milestone Payment,Rural Development Agency,SYNTHETIC_PROTOTYPE
PAY-0794-2,MPLADS-SYN-0794,2026-05-13,131873,Milestone Payment,Rural Development Agency,SYNTHETIC_PROTOTYPE
PAY-0794-3,MPLADS-SYN-0794,2026-10-17,98152,Running Bill,Rural Development Agency,SYNTHETIC_PROTOTYPE
PAY-0794-4,MPLADS-SYN-0794,2026-09-20,40932,First Payment,Rural Development Agency,SYNTHETIC_PROTOTYPE
PAY-0794-5,MPLADS-SYN-0794,2026-10-16,98406,First Payment,Rural Development Agency,SYNTHETIC_PROTOTYPE
PAY-0795-1,MPLADS-SYN-0795,2026-12-09,263530,First Payment,Education Department,SYNTHETIC_PROTOTYPE
PAY-0795-2,MPLADS-SYN-0795,2026-10-04,201975,Running Bill,Education Department,SYNTHETIC_PROTOTYPE
PAY-0795-3,MPLADS-SYN-0795,2026-12-17,185856,First Payment,Education Department,SYNTHETIC_PROTOTYPE
PAY-0795-4,MPLADS-SYN-0795,2026-08-06,690756,Final Payment,Education Department,SYNTHETIC_PROTOTYPE
PAY-0796-1,MPLADS-SYN-0796,2026-04-09,10000,Running Bill,Public Works Department,SYNTHETIC_PROTOTYPE
PAY-0796-2,MPLADS-SYN-0796,2026-07-14,10000,Running Bill,Public Works Department,SYNTHETIC_PROTOTYPE
PAY-0796-3,MPLADS-SYN-0796,2026-08-07,11697,Final Payment,Public Works Department,SYNTHETIC_PROTOTYPE
PAY-0796-4,MPLADS-SYN-0796,2026-06-06,20803,Running Bill,Public Works Department,SYNTHETIC_PROTOTYPE
PAY-0797-1,MPLADS-SYN-0797,2026-06-19,233216,Milestone Payment,District Health Office,SYNTHETIC_PROTOTYPE
PAY-0797-2,MPLADS-SYN-0797,2026-07-04,310320,First Payment,District Health Office,SYNTHETIC_PROTOTYPE
PAY-0797-3,MPLADS-SYN-0797,2026-06-13,148542,First Payment,District Health Office,SYNTHETIC_PROTOTYPE
PAY-0797-4,MPLADS-SYN-0797,2026-05-20,443347,First Payment,District Health Office,SYNTHETIC_PROTOTYPE
PAY-0798-1,MPLADS-SYN-0798,2026-06-01,701552,Final Payment,Public Works Department,SYNTHETIC_PROTOTYPE
PAY-0798-2,MPLADS-SYN-0798,2026-03-20,1228622,Milestone Payment,Public Works Department,SYNTHETIC_PROTOTYPE
PAY-0798-3,MPLADS-SYN-0798,2026-04-19,966444,Running Bill,Public Works Department,SYNTHETIC_PROTOTYPE
PAY-0798-4,MPLADS-SYN-0798,2026-03-21,1542782,Milestone Payment,Public Works Department,SYNTHETIC_PROTOTYPE
PAY-0799-1,MPLADS-SYN-0799,2026-04-27,193542,Milestone Payment,Zilla Parishad,SYNTHETIC_PROTOTYPE
PAY-0799-2,MPLADS-SYN-0799,2026-06-24,126068,Final Payment,Zilla Parishad,SYNTHETIC_PROTOTYPE
PAY-0799-3,MPLADS-SYN-0799,2026-04-24,77033,First Payment,Zilla Parishad,SYNTHETIC_PROTOTYPE
PAY-0799-4,MPLADS-SYN-0799,2026-05-16,189932,Final Payment,Zilla Parishad,SYNTHETIC_PROTOTYPE
PAY-0800-1,MPLADS-SYN-0800,2026-06-25,159825,Running Bill,Rural Development Agency,SYNTHETIC_PROTOTYPE
PAY-0800-2,MPLADS-SYN-0800,2026-05-23,48438,First Payment,Rural Development Agency,SYNTHETIC_PROTOTYPE
PAY-0800-3,MPLADS-SYN-0800,2026-03-29,26607,Milestone Payment,Rural Development Agency,SYNTHETIC_PROTOTYPE
PAY-0800-4,MPLADS-SYN-0800,2026-04-12,132942,Running Bill,Rural Development Agency,SYNTHETIC_PROTOTYPE
PAY-0801-1,MPLADS-SYN-0801,2026-10-04,514217,Milestone Payment,Education Department,SYNTHETIC_PROTOTYPE
PAY-0801-2,MPLADS-SYN-0801,2026-10-30,1246230,Milestone Payment,Education Department,SYNTHETIC_PROTOTYPE
PAY-0802-1,MPLADS-SYN-0802,2026-09-22,44691,First Payment,Public Works Department,SYNTHETIC_PROTOTYPE
PAY-0802-2,MPLADS-SYN-0802,2026-07-20,180421,Running Bill,Public Works Department,SYNTHETIC_PROTOTYPE
PAY-0803-1,MPLADS-SYN-0803,2026-07-06,324010,Running Bill,Rural Development Agency,SYNTHETIC_PROTOTYPE
PAY-0803-2,MPLADS-SYN-0803,2026-09-14,415978,Running Bill,Rural Development Agency,SYNTHETIC_PROTOTYPE
PAY-0803-3,MPLADS-SYN-0803,2026-10-24,168507,First Payment,Rural Development Agency,SYNTHETIC_PROTOTYPE
PAY-0803-4,MPLADS-SYN-0803,2026-06-14,109936,Final Payment,Rural Development Agency,SYNTHETIC_PROTOTYPE
PAY-0803-5,MPLADS-SYN-0803,2026-08-17,424569,Milestone Payment,Rural Development Agency,SYNTHETIC_PROTOTYPE
PAY-0804-1,MPLADS-SYN-0804,2026-09-07,1187511,Milestone Payment,District Health Office,SYNTHETIC_PROTOTYPE
PAY-0804-2,MPLADS-SYN-0804,2026-08-07,333168,Milestone Payment,District Health Office,SYNTHETIC_PROTOTYPE
PAY-0804-3,MPLADS-SYN-0804,2026-08-21,1148921,Final Payment,District Health Office,SYNTHETIC_PROTOTYPE
PAY-0805-1,MPLADS-SYN-0805,2026-08-13,110502,Milestone Payment,Municipal Council,SYNTHETIC_PROTOTYPE
PAY-0805-2,MPLADS-SYN-0805,2026-05-24,65358,First Payment,Municipal Council,SYNTHETIC_PROTOTYPE
PAY-0805-3,MPLADS-SYN-0805,2026-04-07,328440,Final Payment,Municipal Council,SYNTHETIC_PROTOTYPE
PAY-0806-1,MPLADS-SYN-0806,2026-11-10,341614,First Payment,Zilla Parishad,SYNTHETIC_PROTOTYPE
PAY-0806-2,MPLADS-SYN-0806,2026-11-16,403631,Milestone Payment,Zilla Parishad,SYNTHETIC_PROTOTYPE
PAY-0806-3,MPLADS-SYN-0806,2026-09-30,286345,Milestone Payment,Zilla Parishad,SYNTHETIC_PROTOTYPE
PAY-0806-4,MPLADS-SYN-0806,2026-08-12,221811,Milestone Payment,Zilla Parishad,SYNTHETIC_PROTOTYPE
PAY-0806-5,MPLADS-SYN-0806,2026-09-04,869399,First Payment,Zilla Parishad,SYNTHETIC_PROTOTYPE
PAY-0807-1,MPLADS-SYN-0807,2026-04-29,141345,First Payment,Education Department,SYNTHETIC_PROTOTYPE
PAY-0807-2,MPLADS-SYN-0807,2026-02-23,78976,First Payment,Education Department,SYNTHETIC_PROTOTYPE
PAY-0807-3,MPLADS-SYN-0807,2026-05-23,445894,Final Payment,Education Department,SYNTHETIC_PROTOTYPE
PAY-0808-1,MPLADS-SYN-0808,2026-03-26,181999,Running Bill,Municipal Council,SYNTHETIC_PROTOTYPE
PAY-0808-2,MPLADS-SYN-0808,2026-04-03,471661,First Payment,Municipal Council,SYNTHETIC_PROTOTYPE
PAY-0809-1,MPLADS-SYN-0809,2026-03-20,162167,Milestone Payment,Municipal Corporation,SYNTHETIC_PROTOTYPE
PAY-0809-2,MPLADS-SYN-0809,2026-04-29,426344,Milestone Payment,Municipal Corporation,SYNTHETIC_PROTOTYPE
PAY-0810-1,MPLADS-SYN-0810,2026-03-12,1048963,Running Bill,District Health Office,SYNTHETIC_PROTOTYPE
PAY-0810-2,MPLADS-SYN-0810,2026-04-03,1542237,Running Bill,District Health Office,SYNTHETIC_PROTOTYPE
PAY-0811-1,MPLADS-SYN-0811,2026-02-02,137983,Milestone Payment,Municipal Council,SYNTHETIC_PROTOTYPE
PAY-0811-2,MPLADS-SYN-0811,2026-02-11,577677,First Payment,Municipal Council,SYNTHETIC_PROTOTYPE
PAY-0812-1,MPLADS-SYN-0812,2026-04-28,347265,Running Bill,Municipal Council,SYNTHETIC_PROTOTYPE
PAY-0812-2,MPLADS-SYN-0812,2026-06-22,82722,First Payment,Municipal Council,SYNTHETIC_PROTOTYPE
PAY-0812-3,MPLADS-SYN-0812,2026-07-28,151448,Milestone Payment,Municipal Council,SYNTHETIC_PROTOTYPE
PAY-0812-4,MPLADS-SYN-0812,2026-05-08,64512,Running Bill,Municipal Council,SYNTHETIC_PROTOTYPE
PAY-0812-5,MPLADS-SYN-0812,2026-06-06,164053,Running Bill,Municipal Council,SYNTHETIC_PROTOTYPE
PAY-0813-1,MPLADS-SYN-0813,2026-07-27,176792,Final Payment,District Health Office,SYNTHETIC_PROTOTYPE
PAY-0813-2,MPLADS-SYN-0813,2026-08-05,419597,Final Payment,District Health Office,SYNTHETIC_PROTOTYPE
PAY-0814-1,MPLADS-SYN-0814,2026-08-18,60800,First Payment,Municipal Corporation,SYNTHETIC_PROTOTYPE
PAY-0814-2,MPLADS-SYN-0814,2026-09-07,265411,First Payment,Municipal Corporation,SYNTHETIC_PROTOTYPE
PAY-0815-1,MPLADS-SYN-0815,2026-09-12,93450,Final Payment,Zilla Parishad,SYNTHETIC_PROTOTYPE
PAY-0815-2,MPLADS-SYN-0815,2026-10-22,421273,Final Payment,Zilla Parishad,SYNTHETIC_PROTOTYPE
PAY-0816-1,MPLADS-SYN-0816,2026-05-19,640299,Final Payment,Education Department,SYNTHETIC_PROTOTYPE
PAY-0816-2,MPLADS-SYN-0816,2026-07-11,1668544,Running Bill,Education Department,SYNTHETIC_PROTOTYPE
PAY-0817-1,MPLADS-SYN-0817,2026-10-17,377178,First Payment,District Health Office,SYNTHETIC_PROTOTYPE
PAY-0817-2,MPLADS-SYN-0817,2027-01-23,102363,Final Payment,District Health Office,SYNTHETIC_PROTOTYPE
PAY-0817-3,MPLADS-SYN-0817,2026-07-22,77769,Final Payment,District Health Office,SYNTHETIC_PROTOTYPE
PAY-0817-4,MPLADS-SYN-0817,2026-11-24,151709,Running Bill,District Health Office,SYNTHETIC_PROTOTYPE
PAY-0817-5,MPLADS-SYN-0817,2026-08-22,194148,Milestone Payment,District Health Office,SYNTHETIC_PROTOTYPE
PAY-0818-1,MPLADS-SYN-0818,2026-12-09,285466,Running Bill,Municipal Corporation,SYNTHETIC_PROTOTYPE
PAY-0818-2,MPLADS-SYN-0818,2026-10-08,182112,First Payment,Municipal Corporation,SYNTHETIC_PROTOTYPE
PAY-0818-3,MPLADS-SYN-0818,2026-10-18,585922,Running Bill,Municipal Corporation,SYNTHETIC_PROTOTYPE
PAY-0819-1,MPLADS-SYN-0819,2026-08-03,392503,First Payment,Education Department,SYNTHETIC_PROTOTYPE
PAY-0819-2,MPLADS-SYN-0819,2026-08-24,249033,Final Payment,Education Department,SYNTHETIC_PROTOTYPE
PAY-0819-3,MPLADS-SYN-0819,2026-10-29,309328,Running Bill,Education Department,SYNTHETIC_PROTOTYPE
PAY-0819-4,MPLADS-SYN-0819,2026-09-26,901279,Running Bill,Education Department,SYNTHETIC_PROTOTYPE
PAY-0820-1,MPLADS-SYN-0820,2026-08-06,85259,Milestone Payment,Public Works Department,SYNTHETIC_PROTOTYPE
PAY-0820-2,MPLADS-SYN-0820,2026-08-31,67363,Running Bill,Public Works Department,SYNTHETIC_PROTOTYPE
PAY-0820-3,MPLADS-SYN-0820,2026-07-25,40776,First Payment,Public Works Department,SYNTHETIC_PROTOTYPE
PAY-0820-4,MPLADS-SYN-0820,2026-09-14,73076,First Payment,Public Works Department,SYNTHETIC_PROTOTYPE
PAY-0820-5,MPLADS-SYN-0820,2026-08-26,107253,Final Payment,Public Works Department,SYNTHETIC_PROTOTYPE
PAY-0821-1,MPLADS-SYN-0821,2026-07-07,112537,First Payment,Zilla Parishad,SYNTHETIC_PROTOTYPE
PAY-0821-2,MPLADS-SYN-0821,2026-06-27,155058,Running Bill,Zilla Parishad,SYNTHETIC_PROTOTYPE
PAY-0821-3,MPLADS-SYN-0821,2026-07-30,53273,Final Payment,Zilla Parishad,SYNTHETIC_PROTOTYPE
PAY-0821-4,MPLADS-SYN-0821,2026-11-02,157709,Running Bill,Zilla Parishad,SYNTHETIC_PROTOTYPE
PAY-0822-1,MPLADS-SYN-0822,2026-02-20,86925,Running Bill,Municipal Corporation,SYNTHETIC_PROTOTYPE
PAY-0822-2,MPLADS-SYN-0822,2026-03-14,62663,Running Bill,Municipal Corporation,SYNTHETIC_PROTOTYPE
PAY-0822-3,MPLADS-SYN-0822,2026-04-14,354715,First Payment,Municipal Corporation,SYNTHETIC_PROTOTYPE
PAY-0823-1,MPLADS-SYN-0823,2026-07-11,250901,Running Bill,Rural Development Agency,SYNTHETIC_PROTOTYPE
PAY-0823-2,MPLADS-SYN-0823,2026-07-31,137713,Milestone Payment,Rural Development Agency,SYNTHETIC_PROTOTYPE
PAY-0823-3,MPLADS-SYN-0823,2026-06-09,59564,Running Bill,Rural Development Agency,SYNTHETIC_PROTOTYPE
PAY-0823-4,MPLADS-SYN-0823,2026-05-23,233420,First Payment,Rural Development Agency,SYNTHETIC_PROTOTYPE
PAY-0824-1,MPLADS-SYN-0824,2026-03-14,422966,First Payment,Education Department,SYNTHETIC_PROTOTYPE
PAY-0824-2,MPLADS-SYN-0824,2026-02-23,1895655,First Payment,Education Department,SYNTHETIC_PROTOTYPE
PAY-0825-1,MPLADS-SYN-0825,2026-03-11,467921,First Payment,Rural Development Agency,SYNTHETIC_PROTOTYPE
PAY-0825-2,MPLADS-SYN-0825,2026-03-30,1003881,Running Bill,Rural Development Agency,SYNTHETIC_PROTOTYPE
PAY-0826-1,MPLADS-SYN-0826,2026-08-12,226616,Running Bill,Municipal Council,SYNTHETIC_PROTOTYPE
PAY-0826-2,MPLADS-SYN-0826,2026-10-02,704884,Final Payment,Municipal Council,SYNTHETIC_PROTOTYPE
PAY-0827-1,MPLADS-SYN-0827,2026-03-31,300708,Running Bill,District Health Office,SYNTHETIC_PROTOTYPE
PAY-0827-2,MPLADS-SYN-0827,2026-02-13,769198,Final Payment,District Health Office,SYNTHETIC_PROTOTYPE
PAY-0828-1,MPLADS-SYN-0828,2026-08-31,281750,Milestone Payment,Rural Development Agency,SYNTHETIC_PROTOTYPE
PAY-0828-2,MPLADS-SYN-0828,2026-04-14,433714,First Payment,Rural Development Agency,SYNTHETIC_PROTOTYPE
PAY-0828-3,MPLADS-SYN-0828,2026-09-28,906385,Final Payment,Rural Development Agency,SYNTHETIC_PROTOTYPE
PAY-0829-1,MPLADS-SYN-0829,2026-01-28,39038,Milestone Payment,Zilla Parishad,SYNTHETIC_PROTOTYPE
PAY-0829-2,MPLADS-SYN-0829,2026-06-23,137362,Milestone Payment,Zilla Parishad,SYNTHETIC_PROTOTYPE
PAY-0830-1,MPLADS-SYN-0830,2026-11-17,230356,First Payment,Municipal Council,SYNTHETIC_PROTOTYPE
PAY-0830-2,MPLADS-SYN-0830,2026-08-07,164842,First Payment,Municipal Council,SYNTHETIC_PROTOTYPE
PAY-0830-3,MPLADS-SYN-0830,2026-09-16,48717,Running Bill,Municipal Council,SYNTHETIC_PROTOTYPE
PAY-0830-4,MPLADS-SYN-0830,2026-06-19,50016,Running Bill,Municipal Council,SYNTHETIC_PROTOTYPE
PAY-0830-5,MPLADS-SYN-0830,2026-07-13,117269,Milestone Payment,Municipal Council,SYNTHETIC_PROTOTYPE
PAY-0831-1,MPLADS-SYN-0831,2026-06-13,54188,Running Bill,Rural Development Agency,SYNTHETIC_PROTOTYPE
PAY-0831-2,MPLADS-SYN-0831,2026-05-18,48777,First Payment,Rural Development Agency,SYNTHETIC_PROTOTYPE
PAY-0831-3,MPLADS-SYN-0831,2026-08-28,27070,Final Payment,Rural Development Agency,SYNTHETIC_PROTOTYPE
PAY-0831-4,MPLADS-SYN-0831,2026-06-02,33235,Running Bill,Rural Development Agency,SYNTHETIC_PROTOTYPE
PAY-0832-1,MPLADS-SYN-0832,2026-05-20,170794,First Payment,Municipal Corporation,SYNTHETIC_PROTOTYPE
PAY-0832-2,MPLADS-SYN-0832,2026-04-05,77136,First Payment,Municipal Corporation,SYNTHETIC_PROTOTYPE
PAY-0832-3,MPLADS-SYN-0832,2026-04-28,66745,Final Payment,Municipal Corporation,SYNTHETIC_PROTOTYPE
PAY-0832-4,MPLADS-SYN-0832,2026-04-21,218455,Running Bill,Municipal Corporation,SYNTHETIC_PROTOTYPE
PAY-0833-1,MPLADS-SYN-0833,2026-05-24,73765,Final Payment,Municipal Council,SYNTHETIC_PROTOTYPE
PAY-0833-2,MPLADS-SYN-0833,2026-08-21,83274,First Payment,Municipal Council,SYNTHETIC_PROTOTYPE
PAY-0833-3,MPLADS-SYN-0833,2026-08-19,84618,Final Payment,Municipal Council,SYNTHETIC_PROTOTYPE
PAY-0833-4,MPLADS-SYN-0833,2026-07-11,54085,Final Payment,Municipal Council,SYNTHETIC_PROTOTYPE
PAY-0833-5,MPLADS-SYN-0833,2026-07-07,94258,Final Payment,Municipal Council,SYNTHETIC_PROTOTYPE
PAY-0834-1,MPLADS-SYN-0834,2026-10-03,183998,First Payment,Municipal Corporation,SYNTHETIC_PROTOTYPE
PAY-0834-2,MPLADS-SYN-0834,2026-09-27,66328,First Payment,Municipal Corporation,SYNTHETIC_PROTOTYPE
PAY-0834-3,MPLADS-SYN-0834,2026-09-18,58313,Milestone Payment,Municipal Corporation,SYNTHETIC_PROTOTYPE
PAY-0834-4,MPLADS-SYN-0834,2026-09-26,51797,Running Bill,Municipal Corporation,SYNTHETIC_PROTOTYPE
PAY-0834-5,MPLADS-SYN-0834,2026-10-15,119153,First Payment,Municipal Corporation,SYNTHETIC_PROTOTYPE
PAY-0835-1,MPLADS-SYN-0835,2026-05-08,101965,Milestone Payment,Public Works Department,SYNTHETIC_PROTOTYPE
PAY-0835-2,MPLADS-SYN-0835,2026-05-08,139607,Milestone Payment,Public Works Department,SYNTHETIC_PROTOTYPE
PAY-0835-3,MPLADS-SYN-0835,2026-05-04,95670,Milestone Payment,Public Works Department,SYNTHETIC_PROTOTYPE
PAY-0835-4,MPLADS-SYN-0835,2026-04-30,158281,First Payment,Public Works Department,SYNTHETIC_PROTOTYPE
PAY-0836-1,MPLADS-SYN-0836,2026-01-26,828043,Milestone Payment,District Health Office,SYNTHETIC_PROTOTYPE
PAY-0836-2,MPLADS-SYN-0836,2026-01-27,326989,Milestone Payment,District Health Office,SYNTHETIC_PROTOTYPE
PAY-0836-3,MPLADS-SYN-0836,2026-03-18,475135,Final Payment,District Health Office,SYNTHETIC_PROTOTYPE
PAY-0836-4,MPLADS-SYN-0836,2026-03-19,179857,Milestone Payment,District Health Office,SYNTHETIC_PROTOTYPE
PAY-0836-5,MPLADS-SYN-0836,2026-02-28,850576,Running Bill,District Health Office,SYNTHETIC_PROTOTYPE
PAY-0837-1,MPLADS-SYN-0837,2026-02-19,251411,First Payment,Municipal Corporation,SYNTHETIC_PROTOTYPE
PAY-0837-2,MPLADS-SYN-0837,2026-04-09,177952,First Payment,Municipal Corporation,SYNTHETIC_PROTOTYPE
PAY-0837-3,MPLADS-SYN-0837,2026-02-16,67280,First Payment,Municipal Corporation,SYNTHETIC_PROTOTYPE
PAY-0837-4,MPLADS-SYN-0837,2026-03-15,88919,Running Bill,Municipal Corporation,SYNTHETIC_PROTOTYPE
PAY-0837-5,MPLADS-SYN-0837,2026-02-20,138589,Final Payment,Municipal Corporation,SYNTHETIC_PROTOTYPE
PAY-0838-1,MPLADS-SYN-0838,2026-07-15,1210076,Milestone Payment,Zilla Parishad,SYNTHETIC_PROTOTYPE
PAY-0838-2,MPLADS-SYN-0838,2026-06-06,348308,Milestone Payment,Zilla Parishad,SYNTHETIC_PROTOTYPE
PAY-0838-3,MPLADS-SYN-0838,2026-07-05,1315507,Final Payment,Zilla Parishad,SYNTHETIC_PROTOTYPE
PAY-0839-1,MPLADS-SYN-0839,2026-06-06,382022,Running Bill,Zilla Parishad,SYNTHETIC_PROTOTYPE
PAY-0839-2,MPLADS-SYN-0839,2026-05-18,228280,Running Bill,Zilla Parishad,SYNTHETIC_PROTOTYPE
PAY-0839-3,MPLADS-SYN-0839,2026-08-04,121319,Running Bill,Zilla Parishad,SYNTHETIC_PROTOTYPE
PAY-0839-4,MPLADS-SYN-0839,2026-06-02,63643,First Payment,Zilla Parishad,SYNTHETIC_PROTOTYPE
PAY-0839-5,MPLADS-SYN-0839,2026-03-17,196352,Final Payment,Zilla Parishad,SYNTHETIC_PROTOTYPE
PAY-0840-1,MPLADS-SYN-0840,2026-08-07,410085,Running Bill,Education Department,SYNTHETIC_PROTOTYPE
PAY-0840-2,MPLADS-SYN-0840,2026-08-25,478423,First Payment,Education Department,SYNTHETIC_PROTOTYPE
PAY-0840-3,MPLADS-SYN-0840,2026-09-17,724724,Running Bill,Education Department,SYNTHETIC_PROTOTYPE
PAY-0841-1,MPLADS-SYN-0841,2026-11-11,226674,Final Payment,Zilla Parishad,SYNTHETIC_PROTOTYPE
PAY-0841-2,MPLADS-SYN-0841,2027-01-30,83549,Running Bill,Zilla Parishad,SYNTHETIC_PROTOTYPE
PAY-0841-3,MPLADS-SYN-0841,2026-12-20,44964,Milestone Payment,Zilla Parishad,SYNTHETIC_PROTOTYPE
PAY-0841-4,MPLADS-SYN-0841,2027-03-27,235754,First Payment,Zilla Parishad,SYNTHETIC_PROTOTYPE
PAY-0842-1,MPLADS-SYN-0842,2026-12-19,236159,Milestone Payment,Municipal Council,SYNTHETIC_PROTOTYPE
PAY-0842-2,MPLADS-SYN-0842,2026-10-31,288085,Running Bill,Municipal Council,SYNTHETIC_PROTOTYPE
PAY-0842-3,MPLADS-SYN-0842,2026-10-20,703191,Running Bill,Municipal Council,SYNTHETIC_PROTOTYPE
PAY-0843-1,MPLADS-SYN-0843,2026-07-10,121728,Final Payment,Education Department,SYNTHETIC_PROTOTYPE
PAY-0843-2,MPLADS-SYN-0843,2026-07-29,91945,Milestone Payment,Education Department,SYNTHETIC_PROTOTYPE
PAY-0843-3,MPLADS-SYN-0843,2026-11-11,52373,Milestone Payment,Education Department,SYNTHETIC_PROTOTYPE
PAY-0843-4,MPLADS-SYN-0843,2026-08-02,38404,Final Payment,Education Department,SYNTHETIC_PROTOTYPE
PAY-0843-5,MPLADS-SYN-0843,2026-11-07,67285,First Payment,Education Department,SYNTHETIC_PROTOTYPE
PAY-0844-1,MPLADS-SYN-0844,2026-04-21,440291,Final Payment,Municipal Council,SYNTHETIC_PROTOTYPE
PAY-0844-2,MPLADS-SYN-0844,2026-04-11,440738,First Payment,Municipal Council,SYNTHETIC_PROTOTYPE
PAY-0844-3,MPLADS-SYN-0844,2026-05-15,689007,First Payment,Municipal Council,SYNTHETIC_PROTOTYPE
PAY-0844-4,MPLADS-SYN-0844,2026-07-30,878888,Running Bill,Municipal Council,SYNTHETIC_PROTOTYPE
PAY-0845-1,MPLADS-SYN-0845,2026-06-21,123092,First Payment,Rural Development Agency,SYNTHETIC_PROTOTYPE
PAY-0845-2,MPLADS-SYN-0845,2026-04-29,94886,Final Payment,Rural Development Agency,SYNTHETIC_PROTOTYPE
PAY-0845-3,MPLADS-SYN-0845,2026-03-25,489682,Final Payment,Rural Development Agency,SYNTHETIC_PROTOTYPE
PAY-0846-1,MPLADS-SYN-0846,2026-12-10,405864,Final Payment,Rural Development Agency,SYNTHETIC_PROTOTYPE
PAY-0846-2,MPLADS-SYN-0846,2026-10-10,244121,First Payment,Rural Development Agency,SYNTHETIC_PROTOTYPE
PAY-0846-3,MPLADS-SYN-0846,2026-09-15,358651,Final Payment,Rural Development Agency,SYNTHETIC_PROTOTYPE
PAY-0847-1,MPLADS-SYN-0847,2026-01-31,222689,Running Bill,Public Works Department,SYNTHETIC_PROTOTYPE
PAY-0847-2,MPLADS-SYN-0847,2026-02-05,103772,Milestone Payment,Public Works Department,SYNTHETIC_PROTOTYPE
PAY-0847-3,MPLADS-SYN-0847,2026-04-16,144355,Final Payment,Public Works Department,SYNTHETIC_PROTOTYPE
PAY-0847-4,MPLADS-SYN-0847,2026-03-12,222768,First Payment,Public Works Department,SYNTHETIC_PROTOTYPE
PAY-0848-1,MPLADS-SYN-0848,2026-03-21,316346,Milestone Payment,Municipal Council,SYNTHETIC_PROTOTYPE
PAY-0848-2,MPLADS-SYN-0848,2026-05-11,166518,Final Payment,Municipal Council,SYNTHETIC_PROTOTYPE
PAY-0848-3,MPLADS-SYN-0848,2026-04-29,100994,Final Payment,Municipal Council,SYNTHETIC_PROTOTYPE
PAY-0848-4,MPLADS-SYN-0848,2026-06-10,397026,Milestone Payment,Municipal Council,SYNTHETIC_PROTOTYPE
PAY-0849-1,MPLADS-SYN-0849,2026-10-31,382019,Final Payment,Education Department,SYNTHETIC_PROTOTYPE
PAY-0849-2,MPLADS-SYN-0849,2026-05-09,173588,Final Payment,Education Department,SYNTHETIC_PROTOTYPE
PAY-0849-3,MPLADS-SYN-0849,2026-10-21,138129,Final Payment,Education Department,SYNTHETIC_PROTOTYPE
PAY-0849-4,MPLADS-SYN-0849,2026-11-05,95064,Milestone Payment,Education Department,SYNTHETIC_PROTOTYPE
PAY-0849-5,MPLADS-SYN-0849,2026-09-14,202857,Milestone Payment,Education Department,SYNTHETIC_PROTOTYPE
PAY-0850-1,MPLADS-SYN-0850,2026-05-04,608644,Running Bill,Municipal Council,SYNTHETIC_PROTOTYPE
PAY-0850-2,MPLADS-SYN-0850,2026-06-19,362924,First Payment,Municipal Council,SYNTHETIC_PROTOTYPE
PAY-0850-3,MPLADS-SYN-0850,2026-05-07,450863,Final Payment,Municipal Council,SYNTHETIC_PROTOTYPE
PAY-0851-1,MPLADS-SYN-0851,2026-05-27,71040,Milestone Payment,Municipal Council,SYNTHETIC_PROTOTYPE
PAY-0851-2,MPLADS-SYN-0851,2026-06-06,201960,Milestone Payment,Municipal Council,SYNTHETIC_PROTOTYPE
PAY-0852-1,MPLADS-SYN-0852,2026-05-25,280974,Milestone Payment,District Health Office,SYNTHETIC_PROTOTYPE
PAY-0852-2,MPLADS-SYN-0852,2026-06-13,142893,Final Payment,District Health Office,SYNTHETIC_PROTOTYPE
PAY-0852-3,MPLADS-SYN-0852,2026-05-19,36211,Milestone Payment,District Health Office,SYNTHETIC_PROTOTYPE
PAY-0852-4,MPLADS-SYN-0852,2026-08-14,190940,First Payment,District Health Office,SYNTHETIC_PROTOTYPE
PAY-0853-1,MPLADS-SYN-0853,2026-09-28,328032,Running Bill,Zilla Parishad,SYNTHETIC_PROTOTYPE
PAY-0853-2,MPLADS-SYN-0853,2026-10-09,304393,Running Bill,Zilla Parishad,SYNTHETIC_PROTOTYPE
PAY-0853-3,MPLADS-SYN-0853,2026-09-25,244106,First Payment,Zilla Parishad,SYNTHETIC_PROTOTYPE
PAY-0853-4,MPLADS-SYN-0853,2026-11-09,175556,Final Payment,Zilla Parishad,SYNTHETIC_PROTOTYPE
PAY-0853-5,MPLADS-SYN-0853,2026-09-15,301841,Final Payment,Zilla Parishad,SYNTHETIC_PROTOTYPE
PAY-0854-1,MPLADS-SYN-0854,2026-05-21,513810,First Payment,Education Department,SYNTHETIC_PROTOTYPE
PAY-0854-2,MPLADS-SYN-0854,2026-07-10,286514,Final Payment,Education Department,SYNTHETIC_PROTOTYPE
PAY-0854-3,MPLADS-SYN-0854,2026-05-28,130215,Milestone Payment,Education Department,SYNTHETIC_PROTOTYPE
PAY-0854-4,MPLADS-SYN-0854,2026-06-28,357161,Running Bill,Education Department,SYNTHETIC_PROTOTYPE
PAY-0855-1,MPLADS-SYN-0855,2026-10-10,819791,Final Payment,Public Works Department,SYNTHETIC_PROTOTYPE
PAY-0855-2,MPLADS-SYN-0855,2026-10-15,533053,Final Payment,Public Works Department,SYNTHETIC_PROTOTYPE
PAY-0855-3,MPLADS-SYN-0855,2026-09-22,535598,Milestone Payment,Public Works Department,SYNTHETIC_PROTOTYPE
PAY-0855-4,MPLADS-SYN-0855,2026-08-10,657748,Milestone Payment,Public Works Department,SYNTHETIC_PROTOTYPE
PAY-0856-1,MPLADS-SYN-0856,2026-06-18,261361,Running Bill,Education Department,SYNTHETIC_PROTOTYPE
PAY-0856-2,MPLADS-SYN-0856,2026-07-01,573137,First Payment,Education Department,SYNTHETIC_PROTOTYPE
PAY-0857-1,MPLADS-SYN-0857,2026-12-15,251970,First Payment,District Health Office,SYNTHETIC_PROTOTYPE
PAY-0857-2,MPLADS-SYN-0857,2026-11-13,165970,Milestone Payment,District Health Office,SYNTHETIC_PROTOTYPE
PAY-0857-3,MPLADS-SYN-0857,2026-11-30,312304,Final Payment,District Health Office,SYNTHETIC_PROTOTYPE
PAY-0858-1,MPLADS-SYN-0858,2026-12-09,664991,Milestone Payment,Municipal Corporation,SYNTHETIC_PROTOTYPE
PAY-0858-2,MPLADS-SYN-0858,2027-01-12,261022,Milestone Payment,Municipal Corporation,SYNTHETIC_PROTOTYPE
PAY-0858-3,MPLADS-SYN-0858,2026-09-29,1104040,Final Payment,Municipal Corporation,SYNTHETIC_PROTOTYPE
PAY-0859-1,MPLADS-SYN-0859,2027-01-22,245179,Milestone Payment,Zilla Parishad,SYNTHETIC_PROTOTYPE
PAY-0859-2,MPLADS-SYN-0859,2026-11-11,517101,Final Payment,Zilla Parishad,SYNTHETIC_PROTOTYPE
PAY-0860-1,MPLADS-SYN-0860,2026-06-04,102448,Running Bill,Municipal Corporation,SYNTHETIC_PROTOTYPE
PAY-0860-2,MPLADS-SYN-0860,2026-06-05,84426,Milestone Payment,Municipal Corporation,SYNTHETIC_PROTOTYPE
PAY-0860-3,MPLADS-SYN-0860,2026-06-13,86263,First Payment,Municipal Corporation,SYNTHETIC_PROTOTYPE
PAY-0860-4,MPLADS-SYN-0860,2026-07-01,330695,Milestone Payment,Municipal Corporation,SYNTHETIC_PROTOTYPE
PAY-0861-1,MPLADS-SYN-0861,2026-02-12,558880,Final Payment,Zilla Parishad,SYNTHETIC_PROTOTYPE
PAY-0861-2,MPLADS-SYN-0861,2026-02-27,306215,Milestone Payment,Zilla Parishad,SYNTHETIC_PROTOTYPE
PAY-0861-3,MPLADS-SYN-0861,2026-01-23,221314,Final Payment,Zilla Parishad,SYNTHETIC_PROTOTYPE
PAY-0861-4,MPLADS-SYN-0861,2026-03-01,105907,Final Payment,Zilla Parishad,SYNTHETIC_PROTOTYPE
PAY-0861-5,MPLADS-SYN-0861,2026-02-12,456884,Milestone Payment,Zilla Parishad,SYNTHETIC_PROTOTYPE
PAY-0862-1,MPLADS-SYN-0862,2026-06-28,380539,Milestone Payment,Education Department,SYNTHETIC_PROTOTYPE
PAY-0862-2,MPLADS-SYN-0862,2026-07-02,973699,Running Bill,Education Department,SYNTHETIC_PROTOTYPE
PAY-0863-1,MPLADS-SYN-0863,2026-09-05,106131,Milestone Payment,Municipal Council,SYNTHETIC_PROTOTYPE
PAY-0863-2,MPLADS-SYN-0863,2026-03-16,50956,First Payment,Municipal Council,SYNTHETIC_PROTOTYPE
PAY-0863-3,MPLADS-SYN-0863,2026-05-08,37877,Running Bill,Municipal Council,SYNTHETIC_PROTOTYPE
PAY-0863-4,MPLADS-SYN-0863,2026-04-29,17660,Final Payment,Municipal Council,SYNTHETIC_PROTOTYPE
PAY-0863-5,MPLADS-SYN-0863,2026-05-12,48197,Milestone Payment,Municipal Council,SYNTHETIC_PROTOTYPE
PAY-0864-1,MPLADS-SYN-0864,2026-03-19,201523,First Payment,District Health Office,SYNTHETIC_PROTOTYPE
PAY-0864-2,MPLADS-SYN-0864,2026-03-31,239575,Final Payment,District Health Office,SYNTHETIC_PROTOTYPE
PAY-0864-3,MPLADS-SYN-0864,2026-04-20,105563,Milestone Payment,District Health Office,SYNTHETIC_PROTOTYPE
PAY-0864-4,MPLADS-SYN-0864,2026-07-25,388854,Final Payment,District Health Office,SYNTHETIC_PROTOTYPE
PAY-0865-1,MPLADS-SYN-0865,2026-09-29,492605,Milestone Payment,Municipal Corporation,SYNTHETIC_PROTOTYPE
PAY-0865-2,MPLADS-SYN-0865,2026-09-20,441471,First Payment,Municipal Corporation,SYNTHETIC_PROTOTYPE
PAY-0865-3,MPLADS-SYN-0865,2026-10-22,1037377,Milestone Payment,Municipal Corporation,SYNTHETIC_PROTOTYPE
PAY-0866-1,MPLADS-SYN-0866,2026-03-20,237172,Milestone Payment,Municipal Council,SYNTHETIC_PROTOTYPE
PAY-0866-2,MPLADS-SYN-0866,2026-06-11,280750,Milestone Payment,Municipal Council,SYNTHETIC_PROTOTYPE
PAY-0866-3,MPLADS-SYN-0866,2026-03-03,327910,Final Payment,Municipal Council,SYNTHETIC_PROTOTYPE
PAY-0866-4,MPLADS-SYN-0866,2026-06-25,488289,Running Bill,Municipal Council,SYNTHETIC_PROTOTYPE
PAY-0867-1,MPLADS-SYN-0867,2026-02-14,398382,Milestone Payment,Education Department,SYNTHETIC_PROTOTYPE
PAY-0867-2,MPLADS-SYN-0867,2026-03-24,133278,Milestone Payment,Education Department,SYNTHETIC_PROTOTYPE
PAY-0867-3,MPLADS-SYN-0867,2026-02-03,149123,Final Payment,Education Department,SYNTHETIC_PROTOTYPE
PAY-0867-4,MPLADS-SYN-0867,2026-04-06,562882,Running Bill,Education Department,SYNTHETIC_PROTOTYPE
PAY-0868-1,MPLADS-SYN-0868,2026-09-07,139043,Milestone Payment,District Health Office,SYNTHETIC_PROTOTYPE
PAY-0868-2,MPLADS-SYN-0868,2026-11-09,160541,Running Bill,District Health Office,SYNTHETIC_PROTOTYPE
PAY-0868-3,MPLADS-SYN-0868,2027-02-10,81992,Running Bill,District Health Office,SYNTHETIC_PROTOTYPE
PAY-0868-4,MPLADS-SYN-0868,2026-10-27,173229,Final Payment,District Health Office,SYNTHETIC_PROTOTYPE
PAY-0869-1,MPLADS-SYN-0869,2027-02-03,350633,Final Payment,Municipal Council,SYNTHETIC_PROTOTYPE
PAY-0869-2,MPLADS-SYN-0869,2026-08-09,125436,Final Payment,Municipal Council,SYNTHETIC_PROTOTYPE
PAY-0869-3,MPLADS-SYN-0869,2026-11-06,241249,Running Bill,Municipal Council,SYNTHETIC_PROTOTYPE
PAY-0869-4,MPLADS-SYN-0869,2026-12-03,345695,Final Payment,Municipal Council,SYNTHETIC_PROTOTYPE
PAY-0870-1,MPLADS-SYN-0870,2026-06-02,205369,Final Payment,Public Works Department,SYNTHETIC_PROTOTYPE
PAY-0870-2,MPLADS-SYN-0870,2026-06-19,145725,Milestone Payment,Public Works Department,SYNTHETIC_PROTOTYPE
PAY-0870-3,MPLADS-SYN-0870,2026-08-30,304335,Final Payment,Public Works Department,SYNTHETIC_PROTOTYPE
PAY-0871-1,MPLADS-SYN-0871,2026-04-03,202722,First Payment,Rural Development Agency,SYNTHETIC_PROTOTYPE
PAY-0871-2,MPLADS-SYN-0871,2026-03-27,121552,First Payment,Rural Development Agency,SYNTHETIC_PROTOTYPE
PAY-0871-3,MPLADS-SYN-0871,2026-03-26,248928,Final Payment,Rural Development Agency,SYNTHETIC_PROTOTYPE
PAY-0872-1,MPLADS-SYN-0872,2026-05-21,195513,Final Payment,District Health Office,SYNTHETIC_PROTOTYPE
PAY-0872-2,MPLADS-SYN-0872,2026-01-29,57442,Milestone Payment,District Health Office,SYNTHETIC_PROTOTYPE
PAY-0872-3,MPLADS-SYN-0872,2026-03-24,254545,Final Payment,District Health Office,SYNTHETIC_PROTOTYPE
PAY-0873-1,MPLADS-SYN-0873,2026-10-27,54175,First Payment,Education Department,SYNTHETIC_PROTOTYPE
PAY-0873-2,MPLADS-SYN-0873,2026-06-06,66611,Milestone Payment,Education Department,SYNTHETIC_PROTOTYPE
PAY-0873-3,MPLADS-SYN-0873,2026-06-18,145584,Final Payment,Education Department,SYNTHETIC_PROTOTYPE
PAY-0874-1,MPLADS-SYN-0874,2026-03-27,160420,Running Bill,Rural Development Agency,SYNTHETIC_PROTOTYPE
PAY-0874-2,MPLADS-SYN-0874,2026-05-08,51055,Running Bill,Rural Development Agency,SYNTHETIC_PROTOTYPE
PAY-0874-3,MPLADS-SYN-0874,2026-05-30,156525,Final Payment,Rural Development Agency,SYNTHETIC_PROTOTYPE
PAY-0875-1,MPLADS-SYN-0875,2026-02-20,154261,Final Payment,Public Works Department,SYNTHETIC_PROTOTYPE
PAY-0875-2,MPLADS-SYN-0875,2026-03-18,117179,Final Payment,Public Works Department,SYNTHETIC_PROTOTYPE
PAY-0875-3,MPLADS-SYN-0875,2026-01-28,90501,First Payment,Public Works Department,SYNTHETIC_PROTOTYPE
PAY-0875-4,MPLADS-SYN-0875,2026-04-24,57600,Running Bill,Public Works Department,SYNTHETIC_PROTOTYPE
PAY-0875-5,MPLADS-SYN-0875,2026-01-25,123682,Final Payment,Public Works Department,SYNTHETIC_PROTOTYPE
PAY-0876-1,MPLADS-SYN-0876,2026-10-20,56393,Final Payment,Municipal Council,SYNTHETIC_PROTOTYPE
PAY-0876-2,MPLADS-SYN-0876,2027-01-14,146351,First Payment,Municipal Council,SYNTHETIC_PROTOTYPE
PAY-0877-1,MPLADS-SYN-0877,2026-08-08,724255,Running Bill,Education Department,SYNTHETIC_PROTOTYPE
PAY-0877-2,MPLADS-SYN-0877,2027-01-03,497336,First Payment,Education Department,SYNTHETIC_PROTOTYPE
PAY-0877-3,MPLADS-SYN-0877,2026-08-19,353331,First Payment,Education Department,SYNTHETIC_PROTOTYPE
PAY-0877-4,MPLADS-SYN-0877,2026-09-27,739678,Milestone Payment,Education Department,SYNTHETIC_PROTOTYPE
PAY-0878-1,MPLADS-SYN-0878,2026-04-07,110283,Final Payment,Municipal Corporation,SYNTHETIC_PROTOTYPE
PAY-0878-2,MPLADS-SYN-0878,2026-03-31,79472,Milestone Payment,Municipal Corporation,SYNTHETIC_PROTOTYPE
PAY-0878-3,MPLADS-SYN-0878,2026-04-04,80228,First Payment,Municipal Corporation,SYNTHETIC_PROTOTYPE
PAY-0878-4,MPLADS-SYN-0878,2026-08-02,116117,Milestone Payment,Municipal Corporation,SYNTHETIC_PROTOTYPE
PAY-0879-1,MPLADS-SYN-0879,2026-07-29,360063,Final Payment,Zilla Parishad,SYNTHETIC_PROTOTYPE
PAY-0879-2,MPLADS-SYN-0879,2026-04-14,429733,Running Bill,Zilla Parishad,SYNTHETIC_PROTOTYPE
PAY-0879-3,MPLADS-SYN-0879,2026-07-16,675493,Running Bill,Zilla Parishad,SYNTHETIC_PROTOTYPE
PAY-0880-1,MPLADS-SYN-0880,2026-08-02,128528,Running Bill,Rural Development Agency,SYNTHETIC_PROTOTYPE
PAY-0880-2,MPLADS-SYN-0880,2026-08-03,136323,Running Bill,Rural Development Agency,SYNTHETIC_PROTOTYPE
PAY-0880-3,MPLADS-SYN-0880,2026-06-06,153085,Milestone Payment,Rural Development Agency,SYNTHETIC_PROTOTYPE
PAY-0880-4,MPLADS-SYN-0880,2026-08-13,214849,First Payment,Rural Development Agency,SYNTHETIC_PROTOTYPE
PAY-0881-1,MPLADS-SYN-0881,2026-04-18,170272,First Payment,Municipal Corporation,SYNTHETIC_PROTOTYPE
PAY-0881-2,MPLADS-SYN-0881,2026-02-22,199705,Running Bill,Municipal Corporation,SYNTHETIC_PROTOTYPE
PAY-0881-3,MPLADS-SYN-0881,2026-02-28,93086,Final Payment,Municipal Corporation,SYNTHETIC_PROTOTYPE
PAY-0881-4,MPLADS-SYN-0881,2026-03-19,182960,Final Payment,Municipal Corporation,SYNTHETIC_PROTOTYPE
PAY-0882-1,MPLADS-SYN-0882,2026-08-12,344103,Milestone Payment,Public Works Department,SYNTHETIC_PROTOTYPE
PAY-0882-2,MPLADS-SYN-0882,2026-10-17,540297,Running Bill,Public Works Department,SYNTHETIC_PROTOTYPE
PAY-0883-1,MPLADS-SYN-0883,2026-10-03,289456,Final Payment,District Health Office,SYNTHETIC_PROTOTYPE
PAY-0883-2,MPLADS-SYN-0883,2026-07-05,809944,Final Payment,District Health Office,SYNTHETIC_PROTOTYPE
PAY-0884-1,MPLADS-SYN-0884,2026-01-28,206305,Running Bill,Municipal Corporation,SYNTHETIC_PROTOTYPE
PAY-0884-2,MPLADS-SYN-0884,2026-03-05,66793,First Payment,Municipal Corporation,SYNTHETIC_PROTOTYPE
PAY-0884-3,MPLADS-SYN-0884,2026-02-16,330732,Milestone Payment,Municipal Corporation,SYNTHETIC_PROTOTYPE
PAY-0885-1,MPLADS-SYN-0885,2026-03-06,93577,Final Payment,Zilla Parishad,SYNTHETIC_PROTOTYPE
PAY-0885-2,MPLADS-SYN-0885,2026-04-01,69929,Final Payment,Zilla Parishad,SYNTHETIC_PROTOTYPE
PAY-0885-3,MPLADS-SYN-0885,2026-04-03,18847,Running Bill,Zilla Parishad,SYNTHETIC_PROTOTYPE
PAY-0885-4,MPLADS-SYN-0885,2026-03-01,69226,First Payment,Zilla Parishad,SYNTHETIC_PROTOTYPE
PAY-0886-1,MPLADS-SYN-0886,2026-05-21,247993,Final Payment,Municipal Council,SYNTHETIC_PROTOTYPE
PAY-0886-2,MPLADS-SYN-0886,2026-05-30,179130,Running Bill,Municipal Council,SYNTHETIC_PROTOTYPE
PAY-0886-3,MPLADS-SYN-0886,2026-06-11,80141,Final Payment,Municipal Council,SYNTHETIC_PROTOTYPE
PAY-0886-4,MPLADS-SYN-0886,2026-06-16,35910,Milestone Payment,Municipal Council,SYNTHETIC_PROTOTYPE
PAY-0886-5,MPLADS-SYN-0886,2026-03-04,195580,Running Bill,Municipal Council,SYNTHETIC_PROTOTYPE
PAY-0887-1,MPLADS-SYN-0887,2026-07-11,30217,Final Payment,Municipal Corporation,SYNTHETIC_PROTOTYPE
PAY-0887-2,MPLADS-SYN-0887,2026-06-19,66928,Milestone Payment,Municipal Corporation,SYNTHETIC_PROTOTYPE
PAY-0887-3,MPLADS-SYN-0887,2026-05-15,25901,Final Payment,Municipal Corporation,SYNTHETIC_PROTOTYPE
PAY-0887-4,MPLADS-SYN-0887,2026-05-22,64154,Milestone Payment,Municipal Corporation,SYNTHETIC_PROTOTYPE
PAY-0888-1,MPLADS-SYN-0888,2026-03-30,211788,First Payment,District Health Office,SYNTHETIC_PROTOTYPE
PAY-0888-2,MPLADS-SYN-0888,2026-07-05,349982,First Payment,District Health Office,SYNTHETIC_PROTOTYPE
PAY-0888-3,MPLADS-SYN-0888,2026-06-29,189638,First Payment,District Health Office,SYNTHETIC_PROTOTYPE
PAY-0888-4,MPLADS-SYN-0888,2026-07-28,560673,Running Bill,District Health Office,SYNTHETIC_PROTOTYPE
PAY-0889-1,MPLADS-SYN-0889,2026-08-11,643080,First Payment,Municipal Council,SYNTHETIC_PROTOTYPE
PAY-0889-2,MPLADS-SYN-0889,2026-10-04,278729,Final Payment,Municipal Council,SYNTHETIC_PROTOTYPE
PAY-0889-3,MPLADS-SYN-0889,2026-08-20,129316,Running Bill,Municipal Council,SYNTHETIC_PROTOTYPE
PAY-0889-4,MPLADS-SYN-0889,2026-10-24,496441,Final Payment,Municipal Council,SYNTHETIC_PROTOTYPE
PAY-0890-1,MPLADS-SYN-0890,2026-09-10,485394,First Payment,Education Department,SYNTHETIC_PROTOTYPE
PAY-0890-2,MPLADS-SYN-0890,2026-10-07,838496,First Payment,Education Department,SYNTHETIC_PROTOTYPE
PAY-0890-3,MPLADS-SYN-0890,2026-07-16,1431708,Running Bill,Education Department,SYNTHETIC_PROTOTYPE
PAY-0891-1,MPLADS-SYN-0891,2026-11-26,225929,Running Bill,Municipal Corporation,SYNTHETIC_PROTOTYPE
PAY-0891-2,MPLADS-SYN-0891,2026-09-04,104775,Running Bill,Municipal Corporation,SYNTHETIC_PROTOTYPE
PAY-0891-3,MPLADS-SYN-0891,2026-10-11,370374,Running Bill,Municipal Corporation,SYNTHETIC_PROTOTYPE
PAY-0892-1,MPLADS-SYN-0892,2026-08-04,357386,Running Bill,Municipal Council,SYNTHETIC_PROTOTYPE
PAY-0892-2,MPLADS-SYN-0892,2026-09-10,173687,Final Payment,Municipal Council,SYNTHETIC_PROTOTYPE
PAY-0892-3,MPLADS-SYN-0892,2026-08-03,433720,First Payment,Municipal Council,SYNTHETIC_PROTOTYPE
PAY-0893-1,MPLADS-SYN-0893,2026-09-10,340808,Milestone Payment,Rural Development Agency,SYNTHETIC_PROTOTYPE
PAY-0893-2,MPLADS-SYN-0893,2027-01-09,179394,Milestone Payment,Rural Development Agency,SYNTHETIC_PROTOTYPE
PAY-0893-3,MPLADS-SYN-0893,2026-11-23,89278,First Payment,Rural Development Agency,SYNTHETIC_PROTOTYPE
PAY-0893-4,MPLADS-SYN-0893,2026-07-15,59255,Milestone Payment,Rural Development Agency,SYNTHETIC_PROTOTYPE
PAY-0893-5,MPLADS-SYN-0893,2026-08-09,313298,Milestone Payment,Rural Development Agency,SYNTHETIC_PROTOTYPE
PAY-0894-1,MPLADS-SYN-0894,2027-02-22,158422,Milestone Payment,Education Department,SYNTHETIC_PROTOTYPE
PAY-0894-2,MPLADS-SYN-0894,2027-02-16,789142,First Payment,Education Department,SYNTHETIC_PROTOTYPE
PAY-0895-1,MPLADS-SYN-0895,2026-09-16,748777,Milestone Payment,Public Works Department,SYNTHETIC_PROTOTYPE
PAY-0895-2,MPLADS-SYN-0895,2026-08-09,755375,First Payment,Public Works Department,SYNTHETIC_PROTOTYPE
PAY-0895-3,MPLADS-SYN-0895,2026-08-19,281654,First Payment,Public Works Department,SYNTHETIC_PROTOTYPE
PAY-0895-4,MPLADS-SYN-0895,2026-09-07,187037,First Payment,Public Works Department,SYNTHETIC_PROTOTYPE
PAY-0895-5,MPLADS-SYN-0895,2026-08-02,548585,Milestone Payment,Public Works Department,SYNTHETIC_PROTOTYPE
PAY-0896-1,MPLADS-SYN-0896,2026-06-27,187684,Running Bill,District Health Office,SYNTHETIC_PROTOTYPE
PAY-0896-2,MPLADS-SYN-0896,2026-07-09,65350,Final Payment,District Health Office,SYNTHETIC_PROTOTYPE
PAY-0896-3,MPLADS-SYN-0896,2026-05-09,31339,First Payment,District Health Office,SYNTHETIC_PROTOTYPE
PAY-0896-4,MPLADS-SYN-0896,2026-05-11,152781,Final Payment,District Health Office,SYNTHETIC_PROTOTYPE
PAY-0897-1,MPLADS-SYN-0897,2026-10-02,249818,Running Bill,Public Works Department,SYNTHETIC_PROTOTYPE
PAY-0897-2,MPLADS-SYN-0897,2026-08-30,653400,First Payment,Public Works Department,SYNTHETIC_PROTOTYPE
PAY-0898-1,MPLADS-SYN-0898,2026-10-21,545743,Final Payment,District Health Office,SYNTHETIC_PROTOTYPE
PAY-0898-2,MPLADS-SYN-0898,2026-09-30,433962,Running Bill,District Health Office,SYNTHETIC_PROTOTYPE
PAY-0898-3,MPLADS-SYN-0898,2026-11-28,325654,Milestone Payment,District Health Office,SYNTHETIC_PROTOTYPE
PAY-0898-4,MPLADS-SYN-0898,2026-08-03,531544,First Payment,District Health Office,SYNTHETIC_PROTOTYPE
PAY-0899-1,MPLADS-SYN-0899,2026-07-20,62979,Milestone Payment,Education Department,SYNTHETIC_PROTOTYPE
PAY-0899-2,MPLADS-SYN-0899,2026-08-09,113921,Final Payment,Education Department,SYNTHETIC_PROTOTYPE
PAY-0900-1,MPLADS-SYN-0900,2026-09-06,501975,Milestone Payment,Municipal Council,SYNTHETIC_PROTOTYPE
PAY-0900-2,MPLADS-SYN-0900,2026-07-31,448130,Running Bill,Municipal Council,SYNTHETIC_PROTOTYPE
PAY-0900-3,MPLADS-SYN-0900,2026-09-17,165173,Milestone Payment,Municipal Council,SYNTHETIC_PROTOTYPE
PAY-0900-4,MPLADS-SYN-0900,2026-09-12,132774,First Payment,Municipal Council,SYNTHETIC_PROTOTYPE
PAY-0900-5,MPLADS-SYN-0900,2026-09-13,257875,Running Bill,Municipal Council,SYNTHETIC_PROTOTYPE
PAY-0901-1,MPLADS-SYN-0901,2026-09-06,54540,Milestone Payment,Education Department,SYNTHETIC_PROTOTYPE
PAY-0901-2,MPLADS-SYN-0901,2026-10-26,13867,Final Payment,Education Department,SYNTHETIC_PROTOTYPE
PAY-0901-3,MPLADS-SYN-0901,2026-10-30,60593,Final Payment,Education Department,SYNTHETIC_PROTOTYPE
PAY-0902-1,MPLADS-SYN-0902,2026-10-17,1008064,Final Payment,Education Department,SYNTHETIC_PROTOTYPE
PAY-0902-2,MPLADS-SYN-0902,2026-08-28,344225,First Payment,Education Department,SYNTHETIC_PROTOTYPE
PAY-0902-3,MPLADS-SYN-0902,2026-12-07,1016466,First Payment,Education Department,SYNTHETIC_PROTOTYPE
PAY-0903-1,MPLADS-SYN-0903,2026-10-25,159231,Running Bill,Municipal Council,SYNTHETIC_PROTOTYPE
PAY-0903-2,MPLADS-SYN-0903,2026-08-09,53121,First Payment,Municipal Council,SYNTHETIC_PROTOTYPE
PAY-0903-3,MPLADS-SYN-0903,2026-08-31,126431,Running Bill,Municipal Council,SYNTHETIC_PROTOTYPE
PAY-0903-4,MPLADS-SYN-0903,2026-11-22,54867,First Payment,Municipal Council,SYNTHETIC_PROTOTYPE
PAY-0903-5,MPLADS-SYN-0903,2026-07-22,119218,Running Bill,Municipal Council,SYNTHETIC_PROTOTYPE
PAY-0904-1,MPLADS-SYN-0904,2026-08-30,301722,Final Payment,Zilla Parishad,SYNTHETIC_PROTOTYPE
PAY-0904-2,MPLADS-SYN-0904,2027-01-10,137869,First Payment,Zilla Parishad,SYNTHETIC_PROTOTYPE
PAY-0904-3,MPLADS-SYN-0904,2027-01-09,473858,Milestone Payment,Zilla Parishad,SYNTHETIC_PROTOTYPE
PAY-0905-1,MPLADS-SYN-0905,2026-02-23,182991,Milestone Payment,Municipal Council,SYNTHETIC_PROTOTYPE
PAY-0905-2,MPLADS-SYN-0905,2026-04-02,573932,First Payment,Municipal Council,SYNTHETIC_PROTOTYPE
PAY-0906-1,MPLADS-SYN-0906,2026-10-31,74536,Running Bill,Education Department,SYNTHETIC_PROTOTYPE
PAY-0906-2,MPLADS-SYN-0906,2026-08-09,33677,First Payment,Education Department,SYNTHETIC_PROTOTYPE
PAY-0906-3,MPLADS-SYN-0906,2026-07-21,35907,Milestone Payment,Education Department,SYNTHETIC_PROTOTYPE
PAY-0906-4,MPLADS-SYN-0906,2026-08-02,36332,Milestone Payment,Education Department,SYNTHETIC_PROTOTYPE
PAY-0906-5,MPLADS-SYN-0906,2026-07-06,68548,First Payment,Education Department,SYNTHETIC_PROTOTYPE
PAY-0907-1,MPLADS-SYN-0907,2026-07-04,363300,Running Bill,Public Works Department,SYNTHETIC_PROTOTYPE
PAY-0907-2,MPLADS-SYN-0907,2026-06-10,240246,Milestone Payment,Public Works Department,SYNTHETIC_PROTOTYPE
PAY-0907-3,MPLADS-SYN-0907,2026-07-29,534427,Running Bill,Public Works Department,SYNTHETIC_PROTOTYPE
PAY-0908-1,MPLADS-SYN-0908,2026-04-07,255012,Running Bill,Municipal Corporation,SYNTHETIC_PROTOTYPE
PAY-0908-2,MPLADS-SYN-0908,2026-01-30,522763,Running Bill,Municipal Corporation,SYNTHETIC_PROTOTYPE
PAY-0909-1,MPLADS-SYN-0909,2027-02-20,215933,Milestone Payment,District Health Office,SYNTHETIC_PROTOTYPE
PAY-0909-2,MPLADS-SYN-0909,2026-12-07,243510,Milestone Payment,District Health Office,SYNTHETIC_PROTOTYPE
PAY-0909-3,MPLADS-SYN-0909,2026-11-12,285040,Final Payment,District Health Office,SYNTHETIC_PROTOTYPE
PAY-0909-4,MPLADS-SYN-0909,2027-02-14,465748,Milestone Payment,District Health Office,SYNTHETIC_PROTOTYPE
PAY-0910-1,MPLADS-SYN-0910,2026-03-27,340296,Final Payment,Public Works Department,SYNTHETIC_PROTOTYPE
PAY-0910-2,MPLADS-SYN-0910,2026-03-21,493335,First Payment,Public Works Department,SYNTHETIC_PROTOTYPE
PAY-0910-3,MPLADS-SYN-0910,2026-04-11,211759,First Payment,Public Works Department,SYNTHETIC_PROTOTYPE
PAY-0910-4,MPLADS-SYN-0910,2026-04-12,174794,Running Bill,Public Works Department,SYNTHETIC_PROTOTYPE
PAY-0910-5,MPLADS-SYN-0910,2026-04-07,221416,Running Bill,Public Works Department,SYNTHETIC_PROTOTYPE
PAY-0911-1,MPLADS-SYN-0911,2026-09-19,415703,First Payment,Municipal Council,SYNTHETIC_PROTOTYPE
PAY-0911-2,MPLADS-SYN-0911,2026-06-25,444745,Running Bill,Municipal Council,SYNTHETIC_PROTOTYPE
PAY-0911-3,MPLADS-SYN-0911,2026-07-12,675052,Running Bill,Municipal Council,SYNTHETIC_PROTOTYPE
PAY-0912-1,MPLADS-SYN-0912,2026-10-06,133168,Running Bill,Zilla Parishad,SYNTHETIC_PROTOTYPE
PAY-0912-2,MPLADS-SYN-0912,2026-09-12,266069,Running Bill,Zilla Parishad,SYNTHETIC_PROTOTYPE
PAY-0912-3,MPLADS-SYN-0912,2026-09-25,67679,First Payment,Zilla Parishad,SYNTHETIC_PROTOTYPE
PAY-0912-4,MPLADS-SYN-0912,2026-09-28,285094,Final Payment,Zilla Parishad,SYNTHETIC_PROTOTYPE
PAY-0913-1,MPLADS-SYN-0913,2026-03-23,208839,Milestone Payment,Municipal Council,SYNTHETIC_PROTOTYPE
PAY-0913-2,MPLADS-SYN-0913,2026-08-16,133051,Final Payment,Municipal Council,SYNTHETIC_PROTOTYPE
PAY-0913-3,MPLADS-SYN-0913,2026-04-15,42800,Final Payment,Municipal Council,SYNTHETIC_PROTOTYPE
PAY-0913-4,MPLADS-SYN-0913,2026-07-27,123036,Final Payment,Municipal Council,SYNTHETIC_PROTOTYPE
PAY-0914-1,MPLADS-SYN-0914,2026-06-13,467701,Final Payment,Zilla Parishad,SYNTHETIC_PROTOTYPE
PAY-0914-2,MPLADS-SYN-0914,2026-07-30,132000,Running Bill,Zilla Parishad,SYNTHETIC_PROTOTYPE
PAY-0914-3,MPLADS-SYN-0914,2026-09-08,109001,Milestone Payment,Zilla Parishad,SYNTHETIC_PROTOTYPE
PAY-0914-4,MPLADS-SYN-0914,2026-05-16,100981,Final Payment,Zilla Parishad,SYNTHETIC_PROTOTYPE
PAY-0914-5,MPLADS-SYN-0914,2026-05-30,278317,Final Payment,Zilla Parishad,SYNTHETIC_PROTOTYPE
PAY-0915-1,MPLADS-SYN-0915,2026-07-06,514930,First Payment,Municipal Council,SYNTHETIC_PROTOTYPE
PAY-0915-2,MPLADS-SYN-0915,2026-04-19,182225,Milestone Payment,Municipal Council,SYNTHETIC_PROTOTYPE
PAY-0915-3,MPLADS-SYN-0915,2026-07-24,167822,Running Bill,Municipal Council,SYNTHETIC_PROTOTYPE
PAY-0915-4,MPLADS-SYN-0915,2026-05-30,418736,Milestone Payment,Municipal Council,SYNTHETIC_PROTOTYPE
PAY-0916-1,MPLADS-SYN-0916,2026-04-01,233168,Running Bill,Municipal Corporation,SYNTHETIC_PROTOTYPE
PAY-0916-2,MPLADS-SYN-0916,2026-02-18,289349,First Payment,Municipal Corporation,SYNTHETIC_PROTOTYPE
PAY-0916-3,MPLADS-SYN-0916,2026-02-07,118915,Running Bill,Municipal Corporation,SYNTHETIC_PROTOTYPE
PAY-0916-4,MPLADS-SYN-0916,2026-03-07,307043,Running Bill,Municipal Corporation,SYNTHETIC_PROTOTYPE
PAY-0917-1,MPLADS-SYN-0917,2026-08-04,573130,First Payment,Zilla Parishad,SYNTHETIC_PROTOTYPE
PAY-0917-2,MPLADS-SYN-0917,2026-08-24,209172,Milestone Payment,Zilla Parishad,SYNTHETIC_PROTOTYPE
PAY-0917-3,MPLADS-SYN-0917,2026-06-29,714665,Milestone Payment,Zilla Parishad,SYNTHETIC_PROTOTYPE
PAY-0918-1,MPLADS-SYN-0918,2026-09-04,379227,First Payment,Zilla Parishad,SYNTHETIC_PROTOTYPE
PAY-0918-2,MPLADS-SYN-0918,2026-06-24,556417,Running Bill,Zilla Parishad,SYNTHETIC_PROTOTYPE
PAY-0919-1,MPLADS-SYN-0919,2026-03-28,146416,Running Bill,Rural Development Agency,SYNTHETIC_PROTOTYPE
PAY-0919-2,MPLADS-SYN-0919,2026-03-29,53924,Final Payment,Rural Development Agency,SYNTHETIC_PROTOTYPE
PAY-0919-3,MPLADS-SYN-0919,2026-07-09,66410,First Payment,Rural Development Agency,SYNTHETIC_PROTOTYPE
PAY-0919-4,MPLADS-SYN-0919,2026-05-01,127677,Final Payment,Rural Development Agency,SYNTHETIC_PROTOTYPE
PAY-0920-1,MPLADS-SYN-0920,2026-08-17,651565,First Payment,Education Department,SYNTHETIC_PROTOTYPE
PAY-0920-2,MPLADS-SYN-0920,2026-06-25,402862,Milestone Payment,Education Department,SYNTHETIC_PROTOTYPE
PAY-0920-3,MPLADS-SYN-0920,2026-08-22,979173,First Payment,Education Department,SYNTHETIC_PROTOTYPE
PAY-0921-1,MPLADS-SYN-0921,2026-08-01,148445,Milestone Payment,Municipal Council,SYNTHETIC_PROTOTYPE
PAY-0921-2,MPLADS-SYN-0921,2026-07-31,139049,Milestone Payment,Municipal Council,SYNTHETIC_PROTOTYPE
PAY-0921-3,MPLADS-SYN-0921,2026-07-23,206796,Milestone Payment,Municipal Council,SYNTHETIC_PROTOTYPE
PAY-0922-1,MPLADS-SYN-0922,2026-11-25,116591,Final Payment,Public Works Department,SYNTHETIC_PROTOTYPE
PAY-0922-2,MPLADS-SYN-0922,2026-09-02,144328,Running Bill,Public Works Department,SYNTHETIC_PROTOTYPE
PAY-0922-3,MPLADS-SYN-0922,2027-02-02,202681,Running Bill,Public Works Department,SYNTHETIC_PROTOTYPE
PAY-0923-1,MPLADS-SYN-0923,2026-09-24,401026,First Payment,Zilla Parishad,SYNTHETIC_PROTOTYPE
PAY-0923-2,MPLADS-SYN-0923,2026-08-04,212766,Final Payment,Zilla Parishad,SYNTHETIC_PROTOTYPE
PAY-0923-3,MPLADS-SYN-0923,2026-09-21,138477,Milestone Payment,Zilla Parishad,SYNTHETIC_PROTOTYPE
PAY-0923-4,MPLADS-SYN-0923,2026-07-22,307931,Final Payment,Zilla Parishad,SYNTHETIC_PROTOTYPE
PAY-0924-1,MPLADS-SYN-0924,2026-08-04,320840,Final Payment,District Health Office,SYNTHETIC_PROTOTYPE
PAY-0924-2,MPLADS-SYN-0924,2026-07-09,218212,First Payment,District Health Office,SYNTHETIC_PROTOTYPE
PAY-0924-3,MPLADS-SYN-0924,2026-06-21,75171,Final Payment,District Health Office,SYNTHETIC_PROTOTYPE
PAY-0924-4,MPLADS-SYN-0924,2026-05-28,42345,Running Bill,District Health Office,SYNTHETIC_PROTOTYPE
PAY-0924-5,MPLADS-SYN-0924,2026-05-01,164913,First Payment,District Health Office,SYNTHETIC_PROTOTYPE
PAY-0925-1,MPLADS-SYN-0925,2026-05-09,816462,Milestone Payment,Municipal Council,SYNTHETIC_PROTOTYPE
PAY-0925-2,MPLADS-SYN-0925,2026-04-26,310955,First Payment,Municipal Council,SYNTHETIC_PROTOTYPE
PAY-0925-3,MPLADS-SYN-0925,2026-05-02,428459,Running Bill,Municipal Council,SYNTHETIC_PROTOTYPE
PAY-0925-4,MPLADS-SYN-0925,2026-05-25,755632,Final Payment,Municipal Council,SYNTHETIC_PROTOTYPE
PAY-0926-1,MPLADS-SYN-0926,2026-04-01,157270,Running Bill,Zilla Parishad,SYNTHETIC_PROTOTYPE
PAY-0926-2,MPLADS-SYN-0926,2026-06-27,131182,Milestone Payment,Zilla Parishad,SYNTHETIC_PROTOTYPE
PAY-0926-3,MPLADS-SYN-0926,2026-05-08,83744,Running Bill,Zilla Parishad,SYNTHETIC_PROTOTYPE
PAY-0926-4,MPLADS-SYN-0926,2026-04-12,39966,Milestone Payment,Zilla Parishad,SYNTHETIC_PROTOTYPE
PAY-0926-5,MPLADS-SYN-0926,2026-04-26,99758,Final Payment,Zilla Parishad,SYNTHETIC_PROTOTYPE
PAY-0927-1,MPLADS-SYN-0927,2026-10-31,380740,Final Payment,Public Works Department,SYNTHETIC_PROTOTYPE
PAY-0927-2,MPLADS-SYN-0927,2026-07-27,598460,Milestone Payment,Public Works Department,SYNTHETIC_PROTOTYPE
PAY-0928-1,MPLADS-SYN-0928,2026-08-21,35435,Final Payment,Education Department,SYNTHETIC_PROTOTYPE
PAY-0928-2,MPLADS-SYN-0928,2026-08-27,27342,First Payment,Education Department,SYNTHETIC_PROTOTYPE
PAY-0928-3,MPLADS-SYN-0928,2026-04-18,39660,First Payment,Education Department,SYNTHETIC_PROTOTYPE
PAY-0928-4,MPLADS-SYN-0928,2026-06-28,71664,Final Payment,Education Department,SYNTHETIC_PROTOTYPE
PAY-0929-1,MPLADS-SYN-0929,2026-05-12,109031,Milestone Payment,Public Works Department,SYNTHETIC_PROTOTYPE
PAY-0929-2,MPLADS-SYN-0929,2026-06-12,298969,First Payment,Public Works Department,SYNTHETIC_PROTOTYPE
PAY-0930-1,MPLADS-SYN-0930,2026-07-07,281667,Running Bill,Municipal Corporation,SYNTHETIC_PROTOTYPE
PAY-0930-2,MPLADS-SYN-0930,2026-10-30,802889,First Payment,Municipal Corporation,SYNTHETIC_PROTOTYPE
PAY-0931-1,MPLADS-SYN-0931,2026-04-09,129309,Running Bill,Zilla Parishad,SYNTHETIC_PROTOTYPE
PAY-0931-2,MPLADS-SYN-0931,2026-06-07,105490,Final Payment,Zilla Parishad,SYNTHETIC_PROTOTYPE
PAY-0931-3,MPLADS-SYN-0931,2026-05-03,107940,Final Payment,Zilla Parishad,SYNTHETIC_PROTOTYPE
PAY-0931-4,MPLADS-SYN-0931,2026-06-08,203361,Running Bill,Zilla Parishad,SYNTHETIC_PROTOTYPE
PAY-0932-1,MPLADS-SYN-0932,2026-08-05,331066,Final Payment,Zilla Parishad,SYNTHETIC_PROTOTYPE
PAY-0932-2,MPLADS-SYN-0932,2026-09-07,557921,Milestone Payment,Zilla Parishad,SYNTHETIC_PROTOTYPE
PAY-0932-3,MPLADS-SYN-0932,2026-09-02,914213,First Payment,Zilla Parishad,SYNTHETIC_PROTOTYPE
PAY-0933-1,MPLADS-SYN-0933,2026-07-19,782319,Running Bill,Rural Development Agency,SYNTHETIC_PROTOTYPE
PAY-0933-2,MPLADS-SYN-0933,2026-02-19,197787,First Payment,Rural Development Agency,SYNTHETIC_PROTOTYPE
PAY-0933-3,MPLADS-SYN-0933,2026-07-04,271624,First Payment,Rural Development Agency,SYNTHETIC_PROTOTYPE
PAY-0933-4,MPLADS-SYN-0933,2026-08-02,206016,First Payment,Rural Development Agency,SYNTHETIC_PROTOTYPE
PAY-0933-5,MPLADS-SYN-0933,2026-07-05,621658,First Payment,Rural Development Agency,SYNTHETIC_PROTOTYPE
PAY-0934-1,MPLADS-SYN-0934,2026-09-30,250981,First Payment,District Health Office,SYNTHETIC_PROTOTYPE
PAY-0934-2,MPLADS-SYN-0934,2026-06-01,351019,Milestone Payment,District Health Office,SYNTHETIC_PROTOTYPE
PAY-0935-1,MPLADS-SYN-0935,2026-09-01,387346,Final Payment,Public Works Department,SYNTHETIC_PROTOTYPE
PAY-0935-2,MPLADS-SYN-0935,2026-08-28,286228,Final Payment,Public Works Department,SYNTHETIC_PROTOTYPE
PAY-0935-3,MPLADS-SYN-0935,2026-06-29,132516,Final Payment,Public Works Department,SYNTHETIC_PROTOTYPE
PAY-0935-4,MPLADS-SYN-0935,2026-09-07,230910,Milestone Payment,Public Works Department,SYNTHETIC_PROTOTYPE
PAY-0936-1,MPLADS-SYN-0936,2026-03-23,632177,Milestone Payment,District Health Office,SYNTHETIC_PROTOTYPE
PAY-0936-2,MPLADS-SYN-0936,2026-04-29,660787,Final Payment,District Health Office,SYNTHETIC_PROTOTYPE
PAY-0936-3,MPLADS-SYN-0936,2026-04-01,1014539,Milestone Payment,District Health Office,SYNTHETIC_PROTOTYPE
PAY-0937-1,MPLADS-SYN-0937,2026-09-29,544846,Final Payment,Municipal Council,SYNTHETIC_PROTOTYPE
PAY-0937-2,MPLADS-SYN-0937,2026-06-20,236129,Running Bill,Municipal Council,SYNTHETIC_PROTOTYPE
PAY-0937-3,MPLADS-SYN-0937,2026-08-07,134343,Running Bill,Municipal Council,SYNTHETIC_PROTOTYPE
PAY-0937-4,MPLADS-SYN-0937,2026-06-22,82331,Final Payment,Municipal Council,SYNTHETIC_PROTOTYPE
PAY-0937-5,MPLADS-SYN-0937,2026-07-13,388481,Running Bill,Municipal Council,SYNTHETIC_PROTOTYPE
PAY-0938-1,MPLADS-SYN-0938,2026-04-08,202667,Milestone Payment,Zilla Parishad,SYNTHETIC_PROTOTYPE
PAY-0938-2,MPLADS-SYN-0938,2026-04-05,239113,First Payment,Zilla Parishad,SYNTHETIC_PROTOTYPE
PAY-0938-3,MPLADS-SYN-0938,2026-01-19,427025,Running Bill,Zilla Parishad,SYNTHETIC_PROTOTYPE
PAY-0939-1,MPLADS-SYN-0939,2026-09-13,76169,Final Payment,Municipal Corporation,SYNTHETIC_PROTOTYPE
PAY-0939-2,MPLADS-SYN-0939,2026-08-21,17467,Final Payment,Municipal Corporation,SYNTHETIC_PROTOTYPE
PAY-0939-3,MPLADS-SYN-0939,2026-11-29,27601,Milestone Payment,Municipal Corporation,SYNTHETIC_PROTOTYPE
PAY-0939-4,MPLADS-SYN-0939,2026-09-17,23128,Milestone Payment,Municipal Corporation,SYNTHETIC_PROTOTYPE
PAY-0939-5,MPLADS-SYN-0939,2026-09-05,44242,Running Bill,Municipal Corporation,SYNTHETIC_PROTOTYPE
PAY-0940-1,MPLADS-SYN-0940,2026-07-19,114921,Final Payment,Municipal Corporation,SYNTHETIC_PROTOTYPE
PAY-0940-2,MPLADS-SYN-0940,2026-10-05,160127,Final Payment,Municipal Corporation,SYNTHETIC_PROTOTYPE
PAY-0940-3,MPLADS-SYN-0940,2026-09-28,87670,Milestone Payment,Municipal Corporation,SYNTHETIC_PROTOTYPE
PAY-0940-4,MPLADS-SYN-0940,2026-05-26,39115,Milestone Payment,Municipal Corporation,SYNTHETIC_PROTOTYPE
PAY-0940-5,MPLADS-SYN-0940,2026-09-17,153664,Milestone Payment,Municipal Corporation,SYNTHETIC_PROTOTYPE
PAY-0941-1,MPLADS-SYN-0941,2026-11-12,56400,Final Payment,Public Works Department,SYNTHETIC_PROTOTYPE
PAY-0941-2,MPLADS-SYN-0941,2026-06-26,127947,Final Payment,Public Works Department,SYNTHETIC_PROTOTYPE
PAY-0942-1,MPLADS-SYN-0942,2026-10-02,207598,Milestone Payment,Municipal Council,SYNTHETIC_PROTOTYPE
PAY-0942-2,MPLADS-SYN-0942,2026-11-25,111124,Final Payment,Municipal Council,SYNTHETIC_PROTOTYPE
PAY-0942-3,MPLADS-SYN-0942,2026-11-26,64198,First Payment,Municipal Council,SYNTHETIC_PROTOTYPE
PAY-0942-4,MPLADS-SYN-0942,2026-11-22,42514,Running Bill,Municipal Council,SYNTHETIC_PROTOTYPE
PAY-0942-5,MPLADS-SYN-0942,2026-08-07,74800,First Payment,Municipal Council,SYNTHETIC_PROTOTYPE
PAY-0943-1,MPLADS-SYN-0943,2026-06-01,278340,Milestone Payment,Rural Development Agency,SYNTHETIC_PROTOTYPE
PAY-0943-2,MPLADS-SYN-0943,2026-08-01,215657,Final Payment,Rural Development Agency,SYNTHETIC_PROTOTYPE
PAY-0943-3,MPLADS-SYN-0943,2026-05-17,306552,Milestone Payment,Rural Development Agency,SYNTHETIC_PROTOTYPE
PAY-0944-1,MPLADS-SYN-0944,2026-06-27,121261,Final Payment,Municipal Council,SYNTHETIC_PROTOTYPE
PAY-0944-2,MPLADS-SYN-0944,2026-05-25,82412,First Payment,Municipal Council,SYNTHETIC_PROTOTYPE
PAY-0944-3,MPLADS-SYN-0944,2026-04-05,251511,Milestone Payment,Municipal Council,SYNTHETIC_PROTOTYPE
PAY-0945-1,MPLADS-SYN-0945,2026-07-10,796724,Running Bill,Zilla Parishad,SYNTHETIC_PROTOTYPE
PAY-0945-2,MPLADS-SYN-0945,2026-09-08,841574,First Payment,Zilla Parishad,SYNTHETIC_PROTOTYPE
PAY-0945-3,MPLADS-SYN-0945,2026-06-01,289835,Running Bill,Zilla Parishad,SYNTHETIC_PROTOTYPE
PAY-0945-4,MPLADS-SYN-0945,2026-06-11,1055691,Milestone Payment,Zilla Parishad,SYNTHETIC_PROTOTYPE
PAY-0946-1,MPLADS-SYN-0946,2026-06-27,196146,Final Payment,Public Works Department,SYNTHETIC_PROTOTYPE
PAY-0946-2,MPLADS-SYN-0946,2026-05-24,178565,Milestone Payment,Public Works Department,SYNTHETIC_PROTOTYPE
PAY-0946-3,MPLADS-SYN-0946,2026-05-12,701863,Milestone Payment,Public Works Department,SYNTHETIC_PROTOTYPE
PAY-0947-1,MPLADS-SYN-0947,2026-05-04,108168,Running Bill,Rural Development Agency,SYNTHETIC_PROTOTYPE
PAY-0947-2,MPLADS-SYN-0947,2026-06-01,502532,Running Bill,Rural Development Agency,SYNTHETIC_PROTOTYPE
PAY-0948-1,MPLADS-SYN-0948,2026-02-19,216186,Final Payment,District Health Office,SYNTHETIC_PROTOTYPE
PAY-0948-2,MPLADS-SYN-0948,2026-03-20,196431,First Payment,District Health Office,SYNTHETIC_PROTOTYPE
PAY-0948-3,MPLADS-SYN-0948,2026-02-26,59361,Final Payment,District Health Office,SYNTHETIC_PROTOTYPE
PAY-0948-4,MPLADS-SYN-0948,2026-04-04,91317,Milestone Payment,District Health Office,SYNTHETIC_PROTOTYPE
PAY-0948-5,MPLADS-SYN-0948,2026-02-04,150677,Milestone Payment,District Health Office,SYNTHETIC_PROTOTYPE
PAY-0949-1,MPLADS-SYN-0949,2026-07-16,333263,Running Bill,Municipal Corporation,SYNTHETIC_PROTOTYPE
PAY-0949-2,MPLADS-SYN-0949,2026-04-24,180542,Running Bill,Municipal Corporation,SYNTHETIC_PROTOTYPE
PAY-0949-3,MPLADS-SYN-0949,2026-05-28,362434,Running Bill,Municipal Corporation,SYNTHETIC_PROTOTYPE
PAY-0950-1,MPLADS-SYN-0950,2026-10-03,214678,Milestone Payment,Rural Development Agency,SYNTHETIC_PROTOTYPE
PAY-0950-2,MPLADS-SYN-0950,2026-09-14,284124,Milestone Payment,Rural Development Agency,SYNTHETIC_PROTOTYPE
PAY-0951-1,MPLADS-SYN-0951,2026-11-16,190382,Milestone Payment,Education Department,SYNTHETIC_PROTOTYPE
PAY-0951-2,MPLADS-SYN-0951,2026-11-07,108725,Running Bill,Education Department,SYNTHETIC_PROTOTYPE
PAY-0951-3,MPLADS-SYN-0951,2026-11-25,38284,Running Bill,Education Department,SYNTHETIC_PROTOTYPE
PAY-0951-4,MPLADS-SYN-0951,2026-09-03,144382,Final Payment,Education Department,SYNTHETIC_PROTOTYPE
PAY-0952-1,MPLADS-SYN-0952,2026-12-17,139330,Final Payment,Zilla Parishad,SYNTHETIC_PROTOTYPE
PAY-0952-2,MPLADS-SYN-0952,2026-10-14,464084,Running Bill,Zilla Parishad,SYNTHETIC_PROTOTYPE
PAY-0953-1,MPLADS-SYN-0953,2026-06-28,152466,Final Payment,Rural Development Agency,SYNTHETIC_PROTOTYPE
PAY-0953-2,MPLADS-SYN-0953,2026-07-20,33164,Running Bill,Rural Development Agency,SYNTHETIC_PROTOTYPE
PAY-0953-3,MPLADS-SYN-0953,2026-07-05,65597,Running Bill,Rural Development Agency,SYNTHETIC_PROTOTYPE
PAY-0953-4,MPLADS-SYN-0953,2026-07-08,97064,Final Payment,Rural Development Agency,SYNTHETIC_PROTOTYPE
PAY-0954-1,MPLADS-SYN-0954,2026-03-16,264694,Final Payment,Education Department,SYNTHETIC_PROTOTYPE
PAY-0954-2,MPLADS-SYN-0954,2026-04-12,169202,Milestone Payment,Education Department,SYNTHETIC_PROTOTYPE
PAY-0954-3,MPLADS-SYN-0954,2026-04-12,141963,First Payment,Education Department,SYNTHETIC_PROTOTYPE
PAY-0954-4,MPLADS-SYN-0954,2026-03-30,461330,Milestone Payment,Education Department,SYNTHETIC_PROTOTYPE
PAY-0955-1,MPLADS-SYN-0955,2026-10-26,596728,Milestone Payment,Municipal Corporation,SYNTHETIC_PROTOTYPE
PAY-0955-2,MPLADS-SYN-0955,2026-09-23,434871,Running Bill,Municipal Corporation,SYNTHETIC_PROTOTYPE
PAY-0955-3,MPLADS-SYN-0955,2026-10-29,323910,Final Payment,Municipal Corporation,SYNTHETIC_PROTOTYPE
PAY-0955-4,MPLADS-SYN-0955,2026-09-18,231873,Final Payment,Municipal Corporation,SYNTHETIC_PROTOTYPE
PAY-0955-5,MPLADS-SYN-0955,2026-08-21,288876,First Payment,Municipal Corporation,SYNTHETIC_PROTOTYPE
PAY-0956-1,MPLADS-SYN-0956,2026-10-12,158184,Running Bill,Zilla Parishad,SYNTHETIC_PROTOTYPE
PAY-0956-2,MPLADS-SYN-0956,2026-10-03,85750,Final Payment,Zilla Parishad,SYNTHETIC_PROTOTYPE
PAY-0956-3,MPLADS-SYN-0956,2026-11-23,70211,Milestone Payment,Zilla Parishad,SYNTHETIC_PROTOTYPE
PAY-0956-4,MPLADS-SYN-0956,2026-08-31,42509,Milestone Payment,Zilla Parishad,SYNTHETIC_PROTOTYPE
PAY-0956-5,MPLADS-SYN-0956,2026-11-12,117454,First Payment,Zilla Parishad,SYNTHETIC_PROTOTYPE
PAY-0957-1,MPLADS-SYN-0957,2026-09-24,203189,First Payment,District Health Office,SYNTHETIC_PROTOTYPE
PAY-0957-2,MPLADS-SYN-0957,2026-10-18,110834,First Payment,District Health Office,SYNTHETIC_PROTOTYPE
PAY-0957-3,MPLADS-SYN-0957,2026-09-23,180201,First Payment,District Health Office,SYNTHETIC_PROTOTYPE
PAY-0958-1,MPLADS-SYN-0958,2026-10-04,1109498,Running Bill,Education Department,SYNTHETIC_PROTOTYPE
PAY-0958-2,MPLADS-SYN-0958,2026-10-22,1588444,First Payment,Education Department,SYNTHETIC_PROTOTYPE
PAY-0959-1,MPLADS-SYN-0959,2026-09-01,145471,Running Bill,Rural Development Agency,SYNTHETIC_PROTOTYPE
PAY-0959-2,MPLADS-SYN-0959,2026-03-20,89296,Milestone Payment,Rural Development Agency,SYNTHETIC_PROTOTYPE
PAY-0959-3,MPLADS-SYN-0959,2026-06-09,41941,First Payment,Rural Development Agency,SYNTHETIC_PROTOTYPE
PAY-0959-4,MPLADS-SYN-0959,2026-08-02,34290,Milestone Payment,Rural Development Agency,SYNTHETIC_PROTOTYPE
PAY-0959-5,MPLADS-SYN-0959,2026-06-08,183102,Final Payment,Rural Development Agency,SYNTHETIC_PROTOTYPE
PAY-0960-1,MPLADS-SYN-0960,2026-11-12,191413,Final Payment,Municipal Council,SYNTHETIC_PROTOTYPE
PAY-0960-2,MPLADS-SYN-0960,2026-12-03,364276,First Payment,Municipal Council,SYNTHETIC_PROTOTYPE
PAY-0960-3,MPLADS-SYN-0960,2026-11-21,110471,Milestone Payment,Municipal Council,SYNTHETIC_PROTOTYPE
PAY-0960-4,MPLADS-SYN-0960,2026-11-19,568817,First Payment,Municipal Council,SYNTHETIC_PROTOTYPE
PAY-0961-1,MPLADS-SYN-0961,2027-01-07,246007,First Payment,District Health Office,SYNTHETIC_PROTOTYPE
PAY-0961-2,MPLADS-SYN-0961,2026-11-05,208045,Running Bill,District Health Office,SYNTHETIC_PROTOTYPE
PAY-0961-3,MPLADS-SYN-0961,2026-07-10,109550,Milestone Payment,District Health Office,SYNTHETIC_PROTOTYPE
PAY-0961-4,MPLADS-SYN-0961,2026-12-05,386798,Running Bill,District Health Office,SYNTHETIC_PROTOTYPE
PAY-0962-1,MPLADS-SYN-0962,2026-12-16,498813,First Payment,Education Department,SYNTHETIC_PROTOTYPE
PAY-0962-2,MPLADS-SYN-0962,2026-07-30,138926,Running Bill,Education Department,SYNTHETIC_PROTOTYPE
PAY-0962-3,MPLADS-SYN-0962,2026-12-12,204379,Milestone Payment,Education Department,SYNTHETIC_PROTOTYPE
PAY-0962-4,MPLADS-SYN-0962,2026-08-22,78466,Running Bill,Education Department,SYNTHETIC_PROTOTYPE
PAY-0962-5,MPLADS-SYN-0962,2026-12-13,218848,First Payment,Education Department,SYNTHETIC_PROTOTYPE
PAY-0963-1,MPLADS-SYN-0963,2026-05-23,263049,Running Bill,Rural Development Agency,SYNTHETIC_PROTOTYPE
PAY-0963-2,MPLADS-SYN-0963,2026-06-06,203714,Final Payment,Rural Development Agency,SYNTHETIC_PROTOTYPE
PAY-0963-3,MPLADS-SYN-0963,2026-06-17,168963,First Payment,Rural Development Agency,SYNTHETIC_PROTOTYPE
PAY-0963-4,MPLADS-SYN-0963,2026-05-16,325785,Final Payment,Rural Development Agency,SYNTHETIC_PROTOTYPE
PAY-0963-5,MPLADS-SYN-0963,2026-05-04,453342,Milestone Payment,Rural Development Agency,SYNTHETIC_PROTOTYPE
PAY-0964-1,MPLADS-SYN-0964,2026-11-03,505598,Final Payment,District Health Office,SYNTHETIC_PROTOTYPE
PAY-0964-2,MPLADS-SYN-0964,2026-12-03,196912,Running Bill,District Health Office,SYNTHETIC_PROTOTYPE
PAY-0964-3,MPLADS-SYN-0964,2027-01-24,328965,Running Bill,District Health Office,SYNTHETIC_PROTOTYPE
PAY-0964-4,MPLADS-SYN-0964,2026-10-23,507725,Running Bill,District Health Office,SYNTHETIC_PROTOTYPE
PAY-0965-1,MPLADS-SYN-0965,2026-06-26,464204,Milestone Payment,District Health Office,SYNTHETIC_PROTOTYPE
PAY-0965-2,MPLADS-SYN-0965,2026-05-20,670973,First Payment,District Health Office,SYNTHETIC_PROTOTYPE
PAY-0966-1,MPLADS-SYN-0966,2026-03-28,145778,Running Bill,Public Works Department,SYNTHETIC_PROTOTYPE
PAY-0966-2,MPLADS-SYN-0966,2026-02-27,171275,Running Bill,Public Works Department,SYNTHETIC_PROTOTYPE
PAY-0966-3,MPLADS-SYN-0966,2026-05-19,428869,Final Payment,Public Works Department,SYNTHETIC_PROTOTYPE
PAY-0967-1,MPLADS-SYN-0967,2026-11-05,151217,First Payment,Education Department,SYNTHETIC_PROTOTYPE
PAY-0967-2,MPLADS-SYN-0967,2026-11-23,170609,Running Bill,Education Department,SYNTHETIC_PROTOTYPE
PAY-0967-3,MPLADS-SYN-0967,2026-12-17,63151,Final Payment,Education Department,SYNTHETIC_PROTOTYPE
PAY-0967-4,MPLADS-SYN-0967,2026-10-23,58324,Running Bill,Education Department,SYNTHETIC_PROTOTYPE
PAY-0967-5,MPLADS-SYN-0967,2026-09-08,111299,Running Bill,Education Department,SYNTHETIC_PROTOTYPE
PAY-0968-1,MPLADS-SYN-0968,2026-03-21,148251,First Payment,District Health Office,SYNTHETIC_PROTOTYPE
PAY-0968-2,MPLADS-SYN-0968,2026-05-03,49008,Final Payment,District Health Office,SYNTHETIC_PROTOTYPE
PAY-0968-3,MPLADS-SYN-0968,2026-03-27,44597,Milestone Payment,District Health Office,SYNTHETIC_PROTOTYPE
PAY-0968-4,MPLADS-SYN-0968,2026-07-05,97773,Running Bill,District Health Office,SYNTHETIC_PROTOTYPE
PAY-0969-1,MPLADS-SYN-0969,2026-08-20,527452,First Payment,Zilla Parishad,SYNTHETIC_PROTOTYPE
PAY-0969-2,MPLADS-SYN-0969,2026-07-04,327647,Milestone Payment,Zilla Parishad,SYNTHETIC_PROTOTYPE
PAY-0969-3,MPLADS-SYN-0969,2026-05-14,429343,Final Payment,Zilla Parishad,SYNTHETIC_PROTOTYPE
PAY-0970-1,MPLADS-SYN-0970,2026-02-22,152906,Final Payment,Rural Development Agency,SYNTHETIC_PROTOTYPE
PAY-0970-2,MPLADS-SYN-0970,2026-06-12,295529,Running Bill,Rural Development Agency,SYNTHETIC_PROTOTYPE
PAY-0970-3,MPLADS-SYN-0970,2026-02-25,382065,Final Payment,Rural Development Agency,SYNTHETIC_PROTOTYPE
PAY-0971-1,MPLADS-SYN-0971,2026-07-14,255589,Running Bill,Municipal Corporation,SYNTHETIC_PROTOTYPE
PAY-0971-2,MPLADS-SYN-0971,2026-06-12,105321,Final Payment,Municipal Corporation,SYNTHETIC_PROTOTYPE
PAY-0971-3,MPLADS-SYN-0971,2026-06-24,416391,Running Bill,Municipal Corporation,SYNTHETIC_PROTOTYPE
PAY-0972-1,MPLADS-SYN-0972,2026-08-09,79354,Milestone Payment,Education Department,SYNTHETIC_PROTOTYPE
PAY-0972-2,MPLADS-SYN-0972,2026-05-09,78686,Milestone Payment,Education Department,SYNTHETIC_PROTOTYPE
PAY-0972-3,MPLADS-SYN-0972,2026-07-15,46900,Final Payment,Education Department,SYNTHETIC_PROTOTYPE
PAY-0972-4,MPLADS-SYN-0972,2026-05-30,102825,First Payment,Education Department,SYNTHETIC_PROTOTYPE
PAY-0973-1,MPLADS-SYN-0973,2026-06-06,35100,First Payment,Education Department,SYNTHETIC_PROTOTYPE
PAY-0973-2,MPLADS-SYN-0973,2026-05-14,15528,First Payment,Education Department,SYNTHETIC_PROTOTYPE
PAY-0973-3,MPLADS-SYN-0973,2026-06-06,28096,Milestone Payment,Education Department,SYNTHETIC_PROTOTYPE
PAY-0974-1,MPLADS-SYN-0974,2026-03-18,331167,Final Payment,Rural Development Agency,SYNTHETIC_PROTOTYPE
PAY-0974-2,MPLADS-SYN-0974,2026-04-13,287175,Milestone Payment,Rural Development Agency,SYNTHETIC_PROTOTYPE
PAY-0974-3,MPLADS-SYN-0974,2026-03-09,351953,Final Payment,Rural Development Agency,SYNTHETIC_PROTOTYPE
PAY-0975-1,MPLADS-SYN-0975,2026-02-24,329765,Final Payment,District Health Office,SYNTHETIC_PROTOTYPE
PAY-0975-2,MPLADS-SYN-0975,2026-05-29,515298,Milestone Payment,District Health Office,SYNTHETIC_PROTOTYPE
PAY-0975-3,MPLADS-SYN-0975,2026-02-23,148073,Milestone Payment,District Health Office,SYNTHETIC_PROTOTYPE
PAY-0975-4,MPLADS-SYN-0975,2026-06-06,596150,Final Payment,District Health Office,SYNTHETIC_PROTOTYPE
PAY-0976-1,MPLADS-SYN-0976,2026-03-26,146784,First Payment,Zilla Parishad,SYNTHETIC_PROTOTYPE
PAY-0976-2,MPLADS-SYN-0976,2026-02-21,65618,Final Payment,Zilla Parishad,SYNTHETIC_PROTOTYPE
PAY-0976-3,MPLADS-SYN-0976,2026-04-03,37398,Milestone Payment,Zilla Parishad,SYNTHETIC_PROTOTYPE
PAY-0976-4,MPLADS-SYN-0976,2026-04-02,42462,First Payment,Zilla Parishad,SYNTHETIC_PROTOTYPE
PAY-0976-5,MPLADS-SYN-0976,2026-05-01,58301,Milestone Payment,Zilla Parishad,SYNTHETIC_PROTOTYPE
PAY-0977-1,MPLADS-SYN-0977,2026-03-05,199109,First Payment,Zilla Parishad,SYNTHETIC_PROTOTYPE
PAY-0977-2,MPLADS-SYN-0977,2026-08-02,383504,Milestone Payment,Zilla Parishad,SYNTHETIC_PROTOTYPE
PAY-0977-3,MPLADS-SYN-0977,2026-03-22,169175,Final Payment,Zilla Parishad,SYNTHETIC_PROTOTYPE
PAY-0977-4,MPLADS-SYN-0977,2026-08-21,543953,First Payment,Zilla Parishad,SYNTHETIC_PROTOTYPE
PAY-0978-1,MPLADS-SYN-0978,2026-03-14,93589,Milestone Payment,Municipal Corporation,SYNTHETIC_PROTOTYPE
PAY-0978-2,MPLADS-SYN-0978,2026-05-14,45356,Milestone Payment,Municipal Corporation,SYNTHETIC_PROTOTYPE
PAY-0978-3,MPLADS-SYN-0978,2026-03-16,69326,Milestone Payment,Municipal Corporation,SYNTHETIC_PROTOTYPE
PAY-0978-4,MPLADS-SYN-0978,2026-05-13,138229,Final Payment,Municipal Corporation,SYNTHETIC_PROTOTYPE
PAY-0979-1,MPLADS-SYN-0979,2026-09-07,101892,Final Payment,Zilla Parishad,SYNTHETIC_PROTOTYPE
PAY-0979-2,MPLADS-SYN-0979,2026-09-12,196308,Milestone Payment,Zilla Parishad,SYNTHETIC_PROTOTYPE
PAY-0980-1,MPLADS-SYN-0980,2026-08-03,277519,Final Payment,Municipal Council,SYNTHETIC_PROTOTYPE
PAY-0980-2,MPLADS-SYN-0980,2026-07-29,516011,Milestone Payment,Municipal Council,SYNTHETIC_PROTOTYPE
PAY-0981-1,MPLADS-SYN-0981,2026-12-13,129656,First Payment,Zilla Parishad,SYNTHETIC_PROTOTYPE
PAY-0981-2,MPLADS-SYN-0981,2026-07-27,337059,Milestone Payment,Zilla Parishad,SYNTHETIC_PROTOTYPE
PAY-0982-1,MPLADS-SYN-0982,2026-03-15,200868,Milestone Payment,District Health Office,SYNTHETIC_PROTOTYPE
PAY-0982-2,MPLADS-SYN-0982,2026-06-03,69201,Running Bill,District Health Office,SYNTHETIC_PROTOTYPE
PAY-0982-3,MPLADS-SYN-0982,2026-04-25,189931,First Payment,District Health Office,SYNTHETIC_PROTOTYPE
PAY-0983-1,MPLADS-SYN-0983,2026-11-08,281973,Final Payment,Municipal Corporation,SYNTHETIC_PROTOTYPE
PAY-0983-2,MPLADS-SYN-0983,2026-11-03,212742,Milestone Payment,Municipal Corporation,SYNTHETIC_PROTOTYPE
PAY-0983-3,MPLADS-SYN-0983,2026-08-23,201005,Milestone Payment,Municipal Corporation,SYNTHETIC_PROTOTYPE
PAY-0983-4,MPLADS-SYN-0983,2026-10-28,840249,Running Bill,Municipal Corporation,SYNTHETIC_PROTOTYPE
PAY-0984-1,MPLADS-SYN-0984,2026-05-19,183907,First Payment,Education Department,SYNTHETIC_PROTOTYPE
PAY-0984-2,MPLADS-SYN-0984,2026-05-06,645198,First Payment,Education Department,SYNTHETIC_PROTOTYPE
PAY-0985-1,MPLADS-SYN-0985,2026-05-18,156452,Final Payment,Municipal Council,SYNTHETIC_PROTOTYPE
PAY-0985-2,MPLADS-SYN-0985,2026-06-08,194973,Running Bill,Municipal Council,SYNTHETIC_PROTOTYPE
PAY-0986-1,MPLADS-SYN-0986,2026-05-22,1722686,Running Bill,Rural Development Agency,SYNTHETIC_PROTOTYPE
PAY-0986-2,MPLADS-SYN-0986,2026-02-23,671702,Running Bill,Rural Development Agency,SYNTHETIC_PROTOTYPE
PAY-0986-3,MPLADS-SYN-0986,2026-05-24,571556,First Payment,Rural Development Agency,SYNTHETIC_PROTOTYPE
PAY-0986-4,MPLADS-SYN-0986,2026-07-20,901942,Milestone Payment,Rural Development Agency,SYNTHETIC_PROTOTYPE
PAY-0987-1,MPLADS-SYN-0987,2026-11-19,287450,Running Bill,Public Works Department,SYNTHETIC_PROTOTYPE
PAY-0987-2,MPLADS-SYN-0987,2026-10-30,297404,Final Payment,Public Works Department,SYNTHETIC_PROTOTYPE
PAY-0987-3,MPLADS-SYN-0987,2026-08-16,141271,Final Payment,Public Works Department,SYNTHETIC_PROTOTYPE
PAY-0987-4,MPLADS-SYN-0987,2026-07-08,239621,Milestone Payment,Public Works Department,SYNTHETIC_PROTOTYPE
PAY-0988-1,MPLADS-SYN-0988,2027-02-13,208001,First Payment,District Health Office,SYNTHETIC_PROTOTYPE
PAY-0988-2,MPLADS-SYN-0988,2026-10-16,198050,First Payment,District Health Office,SYNTHETIC_PROTOTYPE
PAY-0988-3,MPLADS-SYN-0988,2026-10-09,294237,Final Payment,District Health Office,SYNTHETIC_PROTOTYPE
PAY-0989-1,MPLADS-SYN-0989,2026-05-01,133479,Milestone Payment,Municipal Corporation,SYNTHETIC_PROTOTYPE
PAY-0989-2,MPLADS-SYN-0989,2026-04-08,64544,Milestone Payment,Municipal Corporation,SYNTHETIC_PROTOTYPE
PAY-0989-3,MPLADS-SYN-0989,2026-05-04,319227,Running Bill,Municipal Corporation,SYNTHETIC_PROTOTYPE
PAY-0990-1,MPLADS-SYN-0990,2026-09-12,315520,Milestone Payment,Municipal Corporation,SYNTHETIC_PROTOTYPE
PAY-0990-2,MPLADS-SYN-0990,2026-09-13,451497,First Payment,Municipal Corporation,SYNTHETIC_PROTOTYPE
PAY-0990-3,MPLADS-SYN-0990,2026-09-13,232579,Milestone Payment,Municipal Corporation,SYNTHETIC_PROTOTYPE
PAY-0990-4,MPLADS-SYN-0990,2026-09-03,352804,Running Bill,Municipal Corporation,SYNTHETIC_PROTOTYPE
PAY-0991-1,MPLADS-SYN-0991,2026-03-14,57906,First Payment,Rural Development Agency,SYNTHETIC_PROTOTYPE
PAY-0991-2,MPLADS-SYN-0991,2026-04-15,45483,Final Payment,Rural Development Agency,SYNTHETIC_PROTOTYPE
PAY-0991-3,MPLADS-SYN-0991,2026-05-17,17380,Milestone Payment,Rural Development Agency,SYNTHETIC_PROTOTYPE
PAY-0991-4,MPLADS-SYN-0991,2026-03-18,10000,First Payment,Rural Development Agency,SYNTHETIC_PROTOTYPE
PAY-0991-5,MPLADS-SYN-0991,2026-03-17,40036,Milestone Payment,Rural Development Agency,SYNTHETIC_PROTOTYPE
PAY-0992-1,MPLADS-SYN-0992,2026-06-23,213924,First Payment,Municipal Council,SYNTHETIC_PROTOTYPE
PAY-0992-2,MPLADS-SYN-0992,2026-04-19,123570,Milestone Payment,Municipal Council,SYNTHETIC_PROTOTYPE
PAY-0992-3,MPLADS-SYN-0992,2026-08-11,266165,Milestone Payment,Municipal Council,SYNTHETIC_PROTOTYPE
PAY-0993-1,MPLADS-SYN-0993,2026-08-12,71712,Final Payment,Education Department,SYNTHETIC_PROTOTYPE
PAY-0993-2,MPLADS-SYN-0993,2026-06-20,289288,Final Payment,Education Department,SYNTHETIC_PROTOTYPE
PAY-0994-1,MPLADS-SYN-0994,2026-02-13,61715,Milestone Payment,Rural Development Agency,SYNTHETIC_PROTOTYPE
PAY-0994-2,MPLADS-SYN-0994,2026-06-01,88595,Milestone Payment,Rural Development Agency,SYNTHETIC_PROTOTYPE
PAY-0994-3,MPLADS-SYN-0994,2026-03-15,102804,Running Bill,Rural Development Agency,SYNTHETIC_PROTOTYPE
PAY-0994-4,MPLADS-SYN-0994,2026-05-06,142486,Milestone Payment,Rural Development Agency,SYNTHETIC_PROTOTYPE
PAY-0995-1,MPLADS-SYN-0995,2026-04-19,205361,First Payment,Education Department,SYNTHETIC_PROTOTYPE
PAY-0995-2,MPLADS-SYN-0995,2026-04-07,111243,Running Bill,Education Department,SYNTHETIC_PROTOTYPE
PAY-0995-3,MPLADS-SYN-0995,2026-02-10,95975,Final Payment,Education Department,SYNTHETIC_PROTOTYPE
PAY-0995-4,MPLADS-SYN-0995,2026-02-06,53611,Milestone Payment,Education Department,SYNTHETIC_PROTOTYPE
PAY-0995-5,MPLADS-SYN-0995,2026-04-04,79889,Running Bill,Education Department,SYNTHETIC_PROTOTYPE
PAY-0996-1,MPLADS-SYN-0996,2026-07-15,601805,Running Bill,Education Department,SYNTHETIC_PROTOTYPE
PAY-0996-2,MPLADS-SYN-0996,2026-07-05,346800,First Payment,Education Department,SYNTHETIC_PROTOTYPE
PAY-0996-3,MPLADS-SYN-0996,2026-09-11,113513,Milestone Payment,Education Department,SYNTHETIC_PROTOTYPE
PAY-0996-4,MPLADS-SYN-0996,2026-07-10,109470,Milestone Payment,Education Department,SYNTHETIC_PROTOTYPE
PAY-0996-5,MPLADS-SYN-0996,2026-10-26,217006,Milestone Payment,Education Department,SYNTHETIC_PROTOTYPE
PAY-0997-1,MPLADS-SYN-0997,2027-01-16,229973,Milestone Payment,Municipal Council,SYNTHETIC_PROTOTYPE
PAY-0997-2,MPLADS-SYN-0997,2027-01-12,195679,Final Payment,Municipal Council,SYNTHETIC_PROTOTYPE
PAY-0997-3,MPLADS-SYN-0997,2026-09-07,360743,Milestone Payment,Municipal Council,SYNTHETIC_PROTOTYPE
PAY-0998-1,MPLADS-SYN-0998,2026-08-08,341854,Final Payment,District Health Office,SYNTHETIC_PROTOTYPE
PAY-0998-2,MPLADS-SYN-0998,2026-06-08,436483,Running Bill,District Health Office,SYNTHETIC_PROTOTYPE
PAY-0998-3,MPLADS-SYN-0998,2026-05-01,185768,Final Payment,District Health Office,SYNTHETIC_PROTOTYPE
PAY-0998-4,MPLADS-SYN-0998,2026-06-16,609956,First Payment,District Health Office,SYNTHETIC_PROTOTYPE
PAY-0999-1,MPLADS-SYN-0999,2026-06-11,534206,First Payment,Zilla Parishad,SYNTHETIC_PROTOTYPE
PAY-0999-2,MPLADS-SYN-0999,2026-05-16,155842,Milestone Payment,Zilla Parishad,SYNTHETIC_PROTOTYPE
PAY-0999-3,MPLADS-SYN-0999,2026-05-04,143568,Running Bill,Zilla Parishad,SYNTHETIC_PROTOTYPE
PAY-0999-4,MPLADS-SYN-0999,2026-03-26,510474,Milestone Payment,Zilla Parishad,SYNTHETIC_PROTOTYPE
PAY-1000-1,MPLADS-SYN-1000,2026-08-31,1036916,Final Payment,Zilla Parishad,SYNTHETIC_PROTOTYPE
PAY-1000-2,MPLADS-SYN-1000,2026-08-04,444444,Running Bill,Zilla Parishad,SYNTHETIC_PROTOTYPE
PAY-1000-3,MPLADS-SYN-1000,2026-09-17,182355,Milestone Payment,Zilla Parishad,SYNTHETIC_PROTOTYPE
PAY-1000-4,MPLADS-SYN-1000,2026-08-23,264994,Running Bill,Zilla Parishad,SYNTHETIC_PROTOTYPE
PAY-1000-5,MPLADS-SYN-1000,2026-09-03,400607,Final Payment,Zilla Parishad,SYNTHETIC_PROTOTYPE
