update_id,project_id,date,physical_progress,financial_progress,reported_by,data_source
PR-0001-1,MPLADS-SYN-0001,2026-04-28,26,27,Implementing Agency,SYNTHETIC_PROTOTYPE
PR-0001-2,MPLADS-SYN-0001,2026-07-03,47,50,Implementing Agency,SYNTHETIC_PROTOTYPE
PR-0001-3,MPLADS-SYN-0001,2026-09-09,65,78,District Authority,SYNTHETIC_PROTOTYPE
PR-0002-1,MPLADS-SYN-0002,2026-06-11,7,28,Field Officer,SYNTHETIC_PROTOTYPE
PR-0002-2,MPLADS-SYN-0002,2026-07-20,13,54,Field Officer,SYNTHETIC_PROTOTYPE
PR-0002-3,MPLADS-SYN-0002,2026-08-30,24,84,District Authority,SYNTHETIC_PROTOTYPE
PR-0003-1,MPLADS-SYN-0003,2026-03-20,28,21,Field Officer,SYNTHETIC_PROTOTYPE
PR-0003-2,MPLADS-SYN-0003,2026-04-13,44,39,Field Officer,SYNTHETIC_PROTOTYPE
PR-0003-3,MPLADS-SYN-0003,2026-05-08,77,65,Field Officer,SYNTHETIC_PROTOTYPE
PR-0004-1,MPLADS-SYN-0004,2026-07-19,19,22,Field Officer,SYNTHETIC_PROTOTYPE
PR-0004-2,MPLADS-SYN-0004,2026-08-28,41,38,Field Officer,SYNTHETIC_PROTOTYPE
PR-0004-3,MPLADS-SYN-0004,2026-10-09,68,57,Field Officer,SYNTHETIC_PROTOTYPE
PR-0005-1,MPLADS-SYN-0005,2026-03-28,12,22,District Authority,SYNTHETIC_PROTOTYPE
PR-0005-2,MPLADS-SYN-0005,2026-05-07,26,35,Implementing Agency,SYNTHETIC_PROTOTYPE
PR-0005-3,MPLADS-SYN-0005,2026-06-17,43,60,District Authority,SYNTHETIC_PROTOTYPE
PR-0006-1,MPLADS-SYN-0006,2026-09-29,26,28,District Authority,SYNTHETIC_PROTOTYPE
PR-0006-2,MPLADS-SYN-0006,2026-11-21,55,54,Field Officer,SYNTHETIC_PROTOTYPE
PR-0006-3,MPLADS-SYN-0006,2027-01-16,89,85,Field Officer,SYNTHETIC_PROTOTYPE
PR-0007-1,MPLADS-SYN-0007,2026-07-22,13,22,Field Officer,SYNTHETIC_PROTOTYPE
PR-0007-2,MPLADS-SYN-0007,2026-10-06,32,35,Field Officer,SYNTHETIC_PROTOTYPE
PR-0007-3,MPLADS-SYN-0007,2026-12-24,53,62,District Authority,SYNTHETIC_PROTOTYPE
PR-0008-1,MPLADS-SYN-0008,2026-04-21,13,20,District Authority,SYNTHETIC_PROTOTYPE
PR-0008-2,MPLADS-SYN-0008,2026-06-04,29,33,District Authority,SYNTHETIC_PROTOTYPE
PR-0008-3,MPLADS-SYN-0008,2026-07-19,49,57,Implementing Agency,SYNTHETIC_PROTOTYPE
PR-0009-1,MPLADS-SYN-0009,2026-08-21,22,15,District Authority,SYNTHETIC_PROTOTYPE
PR-0009-2,MPLADS-SYN-0009,2026-09-23,38,30,District Authority,SYNTHETIC_PROTOTYPE
PR-0009-3,MPLADS-SYN-0009,2026-10-27,57,54,Implementing Agency,SYNTHETIC_PROTOTYPE
PR-0010-1,MPLADS-SYN-0010,2026-05-30,22,15,Field Officer,SYNTHETIC_PROTOTYPE
PR-0010-2,MPLADS-SYN-0010,2026-06-28,46,35,Field Officer,SYNTHETIC_PROTOTYPE
PR-0010-3,MPLADS-SYN-0010,2026-07-28,71,59,District Authority,SYNTHETIC_PROTOTYPE
PR-0011-1,MPLADS-SYN-0011,2026-08-11,23,17,Field Officer,SYNTHETIC_PROTOTYPE
PR-0011-2,MPLADS-SYN-0011,2026-10-07,47,24,Implementing Agency,SYNTHETIC_PROTOTYPE
PR-0011-3,MPLADS-SYN-0011,2026-12-05,70,40,Implementing Agency,SYNTHETIC_PROTOTYPE
PR-0012-1,MPLADS-SYN-0012,2026-08-21,19,32,District Authority,SYNTHETIC_PROTOTYPE
PR-0012-2,MPLADS-SYN-0012,2026-10-17,32,58,Field Officer,SYNTHETIC_PROTOTYPE
PR-0012-3,MPLADS-SYN-0012,2026-12-15,53,88,District Authority,SYNTHETIC_PROTOTYPE
PR-0013-1,MPLADS-SYN-0013,2026-09-17,18,16,Field Officer,SYNTHETIC_PROTOTYPE
PR-0013-2,MPLADS-SYN-0013,2026-11-21,34,29,District Authority,SYNTHETIC_PROTOTYPE
PR-0013-3,MPLADS-SYN-0013,2027-01-27,47,51,Implementing Agency,SYNTHETIC_PROTOTYPE
PR-0014-1,MPLADS-SYN-0014,2026-05-10,15,29,Field Officer,SYNTHETIC_PROTOTYPE
PR-0014-2,MPLADS-SYN-0014,2026-07-24,32,51,District Authority,SYNTHETIC_PROTOTYPE
PR-0014-3,MPLADS-SYN-0014,2026-10-09,54,80,Implementing Agency,SYNTHETIC_PROTOTYPE
PR-0015-1,MPLADS-SYN-0015,2026-08-04,18,22,Implementing Agency,SYNTHETIC_PROTOTYPE
PR-0015-2,MPLADS-SYN-0015,2026-10-05,44,41,Field Officer,SYNTHETIC_PROTOTYPE
PR-0015-3,MPLADS-SYN-0015,2026-12-09,66,66,District Authority,SYNTHETIC_PROTOTYPE
PR-0016-1,MPLADS-SYN-0016,2026-04-03,21,22,District Authority,SYNTHETIC_PROTOTYPE
PR-0016-2,MPLADS-SYN-0016,2026-05-27,42,46,Field Officer,SYNTHETIC_PROTOTYPE
PR-0016-3,MPLADS-SYN-0016,2026-07-22,67,73,Field Officer,SYNTHETIC_PROTOTYPE
PR-0017-1,MPLADS-SYN-0017,2026-03-30,14,17,Field Officer,SYNTHETIC_PROTOTYPE
PR-0017-2,MPLADS-SYN-0017,2026-04-20,34,45,District Authority,SYNTHETIC_PROTOTYPE
PR-0017-3,MPLADS-SYN-0017,2026-05-12,56,66,Implementing Agency,SYNTHETIC_PROTOTYPE
PR-0018-1,MPLADS-SYN-0018,2026-09-27,20,16,Field Officer,SYNTHETIC_PROTOTYPE
PR-0018-2,MPLADS-SYN-0018,2026-12-06,38,39,Field Officer,SYNTHETIC_PROTOTYPE
PR-0018-3,MPLADS-SYN-0018,2027-02-17,62,62,Field Officer,SYNTHETIC_PROTOTYPE
PR-0019-1,MPLADS-SYN-0019,2026-05-13,6,25,District Authority,SYNTHETIC_PROTOTYPE
PR-0019-2,MPLADS-SYN-0019,2026-06-11,9,53,Field Officer,SYNTHETIC_PROTOTYPE
PR-0019-3,MPLADS-SYN-0019,2026-07-12,19,78,District Authority,SYNTHETIC_PROTOTYPE
PR-0020-1,MPLADS-SYN-0020,2026-09-29,31,31,District Authority,SYNTHETIC_PROTOTYPE
PR-0020-2,MPLADS-SYN-0020,2026-12-04,51,55,Field Officer,SYNTHETIC_PROTOTYPE
PR-0020-3,MPLADS-SYN-0020,2027-02-10,85,89,Field Officer,SYNTHETIC_PROTOTYPE
PR-0021-1,MPLADS-SYN-0021,2026-09-13,17,14,District Authority,SYNTHETIC_PROTOTYPE
PR-0021-2,MPLADS-SYN-0021,2026-11-11,38,24,Implementing Agency,SYNTHETIC_PROTOTYPE
PR-0021-3,MPLADS-SYN-0021,2027-01-12,52,37,Field Officer,SYNTHETIC_PROTOTYPE
PR-0022-1,MPLADS-SYN-0022,2026-09-01,13,17,Field Officer,SYNTHETIC_PROTOTYPE
PR-0022-2,MPLADS-SYN-0022,2026-10-03,37,35,District Authority,SYNTHETIC_PROTOTYPE
PR-0022-3,MPLADS-SYN-0022,2026-11-05,54,55,Implementing Agency,SYNTHETIC_PROTOTYPE
PR-0023-1,MPLADS-SYN-0023,2026-08-14,16,14,Implementing Agency,SYNTHETIC_PROTOTYPE
PR-0023-2,MPLADS-SYN-0023,2026-09-23,29,32,District Authority,SYNTHETIC_PROTOTYPE
PR-0023-3,MPLADS-SYN-0023,2026-11-04,40,45,District Authority,SYNTHETIC_PROTOTYPE
PR-0024-1,MPLADS-SYN-0024,2026-03-22,6,11,Field Officer,SYNTHETIC_PROTOTYPE
PR-0024-2,MPLADS-SYN-0024,2026-05-23,9,22,District Authority,SYNTHETIC_PROTOTYPE
PR-0024-3,MPLADS-SYN-0024,2026-07-26,22,36,Field Officer,SYNTHETIC_PROTOTYPE
PR-0025-1,MPLADS-SYN-0025,2026-03-15,18,25,Implementing Agency,SYNTHETIC_PROTOTYPE
PR-0025-2,MPLADS-SYN-0025,2026-05-19,42,46,Field Officer,SYNTHETIC_PROTOTYPE
PR-0025-3,MPLADS-SYN-0025,2026-07-25,58,66,Field Officer,SYNTHETIC_PROTOTYPE
PR-0026-1,MPLADS-SYN-0026,2026-07-18,10,32,Implementing Agency,SYNTHETIC_PROTOTYPE
PR-0026-2,MPLADS-SYN-0026,2026-10-04,15,63,Implementing Agency,SYNTHETIC_PROTOTYPE
PR-0026-3,MPLADS-SYN-0026,2026-12-24,18,99,Implementing Agency,SYNTHETIC_PROTOTYPE
PR-0027-1,MPLADS-SYN-0027,2026-03-15,13,14,Implementing Agency,SYNTHETIC_PROTOTYPE
PR-0027-2,MPLADS-SYN-0027,2026-04-06,20,23,District Authority,SYNTHETIC_PROTOTYPE
PR-0027-3,MPLADS-SYN-0027,2026-04-29,37,35,Field Officer,SYNTHETIC_PROTOTYPE
PR-0028-1,MPLADS-SYN-0028,2026-03-19,21,23,Field Officer,SYNTHETIC_PROTOTYPE
PR-0028-2,MPLADS-SYN-0028,2026-05-01,52,51,District Authority,SYNTHETIC_PROTOTYPE
PR-0028-3,MPLADS-SYN-0028,2026-06-15,76,78,District Authority,SYNTHETIC_PROTOTYPE
PR-0029-1,MPLADS-SYN-0029,2026-08-17,15,22,District Authority,SYNTHETIC_PROTOTYPE
PR-0029-2,MPLADS-SYN-0029,2026-09-10,26,36,Field Officer,SYNTHETIC_PROTOTYPE
PR-0029-3,MPLADS-SYN-0029,2026-10-05,43,57,Field Officer,SYNTHETIC_PROTOTYPE
PR-0030-1,MPLADS-SYN-0030,2026-06-07,29,29,Field Officer,SYNTHETIC_PROTOTYPE
PR-0030-2,MPLADS-SYN-0030,2026-08-01,59,66,District Authority,SYNTHETIC_PROTOTYPE
PR-0030-3,MPLADS-SYN-0030,2026-09-27,97,100,Field Officer,SYNTHETIC_PROTOTYPE
PR-0031-1,MPLADS-SYN-0031,2026-08-05,8,27,Implementing Agency,SYNTHETIC_PROTOTYPE
PR-0031-2,MPLADS-SYN-0031,2026-09-05,27,47,District Authority,SYNTHETIC_PROTOTYPE
PR-0031-3,MPLADS-SYN-0031,2026-10-07,39,79,Field Officer,SYNTHETIC_PROTOTYPE
PR-0032-1,MPLADS-SYN-0032,2026-06-10,28,32,Implementing Agency,SYNTHETIC_PROTOTYPE
PR-0032-2,MPLADS-SYN-0032,2026-07-14,58,59,District Authority,SYNTHETIC_PROTOTYPE
PR-0032-3,MPLADS-SYN-0032,2026-08-19,87,94,District Authority,SYNTHETIC_PROTOTYPE
PR-0033-1,MPLADS-SYN-0033,2026-09-18,22,22,Field Officer,SYNTHETIC_PROTOTYPE
PR-0033-2,MPLADS-SYN-0033,2026-10-20,55,50,Field Officer,SYNTHETIC_PROTOTYPE
PR-0033-3,MPLADS-SYN-0033,2026-11-23,84,70,District Authority,SYNTHETIC_PROTOTYPE
PR-0034-1,MPLADS-SYN-0034,2026-08-23,10,26,Implementing Agency,SYNTHETIC_PROTOTYPE
PR-0034-2,MPLADS-SYN-0034,2026-11-06,27,48,District Authority,SYNTHETIC_PROTOTYPE
PR-0034-3,MPLADS-SYN-0034,2027-01-23,35,69,District Authority,SYNTHETIC_PROTOTYPE
PR-0035-1,MPLADS-SYN-0035,2026-06-25,18,22,District Authority,SYNTHETIC_PROTOTYPE
PR-0035-2,MPLADS-SYN-0035,2026-09-04,35,40,Field Officer,SYNTHETIC_PROTOTYPE
PR-0035-3,MPLADS-SYN-0035,2026-11-17,58,61,Implementing Agency,SYNTHETIC_PROTOTYPE
PR-0036-1,MPLADS-SYN-0036,2026-07-25,15,11,Field Officer,SYNTHETIC_PROTOTYPE
PR-0036-2,MPLADS-SYN-0036,2026-09-18,29,27,Implementing Agency,SYNTHETIC_PROTOTYPE
PR-0036-3,MPLADS-SYN-0036,2026-11-14,39,44,District Authority,SYNTHETIC_PROTOTYPE
PR-0037-1,MPLADS-SYN-0037,2026-05-24,12,22,Field Officer,SYNTHETIC_PROTOTYPE
PR-0037-2,MPLADS-SYN-0037,2026-06-25,34,41,Field Officer,SYNTHETIC_PROTOTYPE
PR-0037-3,MPLADS-SYN-0037,2026-07-28,42,59,District Authority,SYNTHETIC_PROTOTYPE
PR-0038-1,MPLADS-SYN-0038,2026-06-10,22,26,Implementing Agency,SYNTHETIC_PROTOTYPE
PR-0038-2,MPLADS-SYN-0038,2026-08-27,53,55,Field Officer,SYNTHETIC_PROTOTYPE
PR-0038-3,MPLADS-SYN-0038,2026-11-15,82,88,District Authority,SYNTHETIC_PROTOTYPE
PR-0039-1,MPLADS-SYN-0039,2026-08-28,20,19,Field Officer,SYNTHETIC_PROTOTYPE
PR-0039-2,MPLADS-SYN-0039,2026-10-23,39,44,District Authority,SYNTHETIC_PROTOTYPE
PR-0039-3,MPLADS-SYN-0039,2026-12-20,51,67,Field Officer,SYNTHETIC_PROTOTYPE
PR-0040-1,MPLADS-SYN-0040,2026-02-28,19,19,Implementing Agency,SYNTHETIC_PROTOTYPE
PR-0040-2,MPLADS-SYN-0040,2026-04-04,31,38,District Authority,SYNTHETIC_PROTOTYPE
PR-0040-3,MPLADS-SYN-0040,2026-05-11,49,66,Implementing Agency,SYNTHETIC_PROTOTYPE
PR-0041-1,MPLADS-SYN-0041,2026-03-20,14,11,District Authority,SYNTHETIC_PROTOTYPE
PR-0041-2,MPLADS-SYN-0041,2026-05-05,30,32,District Authority,SYNTHETIC_PROTOTYPE
PR-0041-3,MPLADS-SYN-0041,2026-06-22,39,47,Field Officer,SYNTHETIC_PROTOTYPE
PR-0042-1,MPLADS-SYN-0042,2026-05-20,3,7,Field Officer,SYNTHETIC_PROTOTYPE
PR-0042-2,MPLADS-SYN-0042,2026-08-03,13,17,Field Officer,SYNTHETIC_PROTOTYPE
PR-0042-3,MPLADS-SYN-0042,2026-10-20,18,26,Field Officer,SYNTHETIC_PROTOTYPE
PR-0043-1,MPLADS-SYN-0043,2026-09-15,22,25,Field Officer,SYNTHETIC_PROTOTYPE
PR-0043-2,MPLADS-SYN-0043,2026-10-27,50,47,Implementing Agency,SYNTHETIC_PROTOTYPE
PR-0043-3,MPLADS-SYN-0043,2026-12-10,78,77,District Authority,SYNTHETIC_PROTOTYPE
PR-0044-1,MPLADS-SYN-0044,2026-10-30,17,15,Implementing Agency,SYNTHETIC_PROTOTYPE
PR-0044-2,MPLADS-SYN-0044,2027-01-04,26,32,District Authority,SYNTHETIC_PROTOTYPE
PR-0044-3,MPLADS-SYN-0044,2027-03-13,45,39,Implementing Agency,SYNTHETIC_PROTOTYPE
PR-0045-1,MPLADS-SYN-0045,2026-10-29,23,22,Field Officer,SYNTHETIC_PROTOTYPE
PR-0045-2,MPLADS-SYN-0045,2027-01-04,39,41,Field Officer,SYNTHETIC_PROTOTYPE
PR-0045-3,MPLADS-SYN-0045,2027-03-15,64,67,Field Officer,SYNTHETIC_PROTOTYPE
PR-0046-1,MPLADS-SYN-0046,2026-10-05,27,31,District Authority,SYNTHETIC_PROTOTYPE
PR-0046-2,MPLADS-SYN-0046,2026-11-23,60,64,Implementing Agency,SYNTHETIC_PROTOTYPE
PR-0046-3,MPLADS-SYN-0046,2027-01-12,86,98,Field Officer,SYNTHETIC_PROTOTYPE
PR-0047-1,MPLADS-SYN-0047,2026-06-11,22,18,Implementing Agency,SYNTHETIC_PROTOTYPE
PR-0047-2,MPLADS-SYN-0047,2026-08-15,49,46,Field Officer,SYNTHETIC_PROTOTYPE
PR-0047-3,MPLADS-SYN-0047,2026-10-21,75,66,Field Officer,SYNTHETIC_PROTOTYPE
PR-0048-1,MPLADS-SYN-0048,2026-03-15,5,27,District Authority,SYNTHETIC_PROTOTYPE
PR-0048-2,MPLADS-SYN-0048,2026-05-15,13,59,District Authority,SYNTHETIC_PROTOTYPE
PR-0048-3,MPLADS-SYN-0048,2026-07-18,13,88,District Authority,SYNTHETIC_PROTOTYPE
PR-0049-1,MPLADS-SYN-0049,2026-06-25,16,11,District Authority,SYNTHETIC_PROTOTYPE
PR-0049-2,MPLADS-SYN-0049,2026-08-09,37,27,Field Officer,SYNTHETIC_PROTOTYPE
PR-0049-3,MPLADS-SYN-0049,2026-09-25,47,41,District Authority,SYNTHETIC_PROTOTYPE
PR-0050-1,MPLADS-SYN-0050,2026-04-22,17,22,Implementing Agency,SYNTHETIC_PROTOTYPE
PR-0050-2,MPLADS-SYN-0050,2026-06-08,47,40,District Authority,SYNTHETIC_PROTOTYPE
PR-0050-3,MPLADS-SYN-0050,2026-07-27,62,62,District Authority,SYNTHETIC_PROTOTYPE
PR-0051-1,MPLADS-SYN-0051,2026-08-08,11,24,Field Officer,SYNTHETIC_PROTOTYPE
PR-0051-2,MPLADS-SYN-0051,2026-09-03,13,48,Implementing Agency,SYNTHETIC_PROTOTYPE
PR-0051-3,MPLADS-SYN-0051,2026-10-01,22,83,Field Officer,SYNTHETIC_PROTOTYPE
PR-0052-1,MPLADS-SYN-0052,2026-08-28,15,27,Implementing Agency,SYNTHETIC_PROTOTYPE
PR-0052-2,MPLADS-SYN-0052,2026-11-06,35,52,Field Officer,SYNTHETIC_PROTOTYPE
PR-0052-3,MPLADS-SYN-0052,2027-01-18,50,86,District Authority,SYNTHETIC_PROTOTYPE
PR-0053-1,MPLADS-SYN-0053,2026-04-22,15,16,District Authority,SYNTHETIC_PROTOTYPE
PR-0053-2,MPLADS-SYN-0053,2026-06-01,34,30,Implementing Agency,SYNTHETIC_PROTOTYPE
PR-0053-3,MPLADS-SYN-0053,2026-07-13,62,49,District Authority,SYNTHETIC_PROTOTYPE
PR-0054-1,MPLADS-SYN-0054,2026-10-31,12,16,District Authority,SYNTHETIC_PROTOTYPE
PR-0054-2,MPLADS-SYN-0054,2027-01-14,29,26,Field Officer,SYNTHETIC_PROTOTYPE
PR-0054-3,MPLADS-SYN-0054,2027-04-01,40,44,Implementing Agency,SYNTHETIC_PROTOTYPE
PR-0055-1,MPLADS-SYN-0055,2026-02-08,8,10,Implementing Agency,SYNTHETIC_PROTOTYPE
PR-0055-2,MPLADS-SYN-0055,2026-03-02,22,29,District Authority,SYNTHETIC_PROTOTYPE
PR-0055-3,MPLADS-SYN-0055,2026-03-26,36,34,Field Officer,SYNTHETIC_PROTOTYPE
PR-0056-1,MPLADS-SYN-0056,2026-09-20,7,27,Field Officer,SYNTHETIC_PROTOTYPE
PR-0056-2,MPLADS-SYN-0056,2026-11-26,14,46,Field Officer,SYNTHETIC_PROTOTYPE
PR-0056-3,MPLADS-SYN-0056,2027-02-04,13,75,Implementing Agency,SYNTHETIC_PROTOTYPE
PR-0057-1,MPLADS-SYN-0057,2026-04-18,30,22,Field Officer,SYNTHETIC_PROTOTYPE
PR-0057-2,MPLADS-SYN-0057,2026-05-14,58,55,District Authority,SYNTHETIC_PROTOTYPE
PR-0057-3,MPLADS-SYN-0057,2026-06-11,87,81,Field Officer,SYNTHETIC_PROTOTYPE
PR-0058-1,MPLADS-SYN-0058,2026-02-28,16,20,Implementing Agency,SYNTHETIC_PROTOTYPE
PR-0058-2,MPLADS-SYN-0058,2026-03-27,42,30,Field Officer,SYNTHETIC_PROTOTYPE
PR-0058-3,MPLADS-SYN-0058,2026-04-24,61,47,Implementing Agency,SYNTHETIC_PROTOTYPE
PR-0059-1,MPLADS-SYN-0059,2026-08-01,20,18,Implementing Agency,SYNTHETIC_PROTOTYPE
PR-0059-2,MPLADS-SYN-0059,2026-09-18,37,36,District Authority,SYNTHETIC_PROTOTYPE
PR-0059-3,MPLADS-SYN-0059,2026-11-07,57,53,District Authority,SYNTHETIC_PROTOTYPE
PR-0060-1,MPLADS-SYN-0060,2026-10-11,9,11,Field Officer,SYNTHETIC_PROTOTYPE
PR-0060-2,MPLADS-SYN-0060,2026-12-03,25,23,Field Officer,SYNTHETIC_PROTOTYPE
PR-0060-3,MPLADS-SYN-0060,2027-01-28,33,40,District Authority,SYNTHETIC_PROTOTYPE
PR-0061-1,MPLADS-SYN-0061,2026-10-10,9,14,Field Officer,SYNTHETIC_PROTOTYPE
PR-0061-2,MPLADS-SYN-0061,2026-12-09,23,36,Implementing Agency,SYNTHETIC_PROTOTYPE
PR-0061-3,MPLADS-SYN-0061,2027-02-09,41,47,District Authority,SYNTHETIC_PROTOTYPE
PR-0062-1,MPLADS-SYN-0062,2026-08-11,14,24,District Authority,SYNTHETIC_PROTOTYPE
PR-0062-2,MPLADS-SYN-0062,2026-10-02,32,51,District Authority,SYNTHETIC_PROTOTYPE
PR-0062-3,MPLADS-SYN-0062,2026-11-26,51,78,District Authority,SYNTHETIC_PROTOTYPE
PR-0063-1,MPLADS-SYN-0063,2026-09-18,20,19,Field Officer,SYNTHETIC_PROTOTYPE
PR-0063-2,MPLADS-SYN-0063,2026-10-22,38,29,Field Officer,SYNTHETIC_PROTOTYPE
PR-0063-3,MPLADS-SYN-0063,2026-11-26,49,49,Field Officer,SYNTHETIC_PROTOTYPE
PR-0064-1,MPLADS-SYN-0064,2026-05-01,30,23,Implementing Agency,SYNTHETIC_PROTOTYPE
PR-0064-2,MPLADS-SYN-0064,2026-05-26,54,48,District Authority,SYNTHETIC_PROTOTYPE
PR-0064-3,MPLADS-SYN-0064,2026-06-21,78,77,Implementing Agency,SYNTHETIC_PROTOTYPE
PR-0065-1,MPLADS-SYN-0065,2026-08-31,24,21,Implementing Agency,SYNTHETIC_PROTOTYPE
PR-0065-2,MPLADS-SYN-0065,2026-10-26,43,54,Implementing Agency,SYNTHETIC_PROTOTYPE
PR-0065-3,MPLADS-SYN-0065,2026-12-23,67,76,District Authority,SYNTHETIC_PROTOTYPE
PR-0066-1,MPLADS-SYN-0066,2026-09-10,28,26,Field Officer,SYNTHETIC_PROTOTYPE
PR-0066-2,MPLADS-SYN-0066,2026-10-19,56,57,District Authority,SYNTHETIC_PROTOTYPE
PR-0066-3,MPLADS-SYN-0066,2026-11-29,92,89,Field Officer,SYNTHETIC_PROTOTYPE
PR-0067-1,MPLADS-SYN-0067,2026-08-10,24,22,Implementing Agency,SYNTHETIC_PROTOTYPE
PR-0067-2,MPLADS-SYN-0067,2026-10-27,51,54,Implementing Agency,SYNTHETIC_PROTOTYPE
PR-0067-3,MPLADS-SYN-0067,2027-01-16,72,82,Field Officer,SYNTHETIC_PROTOTYPE
PR-0068-1,MPLADS-SYN-0068,2026-04-26,24,25,Field Officer,SYNTHETIC_PROTOTYPE
PR-0068-2,MPLADS-SYN-0068,2026-05-21,38,42,Implementing Agency,SYNTHETIC_PROTOTYPE
PR-0068-3,MPLADS-SYN-0068,2026-06-16,61,61,Field Officer,SYNTHETIC_PROTOTYPE
PR-0069-1,MPLADS-SYN-0069,2026-06-22,19,23,Field Officer,SYNTHETIC_PROTOTYPE
PR-0069-2,MPLADS-SYN-0069,2026-07-22,34,37,District Authority,SYNTHETIC_PROTOTYPE
PR-0069-3,MPLADS-SYN-0069,2026-08-22,49,64,Implementing Agency,SYNTHETIC_PROTOTYPE
PR-0070-1,MPLADS-SYN-0070,2026-07-05,13,21,District Authority,SYNTHETIC_PROTOTYPE
PR-0070-2,MPLADS-SYN-0070,2026-07-31,32,37,Implementing Agency,SYNTHETIC_PROTOTYPE
PR-0070-3,MPLADS-SYN-0070,2026-08-27,53,58,Implementing Agency,SYNTHETIC_PROTOTYPE
PR-0071-1,MPLADS-SYN-0071,2026-06-14,28,20,Field Officer,SYNTHETIC_PROTOTYPE
PR-0071-2,MPLADS-SYN-0071,2026-08-14,47,51,Implementing Agency,SYNTHETIC_PROTOTYPE
PR-0071-3,MPLADS-SYN-0071,2026-10-16,79,69,Field Officer,SYNTHETIC_PROTOTYPE
PR-0072-1,MPLADS-SYN-0072,2026-05-30,6,17,Implementing Agency,SYNTHETIC_PROTOTYPE
PR-0072-2,MPLADS-SYN-0072,2026-07-15,12,32,District Authority,SYNTHETIC_PROTOTYPE
PR-0072-3,MPLADS-SYN-0072,2026-08-31,26,54,Implementing Agency,SYNTHETIC_PROTOTYPE
PR-0073-1,MPLADS-SYN-0073,2026-09-04,23,26,District Authority,SYNTHETIC_PROTOTYPE
PR-0073-2,MPLADS-SYN-0073,2026-10-08,54,51,Implementing Agency,SYNTHETIC_PROTOTYPE
PR-0073-3,MPLADS-SYN-0073,2026-11-13,77,81,District Authority,SYNTHETIC_PROTOTYPE
PR-0074-1,MPLADS-SYN-0074,2026-06-30,8,18,Field Officer,SYNTHETIC_PROTOTYPE
PR-0074-2,MPLADS-SYN-0074,2026-08-28,13,28,Field Officer,SYNTHETIC_PROTOTYPE
PR-0074-3,MPLADS-SYN-0074,2026-10-29,28,46,Implementing Agency,SYNTHETIC_PROTOTYPE
PR-0075-1,MPLADS-SYN-0075,2026-06-23,24,19,District Authority,SYNTHETIC_PROTOTYPE
PR-0075-2,MPLADS-SYN-0075,2026-07-14,44,46,Implementing Agency,SYNTHETIC_PROTOTYPE
PR-0075-3,MPLADS-SYN-0075,2026-08-06,66,71,Field Officer,SYNTHETIC_PROTOTYPE
PR-0076-1,MPLADS-SYN-0076,2026-03-28,21,28,District Authority,SYNTHETIC_PROTOTYPE
PR-0076-2,MPLADS-SYN-0076,2026-05-16,35,63,Field Officer,SYNTHETIC_PROTOTYPE
PR-0076-3,MPLADS-SYN-0076,2026-07-06,52,99,District Authority,SYNTHETIC_PROTOTYPE
PR-0077-1,MPLADS-SYN-0077,2026-03-23,4,22,Field Officer,SYNTHETIC_PROTOTYPE
PR-0077-2,MPLADS-SYN-0077,2026-05-11,14,43,Implementing Agency,SYNTHETIC_PROTOTYPE
PR-0077-3,MPLADS-SYN-0077,2026-06-30,21,60,District Authority,SYNTHETIC_PROTOTYPE
PR-0078-1,MPLADS-SYN-0078,2026-07-11,15,19,District Authority,SYNTHETIC_PROTOTYPE
PR-0078-2,MPLADS-SYN-0078,2026-09-08,41,39,Implementing Agency,SYNTHETIC_PROTOTYPE
PR-0078-3,MPLADS-SYN-0078,2026-11-09,58,56,Implementing Agency,SYNTHETIC_PROTOTYPE
PR-0079-1,MPLADS-SYN-0079,2026-03-25,30,30,Implementing Agency,SYNTHETIC_PROTOTYPE
PR-0079-2,MPLADS-SYN-0079,2026-06-01,64,62,Field Officer,SYNTHETIC_PROTOTYPE
PR-0079-3,MPLADS-SYN-0079,2026-08-11,97,98,Field Officer,SYNTHETIC_PROTOTYPE
PR-0080-1,MPLADS-SYN-0080,2026-04-12,16,30,Implementing Agency,SYNTHETIC_PROTOTYPE
PR-0080-2,MPLADS-SYN-0080,2026-06-18,25,54,District Authority,SYNTHETIC_PROTOTYPE
PR-0080-3,MPLADS-SYN-0080,2026-08-27,39,85,Implementing Agency,SYNTHETIC_PROTOTYPE
PR-0081-1,MPLADS-SYN-0081,2026-04-17,19,19,Implementing Agency,SYNTHETIC_PROTOTYPE
PR-0081-2,MPLADS-SYN-0081,2026-06-02,49,36,District Authority,SYNTHETIC_PROTOTYPE
PR-0081-3,MPLADS-SYN-0081,2026-07-20,70,61,District Authority,SYNTHETIC_PROTOTYPE
PR-0082-1,MPLADS-SYN-0082,2026-02-15,30,30,District Authority,SYNTHETIC_PROTOTYPE
PR-0082-2,MPLADS-SYN-0082,2026-03-18,59,56,Implementing Agency,SYNTHETIC_PROTOTYPE
PR-0082-3,MPLADS-SYN-0082,2026-04-19,89,85,Field Officer,SYNTHETIC_PROTOTYPE
PR-0083-1,MPLADS-SYN-0083,2026-07-03,22,17,Field Officer,SYNTHETIC_PROTOTYPE
PR-0083-2,MPLADS-SYN-0083,2026-08-27,50,28,Field Officer,SYNTHETIC_PROTOTYPE
PR-0083-3,MPLADS-SYN-0083,2026-10-23,72,40,Field Officer,SYNTHETIC_PROTOTYPE
PR-0084-1,MPLADS-SYN-0084,2026-08-30,11,19,Field Officer,SYNTHETIC_PROTOTYPE
PR-0084-2,MPLADS-SYN-0084,2026-10-14,25,33,District Authority,SYNTHETIC_PROTOTYPE
PR-0084-3,MPLADS-SYN-0084,2026-11-30,42,54,District Authority,SYNTHETIC_PROTOTYPE
PR-0085-1,MPLADS-SYN-0085,2026-06-16,13,30,Field Officer,SYNTHETIC_PROTOTYPE
PR-0085-2,MPLADS-SYN-0085,2026-09-01,22,50,Implementing Agency,SYNTHETIC_PROTOTYPE
PR-0085-3,MPLADS-SYN-0085,2026-11-20,30,79,District Authority,SYNTHETIC_PROTOTYPE
PR-0086-1,MPLADS-SYN-0086,2026-03-20,26,26,Field Officer,SYNTHETIC_PROTOTYPE
PR-0086-2,MPLADS-SYN-0086,2026-06-06,49,52,District Authority,SYNTHETIC_PROTOTYPE
PR-0086-3,MPLADS-SYN-0086,2026-08-26,77,75,Implementing Agency,SYNTHETIC_PROTOTYPE
PR-0087-1,MPLADS-SYN-0087,2026-09-19,19,23,Field Officer,SYNTHETIC_PROTOTYPE
PR-0087-2,MPLADS-SYN-0087,2026-10-29,27,52,Field Officer,SYNTHETIC_PROTOTYPE
PR-0087-3,MPLADS-SYN-0087,2026-12-09,45,82,District Authority,SYNTHETIC_PROTOTYPE
PR-0088-1,MPLADS-SYN-0088,2026-09-30,4,23,Implementing Agency,SYNTHETIC_PROTOTYPE
PR-0088-2,MPLADS-SYN-0088,2026-11-21,18,54,Field Officer,SYNTHETIC_PROTOTYPE
PR-0088-3,MPLADS-SYN-0088,2027-01-14,28,76,Field Officer,SYNTHETIC_PROTOTYPE
PR-0089-1,MPLADS-SYN-0089,2026-09-01,24,20,Implementing Agency,SYNTHETIC_PROTOTYPE
PR-0089-2,MPLADS-SYN-0089,2026-09-27,47,45,Field Officer,SYNTHETIC_PROTOTYPE
PR-0089-3,MPLADS-SYN-0089,2026-10-24,70,61,District Authority,SYNTHETIC_PROTOTYPE
PR-0090-1,MPLADS-SYN-0090,2026-05-19,22,21,Field Officer,SYNTHETIC_PROTOTYPE
PR-0090-2,MPLADS-SYN-0090,2026-07-07,40,43,District Authority,SYNTHETIC_PROTOTYPE
PR-0090-3,MPLADS-SYN-0090,2026-08-26,57,69,Implementing Agency,SYNTHETIC_PROTOTYPE
PR-0091-1,MPLADS-SYN-0091,2026-08-08,16,20,Field Officer,SYNTHETIC_PROTOTYPE
PR-0091-2,MPLADS-SYN-0091,2026-09-29,40,36,Field Officer,SYNTHETIC_PROTOTYPE
PR-0091-3,MPLADS-SYN-0091,2026-11-22,60,56,Field Officer,SYNTHETIC_PROTOTYPE
PR-0092-1,MPLADS-SYN-0092,2026-07-29,17,20,Field Officer,SYNTHETIC_PROTOTYPE
PR-0092-2,MPLADS-SYN-0092,2026-08-22,30,43,District Authority,SYNTHETIC_PROTOTYPE
PR-0092-3,MPLADS-SYN-0092,2026-09-16,50,68,Implementing Agency,SYNTHETIC_PROTOTYPE
PR-0093-1,MPLADS-SYN-0093,2026-05-26,15,20,Field Officer,SYNTHETIC_PROTOTYPE
PR-0093-2,MPLADS-SYN-0093,2026-07-28,27,30,Implementing Agency,SYNTHETIC_PROTOTYPE
PR-0093-3,MPLADS-SYN-0093,2026-10-01,46,49,Field Officer,SYNTHETIC_PROTOTYPE
PR-0094-1,MPLADS-SYN-0094,2026-03-21,13,5,District Authority,SYNTHETIC_PROTOTYPE
PR-0094-2,MPLADS-SYN-0094,2026-06-05,23,20,Field Officer,SYNTHETIC_PROTOTYPE
PR-0094-3,MPLADS-SYN-0094,2026-08-23,35,21,Field Officer,SYNTHETIC_PROTOTYPE
PR-0095-1,MPLADS-SYN-0095,2026-06-29,30,30,Field Officer,SYNTHETIC_PROTOTYPE
PR-0095-2,MPLADS-SYN-0095,2026-07-26,59,57,District Authority,SYNTHETIC_PROTOTYPE
PR-0095-3,MPLADS-SYN-0095,2026-08-23,83,86,Field Officer,SYNTHETIC_PROTOTYPE
PR-0096-1,MPLADS-SYN-0096,2026-05-27,13,25,Field Officer,SYNTHETIC_PROTOTYPE
PR-0096-2,MPLADS-SYN-0096,2026-07-19,33,39,Implementing Agency,SYNTHETIC_PROTOTYPE
PR-0096-3,MPLADS-SYN-0096,2026-09-12,50,67,Field Officer,SYNTHETIC_PROTOTYPE
PR-0097-1,MPLADS-SYN-0097,2026-03-09,22,27,District Authority,SYNTHETIC_PROTOTYPE
PR-0097-2,MPLADS-SYN-0097,2026-04-06,53,60,District Authority,SYNTHETIC_PROTOTYPE
PR-0097-3,MPLADS-SYN-0097,2026-05-05,77,85,Field Officer,SYNTHETIC_PROTOTYPE
PR-0098-1,MPLADS-SYN-0098,2026-04-23,10,9,Field Officer,SYNTHETIC_PROTOTYPE
PR-0098-2,MPLADS-SYN-0098,2026-05-29,23,31,Field Officer,SYNTHETIC_PROTOTYPE
PR-0098-3,MPLADS-SYN-0098,2026-07-06,39,40,District Authority,SYNTHETIC_PROTOTYPE
PR-0099-1,MPLADS-SYN-0099,2026-06-20,22,19,Field Officer,SYNTHETIC_PROTOTYPE
PR-0099-2,MPLADS-SYN-0099,2026-07-29,46,45,Field Officer,SYNTHETIC_PROTOTYPE
PR-0099-3,MPLADS-SYN-0099,2026-09-08,65,73,Field Officer,SYNTHETIC_PROTOTYPE
PR-0100-1,MPLADS-SYN-0100,2026-05-01,29,23,District Authority,SYNTHETIC_PROTOTYPE
PR-0100-2,MPLADS-SYN-0100,2026-07-14,60,55,Implementing Agency,SYNTHETIC_PROTOTYPE
PR-0100-3,MPLADS-SYN-0100,2026-09-29,85,82,Implementing Agency,SYNTHETIC_PROTOTYPE
PR-0101-1,MPLADS-SYN-0101,2026-04-22,30,34,District Authority,SYNTHETIC_PROTOTYPE
PR-0101-2,MPLADS-SYN-0101,2026-05-27,60,61,Implementing Agency,SYNTHETIC_PROTOTYPE
PR-0101-3,MPLADS-SYN-0101,2026-07-03,93,100,Field Officer,SYNTHETIC_PROTOTYPE
PR-0102-1,MPLADS-SYN-0102,2026-03-17,20,22,Field Officer,SYNTHETIC_PROTOTYPE
PR-0102-2,MPLADS-SYN-0102,2026-04-17,52,49,Field Officer,SYNTHETIC_PROTOTYPE
PR-0102-3,MPLADS-SYN-0102,2026-05-19,69,82,Field Officer,SYNTHETIC_PROTOTYPE
PR-0103-1,MPLADS-SYN-0103,2026-05-17,25,30,Field Officer,SYNTHETIC_PROTOTYPE
PR-0103-2,MPLADS-SYN-0103,2026-07-23,50,51,Implementing Agency,SYNTHETIC_PROTOTYPE
PR-0103-3,MPLADS-SYN-0103,2026-10-01,84,84,District Authority,SYNTHETIC_PROTOTYPE
PR-0104-1,MPLADS-SYN-0104,2026-02-28,32,34,Field Officer,SYNTHETIC_PROTOTYPE
PR-0104-2,MPLADS-SYN-0104,2026-04-03,55,58,Field Officer,SYNTHETIC_PROTOTYPE
PR-0104-3,MPLADS-SYN-0104,2026-05-09,82,93,Implementing Agency,SYNTHETIC_PROTOTYPE
PR-0105-1,MPLADS-SYN-0105,2026-07-17,24,22,District Authority,SYNTHETIC_PROTOTYPE
PR-0105-2,MPLADS-SYN-0105,2026-09-26,37,48,District Authority,SYNTHETIC_PROTOTYPE
PR-0105-3,MPLADS-SYN-0105,2026-12-09,65,67,Field Officer,SYNTHETIC_PROTOTYPE
PR-0106-1,MPLADS-SYN-0106,2026-08-13,15,14,Implementing Agency,SYNTHETIC_PROTOTYPE
PR-0106-2,MPLADS-SYN-0106,2026-10-20,32,28,Implementing Agency,SYNTHETIC_PROTOTYPE
PR-0106-3,MPLADS-SYN-0106,2026-12-30,52,43,Implementing Agency,SYNTHETIC_PROTOTYPE
PR-0107-1,MPLADS-SYN-0107,2026-03-06,22,16,Implementing Agency,SYNTHETIC_PROTOTYPE
PR-0107-2,MPLADS-SYN-0107,2026-04-24,41,43,Field Officer,SYNTHETIC_PROTOTYPE
PR-0107-3,MPLADS-SYN-0107,2026-06-14,61,64,District Authority,SYNTHETIC_PROTOTYPE
PR-0108-1,MPLADS-SYN-0108,2026-05-14,23,18,Field Officer,SYNTHETIC_PROTOTYPE
PR-0108-2,MPLADS-SYN-0108,2026-07-15,41,38,Implementing Agency,SYNTHETIC_PROTOTYPE
PR-0108-3,MPLADS-SYN-0108,2026-09-17,66,68,Field Officer,SYNTHETIC_PROTOTYPE
PR-0109-1,MPLADS-SYN-0109,2026-06-28,15,29,Implementing Agency,SYNTHETIC_PROTOTYPE
PR-0109-2,MPLADS-SYN-0109,2026-08-14,26,64,Field Officer,SYNTHETIC_PROTOTYPE
PR-0109-3,MPLADS-SYN-0109,2026-10-02,41,91,Implementing Agency,SYNTHETIC_PROTOTYPE
PR-0110-1,MPLADS-SYN-0110,2026-08-12,13,19,District Authority,SYNTHETIC_PROTOTYPE
PR-0110-2,MPLADS-SYN-0110,2026-09-08,27,36,Field Officer,SYNTHETIC_PROTOTYPE
PR-0110-3,MPLADS-SYN-0110,2026-10-06,42,55,Implementing Agency,SYNTHETIC_PROTOTYPE
PR-0111-1,MPLADS-SYN-0111,2026-10-24,30,28,District Authority,SYNTHETIC_PROTOTYPE
PR-0111-2,MPLADS-SYN-0111,2026-12-23,58,48,Implementing Agency,SYNTHETIC_PROTOTYPE
PR-0111-3,MPLADS-SYN-0111,2027-02-23,87,77,Implementing Agency,SYNTHETIC_PROTOTYPE
PR-0112-1,MPLADS-SYN-0112,2026-02-03,14,13,District Authority,SYNTHETIC_PROTOTYPE
PR-0112-2,MPLADS-SYN-0112,2026-03-03,29,23,District Authority,SYNTHETIC_PROTOTYPE
PR-0112-3,MPLADS-SYN-0112,2026-04-02,36,35,Implementing Agency,SYNTHETIC_PROTOTYPE
PR-0113-1,MPLADS-SYN-0113,2026-06-07,13,21,Field Officer,SYNTHETIC_PROTOTYPE
PR-0113-2,MPLADS-SYN-0113,2026-07-29,26,35,District Authority,SYNTHETIC_PROTOTYPE
PR-0113-3,MPLADS-SYN-0113,2026-09-22,36,55,Implementing Agency,SYNTHETIC_PROTOTYPE
PR-0114-1,MPLADS-SYN-0114,2026-04-06,6,20,District Authority,SYNTHETIC_PROTOTYPE
PR-0114-2,MPLADS-SYN-0114,2026-06-06,19,36,Implementing Agency,SYNTHETIC_PROTOTYPE
PR-0114-3,MPLADS-SYN-0114,2026-08-08,36,59,Field Officer,SYNTHETIC_PROTOTYPE
PR-0115-1,MPLADS-SYN-0115,2026-07-19,28,32,Field Officer,SYNTHETIC_PROTOTYPE
PR-0115-2,MPLADS-SYN-0115,2026-08-13,56,57,Implementing Agency,SYNTHETIC_PROTOTYPE
PR-0115-3,MPLADS-SYN-0115,2026-09-08,88,88,Implementing Agency,SYNTHETIC_PROTOTYPE
PR-0116-1,MPLADS-SYN-0116,2026-04-29,23,19,Field Officer,SYNTHETIC_PROTOTYPE
PR-0116-2,MPLADS-SYN-0116,2026-07-12,35,46,Implementing Agency,SYNTHETIC_PROTOTYPE
PR-0116-3,MPLADS-SYN-0116,2026-09-26,57,74,Implementing Agency,SYNTHETIC_PROTOTYPE
PR-0117-1,MPLADS-SYN-0117,2026-08-06,23,29,District Authority,SYNTHETIC_PROTOTYPE
PR-0117-2,MPLADS-SYN-0117,2026-09-09,46,53,Field Officer,SYNTHETIC_PROTOTYPE
PR-0117-3,MPLADS-SYN-0117,2026-10-14,71,79,Field Officer,SYNTHETIC_PROTOTYPE
PR-0118-1,MPLADS-SYN-0118,2026-08-17,24,19,Implementing Agency,SYNTHETIC_PROTOTYPE
PR-0118-2,MPLADS-SYN-0118,2026-11-03,46,43,Field Officer,SYNTHETIC_PROTOTYPE
PR-0118-3,MPLADS-SYN-0118,2027-01-23,70,64,District Authority,SYNTHETIC_PROTOTYPE
PR-0119-1,MPLADS-SYN-0119,2026-04-04,25,29,Field Officer,SYNTHETIC_PROTOTYPE
PR-0119-2,MPLADS-SYN-0119,2026-05-13,47,51,Field Officer,SYNTHETIC_PROTOTYPE
PR-0119-3,MPLADS-SYN-0119,2026-06-23,74,75,Implementing Agency,SYNTHETIC_PROTOTYPE
PR-0120-1,MPLADS-SYN-0120,2026-05-03,14,16,District Authority,SYNTHETIC_PROTOTYPE
PR-0120-2,MPLADS-SYN-0120,2026-05-29,28,30,District Authority,SYNTHETIC_PROTOTYPE
PR-0120-3,MPLADS-SYN-0120,2026-06-25,40,54,Field Officer,SYNTHETIC_PROTOTYPE
PR-0121-1,MPLADS-SYN-0121,2026-02-11,23,24,Field Officer,SYNTHETIC_PROTOTYPE
PR-0121-2,MPLADS-SYN-0121,2026-03-17,43,45,Implementing Agency,SYNTHETIC_PROTOTYPE
PR-0121-3,MPLADS-SYN-0121,2026-04-22,64,76,Implementing Agency,SYNTHETIC_PROTOTYPE
PR-0122-1,MPLADS-SYN-0122,2026-03-03,13,10,Implementing Agency,SYNTHETIC_PROTOTYPE
PR-0122-2,MPLADS-SYN-0122,2026-04-13,24,29,Field Officer,SYNTHETIC_PROTOTYPE
PR-0122-3,MPLADS-SYN-0122,2026-05-26,33,41,Implementing Agency,SYNTHETIC_PROTOTYPE
PR-0123-1,MPLADS-SYN-0123,2026-03-24,16,29,Implementing Agency,SYNTHETIC_PROTOTYPE
PR-0123-2,MPLADS-SYN-0123,2026-05-10,26,55,Implementing Agency,SYNTHETIC_PROTOTYPE
PR-0123-3,MPLADS-SYN-0123,2026-06-27,39,84,Field Officer,SYNTHETIC_PROTOTYPE
PR-0124-1,MPLADS-SYN-0124,2026-10-20,28,26,Field Officer,SYNTHETIC_PROTOTYPE
PR-0124-2,MPLADS-SYN-0124,2026-12-20,59,53,Field Officer,SYNTHETIC_PROTOTYPE
PR-0124-3,MPLADS-SYN-0124,2027-02-21,80,79,Implementing Agency,SYNTHETIC_PROTOTYPE
PR-0125-1,MPLADS-SYN-0125,2026-05-06,22,14,District Authority,SYNTHETIC_PROTOTYPE
PR-0125-2,MPLADS-SYN-0125,2026-06-29,48,26,Implementing Agency,SYNTHETIC_PROTOTYPE
PR-0125-3,MPLADS-SYN-0125,2026-08-25,74,48,Field Officer,SYNTHETIC_PROTOTYPE
PR-0126-1,MPLADS-SYN-0126,2026-03-22,17,16,Field Officer,SYNTHETIC_PROTOTYPE
PR-0126-2,MPLADS-SYN-0126,2026-05-22,30,31,Implementing Agency,SYNTHETIC_PROTOTYPE
PR-0126-3,MPLADS-SYN-0126,2026-07-25,38,47,Implementing Agency,SYNTHETIC_PROTOTYPE
PR-0127-1,MPLADS-SYN-0127,2026-07-08,17,19,Field Officer,SYNTHETIC_PROTOTYPE
PR-0127-2,MPLADS-SYN-0127,2026-08-02,26,34,Field Officer,SYNTHETIC_PROTOTYPE
PR-0127-3,MPLADS-SYN-0127,2026-08-29,38,51,Field Officer,SYNTHETIC_PROTOTYPE
PR-0128-1,MPLADS-SYN-0128,2026-04-30,13,30,District Authority,SYNTHETIC_PROTOTYPE
PR-0128-2,MPLADS-SYN-0128,2026-05-30,39,57,Implementing Agency,SYNTHETIC_PROTOTYPE
PR-0128-3,MPLADS-SYN-0128,2026-06-30,53,88,District Authority,SYNTHETIC_PROTOTYPE
PR-0129-1,MPLADS-SYN-0129,2026-08-08,7,14,District Authority,SYNTHETIC_PROTOTYPE
PR-0129-2,MPLADS-SYN-0129,2026-10-01,13,25,District Authority,SYNTHETIC_PROTOTYPE
PR-0129-3,MPLADS-SYN-0129,2026-11-27,21,43,District Authority,SYNTHETIC_PROTOTYPE
PR-0130-1,MPLADS-SYN-0130,2026-04-24,26,21,District Authority,SYNTHETIC_PROTOTYPE
PR-0130-2,MPLADS-SYN-0130,2026-06-12,57,54,Implementing Agency,SYNTHETIC_PROTOTYPE
PR-0130-3,MPLADS-SYN-0130,2026-08-01,80,77,Implementing Agency,SYNTHETIC_PROTOTYPE
PR-0131-1,MPLADS-SYN-0131,2026-08-03,18,15,Implementing Agency,SYNTHETIC_PROTOTYPE
PR-0131-2,MPLADS-SYN-0131,2026-09-19,27,20,District Authority,SYNTHETIC_PROTOTYPE
PR-0131-3,MPLADS-SYN-0131,2026-11-06,41,34,District Authority,SYNTHETIC_PROTOTYPE
PR-0132-1,MPLADS-SYN-0132,2026-10-01,32,32,Implementing Agency,SYNTHETIC_PROTOTYPE
PR-0132-2,MPLADS-SYN-0132,2026-11-28,63,61,District Authority,SYNTHETIC_PROTOTYPE
PR-0132-3,MPLADS-SYN-0132,2027-01-27,98,88,Implementing Agency,SYNTHETIC_PROTOTYPE
PR-0133-1,MPLADS-SYN-0133,2026-09-19,9,19,District Authority,SYNTHETIC_PROTOTYPE
PR-0133-2,MPLADS-SYN-0133,2026-11-26,29,30,District Authority,SYNTHETIC_PROTOTYPE
PR-0133-3,MPLADS-SYN-0133,2027-02-04,37,51,District Authority,SYNTHETIC_PROTOTYPE
PR-0134-1,MPLADS-SYN-0134,2026-09-26,29,28,Field Officer,SYNTHETIC_PROTOTYPE
PR-0134-2,MPLADS-SYN-0134,2026-12-03,52,67,District Authority,SYNTHETIC_PROTOTYPE
PR-0134-3,MPLADS-SYN-0134,2027-02-12,83,96,Implementing Agency,SYNTHETIC_PROTOTYPE
PR-0135-1,MPLADS-SYN-0135,2026-07-16,13,7,Implementing Agency,SYNTHETIC_PROTOTYPE
PR-0135-2,MPLADS-SYN-0135,2026-08-18,21,21,District Authority,SYNTHETIC_PROTOTYPE
PR-0135-3,MPLADS-SYN-0135,2026-09-21,38,28,District Authority,SYNTHETIC_PROTOTYPE
PR-0136-1,MPLADS-SYN-0136,2026-04-08,23,29,Implementing Agency,SYNTHETIC_PROTOTYPE
PR-0136-2,MPLADS-SYN-0136,2026-06-06,48,53,Field Officer,SYNTHETIC_PROTOTYPE
PR-0136-3,MPLADS-SYN-0136,2026-08-07,72,78,District Authority,SYNTHETIC_PROTOTYPE
PR-0137-1,MPLADS-SYN-0137,2026-06-19,14,17,District Authority,SYNTHETIC_PROTOTYPE
PR-0137-2,MPLADS-SYN-0137,2026-07-30,27,40,Implementing Agency,SYNTHETIC_PROTOTYPE
PR-0137-3,MPLADS-SYN-0137,2026-09-11,45,52,Implementing Agency,SYNTHETIC_PROTOTYPE
PR-0138-1,MPLADS-SYN-0138,2026-06-29,6,28,Field Officer,SYNTHETIC_PROTOTYPE
PR-0138-2,MPLADS-SYN-0138,2026-09-14,5,52,Field Officer,SYNTHETIC_PROTOTYPE
PR-0138-3,MPLADS-SYN-0138,2026-12-03,16,86,Field Officer,SYNTHETIC_PROTOTYPE
PR-0139-1,MPLADS-SYN-0139,2026-04-12,15,9,Implementing Agency,SYNTHETIC_PROTOTYPE
PR-0139-2,MPLADS-SYN-0139,2026-06-21,25,22,District Authority,SYNTHETIC_PROTOTYPE
PR-0139-3,MPLADS-SYN-0139,2026-09-02,45,31,Field Officer,SYNTHETIC_PROTOTYPE
PR-0140-1,MPLADS-SYN-0140,2026-04-11,17,14,Implementing Agency,SYNTHETIC_PROTOTYPE
PR-0140-2,MPLADS-SYN-0140,2026-06-15,42,37,Implementing Agency,SYNTHETIC_PROTOTYPE
PR-0140-3,MPLADS-SYN-0140,2026-08-22,68,51,Field Officer,SYNTHETIC_PROTOTYPE
PR-0141-1,MPLADS-SYN-0141,2026-08-27,16,24,District Authority,SYNTHETIC_PROTOTYPE
PR-0141-2,MPLADS-SYN-0141,2026-11-12,37,40,Field Officer,SYNTHETIC_PROTOTYPE
PR-0141-3,MPLADS-SYN-0141,2027-01-31,54,67,Field Officer,SYNTHETIC_PROTOTYPE
PR-0142-1,MPLADS-SYN-0142,2026-02-19,32,29,Field Officer,SYNTHETIC_PROTOTYPE
PR-0142-2,MPLADS-SYN-0142,2026-04-08,55,60,Implementing Agency,SYNTHETIC_PROTOTYPE
PR-0142-3,MPLADS-SYN-0142,2026-05-28,84,99,Field Officer,SYNTHETIC_PROTOTYPE
PR-0143-1,MPLADS-SYN-0143,2026-05-09,19,14,Implementing Agency,SYNTHETIC_PROTOTYPE
PR-0143-2,MPLADS-SYN-0143,2026-06-15,34,32,Implementing Agency,SYNTHETIC_PROTOTYPE
PR-0143-3,MPLADS-SYN-0143,2026-07-23,52,48,Implementing Agency,SYNTHETIC_PROTOTYPE
PR-0144-1,MPLADS-SYN-0144,2026-09-16,17,19,Field Officer,SYNTHETIC_PROTOTYPE
PR-0144-2,MPLADS-SYN-0144,2026-10-13,32,33,Field Officer,SYNTHETIC_PROTOTYPE
PR-0144-3,MPLADS-SYN-0144,2026-11-10,49,46,Implementing Agency,SYNTHETIC_PROTOTYPE
PR-0145-1,MPLADS-SYN-0145,2026-04-06,17,14,Implementing Agency,SYNTHETIC_PROTOTYPE
PR-0145-2,MPLADS-SYN-0145,2026-06-02,38,33,District Authority,SYNTHETIC_PROTOTYPE
PR-0145-3,MPLADS-SYN-0145,2026-07-31,54,49,District Authority,SYNTHETIC_PROTOTYPE
PR-0146-1,MPLADS-SYN-0146,2026-05-31,32,34,District Authority,SYNTHETIC_PROTOTYPE
PR-0146-2,MPLADS-SYN-0146,2026-08-10,54,64,Field Officer,SYNTHETIC_PROTOTYPE
PR-0146-3,MPLADS-SYN-0146,2026-10-23,88,94,District Authority,SYNTHETIC_PROTOTYPE
PR-0147-1,MPLADS-SYN-0147,2026-05-18,26,24,Field Officer,SYNTHETIC_PROTOTYPE
PR-0147-2,MPLADS-SYN-0147,2026-06-14,48,50,District Authority,SYNTHETIC_PROTOTYPE
PR-0147-3,MPLADS-SYN-0147,2026-07-13,74,75,Field Officer,SYNTHETIC_PROTOTYPE
PR-0148-1,MPLADS-SYN-0148,2026-08-25,24,26,Field Officer,SYNTHETIC_PROTOTYPE
PR-0148-2,MPLADS-SYN-0148,2026-11-05,43,57,Field Officer,SYNTHETIC_PROTOTYPE
PR-0148-3,MPLADS-SYN-0148,2027-01-19,69,81,District Authority,SYNTHETIC_PROTOTYPE
PR-0149-1,MPLADS-SYN-0149,2026-04-05,29,30,Field Officer,SYNTHETIC_PROTOTYPE
PR-0149-2,MPLADS-SYN-0149,2026-05-01,63,54,District Authority,SYNTHETIC_PROTOTYPE
PR-0149-3,MPLADS-SYN-0149,2026-05-28,91,88,District Authority,SYNTHETIC_PROTOTYPE
PR-0150-1,MPLADS-SYN-0150,2026-06-16,10,26,Field Officer,SYNTHETIC_PROTOTYPE
PR-0150-2,MPLADS-SYN-0150,2026-07-28,13,60,District Authority,SYNTHETIC_PROTOTYPE
PR-0150-3,MPLADS-SYN-0150,2026-09-09,22,84,Field Officer,SYNTHETIC_PROTOTYPE
PR-0151-1,MPLADS-SYN-0151,2026-06-25,24,22,Field Officer,SYNTHETIC_PROTOTYPE
PR-0151-2,MPLADS-SYN-0151,2026-07-15,39,45,Implementing Agency,SYNTHETIC_PROTOTYPE
PR-0151-3,MPLADS-SYN-0151,2026-08-05,63,68,Implementing Agency,SYNTHETIC_PROTOTYPE
PR-0152-1,MPLADS-SYN-0152,2026-03-13,14,15,Implementing Agency,SYNTHETIC_PROTOTYPE
PR-0152-2,MPLADS-SYN-0152,2026-05-02,22,25,Field Officer,SYNTHETIC_PROTOTYPE
PR-0152-3,MPLADS-SYN-0152,2026-06-23,37,37,District Authority,SYNTHETIC_PROTOTYPE
PR-0153-1,MPLADS-SYN-0153,2026-04-11,14,34,Field Officer,SYNTHETIC_PROTOTYPE
PR-0153-2,MPLADS-SYN-0153,2026-05-16,25,60,Implementing Agency,SYNTHETIC_PROTOTYPE
PR-0153-3,MPLADS-SYN-0153,2026-06-22,30,91,District Authority,SYNTHETIC_PROTOTYPE
PR-0154-1,MPLADS-SYN-0154,2026-07-13,15,7,District Authority,SYNTHETIC_PROTOTYPE
PR-0154-2,MPLADS-SYN-0154,2026-09-20,29,27,Field Officer,SYNTHETIC_PROTOTYPE
PR-0154-3,MPLADS-SYN-0154,2026-11-30,42,40,Implementing Agency,SYNTHETIC_PROTOTYPE
PR-0155-1,MPLADS-SYN-0155,2026-04-24,33,36,Implementing Agency,SYNTHETIC_PROTOTYPE
PR-0155-2,MPLADS-SYN-0155,2026-06-01,59,64,Implementing Agency,SYNTHETIC_PROTOTYPE
PR-0155-3,MPLADS-SYN-0155,2026-07-11,98,100,District Authority,SYNTHETIC_PROTOTYPE
PR-0156-1,MPLADS-SYN-0156,2026-08-07,9,10,Implementing Agency,SYNTHETIC_PROTOTYPE
PR-0156-2,MPLADS-SYN-0156,2026-09-12,26,25,Implementing Agency,SYNTHETIC_PROTOTYPE
PR-0156-3,MPLADS-SYN-0156,2026-10-20,43,36,Implementing Agency,SYNTHETIC_PROTOTYPE
PR-0157-1,MPLADS-SYN-0157,2026-10-29,20,16,District Authority,SYNTHETIC_PROTOTYPE
PR-0157-2,MPLADS-SYN-0157,2027-01-16,34,41,Implementing Agency,SYNTHETIC_PROTOTYPE
PR-0157-3,MPLADS-SYN-0157,2027-04-07,61,57,District Authority,SYNTHETIC_PROTOTYPE
PR-0158-1,MPLADS-SYN-0158,2026-09-19,17,17,District Authority,SYNTHETIC_PROTOTYPE
PR-0158-2,MPLADS-SYN-0158,2026-10-17,38,41,Implementing Agency,SYNTHETIC_PROTOTYPE
PR-0158-3,MPLADS-SYN-0158,2026-11-16,62,59,Implementing Agency,SYNTHETIC_PROTOTYPE
PR-0159-1,MPLADS-SYN-0159,2026-07-20,10,20,Field Officer,SYNTHETIC_PROTOTYPE
PR-0159-2,MPLADS-SYN-0159,2026-09-03,26,43,Field Officer,SYNTHETIC_PROTOTYPE
PR-0159-3,MPLADS-SYN-0159,2026-10-20,36,65,District Authority,SYNTHETIC_PROTOTYPE
PR-0160-1,MPLADS-SYN-0160,2026-10-21,20,18,Implementing Agency,SYNTHETIC_PROTOTYPE
PR-0160-2,MPLADS-SYN-0160,2026-12-27,34,42,District Authority,SYNTHETIC_PROTOTYPE
PR-0160-3,MPLADS-SYN-0160,2027-03-07,60,64,Field Officer,SYNTHETIC_PROTOTYPE
PR-0161-1,MPLADS-SYN-0161,2026-07-30,16,18,District Authority,SYNTHETIC_PROTOTYPE
PR-0161-2,MPLADS-SYN-0161,2026-08-20,41,42,Field Officer,SYNTHETIC_PROTOTYPE
PR-0161-3,MPLADS-SYN-0161,2026-09-12,60,57,Field Officer,SYNTHETIC_PROTOTYPE
PR-0162-1,MPLADS-SYN-0162,2026-06-30,20,30,Implementing Agency,SYNTHETIC_PROTOTYPE
PR-0162-2,MPLADS-SYN-0162,2026-08-14,51,51,Field Officer,SYNTHETIC_PROTOTYPE
PR-0162-3,MPLADS-SYN-0162,2026-09-30,77,80,Field Officer,SYNTHETIC_PROTOTYPE
PR-0163-1,MPLADS-SYN-0163,2026-06-07,8,9,District Authority,SYNTHETIC_PROTOTYPE
PR-0163-2,MPLADS-SYN-0163,2026-08-05,21,30,Implementing Agency,SYNTHETIC_PROTOTYPE
PR-0163-3,MPLADS-SYN-0163,2026-10-05,28,43,Implementing Agency,SYNTHETIC_PROTOTYPE
PR-0164-1,MPLADS-SYN-0164,2026-08-18,8,11,District Authority,SYNTHETIC_PROTOTYPE
PR-0164-2,MPLADS-SYN-0164,2026-10-26,24,27,District Authority,SYNTHETIC_PROTOTYPE
PR-0164-3,MPLADS-SYN-0164,2027-01-06,29,41,Field Officer,SYNTHETIC_PROTOTYPE
PR-0165-1,MPLADS-SYN-0165,2026-08-22,17,10,District Authority,SYNTHETIC_PROTOTYPE
PR-0165-2,MPLADS-SYN-0165,2026-10-14,28,31,District Authority,SYNTHETIC_PROTOTYPE
PR-0165-3,MPLADS-SYN-0165,2026-12-08,50,44,Field Officer,SYNTHETIC_PROTOTYPE
PR-0166-1,MPLADS-SYN-0166,2026-06-05,8,27,Implementing Agency,SYNTHETIC_PROTOTYPE
PR-0166-2,MPLADS-SYN-0166,2026-08-22,12,56,District Authority,SYNTHETIC_PROTOTYPE
PR-0166-3,MPLADS-SYN-0166,2026-11-10,21,85,District Authority,SYNTHETIC_PROTOTYPE
PR-0167-1,MPLADS-SYN-0167,2026-05-22,17,13,District Authority,SYNTHETIC_PROTOTYPE
PR-0167-2,MPLADS-SYN-0167,2026-07-05,29,27,District Authority,SYNTHETIC_PROTOTYPE
PR-0167-3,MPLADS-SYN-0167,2026-08-20,48,46,Field Officer,SYNTHETIC_PROTOTYPE
PR-0168-1,MPLADS-SYN-0168,2026-09-01,16,17,Implementing Agency,SYNTHETIC_PROTOTYPE
PR-0168-2,MPLADS-SYN-0168,2026-10-24,27,30,Field Officer,SYNTHETIC_PROTOTYPE
PR-0168-3,MPLADS-SYN-0168,2026-12-18,50,46,Implementing Agency,SYNTHETIC_PROTOTYPE
PR-0169-1,MPLADS-SYN-0169,2026-04-30,29,21,Field Officer,SYNTHETIC_PROTOTYPE
PR-0169-2,MPLADS-SYN-0169,2026-06-28,56,43,District Authority,SYNTHETIC_PROTOTYPE
PR-0169-3,MPLADS-SYN-0169,2026-08-29,82,58,Field Officer,SYNTHETIC_PROTOTYPE
PR-0170-1,MPLADS-SYN-0170,2026-03-15,25,20,Field Officer,SYNTHETIC_PROTOTYPE
PR-0170-2,MPLADS-SYN-0170,2026-04-17,52,49,Field Officer,SYNTHETIC_PROTOTYPE
PR-0170-3,MPLADS-SYN-0170,2026-05-21,73,72,Implementing Agency,SYNTHETIC_PROTOTYPE
PR-0171-1,MPLADS-SYN-0171,2026-07-31,21,25,Implementing Agency,SYNTHETIC_PROTOTYPE
PR-0171-2,MPLADS-SYN-0171,2026-10-10,45,47,Field Officer,SYNTHETIC_PROTOTYPE
PR-0171-3,MPLADS-SYN-0171,2026-12-22,64,72,Field Officer,SYNTHETIC_PROTOTYPE
PR-0172-1,MPLADS-SYN-0172,2026-04-06,27,18,Implementing Agency,SYNTHETIC_PROTOTYPE
PR-0172-2,MPLADS-SYN-0172,2026-06-08,49,43,Implementing Agency,SYNTHETIC_PROTOTYPE
PR-0172-3,MPLADS-SYN-0172,2026-08-12,73,65,Implementing Agency,SYNTHETIC_PROTOTYPE
PR-0173-1,MPLADS-SYN-0173,2026-09-30,26,26,Implementing Agency,SYNTHETIC_PROTOTYPE
PR-0173-2,MPLADS-SYN-0173,2026-12-10,50,55,Implementing Agency,SYNTHETIC_PROTOTYPE
PR-0173-3,MPLADS-SYN-0173,2027-02-21,76,86,Field Officer,SYNTHETIC_PROTOTYPE
PR-0174-1,MPLADS-SYN-0174,2026-05-21,27,32,District Authority,SYNTHETIC_PROTOTYPE
PR-0174-2,MPLADS-SYN-0174,2026-07-05,45,60,District Authority,SYNTHETIC_PROTOTYPE
PR-0174-3,MPLADS-SYN-0174,2026-08-20,78,91,Field Officer,SYNTHETIC_PROTOTYPE
PR-0175-1,MPLADS-SYN-0175,2026-09-18,18,20,District Authority,SYNTHETIC_PROTOTYPE
PR-0175-2,MPLADS-SYN-0175,2026-11-02,37,46,Implementing Agency,SYNTHETIC_PROTOTYPE
PR-0175-3,MPLADS-SYN-0175,2026-12-18,59,65,Implementing Agency,SYNTHETIC_PROTOTYPE
PR-0176-1,MPLADS-SYN-0176,2026-03-14,32,22,Implementing Agency,SYNTHETIC_PROTOTYPE
PR-0176-2,MPLADS-SYN-0176,2026-05-11,53,50,District Authority,SYNTHETIC_PROTOTYPE
PR-0176-3,MPLADS-SYN-0176,2026-07-11,83,78,Field Officer,SYNTHETIC_PROTOTYPE
PR-0177-1,MPLADS-SYN-0177,2026-09-06,19,9,Implementing Agency,SYNTHETIC_PROTOTYPE
PR-0177-2,MPLADS-SYN-0177,2026-10-30,32,26,District Authority,SYNTHETIC_PROTOTYPE
PR-0177-3,MPLADS-SYN-0177,2026-12-25,46,40,Implementing Agency,SYNTHETIC_PROTOTYPE
PR-0178-1,MPLADS-SYN-0178,2026-07-13,18,18,Field Officer,SYNTHETIC_PROTOTYPE
PR-0178-2,MPLADS-SYN-0178,2026-08-12,44,43,District Authority,SYNTHETIC_PROTOTYPE
PR-0178-3,MPLADS-SYN-0178,2026-09-13,70,72,Implementing Agency,SYNTHETIC_PROTOTYPE
PR-0179-1,MPLADS-SYN-0179,2026-05-13,30,31,Implementing Agency,SYNTHETIC_PROTOTYPE
PR-0179-2,MPLADS-SYN-0179,2026-07-03,54,54,District Authority,SYNTHETIC_PROTOTYPE
PR-0179-3,MPLADS-SYN-0179,2026-08-26,85,91,Implementing Agency,SYNTHETIC_PROTOTYPE
PR-0180-1,MPLADS-SYN-0180,2026-08-13,23,20,District Authority,SYNTHETIC_PROTOTYPE
PR-0180-2,MPLADS-SYN-0180,2026-10-23,47,36,Implementing Agency,SYNTHETIC_PROTOTYPE
PR-0180-3,MPLADS-SYN-0180,2027-01-04,66,64,Implementing Agency,SYNTHETIC_PROTOTYPE
PR-0181-1,MPLADS-SYN-0181,2026-10-18,25,29,Implementing Agency,SYNTHETIC_PROTOTYPE
PR-0181-2,MPLADS-SYN-0181,2026-12-14,51,50,Field Officer,SYNTHETIC_PROTOTYPE
PR-0181-3,MPLADS-SYN-0181,2027-02-12,71,75,Field Officer,SYNTHETIC_PROTOTYPE
PR-0182-1,MPLADS-SYN-0182,2026-06-16,25,21,District Authority,SYNTHETIC_PROTOTYPE
PR-0182-2,MPLADS-SYN-0182,2026-07-26,47,49,District Authority,SYNTHETIC_PROTOTYPE
PR-0182-3,MPLADS-SYN-0182,2026-09-06,65,82,District Authority,SYNTHETIC_PROTOTYPE
PR-0183-1,MPLADS-SYN-0183,2026-06-17,17,25,Field Officer,SYNTHETIC_PROTOTYPE
PR-0183-2,MPLADS-SYN-0183,2026-08-19,41,42,District Authority,SYNTHETIC_PROTOTYPE
PR-0183-3,MPLADS-SYN-0183,2026-10-23,68,68,Implementing Agency,SYNTHETIC_PROTOTYPE
PR-0184-1,MPLADS-SYN-0184,2026-03-25,14,20,Field Officer,SYNTHETIC_PROTOTYPE
PR-0184-2,MPLADS-SYN-0184,2026-04-19,41,41,District Authority,SYNTHETIC_PROTOTYPE
PR-0184-3,MPLADS-SYN-0184,2026-05-15,54,69,Field Officer,SYNTHETIC_PROTOTYPE
PR-0185-1,MPLADS-SYN-0185,2026-08-18,13,19,Implementing Agency,SYNTHETIC_PROTOTYPE
PR-0185-2,MPLADS-SYN-0185,2026-11-04,20,34,Implementing Agency,SYNTHETIC_PROTOTYPE
PR-0185-3,MPLADS-SYN-0185,2027-01-24,38,43,District Authority,SYNTHETIC_PROTOTYPE
PR-0186-1,MPLADS-SYN-0186,2026-11-10,11,17,Implementing Agency,SYNTHETIC_PROTOTYPE
PR-0186-2,MPLADS-SYN-0186,2027-01-28,25,23,Field Officer,SYNTHETIC_PROTOTYPE
PR-0186-3,MPLADS-SYN-0186,2027-04-20,40,37,Implementing Agency,SYNTHETIC_PROTOTYPE
PR-0187-1,MPLADS-SYN-0187,2026-10-05,26,33,Implementing Agency,SYNTHETIC_PROTOTYPE
PR-0187-2,MPLADS-SYN-0187,2026-11-24,62,60,Field Officer,SYNTHETIC_PROTOTYPE
PR-0187-3,MPLADS-SYN-0187,2027-01-15,89,95,Field Officer,SYNTHETIC_PROTOTYPE
PR-0188-1,MPLADS-SYN-0188,2026-09-18,17,12,Implementing Agency,SYNTHETIC_PROTOTYPE
PR-0188-2,MPLADS-SYN-0188,2026-10-18,42,20,Implementing Agency,SYNTHETIC_PROTOTYPE
PR-0188-3,MPLADS-SYN-0188,2026-11-18,61,24,Field Officer,SYNTHETIC_PROTOTYPE
PR-0189-1,MPLADS-SYN-0189,2026-03-26,24,25,Implementing Agency,SYNTHETIC_PROTOTYPE
PR-0189-2,MPLADS-SYN-0189,2026-05-01,51,59,Field Officer,SYNTHETIC_PROTOTYPE
PR-0189-3,MPLADS-SYN-0189,2026-06-08,83,94,Field Officer,SYNTHETIC_PROTOTYPE
PR-0190-1,MPLADS-SYN-0190,2026-11-06,16,23,Implementing Agency,SYNTHETIC_PROTOTYPE
PR-0190-2,MPLADS-SYN-0190,2027-01-23,36,39,Field Officer,SYNTHETIC_PROTOTYPE
PR-0190-3,MPLADS-SYN-0190,2027-04-14,60,64,Field Officer,SYNTHETIC_PROTOTYPE
PR-0191-1,MPLADS-SYN-0191,2026-02-12,25,29,District Authority,SYNTHETIC_PROTOTYPE
PR-0191-2,MPLADS-SYN-0191,2026-03-20,55,59,Field Officer,SYNTHETIC_PROTOTYPE
PR-0191-3,MPLADS-SYN-0191,2026-04-27,87,98,Field Officer,SYNTHETIC_PROTOTYPE
PR-0192-1,MPLADS-SYN-0192,2026-06-08,34,27,Implementing Agency,SYNTHETIC_PROTOTYPE
PR-0192-2,MPLADS-SYN-0192,2026-07-29,62,54,Implementing Agency,SYNTHETIC_PROTOTYPE
PR-0192-3,MPLADS-SYN-0192,2026-09-21,93,82,Field Officer,SYNTHETIC_PROTOTYPE
PR-0193-1,MPLADS-SYN-0193,2026-05-20,12,14,District Authority,SYNTHETIC_PROTOTYPE
PR-0193-2,MPLADS-SYN-0193,2026-06-27,31,38,District Authority,SYNTHETIC_PROTOTYPE
PR-0193-3,MPLADS-SYN-0193,2026-08-06,42,48,District Authority,SYNTHETIC_PROTOTYPE
PR-0194-1,MPLADS-SYN-0194,2026-06-08,12,32,Implementing Agency,SYNTHETIC_PROTOTYPE
PR-0194-2,MPLADS-SYN-0194,2026-07-26,17,64,District Authority,SYNTHETIC_PROTOTYPE
PR-0194-3,MPLADS-SYN-0194,2026-09-13,29,99,Field Officer,SYNTHETIC_PROTOTYPE
PR-0195-1,MPLADS-SYN-0195,2026-02-12,27,34,District Authority,SYNTHETIC_PROTOTYPE
PR-0195-2,MPLADS-SYN-0195,2026-03-15,58,68,District Authority,SYNTHETIC_PROTOTYPE
PR-0195-3,MPLADS-SYN-0195,2026-04-17,87,93,Field Officer,SYNTHETIC_PROTOTYPE
PR-0196-1,MPLADS-SYN-0196,2026-05-18,13,18,Field Officer,SYNTHETIC_PROTOTYPE
PR-0196-2,MPLADS-SYN-0196,2026-08-04,33,33,District Authority,SYNTHETIC_PROTOTYPE
PR-0196-3,MPLADS-SYN-0196,2026-10-24,40,57,Field Officer,SYNTHETIC_PROTOTYPE
PR-0197-1,MPLADS-SYN-0197,2026-09-14,19,21,Field Officer,SYNTHETIC_PROTOTYPE
PR-0197-2,MPLADS-SYN-0197,2026-10-21,29,33,District Authority,SYNTHETIC_PROTOTYPE
PR-0197-3,MPLADS-SYN-0197,2026-11-28,53,57,Field Officer,SYNTHETIC_PROTOTYPE
PR-0198-1,MPLADS-SYN-0198,2026-03-10,17,10,Implementing Agency,SYNTHETIC_PROTOTYPE
PR-0198-2,MPLADS-SYN-0198,2026-04-05,32,30,District Authority,SYNTHETIC_PROTOTYPE
PR-0198-3,MPLADS-SYN-0198,2026-05-02,47,42,District Authority,SYNTHETIC_PROTOTYPE
PR-0199-1,MPLADS-SYN-0199,2026-07-07,16,11,Field Officer,SYNTHETIC_PROTOTYPE
PR-0199-2,MPLADS-SYN-0199,2026-09-10,38,29,District Authority,SYNTHETIC_PROTOTYPE
PR-0199-3,MPLADS-SYN-0199,2026-11-16,48,50,Field Officer,SYNTHETIC_PROTOTYPE
PR-0200-1,MPLADS-SYN-0200,2026-04-25,26,20,Implementing Agency,SYNTHETIC_PROTOTYPE
PR-0200-2,MPLADS-SYN-0200,2026-06-19,47,43,District Authority,SYNTHETIC_PROTOTYPE
PR-0200-3,MPLADS-SYN-0200,2026-08-15,75,68,Implementing Agency,SYNTHETIC_PROTOTYPE
PR-0201-1,MPLADS-SYN-0201,2026-08-21,21,21,Field Officer,SYNTHETIC_PROTOTYPE
PR-0201-2,MPLADS-SYN-0201,2026-10-20,41,50,Implementing Agency,SYNTHETIC_PROTOTYPE
PR-0201-3,MPLADS-SYN-0201,2026-12-22,69,76,Field Officer,SYNTHETIC_PROTOTYPE
PR-0202-1,MPLADS-SYN-0202,2026-03-12,10,32,Implementing Agency,SYNTHETIC_PROTOTYPE
PR-0202-2,MPLADS-SYN-0202,2026-05-06,22,55,Field Officer,SYNTHETIC_PROTOTYPE
PR-0202-3,MPLADS-SYN-0202,2026-07-02,38,89,District Authority,SYNTHETIC_PROTOTYPE
PR-0203-1,MPLADS-SYN-0203,2026-07-15,22,21,Field Officer,SYNTHETIC_PROTOTYPE
PR-0203-2,MPLADS-SYN-0203,2026-09-10,40,37,District Authority,SYNTHETIC_PROTOTYPE
PR-0203-3,MPLADS-SYN-0203,2026-11-09,54,62,District Authority,SYNTHETIC_PROTOTYPE
PR-0204-1,MPLADS-SYN-0204,2026-03-04,16,22,Implementing Agency,SYNTHETIC_PROTOTYPE
PR-0204-2,MPLADS-SYN-0204,2026-05-05,36,42,Field Officer,SYNTHETIC_PROTOTYPE
PR-0204-3,MPLADS-SYN-0204,2026-07-08,58,60,District Authority,SYNTHETIC_PROTOTYPE
PR-0205-1,MPLADS-SYN-0205,2026-03-24,24,23,Implementing Agency,SYNTHETIC_PROTOTYPE
PR-0205-2,MPLADS-SYN-0205,2026-04-29,46,50,District Authority,SYNTHETIC_PROTOTYPE
PR-0205-3,MPLADS-SYN-0205,2026-06-05,68,82,Field Officer,SYNTHETIC_PROTOTYPE
PR-0206-1,MPLADS-SYN-0206,2026-04-29,26,35,Implementing Agency,SYNTHETIC_PROTOTYPE
PR-0206-2,MPLADS-SYN-0206,2026-06-04,59,63,District Authority,SYNTHETIC_PROTOTYPE
PR-0206-3,MPLADS-SYN-0206,2026-07-12,86,99,District Authority,SYNTHETIC_PROTOTYPE
PR-0207-1,MPLADS-SYN-0207,2026-02-28,33,27,Field Officer,SYNTHETIC_PROTOTYPE
PR-0207-2,MPLADS-SYN-0207,2026-04-17,57,55,District Authority,SYNTHETIC_PROTOTYPE
PR-0207-3,MPLADS-SYN-0207,2026-06-05,91,86,District Authority,SYNTHETIC_PROTOTYPE
PR-0208-1,MPLADS-SYN-0208,2026-05-23,11,15,Implementing Agency,SYNTHETIC_PROTOTYPE
PR-0208-2,MPLADS-SYN-0208,2026-07-30,29,29,Implementing Agency,SYNTHETIC_PROTOTYPE
PR-0208-3,MPLADS-SYN-0208,2026-10-09,39,38,Implementing Agency,SYNTHETIC_PROTOTYPE
PR-0209-1,MPLADS-SYN-0209,2026-04-11,29,27,Implementing Agency,SYNTHETIC_PROTOTYPE
PR-0209-2,MPLADS-SYN-0209,2026-05-29,49,50,Implementing Agency,SYNTHETIC_PROTOTYPE
PR-0209-3,MPLADS-SYN-0209,2026-07-18,76,73,Implementing Agency,SYNTHETIC_PROTOTYPE
PR-0210-1,MPLADS-SYN-0210,2026-05-31,20,24,Field Officer,SYNTHETIC_PROTOTYPE
PR-0210-2,MPLADS-SYN-0210,2026-08-15,45,40,Field Officer,SYNTHETIC_PROTOTYPE
PR-0210-3,MPLADS-SYN-0210,2026-11-01,64,62,Field Officer,SYNTHETIC_PROTOTYPE
PR-0211-1,MPLADS-SYN-0211,2026-05-07,20,21,District Authority,SYNTHETIC_PROTOTYPE
PR-0211-2,MPLADS-SYN-0211,2026-06-29,38,38,Implementing Agency,SYNTHETIC_PROTOTYPE
PR-0211-3,MPLADS-SYN-0211,2026-08-23,59,55,District Authority,SYNTHETIC_PROTOTYPE
PR-0212-1,MPLADS-SYN-0212,2026-03-29,18,18,Implementing Agency,SYNTHETIC_PROTOTYPE
PR-0212-2,MPLADS-SYN-0212,2026-04-26,36,30,Implementing Agency,SYNTHETIC_PROTOTYPE
PR-0212-3,MPLADS-SYN-0212,2026-05-25,63,54,District Authority,SYNTHETIC_PROTOTYPE
PR-0213-1,MPLADS-SYN-0213,2026-09-15,12,28,Field Officer,SYNTHETIC_PROTOTYPE
PR-0213-2,MPLADS-SYN-0213,2026-11-22,36,56,District Authority,SYNTHETIC_PROTOTYPE
PR-0213-3,MPLADS-SYN-0213,2027-02-01,46,84,Field Officer,SYNTHETIC_PROTOTYPE
PR-0214-1,MPLADS-SYN-0214,2026-05-28,26,30,Field Officer,SYNTHETIC_PROTOTYPE
PR-0214-2,MPLADS-SYN-0214,2026-08-11,57,59,District Authority,SYNTHETIC_PROTOTYPE
PR-0214-3,MPLADS-SYN-0214,2026-10-28,89,88,Implementing Agency,SYNTHETIC_PROTOTYPE
PR-0215-1,MPLADS-SYN-0215,2026-06-29,17,24,Field Officer,SYNTHETIC_PROTOTYPE
PR-0215-2,MPLADS-SYN-0215,2026-08-20,39,49,Field Officer,SYNTHETIC_PROTOTYPE
PR-0215-3,MPLADS-SYN-0215,2026-10-13,66,72,District Authority,SYNTHETIC_PROTOTYPE
PR-0216-1,MPLADS-SYN-0216,2026-08-28,4,17,District Authority,SYNTHETIC_PROTOTYPE
PR-0216-2,MPLADS-SYN-0216,2026-10-18,15,31,District Authority,SYNTHETIC_PROTOTYPE
PR-0216-3,MPLADS-SYN-0216,2026-12-11,21,38,Implementing Agency,SYNTHETIC_PROTOTYPE
PR-0217-1,MPLADS-SYN-0217,2026-08-24,17,12,Implementing Agency,SYNTHETIC_PROTOTYPE
PR-0217-2,MPLADS-SYN-0217,2026-10-02,32,28,Field Officer,SYNTHETIC_PROTOTYPE
PR-0217-3,MPLADS-SYN-0217,2026-11-12,55,51,District Authority,SYNTHETIC_PROTOTYPE
PR-0218-1,MPLADS-SYN-0218,2026-03-18,8,13,District Authority,SYNTHETIC_PROTOTYPE
PR-0218-2,MPLADS-SYN-0218,2026-05-14,16,21,District Authority,SYNTHETIC_PROTOTYPE
PR-0218-3,MPLADS-SYN-0218,2026-07-13,33,27,District Authority,SYNTHETIC_PROTOTYPE
PR-0219-1,MPLADS-SYN-0219,2026-09-24,17,12,Field Officer,SYNTHETIC_PROTOTYPE
PR-0219-2,MPLADS-SYN-0219,2026-11-08,41,29,District Authority,SYNTHETIC_PROTOTYPE
PR-0219-3,MPLADS-SYN-0219,2026-12-25,54,50,Implementing Agency,SYNTHETIC_PROTOTYPE
PR-0220-1,MPLADS-SYN-0220,2026-05-03,22,26,District Authority,SYNTHETIC_PROTOTYPE
PR-0220-2,MPLADS-SYN-0220,2026-05-26,54,51,Field Officer,SYNTHETIC_PROTOTYPE
PR-0220-3,MPLADS-SYN-0220,2026-06-19,75,74,District Authority,SYNTHETIC_PROTOTYPE
PR-0221-1,MPLADS-SYN-0221,2026-06-16,21,22,Implementing Agency,SYNTHETIC_PROTOTYPE
PR-0221-2,MPLADS-SYN-0221,2026-08-11,46,46,District Authority,SYNTHETIC_PROTOTYPE
PR-0221-3,MPLADS-SYN-0221,2026-10-08,66,74,District Authority,SYNTHETIC_PROTOTYPE
PR-0222-1,MPLADS-SYN-0222,2026-08-17,25,22,District Authority,SYNTHETIC_PROTOTYPE
PR-0222-2,MPLADS-SYN-0222,2026-10-11,48,50,District Authority,SYNTHETIC_PROTOTYPE
PR-0222-3,MPLADS-SYN-0222,2026-12-07,78,78,District Authority,SYNTHETIC_PROTOTYPE
PR-0223-1,MPLADS-SYN-0223,2026-05-30,12,18,Field Officer,SYNTHETIC_PROTOTYPE
PR-0223-2,MPLADS-SYN-0223,2026-08-09,32,28,Field Officer,SYNTHETIC_PROTOTYPE
PR-0223-3,MPLADS-SYN-0223,2026-10-21,50,42,Field Officer,SYNTHETIC_PROTOTYPE
PR-0224-1,MPLADS-SYN-0224,2026-04-02,7,17,Field Officer,SYNTHETIC_PROTOTYPE
PR-0224-2,MPLADS-SYN-0224,2026-04-25,21,33,District Authority,SYNTHETIC_PROTOTYPE
PR-0224-3,MPLADS-SYN-0224,2026-05-20,32,45,Implementing Agency,SYNTHETIC_PROTOTYPE
PR-0225-1,MPLADS-SYN-0225,2026-06-10,11,13,Field Officer,SYNTHETIC_PROTOTYPE
PR-0225-2,MPLADS-SYN-0225,2026-08-14,26,24,Implementing Agency,SYNTHETIC_PROTOTYPE
PR-0225-3,MPLADS-SYN-0225,2026-10-20,36,36,Implementing Agency,SYNTHETIC_PROTOTYPE
PR-0226-1,MPLADS-SYN-0226,2026-05-13,27,26,Implementing Agency,SYNTHETIC_PROTOTYPE
PR-0226-2,MPLADS-SYN-0226,2026-07-20,62,55,District Authority,SYNTHETIC_PROTOTYPE
PR-0226-3,MPLADS-SYN-0226,2026-09-28,93,83,Field Officer,SYNTHETIC_PROTOTYPE
PR-0227-1,MPLADS-SYN-0227,2026-03-10,22,20,Field Officer,SYNTHETIC_PROTOTYPE
PR-0227-2,MPLADS-SYN-0227,2026-04-10,40,37,Implementing Agency,SYNTHETIC_PROTOTYPE
PR-0227-3,MPLADS-SYN-0227,2026-05-13,52,58,Field Officer,SYNTHETIC_PROTOTYPE
PR-0228-1,MPLADS-SYN-0228,2026-07-24,24,22,District Authority,SYNTHETIC_PROTOTYPE
PR-0228-2,MPLADS-SYN-0228,2026-09-12,45,44,District Authority,SYNTHETIC_PROTOTYPE
PR-0228-3,MPLADS-SYN-0228,2026-11-03,74,68,Field Officer,SYNTHETIC_PROTOTYPE
PR-0229-1,MPLADS-SYN-0229,2026-08-11,10,11,Field Officer,SYNTHETIC_PROTOTYPE
PR-0229-2,MPLADS-SYN-0229,2026-10-11,20,23,Field Officer,SYNTHETIC_PROTOTYPE
PR-0229-3,MPLADS-SYN-0229,2026-12-14,29,34,Field Officer,SYNTHETIC_PROTOTYPE
PR-0230-1,MPLADS-SYN-0230,2026-05-21,11,13,Field Officer,SYNTHETIC_PROTOTYPE
PR-0230-2,MPLADS-SYN-0230,2026-08-08,26,17,Implementing Agency,SYNTHETIC_PROTOTYPE
PR-0230-3,MPLADS-SYN-0230,2026-10-28,44,31,Implementing Agency,SYNTHETIC_PROTOTYPE
PR-0231-1,MPLADS-SYN-0231,2026-09-29,17,18,Field Officer,SYNTHETIC_PROTOTYPE
PR-0231-2,MPLADS-SYN-0231,2026-12-15,37,41,Field Officer,SYNTHETIC_PROTOTYPE
PR-0231-3,MPLADS-SYN-0231,2027-03-05,53,68,Field Officer,SYNTHETIC_PROTOTYPE
PR-0232-1,MPLADS-SYN-0232,2026-08-06,23,24,Implementing Agency,SYNTHETIC_PROTOTYPE
PR-0232-2,MPLADS-SYN-0232,2026-09-23,44,40,District Authority,SYNTHETIC_PROTOTYPE
PR-0232-3,MPLADS-SYN-0232,2026-11-12,70,59,Field Officer,SYNTHETIC_PROTOTYPE
PR-0233-1,MPLADS-SYN-0233,2026-10-14,17,16,District Authority,SYNTHETIC_PROTOTYPE
PR-0233-2,MPLADS-SYN-0233,2026-12-26,29,37,Field Officer,SYNTHETIC_PROTOTYPE
PR-0233-3,MPLADS-SYN-0233,2027-03-11,46,52,Field Officer,SYNTHETIC_PROTOTYPE
PR-0234-1,MPLADS-SYN-0234,2026-07-21,22,19,Field Officer,SYNTHETIC_PROTOTYPE
PR-0234-2,MPLADS-SYN-0234,2026-09-16,39,38,Implementing Agency,SYNTHETIC_PROTOTYPE
PR-0234-3,MPLADS-SYN-0234,2026-11-14,60,61,District Authority,SYNTHETIC_PROTOTYPE
PR-0235-1,MPLADS-SYN-0235,2026-09-19,13,14,District Authority,SYNTHETIC_PROTOTYPE
PR-0235-2,MPLADS-SYN-0235,2026-11-14,29,32,Implementing Agency,SYNTHETIC_PROTOTYPE
PR-0235-3,MPLADS-SYN-0235,2027-01-11,54,41,Field Officer,SYNTHETIC_PROTOTYPE
PR-0236-1,MPLADS-SYN-0236,2026-05-30,20,20,Field Officer,SYNTHETIC_PROTOTYPE
PR-0236-2,MPLADS-SYN-0236,2026-06-23,39,35,Field Officer,SYNTHETIC_PROTOTYPE
PR-0236-3,MPLADS-SYN-0236,2026-07-18,56,57,Field Officer,SYNTHETIC_PROTOTYPE
PR-0237-1,MPLADS-SYN-0237,2026-07-01,32,31,Implementing Agency,SYNTHETIC_PROTOTYPE
PR-0237-2,MPLADS-SYN-0237,2026-09-18,62,60,Field Officer,SYNTHETIC_PROTOTYPE
PR-0237-3,MPLADS-SYN-0237,2026-12-08,92,94,Field Officer,SYNTHETIC_PROTOTYPE
PR-0238-1,MPLADS-SYN-0238,2026-09-03,24,23,Implementing Agency,SYNTHETIC_PROTOTYPE
PR-0238-2,MPLADS-SYN-0238,2026-11-04,47,53,District Authority,SYNTHETIC_PROTOTYPE
PR-0238-3,MPLADS-SYN-0238,2027-01-07,64,74,District Authority,SYNTHETIC_PROTOTYPE
PR-0239-1,MPLADS-SYN-0239,2026-09-12,29,35,District Authority,SYNTHETIC_PROTOTYPE
PR-0239-2,MPLADS-SYN-0239,2026-11-18,66,64,District Authority,SYNTHETIC_PROTOTYPE
PR-0239-3,MPLADS-SYN-0239,2027-01-26,93,97,Field Officer,SYNTHETIC_PROTOTYPE
PR-0240-1,MPLADS-SYN-0240,2026-02-23,32,29,Field Officer,SYNTHETIC_PROTOTYPE
PR-0240-2,MPLADS-SYN-0240,2026-03-26,56,58,Implementing Agency,SYNTHETIC_PROTOTYPE
PR-0240-3,MPLADS-SYN-0240,2026-04-27,90,85,Field Officer,SYNTHETIC_PROTOTYPE
PR-0241-1,MPLADS-SYN-0241,2026-04-25,10,10,District Authority,SYNTHETIC_PROTOTYPE
PR-0241-2,MPLADS-SYN-0241,2026-07-12,30,29,Field Officer,SYNTHETIC_PROTOTYPE
PR-0241-3,MPLADS-SYN-0241,2026-09-30,49,36,Implementing Agency,SYNTHETIC_PROTOTYPE
PR-0242-1,MPLADS-SYN-0242,2026-10-16,10,26,Implementing Agency,SYNTHETIC_PROTOTYPE
PR-0242-2,MPLADS-SYN-0242,2026-12-18,24,59,District Authority,SYNTHETIC_PROTOTYPE
PR-0242-3,MPLADS-SYN-0242,2027-02-21,34,87,District Authority,SYNTHETIC_PROTOTYPE
PR-0243-1,MPLADS-SYN-0243,2026-08-24,19,14,District Authority,SYNTHETIC_PROTOTYPE
PR-0243-2,MPLADS-SYN-0243,2026-10-13,37,30,Field Officer,SYNTHETIC_PROTOTYPE
PR-0243-3,MPLADS-SYN-0243,2026-12-04,52,50,District Authority,SYNTHETIC_PROTOTYPE
PR-0244-1,MPLADS-SYN-0244,2026-09-14,7,16,Field Officer,SYNTHETIC_PROTOTYPE
PR-0244-2,MPLADS-SYN-0244,2026-11-21,19,26,Field Officer,SYNTHETIC_PROTOTYPE
PR-0244-3,MPLADS-SYN-0244,2027-01-31,31,36,District Authority,SYNTHETIC_PROTOTYPE
PR-0245-1,MPLADS-SYN-0245,2026-03-11,25,28,Field Officer,SYNTHETIC_PROTOTYPE
PR-0245-2,MPLADS-SYN-0245,2026-04-19,48,50,District Authority,SYNTHETIC_PROTOTYPE
PR-0245-3,MPLADS-SYN-0245,2026-05-29,75,79,Implementing Agency,SYNTHETIC_PROTOTYPE
PR-0246-1,MPLADS-SYN-0246,2026-08-24,20,19,District Authority,SYNTHETIC_PROTOTYPE
PR-0246-2,MPLADS-SYN-0246,2026-10-23,42,43,Implementing Agency,SYNTHETIC_PROTOTYPE
PR-0246-3,MPLADS-SYN-0246,2026-12-25,69,70,District Authority,SYNTHETIC_PROTOTYPE
PR-0247-1,MPLADS-SYN-0247,2026-05-06,10,25,District Authority,SYNTHETIC_PROTOTYPE
PR-0247-2,MPLADS-SYN-0247,2026-06-21,10,57,Field Officer,SYNTHETIC_PROTOTYPE
PR-0247-3,MPLADS-SYN-0247,2026-08-07,26,85,District Authority,SYNTHETIC_PROTOTYPE
PR-0248-1,MPLADS-SYN-0248,2026-03-09,19,18,Implementing Agency,SYNTHETIC_PROTOTYPE
PR-0248-2,MPLADS-SYN-0248,2026-04-07,33,32,District Authority,SYNTHETIC_PROTOTYPE
PR-0248-3,MPLADS-SYN-0248,2026-05-08,51,47,Implementing Agency,SYNTHETIC_PROTOTYPE
PR-0249-1,MPLADS-SYN-0249,2026-06-05,17,12,Implementing Agency,SYNTHETIC_PROTOTYPE
PR-0249-2,MPLADS-SYN-0249,2026-07-09,33,15,Field Officer,SYNTHETIC_PROTOTYPE
PR-0249-3,MPLADS-SYN-0249,2026-08-14,57,29,Field Officer,SYNTHETIC_PROTOTYPE
PR-0250-1,MPLADS-SYN-0250,2026-09-21,7,13,District Authority,SYNTHETIC_PROTOTYPE
PR-0250-2,MPLADS-SYN-0250,2026-12-05,18,28,Field Officer,SYNTHETIC_PROTOTYPE
PR-0250-3,MPLADS-SYN-0250,2027-02-21,36,46,Field Officer,SYNTHETIC_PROTOTYPE
PR-0251-1,MPLADS-SYN-0251,2026-05-09,17,16,District Authority,SYNTHETIC_PROTOTYPE
PR-0251-2,MPLADS-SYN-0251,2026-07-09,35,36,Implementing Agency,SYNTHETIC_PROTOTYPE
PR-0251-3,MPLADS-SYN-0251,2026-09-10,53,59,District Authority,SYNTHETIC_PROTOTYPE
PR-0252-1,MPLADS-SYN-0252,2026-09-06,17,22,Field Officer,SYNTHETIC_PROTOTYPE
PR-0252-2,MPLADS-SYN-0252,2026-10-23,43,48,Implementing Agency,SYNTHETIC_PROTOTYPE
PR-0252-3,MPLADS-SYN-0252,2026-12-11,63,70,Implementing Agency,SYNTHETIC_PROTOTYPE
PR-0253-1,MPLADS-SYN-0253,2026-06-23,9,13,District Authority,SYNTHETIC_PROTOTYPE
PR-0253-2,MPLADS-SYN-0253,2026-08-15,22,35,Field Officer,SYNTHETIC_PROTOTYPE
PR-0253-3,MPLADS-SYN-0253,2026-10-09,35,52,Field Officer,SYNTHETIC_PROTOTYPE
PR-0254-1,MPLADS-SYN-0254,2026-08-01,26,33,Implementing Agency,SYNTHETIC_PROTOTYPE
PR-0254-2,MPLADS-SYN-0254,2026-08-31,54,61,Implementing Agency,SYNTHETIC_PROTOTYPE
PR-0254-3,MPLADS-SYN-0254,2026-10-01,88,94,Field Officer,SYNTHETIC_PROTOTYPE
PR-0255-1,MPLADS-SYN-0255,2026-09-20,15,19,District Authority,SYNTHETIC_PROTOTYPE
PR-0255-2,MPLADS-SYN-0255,2026-11-09,33,27,Implementing Agency,SYNTHETIC_PROTOTYPE
PR-0255-3,MPLADS-SYN-0255,2026-12-30,43,47,Field Officer,SYNTHETIC_PROTOTYPE
PR-0256-1,MPLADS-SYN-0256,2026-02-26,15,15,Field Officer,SYNTHETIC_PROTOTYPE
PR-0256-2,MPLADS-SYN-0256,2026-03-31,38,36,Implementing Agency,SYNTHETIC_PROTOTYPE
PR-0256-3,MPLADS-SYN-0256,2026-05-04,51,52,Implementing Agency,SYNTHETIC_PROTOTYPE
PR-0257-1,MPLADS-SYN-0257,2026-06-13,0,11,Implementing Agency,SYNTHETIC_PROTOTYPE
PR-0257-2,MPLADS-SYN-0257,2026-07-20,4,21,District Authority,SYNTHETIC_PROTOTYPE
PR-0257-3,MPLADS-SYN-0257,2026-08-27,12,42,Implementing Agency,SYNTHETIC_PROTOTYPE
PR-0258-1,MPLADS-SYN-0258,2026-03-21,13,23,Field Officer,SYNTHETIC_PROTOTYPE
PR-0258-2,MPLADS-SYN-0258,2026-05-04,31,41,District Authority,SYNTHETIC_PROTOTYPE
PR-0258-3,MPLADS-SYN-0258,2026-06-19,48,55,District Authority,SYNTHETIC_PROTOTYPE
PR-0259-1,MPLADS-SYN-0259,2026-02-06,15,20,Field Officer,SYNTHETIC_PROTOTYPE
PR-0259-2,MPLADS-SYN-0259,2026-03-14,24,38,Field Officer,SYNTHETIC_PROTOTYPE
PR-0259-3,MPLADS-SYN-0259,2026-04-21,42,59,Implementing Agency,SYNTHETIC_PROTOTYPE
PR-0260-1,MPLADS-SYN-0260,2026-09-18,14,12,Implementing Agency,SYNTHETIC_PROTOTYPE
PR-0260-2,MPLADS-SYN-0260,2026-11-01,34,35,Implementing Agency,SYNTHETIC_PROTOTYPE
PR-0260-3,MPLADS-SYN-0260,2026-12-16,56,48,Implementing Agency,SYNTHETIC_PROTOTYPE
PR-0261-1,MPLADS-SYN-0261,2026-04-10,21,15,Implementing Agency,SYNTHETIC_PROTOTYPE
PR-0261-2,MPLADS-SYN-0261,2026-05-20,43,39,District Authority,SYNTHETIC_PROTOTYPE
PR-0261-3,MPLADS-SYN-0261,2026-06-30,62,59,District Authority,SYNTHETIC_PROTOTYPE
PR-0262-1,MPLADS-SYN-0262,2026-07-15,17,16,District Authority,SYNTHETIC_PROTOTYPE
PR-0262-2,MPLADS-SYN-0262,2026-09-12,38,38,Implementing Agency,SYNTHETIC_PROTOTYPE
PR-0262-3,MPLADS-SYN-0262,2026-11-12,63,63,District Authority,SYNTHETIC_PROTOTYPE
PR-0263-1,MPLADS-SYN-0263,2026-07-29,5,23,Implementing Agency,SYNTHETIC_PROTOTYPE
PR-0263-2,MPLADS-SYN-0263,2026-09-24,12,50,Implementing Agency,SYNTHETIC_PROTOTYPE
PR-0263-3,MPLADS-SYN-0263,2026-11-22,27,85,Field Officer,SYNTHETIC_PROTOTYPE
PR-0264-1,MPLADS-SYN-0264,2026-08-04,10,12,Field Officer,SYNTHETIC_PROTOTYPE
PR-0264-2,MPLADS-SYN-0264,2026-09-27,28,31,Field Officer,SYNTHETIC_PROTOTYPE
PR-0264-3,MPLADS-SYN-0264,2026-11-22,49,47,Implementing Agency,SYNTHETIC_PROTOTYPE
PR-0265-1,MPLADS-SYN-0265,2026-04-03,26,24,District Authority,SYNTHETIC_PROTOTYPE
PR-0265-2,MPLADS-SYN-0265,2026-05-13,48,49,Field Officer,SYNTHETIC_PROTOTYPE
PR-0265-3,MPLADS-SYN-0265,2026-06-24,68,80,Implementing Agency,SYNTHETIC_PROTOTYPE
PR-0266-1,MPLADS-SYN-0266,2026-02-04,10,31,Field Officer,SYNTHETIC_PROTOTYPE
PR-0266-2,MPLADS-SYN-0266,2026-02-26,29,57,Field Officer,SYNTHETIC_PROTOTYPE
PR-0266-3,MPLADS-SYN-0266,2026-03-21,39,85,District Authority,SYNTHETIC_PROTOTYPE
PR-0267-1,MPLADS-SYN-0267,2026-09-28,11,17,Implementing Agency,SYNTHETIC_PROTOTYPE
PR-0267-2,MPLADS-SYN-0267,2026-11-14,21,36,Field Officer,SYNTHETIC_PROTOTYPE
PR-0267-3,MPLADS-SYN-0267,2027-01-02,30,51,District Authority,SYNTHETIC_PROTOTYPE
PR-0268-1,MPLADS-SYN-0268,2026-05-10,30,28,Field Officer,SYNTHETIC_PROTOTYPE
PR-0268-2,MPLADS-SYN-0268,2026-07-19,55,53,District Authority,SYNTHETIC_PROTOTYPE
PR-0268-3,MPLADS-SYN-0268,2026-09-30,84,74,District Authority,SYNTHETIC_PROTOTYPE
PR-0269-1,MPLADS-SYN-0269,2026-08-12,10,9,District Authority,SYNTHETIC_PROTOTYPE
PR-0269-2,MPLADS-SYN-0269,2026-10-18,26,19,District Authority,SYNTHETIC_PROTOTYPE
PR-0269-3,MPLADS-SYN-0269,2026-12-26,33,35,District Authority,SYNTHETIC_PROTOTYPE
PR-0270-1,MPLADS-SYN-0270,2026-06-21,19,24,District Authority,SYNTHETIC_PROTOTYPE
PR-0270-2,MPLADS-SYN-0270,2026-08-04,48,49,Implementing Agency,SYNTHETIC_PROTOTYPE
PR-0270-3,MPLADS-SYN-0270,2026-09-19,71,71,Implementing Agency,SYNTHETIC_PROTOTYPE
PR-0271-1,MPLADS-SYN-0271,2026-06-13,24,20,Field Officer,SYNTHETIC_PROTOTYPE
PR-0271-2,MPLADS-SYN-0271,2026-07-25,38,44,Implementing Agency,SYNTHETIC_PROTOTYPE
PR-0271-3,MPLADS-SYN-0271,2026-09-07,67,62,Field Officer,SYNTHETIC_PROTOTYPE
PR-0272-1,MPLADS-SYN-0272,2026-04-28,33,28,District Authority,SYNTHETIC_PROTOTYPE
PR-0272-2,MPLADS-SYN-0272,2026-06-15,54,50,District Authority,SYNTHETIC_PROTOTYPE
PR-0272-3,MPLADS-SYN-0272,2026-08-03,89,75,Implementing Agency,SYNTHETIC_PROTOTYPE
PR-0273-1,MPLADS-SYN-0273,2026-06-20,24,17,District Authority,SYNTHETIC_PROTOTYPE
PR-0273-2,MPLADS-SYN-0273,2026-07-27,40,39,Field Officer,SYNTHETIC_PROTOTYPE
PR-0273-3,MPLADS-SYN-0273,2026-09-03,61,56,Implementing Agency,SYNTHETIC_PROTOTYPE
PR-0274-1,MPLADS-SYN-0274,2026-10-23,28,29,Implementing Agency,SYNTHETIC_PROTOTYPE
PR-0274-2,MPLADS-SYN-0274,2026-12-30,54,53,Field Officer,SYNTHETIC_PROTOTYPE
PR-0274-3,MPLADS-SYN-0274,2027-03-10,85,86,District Authority,SYNTHETIC_PROTOTYPE
PR-0275-1,MPLADS-SYN-0275,2026-10-10,25,30,Field Officer,SYNTHETIC_PROTOTYPE
PR-0275-2,MPLADS-SYN-0275,2026-12-15,44,56,Implementing Agency,SYNTHETIC_PROTOTYPE
PR-0275-3,MPLADS-SYN-0275,2027-02-21,66,93,Field Officer,SYNTHETIC_PROTOTYPE
PR-0276-1,MPLADS-SYN-0276,2026-04-15,16,16,District Authority,SYNTHETIC_PROTOTYPE
PR-0276-2,MPLADS-SYN-0276,2026-06-26,32,34,Field Officer,SYNTHETIC_PROTOTYPE
PR-0276-3,MPLADS-SYN-0276,2026-09-09,51,50,Field Officer,SYNTHETIC_PROTOTYPE
PR-0277-1,MPLADS-SYN-0277,2026-05-04,9,29,District Authority,SYNTHETIC_PROTOTYPE
PR-0277-2,MPLADS-SYN-0277,2026-05-31,25,53,District Authority,SYNTHETIC_PROTOTYPE
PR-0277-3,MPLADS-SYN-0277,2026-06-29,35,81,Implementing Agency,SYNTHETIC_PROTOTYPE
PR-0278-1,MPLADS-SYN-0278,2026-03-12,26,27,District Authority,SYNTHETIC_PROTOTYPE
PR-0278-2,MPLADS-SYN-0278,2026-05-10,61,61,Implementing Agency,SYNTHETIC_PROTOTYPE
PR-0278-3,MPLADS-SYN-0278,2026-07-10,87,87,District Authority,SYNTHETIC_PROTOTYPE
PR-0279-1,MPLADS-SYN-0279,2026-03-24,1,3,District Authority,SYNTHETIC_PROTOTYPE
PR-0279-2,MPLADS-SYN-0279,2026-05-14,4,15,Implementing Agency,SYNTHETIC_PROTOTYPE
PR-0279-3,MPLADS-SYN-0279,2026-07-06,17,22,Implementing Agency,SYNTHETIC_PROTOTYPE
PR-0280-1,MPLADS-SYN-0280,2026-07-22,6,8,Implementing Agency,SYNTHETIC_PROTOTYPE
PR-0280-2,MPLADS-SYN-0280,2026-09-09,17,18,Implementing Agency,SYNTHETIC_PROTOTYPE
PR-0280-3,MPLADS-SYN-0280,2026-10-29,21,33,Field Officer,SYNTHETIC_PROTOTYPE
PR-0281-1,MPLADS-SYN-0281,2026-05-09,17,23,Field Officer,SYNTHETIC_PROTOTYPE
PR-0281-2,MPLADS-SYN-0281,2026-07-17,41,48,Field Officer,SYNTHETIC_PROTOTYPE
PR-0281-3,MPLADS-SYN-0281,2026-09-27,57,64,Field Officer,SYNTHETIC_PROTOTYPE
PR-0282-1,MPLADS-SYN-0282,2026-08-24,17,13,District Authority,SYNTHETIC_PROTOTYPE
PR-0282-2,MPLADS-SYN-0282,2026-11-06,29,23,Field Officer,SYNTHETIC_PROTOTYPE
PR-0282-3,MPLADS-SYN-0282,2027-01-22,47,37,District Authority,SYNTHETIC_PROTOTYPE
PR-0283-1,MPLADS-SYN-0283,2026-04-03,12,13,Implementing Agency,SYNTHETIC_PROTOTYPE
PR-0283-2,MPLADS-SYN-0283,2026-04-23,34,29,Implementing Agency,SYNTHETIC_PROTOTYPE
PR-0283-3,MPLADS-SYN-0283,2026-05-14,49,41,District Authority,SYNTHETIC_PROTOTYPE
PR-0284-1,MPLADS-SYN-0284,2026-07-16,22,21,District Authority,SYNTHETIC_PROTOTYPE
PR-0284-2,MPLADS-SYN-0284,2026-09-09,48,44,Implementing Agency,SYNTHETIC_PROTOTYPE
PR-0284-3,MPLADS-SYN-0284,2026-11-06,74,59,Field Officer,SYNTHETIC_PROTOTYPE
PR-0285-1,MPLADS-SYN-0285,2026-03-13,32,27,Field Officer,SYNTHETIC_PROTOTYPE
PR-0285-2,MPLADS-SYN-0285,2026-04-09,59,46,District Authority,SYNTHETIC_PROTOTYPE
PR-0285-3,MPLADS-SYN-0285,2026-05-07,88,78,Implementing Agency,SYNTHETIC_PROTOTYPE
PR-0286-1,MPLADS-SYN-0286,2026-09-06,14,16,Field Officer,SYNTHETIC_PROTOTYPE
PR-0286-2,MPLADS-SYN-0286,2026-09-30,25,27,Field Officer,SYNTHETIC_PROTOTYPE
PR-0286-3,MPLADS-SYN-0286,2026-10-25,38,45,District Authority,SYNTHETIC_PROTOTYPE
PR-0287-1,MPLADS-SYN-0287,2026-02-19,31,27,District Authority,SYNTHETIC_PROTOTYPE
PR-0287-2,MPLADS-SYN-0287,2026-04-07,62,51,Implementing Agency,SYNTHETIC_PROTOTYPE
PR-0287-3,MPLADS-SYN-0287,2026-05-26,91,81,District Authority,SYNTHETIC_PROTOTYPE
PR-0288-1,MPLADS-SYN-0288,2026-09-20,7,10,Implementing Agency,SYNTHETIC_PROTOTYPE
PR-0288-2,MPLADS-SYN-0288,2026-12-06,7,17,Implementing Agency,SYNTHETIC_PROTOTYPE
PR-0288-3,MPLADS-SYN-0288,2027-02-24,14,27,Implementing Agency,SYNTHETIC_PROTOTYPE
PR-0289-1,MPLADS-SYN-0289,2026-07-24,25,18,District Authority,SYNTHETIC_PROTOTYPE
PR-0289-2,MPLADS-SYN-0289,2026-09-06,51,47,Implementing Agency,SYNTHETIC_PROTOTYPE
PR-0289-3,MPLADS-SYN-0289,2026-10-22,74,71,Implementing Agency,SYNTHETIC_PROTOTYPE
PR-0290-1,MPLADS-SYN-0290,2026-09-12,17,28,District Authority,SYNTHETIC_PROTOTYPE
PR-0290-2,MPLADS-SYN-0290,2026-11-10,24,52,District Authority,SYNTHETIC_PROTOTYPE
PR-0290-3,MPLADS-SYN-0290,2027-01-10,42,86,District Authority,SYNTHETIC_PROTOTYPE
PR-0291-1,MPLADS-SYN-0291,2026-06-04,9,29,Implementing Agency,SYNTHETIC_PROTOTYPE
PR-0291-2,MPLADS-SYN-0291,2026-08-02,19,55,Field Officer,SYNTHETIC_PROTOTYPE
PR-0291-3,MPLADS-SYN-0291,2026-10-03,30,80,Implementing Agency,SYNTHETIC_PROTOTYPE
PR-0292-1,MPLADS-SYN-0292,2026-09-13,30,26,Implementing Agency,SYNTHETIC_PROTOTYPE
PR-0292-2,MPLADS-SYN-0292,2026-10-13,55,54,Implementing Agency,SYNTHETIC_PROTOTYPE
PR-0292-3,MPLADS-SYN-0292,2026-11-13,85,75,District Authority,SYNTHETIC_PROTOTYPE
PR-0293-1,MPLADS-SYN-0293,2026-08-08,15,17,Implementing Agency,SYNTHETIC_PROTOTYPE
PR-0293-2,MPLADS-SYN-0293,2026-09-27,35,40,District Authority,SYNTHETIC_PROTOTYPE
PR-0293-3,MPLADS-SYN-0293,2026-11-18,53,55,Implementing Agency,SYNTHETIC_PROTOTYPE
PR-0294-1,MPLADS-SYN-0294,2026-07-23,4,16,District Authority,SYNTHETIC_PROTOTYPE
PR-0294-2,MPLADS-SYN-0294,2026-09-07,3,30,Implementing Agency,SYNTHETIC_PROTOTYPE
PR-0294-3,MPLADS-SYN-0294,2026-10-25,11,41,Field Officer,SYNTHETIC_PROTOTYPE
PR-0295-1,MPLADS-SYN-0295,2026-06-30,29,27,Implementing Agency,SYNTHETIC_PROTOTYPE
PR-0295-2,MPLADS-SYN-0295,2026-08-12,63,59,Implementing Agency,SYNTHETIC_PROTOTYPE
PR-0295-3,MPLADS-SYN-0295,2026-09-26,96,82,District Authority,SYNTHETIC_PROTOTYPE
PR-0296-1,MPLADS-SYN-0296,2026-09-10,22,27,Implementing Agency,SYNTHETIC_PROTOTYPE
PR-0296-2,MPLADS-SYN-0296,2026-10-21,45,47,Field Officer,SYNTHETIC_PROTOTYPE
PR-0296-3,MPLADS-SYN-0296,2026-12-03,71,76,District Authority,SYNTHETIC_PROTOTYPE
PR-0297-1,MPLADS-SYN-0297,2026-10-20,13,17,Field Officer,SYNTHETIC_PROTOTYPE
PR-0297-2,MPLADS-SYN-0297,2027-01-06,34,34,Field Officer,SYNTHETIC_PROTOTYPE
PR-0297-3,MPLADS-SYN-0297,2027-03-27,47,48,District Authority,SYNTHETIC_PROTOTYPE
PR-0298-1,MPLADS-SYN-0298,2026-09-15,27,29,Field Officer,SYNTHETIC_PROTOTYPE
PR-0298-2,MPLADS-SYN-0298,2026-11-21,61,60,Implementing Agency,SYNTHETIC_PROTOTYPE
PR-0298-3,MPLADS-SYN-0298,2027-01-29,91,90,Implementing Agency,SYNTHETIC_PROTOTYPE
PR-0299-1,MPLADS-SYN-0299,2026-09-24,18,22,District Authority,SYNTHETIC_PROTOTYPE
PR-0299-2,MPLADS-SYN-0299,2026-11-10,33,40,District Authority,SYNTHETIC_PROTOTYPE
PR-0299-3,MPLADS-SYN-0299,2026-12-29,56,64,District Authority,SYNTHETIC_PROTOTYPE
PR-0300-1,MPLADS-SYN-0300,2026-07-05,26,9,Field Officer,SYNTHETIC_PROTOTYPE
PR-0300-2,MPLADS-SYN-0300,2026-08-22,48,23,Implementing Agency,SYNTHETIC_PROTOTYPE
PR-0300-3,MPLADS-SYN-0300,2026-10-11,71,37,District Authority,SYNTHETIC_PROTOTYPE
PR-0301-1,MPLADS-SYN-0301,2026-05-14,15,17,Implementing Agency,SYNTHETIC_PROTOTYPE
PR-0301-2,MPLADS-SYN-0301,2026-06-18,27,32,District Authority,SYNTHETIC_PROTOTYPE
PR-0301-3,MPLADS-SYN-0301,2026-07-25,41,52,District Authority,SYNTHETIC_PROTOTYPE
PR-0302-1,MPLADS-SYN-0302,2026-05-24,23,23,Implementing Agency,SYNTHETIC_PROTOTYPE
PR-0302-2,MPLADS-SYN-0302,2026-08-01,40,53,District Authority,SYNTHETIC_PROTOTYPE
PR-0302-3,MPLADS-SYN-0302,2026-10-11,69,75,Field Officer,SYNTHETIC_PROTOTYPE
PR-0303-1,MPLADS-SYN-0303,2026-08-06,20,12,Implementing Agency,SYNTHETIC_PROTOTYPE
PR-0303-2,MPLADS-SYN-0303,2026-08-27,36,25,Implementing Agency,SYNTHETIC_PROTOTYPE
PR-0303-3,MPLADS-SYN-0303,2026-09-18,49,45,District Authority,SYNTHETIC_PROTOTYPE
PR-0304-1,MPLADS-SYN-0304,2026-04-06,10,12,Implementing Agency,SYNTHETIC_PROTOTYPE
PR-0304-2,MPLADS-SYN-0304,2026-04-29,24,23,District Authority,SYNTHETIC_PROTOTYPE
PR-0304-3,MPLADS-SYN-0304,2026-05-24,43,35,District Authority,SYNTHETIC_PROTOTYPE
PR-0305-1,MPLADS-SYN-0305,2026-05-22,6,25,Field Officer,SYNTHETIC_PROTOTYPE
PR-0305-2,MPLADS-SYN-0305,2026-08-05,13,55,Field Officer,SYNTHETIC_PROTOTYPE
PR-0305-3,MPLADS-SYN-0305,2026-10-22,24,86,Field Officer,SYNTHETIC_PROTOTYPE
PR-0306-1,MPLADS-SYN-0306,2026-08-21,13,19,District Authority,SYNTHETIC_PROTOTYPE
PR-0306-2,MPLADS-SYN-0306,2026-09-28,25,46,Field Officer,SYNTHETIC_PROTOTYPE
PR-0306-3,MPLADS-SYN-0306,2026-11-06,40,63,Field Officer,SYNTHETIC_PROTOTYPE
PR-0307-1,MPLADS-SYN-0307,2026-08-26,23,21,Implementing Agency,SYNTHETIC_PROTOTYPE
PR-0307-2,MPLADS-SYN-0307,2026-11-04,43,45,Field Officer,SYNTHETIC_PROTOTYPE
PR-0307-3,MPLADS-SYN-0307,2027-01-16,67,74,Field Officer,SYNTHETIC_PROTOTYPE
PR-0308-1,MPLADS-SYN-0308,2026-05-27,11,10,Field Officer,SYNTHETIC_PROTOTYPE
PR-0308-2,MPLADS-SYN-0308,2026-07-15,17,26,Implementing Agency,SYNTHETIC_PROTOTYPE
PR-0308-3,MPLADS-SYN-0308,2026-09-04,24,43,District Authority,SYNTHETIC_PROTOTYPE
PR-0309-1,MPLADS-SYN-0309,2026-10-08,26,26,Implementing Agency,SYNTHETIC_PROTOTYPE
PR-0309-2,MPLADS-SYN-0309,2026-11-21,45,48,Field Officer,SYNTHETIC_PROTOTYPE
PR-0309-3,MPLADS-SYN-0309,2027-01-06,73,74,Field Officer,SYNTHETIC_PROTOTYPE
PR-0310-1,MPLADS-SYN-0310,2026-05-03,25,23,District Authority,SYNTHETIC_PROTOTYPE
PR-0310-2,MPLADS-SYN-0310,2026-07-16,50,57,Field Officer,SYNTHETIC_PROTOTYPE
PR-0310-3,MPLADS-SYN-0310,2026-10-01,76,79,District Authority,SYNTHETIC_PROTOTYPE
PR-0311-1,MPLADS-SYN-0311,2026-08-16,14,13,Implementing Agency,SYNTHETIC_PROTOTYPE
PR-0311-2,MPLADS-SYN-0311,2026-10-08,23,28,District Authority,SYNTHETIC_PROTOTYPE
PR-0311-3,MPLADS-SYN-0311,2026-12-03,43,38,District Authority,SYNTHETIC_PROTOTYPE
PR-0312-1,MPLADS-SYN-0312,2026-05-04,15,19,Field Officer,SYNTHETIC_PROTOTYPE
PR-0312-2,MPLADS-SYN-0312,2026-07-13,34,39,Implementing Agency,SYNTHETIC_PROTOTYPE
PR-0312-3,MPLADS-SYN-0312,2026-09-24,60,55,Implementing Agency,SYNTHETIC_PROTOTYPE
PR-0313-1,MPLADS-SYN-0313,2026-05-19,13,32,District Authority,SYNTHETIC_PROTOTYPE
PR-0313-2,MPLADS-SYN-0313,2026-06-23,26,65,Implementing Agency,SYNTHETIC_PROTOTYPE
PR-0313-3,MPLADS-SYN-0313,2026-07-30,40,100,District Authority,SYNTHETIC_PROTOTYPE
PR-0314-1,MPLADS-SYN-0314,2026-10-24,26,24,Implementing Agency,SYNTHETIC_PROTOTYPE
PR-0314-2,MPLADS-SYN-0314,2027-01-02,47,49,Field Officer,SYNTHETIC_PROTOTYPE
PR-0314-3,MPLADS-SYN-0314,2027-03-15,70,80,Field Officer,SYNTHETIC_PROTOTYPE
PR-0315-1,MPLADS-SYN-0315,2026-02-13,17,10,Implementing Agency,SYNTHETIC_PROTOTYPE
PR-0315-2,MPLADS-SYN-0315,2026-03-09,36,20,Implementing Agency,SYNTHETIC_PROTOTYPE
PR-0315-3,MPLADS-SYN-0315,2026-04-03,62,31,District Authority,SYNTHETIC_PROTOTYPE
PR-0316-1,MPLADS-SYN-0316,2026-04-09,21,16,Field Officer,SYNTHETIC_PROTOTYPE
PR-0316-2,MPLADS-SYN-0316,2026-06-06,42,36,District Authority,SYNTHETIC_PROTOTYPE
PR-0316-3,MPLADS-SYN-0316,2026-08-05,72,61,Implementing Agency,SYNTHETIC_PROTOTYPE
PR-0317-1,MPLADS-SYN-0317,2026-03-26,14,18,Field Officer,SYNTHETIC_PROTOTYPE
PR-0317-2,MPLADS-SYN-0317,2026-05-09,31,32,District Authority,SYNTHETIC_PROTOTYPE
PR-0317-3,MPLADS-SYN-0317,2026-06-24,38,50,Implementing Agency,SYNTHETIC_PROTOTYPE
PR-0318-1,MPLADS-SYN-0318,2026-09-30,13,13,District Authority,SYNTHETIC_PROTOTYPE
PR-0318-2,MPLADS-SYN-0318,2026-11-05,23,23,Field Officer,SYNTHETIC_PROTOTYPE
PR-0318-3,MPLADS-SYN-0318,2026-12-13,32,40,Implementing Agency,SYNTHETIC_PROTOTYPE
PR-0319-1,MPLADS-SYN-0319,2026-06-01,11,20,Implementing Agency,SYNTHETIC_PROTOTYPE
PR-0319-2,MPLADS-SYN-0319,2026-07-29,28,36,Implementing Agency,SYNTHETIC_PROTOTYPE
PR-0319-3,MPLADS-SYN-0319,2026-09-28,47,57,Implementing Agency,SYNTHETIC_PROTOTYPE
PR-0320-1,MPLADS-SYN-0320,2026-09-18,10,9,Field Officer,SYNTHETIC_PROTOTYPE
PR-0320-2,MPLADS-SYN-0320,2026-12-06,28,21,Field Officer,SYNTHETIC_PROTOTYPE
PR-0320-3,MPLADS-SYN-0320,2027-02-25,42,37,District Authority,SYNTHETIC_PROTOTYPE
PR-0321-1,MPLADS-SYN-0321,2026-04-05,11,16,Implementing Agency,SYNTHETIC_PROTOTYPE
PR-0321-2,MPLADS-SYN-0321,2026-05-31,20,29,District Authority,SYNTHETIC_PROTOTYPE
PR-0321-3,MPLADS-SYN-0321,2026-07-29,37,46,District Authority,SYNTHETIC_PROTOTYPE
PR-0322-1,MPLADS-SYN-0322,2026-05-09,16,15,Field Officer,SYNTHETIC_PROTOTYPE
PR-0322-2,MPLADS-SYN-0322,2026-06-25,34,36,Implementing Agency,SYNTHETIC_PROTOTYPE
PR-0322-3,MPLADS-SYN-0322,2026-08-13,55,52,Field Officer,SYNTHETIC_PROTOTYPE
PR-0323-1,MPLADS-SYN-0323,2026-09-26,18,19,District Authority,SYNTHETIC_PROTOTYPE
PR-0323-2,MPLADS-SYN-0323,2026-11-30,33,36,District Authority,SYNTHETIC_PROTOTYPE
PR-0323-3,MPLADS-SYN-0323,2027-02-06,49,51,Field Officer,SYNTHETIC_PROTOTYPE
PR-0324-1,MPLADS-SYN-0324,2026-05-13,17,24,Field Officer,SYNTHETIC_PROTOTYPE
PR-0324-2,MPLADS-SYN-0324,2026-07-04,37,42,District Authority,SYNTHETIC_PROTOTYPE
PR-0324-3,MPLADS-SYN-0324,2026-08-27,60,70,Implementing Agency,SYNTHETIC_PROTOTYPE
PR-0325-1,MPLADS-SYN-0325,2026-04-25,13,12,District Authority,SYNTHETIC_PROTOTYPE
PR-0325-2,MPLADS-SYN-0325,2026-07-06,27,33,Field Officer,SYNTHETIC_PROTOTYPE
PR-0325-3,MPLADS-SYN-0325,2026-09-19,48,43,Field Officer,SYNTHETIC_PROTOTYPE
PR-0326-1,MPLADS-SYN-0326,2026-07-07,31,28,Field Officer,SYNTHETIC_PROTOTYPE
PR-0326-2,MPLADS-SYN-0326,2026-08-03,58,58,Field Officer,SYNTHETIC_PROTOTYPE
PR-0326-3,MPLADS-SYN-0326,2026-08-31,96,83,Field Officer,SYNTHETIC_PROTOTYPE
PR-0327-1,MPLADS-SYN-0327,2026-03-02,28,27,Implementing Agency,SYNTHETIC_PROTOTYPE
PR-0327-2,MPLADS-SYN-0327,2026-04-23,53,53,Field Officer,SYNTHETIC_PROTOTYPE
PR-0327-3,MPLADS-SYN-0327,2026-06-16,78,84,District Authority,SYNTHETIC_PROTOTYPE
PR-0328-1,MPLADS-SYN-0328,2026-10-07,11,14,Field Officer,SYNTHETIC_PROTOTYPE
PR-0328-2,MPLADS-SYN-0328,2026-11-24,30,24,Implementing Agency,SYNTHETIC_PROTOTYPE
PR-0328-3,MPLADS-SYN-0328,2027-01-12,44,41,District Authority,SYNTHETIC_PROTOTYPE
PR-0329-1,MPLADS-SYN-0329,2026-08-02,22,26,Field Officer,SYNTHETIC_PROTOTYPE
PR-0329-2,MPLADS-SYN-0329,2026-09-10,43,54,Implementing Agency,SYNTHETIC_PROTOTYPE
PR-0329-3,MPLADS-SYN-0329,2026-10-21,67,77,Implementing Agency,SYNTHETIC_PROTOTYPE
PR-0330-1,MPLADS-SYN-0330,2026-04-01,12,15,Field Officer,SYNTHETIC_PROTOTYPE
PR-0330-2,MPLADS-SYN-0330,2026-05-13,17,27,Field Officer,SYNTHETIC_PROTOTYPE
PR-0330-3,MPLADS-SYN-0330,2026-06-26,26,39,Field Officer,SYNTHETIC_PROTOTYPE
PR-0331-1,MPLADS-SYN-0331,2026-03-13,20,23,District Authority,SYNTHETIC_PROTOTYPE
PR-0331-2,MPLADS-SYN-0331,2026-05-11,37,38,District Authority,SYNTHETIC_PROTOTYPE
PR-0331-3,MPLADS-SYN-0331,2026-07-12,50,62,Implementing Agency,SYNTHETIC_PROTOTYPE
PR-0332-1,MPLADS-SYN-0332,2026-04-29,24,27,Implementing Agency,SYNTHETIC_PROTOTYPE
PR-0332-2,MPLADS-SYN-0332,2026-06-12,45,51,Field Officer,SYNTHETIC_PROTOTYPE
PR-0332-3,MPLADS-SYN-0332,2026-07-27,70,77,Field Officer,SYNTHETIC_PROTOTYPE
PR-0333-1,MPLADS-SYN-0333,2026-06-29,15,17,District Authority,SYNTHETIC_PROTOTYPE
PR-0333-2,MPLADS-SYN-0333,2026-08-26,41,36,Implementing Agency,SYNTHETIC_PROTOTYPE
PR-0333-3,MPLADS-SYN-0333,2026-10-25,58,50,District Authority,SYNTHETIC_PROTOTYPE
PR-0334-1,MPLADS-SYN-0334,2026-03-16,8,9,Field Officer,SYNTHETIC_PROTOTYPE
PR-0334-2,MPLADS-SYN-0334,2026-05-30,12,23,Implementing Agency,SYNTHETIC_PROTOTYPE
PR-0334-3,MPLADS-SYN-0334,2026-08-15,14,37,District Authority,SYNTHETIC_PROTOTYPE
PR-0335-1,MPLADS-SYN-0335,2026-02-10,13,10,Field Officer,SYNTHETIC_PROTOTYPE
PR-0335-2,MPLADS-SYN-0335,2026-03-06,17,22,District Authority,SYNTHETIC_PROTOTYPE
PR-0335-3,MPLADS-SYN-0335,2026-04-01,29,40,Implementing Agency,SYNTHETIC_PROTOTYPE
PR-0336-1,MPLADS-SYN-0336,2026-10-06,21,28,Field Officer,SYNTHETIC_PROTOTYPE
PR-0336-2,MPLADS-SYN-0336,2026-12-18,46,57,Implementing Agency,SYNTHETIC_PROTOTYPE
PR-0336-3,MPLADS-SYN-0336,2027-03-04,80,85,District Authority,SYNTHETIC_PROTOTYPE
PR-0337-1,MPLADS-SYN-0337,2026-05-22,24,26,Implementing Agency,SYNTHETIC_PROTOTYPE
PR-0337-2,MPLADS-SYN-0337,2026-07-03,46,59,Implementing Agency,SYNTHETIC_PROTOTYPE
PR-0337-3,MPLADS-SYN-0337,2026-08-15,75,86,Field Officer,SYNTHETIC_PROTOTYPE
PR-0338-1,MPLADS-SYN-0338,2026-05-15,5,21,Field Officer,SYNTHETIC_PROTOTYPE
PR-0338-2,MPLADS-SYN-0338,2026-07-14,15,46,District Authority,SYNTHETIC_PROTOTYPE
PR-0338-3,MPLADS-SYN-0338,2026-09-14,26,77,District Authority,SYNTHETIC_PROTOTYPE
PR-0339-1,MPLADS-SYN-0339,2026-06-22,14,18,Implementing Agency,SYNTHETIC_PROTOTYPE
PR-0339-2,MPLADS-SYN-0339,2026-08-30,21,36,District Authority,SYNTHETIC_PROTOTYPE
PR-0339-3,MPLADS-SYN-0339,2026-11-09,42,53,Implementing Agency,SYNTHETIC_PROTOTYPE
PR-0340-1,MPLADS-SYN-0340,2026-03-16,2,28,District Authority,SYNTHETIC_PROTOTYPE
PR-0340-2,MPLADS-SYN-0340,2026-05-11,14,59,Implementing Agency,SYNTHETIC_PROTOTYPE
PR-0340-3,MPLADS-SYN-0340,2026-07-09,19,85,Field Officer,SYNTHETIC_PROTOTYPE
PR-0341-1,MPLADS-SYN-0341,2026-05-07,1,10,Implementing Agency,SYNTHETIC_PROTOTYPE
PR-0341-2,MPLADS-SYN-0341,2026-06-25,12,21,Implementing Agency,SYNTHETIC_PROTOTYPE
PR-0341-3,MPLADS-SYN-0341,2026-08-14,17,23,Field Officer,SYNTHETIC_PROTOTYPE
PR-0342-1,MPLADS-SYN-0342,2026-03-19,27,23,Implementing Agency,SYNTHETIC_PROTOTYPE
PR-0342-2,MPLADS-SYN-0342,2026-04-20,53,54,Implementing Agency,SYNTHETIC_PROTOTYPE
PR-0342-3,MPLADS-SYN-0342,2026-05-23,86,81,Field Officer,SYNTHETIC_PROTOTYPE
PR-0343-1,MPLADS-SYN-0343,2026-03-03,14,21,Field Officer,SYNTHETIC_PROTOTYPE
PR-0343-2,MPLADS-SYN-0343,2026-04-19,28,37,District Authority,SYNTHETIC_PROTOTYPE
PR-0343-3,MPLADS-SYN-0343,2026-06-06,35,66,Implementing Agency,SYNTHETIC_PROTOTYPE
PR-0344-1,MPLADS-SYN-0344,2026-03-18,31,24,Field Officer,SYNTHETIC_PROTOTYPE
PR-0344-2,MPLADS-SYN-0344,2026-05-26,56,52,Implementing Agency,SYNTHETIC_PROTOTYPE
PR-0344-3,MPLADS-SYN-0344,2026-08-06,92,87,Implementing Agency,SYNTHETIC_PROTOTYPE
PR-0345-1,MPLADS-SYN-0345,2026-09-03,14,15,Implementing Agency,SYNTHETIC_PROTOTYPE
PR-0345-2,MPLADS-SYN-0345,2026-11-06,34,37,District Authority,SYNTHETIC_PROTOTYPE
PR-0345-3,MPLADS-SYN-0345,2027-01-11,54,59,Implementing Agency,SYNTHETIC_PROTOTYPE
PR-0346-1,MPLADS-SYN-0346,2026-08-21,24,24,District Authority,SYNTHETIC_PROTOTYPE
PR-0346-2,MPLADS-SYN-0346,2026-10-11,46,50,Field Officer,SYNTHETIC_PROTOTYPE
PR-0346-3,MPLADS-SYN-0346,2026-12-03,75,81,District Authority,SYNTHETIC_PROTOTYPE
PR-0347-1,MPLADS-SYN-0347,2026-03-05,27,27,District Authority,SYNTHETIC_PROTOTYPE
PR-0347-2,MPLADS-SYN-0347,2026-04-27,46,45,Field Officer,SYNTHETIC_PROTOTYPE
PR-0347-3,MPLADS-SYN-0347,2026-06-21,77,70,District Authority,SYNTHETIC_PROTOTYPE
PR-0348-1,MPLADS-SYN-0348,2026-07-17,26,27,Implementing Agency,SYNTHETIC_PROTOTYPE
PR-0348-2,MPLADS-SYN-0348,2026-09-18,49,54,Field Officer,SYNTHETIC_PROTOTYPE
PR-0348-3,MPLADS-SYN-0348,2026-11-22,74,78,District Authority,SYNTHETIC_PROTOTYPE
PR-0349-1,MPLADS-SYN-0349,2026-08-04,19,25,Field Officer,SYNTHETIC_PROTOTYPE
PR-0349-2,MPLADS-SYN-0349,2026-10-02,39,55,Implementing Agency,SYNTHETIC_PROTOTYPE
PR-0349-3,MPLADS-SYN-0349,2026-12-02,57,85,Field Officer,SYNTHETIC_PROTOTYPE
PR-0350-1,MPLADS-SYN-0350,2026-07-05,27,23,Field Officer,SYNTHETIC_PROTOTYPE
PR-0350-2,MPLADS-SYN-0350,2026-08-05,60,52,Implementing Agency,SYNTHETIC_PROTOTYPE
PR-0350-3,MPLADS-SYN-0350,2026-09-07,85,77,Implementing Agency,SYNTHETIC_PROTOTYPE
PR-0351-1,MPLADS-SYN-0351,2026-05-09,12,15,Field Officer,SYNTHETIC_PROTOTYPE
PR-0351-2,MPLADS-SYN-0351,2026-07-16,25,23,Implementing Agency,SYNTHETIC_PROTOTYPE
PR-0351-3,MPLADS-SYN-0351,2026-09-25,41,35,Implementing Agency,SYNTHETIC_PROTOTYPE
PR-0352-1,MPLADS-SYN-0352,2026-07-02,17,19,Implementing Agency,SYNTHETIC_PROTOTYPE
PR-0352-2,MPLADS-SYN-0352,2026-07-23,37,35,District Authority,SYNTHETIC_PROTOTYPE
PR-0352-3,MPLADS-SYN-0352,2026-08-15,60,52,Implementing Agency,SYNTHETIC_PROTOTYPE
PR-0353-1,MPLADS-SYN-0353,2026-08-08,23,17,Implementing Agency,SYNTHETIC_PROTOTYPE
PR-0353-2,MPLADS-SYN-0353,2026-10-07,41,40,Implementing Agency,SYNTHETIC_PROTOTYPE
PR-0353-3,MPLADS-SYN-0353,2026-12-08,72,60,District Authority,SYNTHETIC_PROTOTYPE
PR-0354-1,MPLADS-SYN-0354,2026-05-15,2,9,District Authority,SYNTHETIC_PROTOTYPE
PR-0354-2,MPLADS-SYN-0354,2026-07-20,9,29,Implementing Agency,SYNTHETIC_PROTOTYPE
PR-0354-3,MPLADS-SYN-0354,2026-09-26,20,43,District Authority,SYNTHETIC_PROTOTYPE
PR-0355-1,MPLADS-SYN-0355,2026-04-04,12,13,District Authority,SYNTHETIC_PROTOTYPE
PR-0355-2,MPLADS-SYN-0355,2026-05-15,20,23,Field Officer,SYNTHETIC_PROTOTYPE
PR-0355-3,MPLADS-SYN-0355,2026-06-26,30,34,District Authority,SYNTHETIC_PROTOTYPE
PR-0356-1,MPLADS-SYN-0356,2026-05-05,14,30,District Authority,SYNTHETIC_PROTOTYPE
PR-0356-2,MPLADS-SYN-0356,2026-06-19,22,57,Implementing Agency,SYNTHETIC_PROTOTYPE
PR-0356-3,MPLADS-SYN-0356,2026-08-05,38,78,Implementing Agency,SYNTHETIC_PROTOTYPE
PR-0357-1,MPLADS-SYN-0357,2026-05-29,12,14,District Authority,SYNTHETIC_PROTOTYPE
PR-0357-2,MPLADS-SYN-0357,2026-08-04,24,22,Field Officer,SYNTHETIC_PROTOTYPE
PR-0357-3,MPLADS-SYN-0357,2026-10-13,33,43,District Authority,SYNTHETIC_PROTOTYPE
PR-0358-1,MPLADS-SYN-0358,2026-08-29,15,8,Implementing Agency,SYNTHETIC_PROTOTYPE
PR-0358-2,MPLADS-SYN-0358,2026-10-24,28,20,Field Officer,SYNTHETIC_PROTOTYPE
PR-0358-3,MPLADS-SYN-0358,2026-12-21,42,31,Implementing Agency,SYNTHETIC_PROTOTYPE
PR-0359-1,MPLADS-SYN-0359,2026-06-05,13,32,Field Officer,SYNTHETIC_PROTOTYPE
PR-0359-2,MPLADS-SYN-0359,2026-07-07,33,59,Field Officer,SYNTHETIC_PROTOTYPE
PR-0359-3,MPLADS-SYN-0359,2026-08-09,51,89,Field Officer,SYNTHETIC_PROTOTYPE
PR-0360-1,MPLADS-SYN-0360,2026-04-13,16,6,Field Officer,SYNTHETIC_PROTOTYPE
PR-0360-2,MPLADS-SYN-0360,2026-05-16,24,15,Implementing Agency,SYNTHETIC_PROTOTYPE
PR-0360-3,MPLADS-SYN-0360,2026-06-19,43,28,Implementing Agency,SYNTHETIC_PROTOTYPE
PR-0361-1,MPLADS-SYN-0361,2026-07-23,32,27,Field Officer,SYNTHETIC_PROTOTYPE
PR-0361-2,MPLADS-SYN-0361,2026-09-25,58,53,District Authority,SYNTHETIC_PROTOTYPE
PR-0361-3,MPLADS-SYN-0361,2026-11-30,90,85,Field Officer,SYNTHETIC_PROTOTYPE
PR-0362-1,MPLADS-SYN-0362,2026-07-28,30,36,Field Officer,SYNTHETIC_PROTOTYPE
PR-0362-2,MPLADS-SYN-0362,2026-09-06,58,67,Implementing Agency,SYNTHETIC_PROTOTYPE
PR-0362-3,MPLADS-SYN-0362,2026-10-18,97,99,District Authority,SYNTHETIC_PROTOTYPE
PR-0363-1,MPLADS-SYN-0363,2026-04-03,12,9,Field Officer,SYNTHETIC_PROTOTYPE
PR-0363-2,MPLADS-SYN-0363,2026-05-07,22,22,Implementing Agency,SYNTHETIC_PROTOTYPE
PR-0363-3,MPLADS-SYN-0363,2026-06-11,33,32,Field Officer,SYNTHETIC_PROTOTYPE
PR-0364-1,MPLADS-SYN-0364,2026-09-14,14,19,District Authority,SYNTHETIC_PROTOTYPE
PR-0364-2,MPLADS-SYN-0364,2026-10-28,22,43,District Authority,SYNTHETIC_PROTOTYPE
PR-0364-3,MPLADS-SYN-0364,2026-12-12,35,57,Implementing Agency,SYNTHETIC_PROTOTYPE
PR-0365-1,MPLADS-SYN-0365,2026-06-18,23,13,Implementing Agency,SYNTHETIC_PROTOTYPE
PR-0365-2,MPLADS-SYN-0365,2026-08-24,38,35,Implementing Agency,SYNTHETIC_PROTOTYPE
PR-0365-3,MPLADS-SYN-0365,2026-11-02,62,54,District Authority,SYNTHETIC_PROTOTYPE
PR-0366-1,MPLADS-SYN-0366,2026-06-21,28,28,Implementing Agency,SYNTHETIC_PROTOTYPE
PR-0366-2,MPLADS-SYN-0366,2026-08-10,63,59,Field Officer,SYNTHETIC_PROTOTYPE
PR-0366-3,MPLADS-SYN-0366,2026-10-01,99,92,District Authority,SYNTHETIC_PROTOTYPE
PR-0367-1,MPLADS-SYN-0367,2026-08-15,22,23,Implementing Agency,SYNTHETIC_PROTOTYPE
PR-0367-2,MPLADS-SYN-0367,2026-10-30,34,41,District Authority,SYNTHETIC_PROTOTYPE
PR-0367-3,MPLADS-SYN-0367,2027-01-17,59,63,Field Officer,SYNTHETIC_PROTOTYPE
PR-0368-1,MPLADS-SYN-0368,2026-08-03,11,17,Field Officer,SYNTHETIC_PROTOTYPE
PR-0368-2,MPLADS-SYN-0368,2026-10-04,23,28,Implementing Agency,SYNTHETIC_PROTOTYPE
PR-0368-3,MPLADS-SYN-0368,2026-12-07,37,41,District Authority,SYNTHETIC_PROTOTYPE
PR-0369-1,MPLADS-SYN-0369,2026-09-30,32,31,Implementing Agency,SYNTHETIC_PROTOTYPE
PR-0369-2,MPLADS-SYN-0369,2026-11-28,59,62,District Authority,SYNTHETIC_PROTOTYPE
PR-0369-3,MPLADS-SYN-0369,2027-01-29,94,98,Implementing Agency,SYNTHETIC_PROTOTYPE
PR-0370-1,MPLADS-SYN-0370,2026-04-23,23,23,Implementing Agency,SYNTHETIC_PROTOTYPE
PR-0370-2,MPLADS-SYN-0370,2026-07-02,49,51,Field Officer,SYNTHETIC_PROTOTYPE
PR-0370-3,MPLADS-SYN-0370,2026-09-12,73,86,Implementing Agency,SYNTHETIC_PROTOTYPE
PR-0371-1,MPLADS-SYN-0371,2026-07-29,32,36,District Authority,SYNTHETIC_PROTOTYPE
PR-0371-2,MPLADS-SYN-0371,2026-10-13,61,62,District Authority,SYNTHETIC_PROTOTYPE
PR-0371-3,MPLADS-SYN-0371,2026-12-30,86,100,District Authority,SYNTHETIC_PROTOTYPE
PR-0372-1,MPLADS-SYN-0372,2026-05-21,10,15,Field Officer,SYNTHETIC_PROTOTYPE
PR-0372-2,MPLADS-SYN-0372,2026-06-27,32,35,Implementing Agency,SYNTHETIC_PROTOTYPE
PR-0372-3,MPLADS-SYN-0372,2026-08-04,49,54,Field Officer,SYNTHETIC_PROTOTYPE
PR-0373-1,MPLADS-SYN-0373,2026-05-21,9,20,Implementing Agency,SYNTHETIC_PROTOTYPE
PR-0373-2,MPLADS-SYN-0373,2026-07-22,24,31,Field Officer,SYNTHETIC_PROTOTYPE
PR-0373-3,MPLADS-SYN-0373,2026-09-24,40,55,District Authority,SYNTHETIC_PROTOTYPE
PR-0374-1,MPLADS-SYN-0374,2026-08-12,12,14,Implementing Agency,SYNTHETIC_PROTOTYPE
PR-0374-2,MPLADS-SYN-0374,2026-09-07,34,26,District Authority,SYNTHETIC_PROTOTYPE
PR-0374-3,MPLADS-SYN-0374,2026-10-04,52,44,Implementing Agency,SYNTHETIC_PROTOTYPE
PR-0375-1,MPLADS-SYN-0375,2026-08-21,17,8,Implementing Agency,SYNTHETIC_PROTOTYPE
PR-0375-2,MPLADS-SYN-0375,2026-10-18,35,16,Field Officer,SYNTHETIC_PROTOTYPE
PR-0375-3,MPLADS-SYN-0375,2026-12-17,54,30,Implementing Agency,SYNTHETIC_PROTOTYPE
PR-0376-1,MPLADS-SYN-0376,2026-05-05,29,26,Field Officer,SYNTHETIC_PROTOTYPE
PR-0376-2,MPLADS-SYN-0376,2026-06-07,56,55,District Authority,SYNTHETIC_PROTOTYPE
PR-0376-3,MPLADS-SYN-0376,2026-07-11,82,84,Field Officer,SYNTHETIC_PROTOTYPE
PR-0377-1,MPLADS-SYN-0377,2026-05-14,22,25,District Authority,SYNTHETIC_PROTOTYPE
PR-0377-2,MPLADS-SYN-0377,2026-06-23,49,48,Implementing Agency,SYNTHETIC_PROTOTYPE
PR-0377-3,MPLADS-SYN-0377,2026-08-04,65,78,District Authority,SYNTHETIC_PROTOTYPE
PR-0378-1,MPLADS-SYN-0378,2026-04-21,8,15,Field Officer,SYNTHETIC_PROTOTYPE
PR-0378-2,MPLADS-SYN-0378,2026-07-08,23,39,District Authority,SYNTHETIC_PROTOTYPE
PR-0378-3,MPLADS-SYN-0378,2026-09-27,41,56,Field Officer,SYNTHETIC_PROTOTYPE
PR-0379-1,MPLADS-SYN-0379,2026-06-28,21,22,Implementing Agency,SYNTHETIC_PROTOTYPE
PR-0379-2,MPLADS-SYN-0379,2026-08-18,44,44,Implementing Agency,SYNTHETIC_PROTOTYPE
PR-0379-3,MPLADS-SYN-0379,2026-10-11,69,63,Field Officer,SYNTHETIC_PROTOTYPE
PR-0380-1,MPLADS-SYN-0380,2026-02-01,23,23,Field Officer,SYNTHETIC_PROTOTYPE
PR-0380-2,MPLADS-SYN-0380,2026-02-25,49,53,Implementing Agency,SYNTHETIC_PROTOTYPE
PR-0380-3,MPLADS-SYN-0380,2026-03-22,74,75,District Authority,SYNTHETIC_PROTOTYPE
PR-0381-1,MPLADS-SYN-0381,2026-08-04,17,20,District Authority,SYNTHETIC_PROTOTYPE
PR-0381-2,MPLADS-SYN-0381,2026-09-01,38,34,Implementing Agency,SYNTHETIC_PROTOTYPE
PR-0381-3,MPLADS-SYN-0381,2026-10-01,61,57,Field Officer,SYNTHETIC_PROTOTYPE
PR-0382-1,MPLADS-SYN-0382,2026-11-06,11,13,Implementing Agency,SYNTHETIC_PROTOTYPE
PR-0382-2,MPLADS-SYN-0382,2027-01-24,29,24,Field Officer,SYNTHETIC_PROTOTYPE
PR-0382-3,MPLADS-SYN-0382,2027-04-15,39,34,District Authority,SYNTHETIC_PROTOTYPE
PR-0383-1,MPLADS-SYN-0383,2026-07-01,28,32,Implementing Agency,SYNTHETIC_PROTOTYPE
PR-0383-2,MPLADS-SYN-0383,2026-07-24,57,64,District Authority,SYNTHETIC_PROTOTYPE
PR-0383-3,MPLADS-SYN-0383,2026-08-17,87,96,Implementing Agency,SYNTHETIC_PROTOTYPE
PR-0384-1,MPLADS-SYN-0384,2026-09-21,12,15,Implementing Agency,SYNTHETIC_PROTOTYPE
PR-0384-2,MPLADS-SYN-0384,2026-11-04,19,26,District Authority,SYNTHETIC_PROTOTYPE
PR-0384-3,MPLADS-SYN-0384,2026-12-19,32,41,Field Officer,SYNTHETIC_PROTOTYPE
PR-0385-1,MPLADS-SYN-0385,2026-03-16,23,19,District Authority,SYNTHETIC_PROTOTYPE
PR-0385-2,MPLADS-SYN-0385,2026-04-26,44,50,District Authority,SYNTHETIC_PROTOTYPE
PR-0385-3,MPLADS-SYN-0385,2026-06-08,71,74,Field Officer,SYNTHETIC_PROTOTYPE
PR-0386-1,MPLADS-SYN-0386,2026-03-18,9,10,District Authority,SYNTHETIC_PROTOTYPE
PR-0386-2,MPLADS-SYN-0386,2026-04-09,22,17,District Authority,SYNTHETIC_PROTOTYPE
PR-0386-3,MPLADS-SYN-0386,2026-05-02,37,36,Implementing Agency,SYNTHETIC_PROTOTYPE
PR-0387-1,MPLADS-SYN-0387,2026-03-02,12,14,Field Officer,SYNTHETIC_PROTOTYPE
PR-0387-2,MPLADS-SYN-0387,2026-03-30,23,25,Field Officer,SYNTHETIC_PROTOTYPE
PR-0387-3,MPLADS-SYN-0387,2026-04-29,41,44,Field Officer,SYNTHETIC_PROTOTYPE
PR-0388-1,MPLADS-SYN-0388,2026-03-28,15,11,District Authority,SYNTHETIC_PROTOTYPE
PR-0388-2,MPLADS-SYN-0388,2026-05-29,32,31,Implementing Agency,SYNTHETIC_PROTOTYPE
PR-0388-3,MPLADS-SYN-0388,2026-08-01,48,38,Field Officer,SYNTHETIC_PROTOTYPE
PR-0389-1,MPLADS-SYN-0389,2026-05-29,11,26,District Authority,SYNTHETIC_PROTOTYPE
PR-0389-2,MPLADS-SYN-0389,2026-08-04,15,54,Field Officer,SYNTHETIC_PROTOTYPE
PR-0389-3,MPLADS-SYN-0389,2026-10-13,26,89,District Authority,SYNTHETIC_PROTOTYPE
PR-0390-1,MPLADS-SYN-0390,2026-09-10,11,17,Field Officer,SYNTHETIC_PROTOTYPE
PR-0390-2,MPLADS-SYN-0390,2026-11-02,28,41,Implementing Agency,SYNTHETIC_PROTOTYPE
PR-0390-3,MPLADS-SYN-0390,2026-12-27,40,59,District Authority,SYNTHETIC_PROTOTYPE
PR-0391-1,MPLADS-SYN-0391,2026-03-13,18,16,District Authority,SYNTHETIC_PROTOTYPE
PR-0391-2,MPLADS-SYN-0391,2026-05-09,37,41,Implementing Agency,SYNTHETIC_PROTOTYPE
PR-0391-3,MPLADS-SYN-0391,2026-07-07,66,60,District Authority,SYNTHETIC_PROTOTYPE
PR-0392-1,MPLADS-SYN-0392,2026-04-24,13,10,District Authority,SYNTHETIC_PROTOTYPE
PR-0392-2,MPLADS-SYN-0392,2026-06-12,28,27,District Authority,SYNTHETIC_PROTOTYPE
PR-0392-3,MPLADS-SYN-0392,2026-08-02,47,47,Field Officer,SYNTHETIC_PROTOTYPE
PR-0393-1,MPLADS-SYN-0393,2026-03-06,17,9,Implementing Agency,SYNTHETIC_PROTOTYPE
PR-0393-2,MPLADS-SYN-0393,2026-05-03,24,19,Implementing Agency,SYNTHETIC_PROTOTYPE
PR-0393-3,MPLADS-SYN-0393,2026-07-02,38,38,Field Officer,SYNTHETIC_PROTOTYPE
PR-0394-1,MPLADS-SYN-0394,2026-06-03,3,8,District Authority,SYNTHETIC_PROTOTYPE
PR-0394-2,MPLADS-SYN-0394,2026-08-19,6,19,District Authority,SYNTHETIC_PROTOTYPE
PR-0394-3,MPLADS-SYN-0394,2026-11-07,9,34,District Authority,SYNTHETIC_PROTOTYPE
PR-0395-1,MPLADS-SYN-0395,2026-05-02,23,25,Field Officer,SYNTHETIC_PROTOTYPE
PR-0395-2,MPLADS-SYN-0395,2026-07-16,39,41,District Authority,SYNTHETIC_PROTOTYPE
PR-0395-3,MPLADS-SYN-0395,2026-10-01,64,64,Field Officer,SYNTHETIC_PROTOTYPE
PR-0396-1,MPLADS-SYN-0396,2026-09-03,16,27,Implementing Agency,SYNTHETIC_PROTOTYPE
PR-0396-2,MPLADS-SYN-0396,2026-11-13,42,46,Implementing Agency,SYNTHETIC_PROTOTYPE
PR-0396-3,MPLADS-SYN-0396,2027-01-26,67,75,District Authority,SYNTHETIC_PROTOTYPE
PR-0397-1,MPLADS-SYN-0397,2026-09-15,26,19,Field Officer,SYNTHETIC_PROTOTYPE
PR-0397-2,MPLADS-SYN-0397,2026-10-08,50,42,Field Officer,SYNTHETIC_PROTOTYPE
PR-0397-3,MPLADS-SYN-0397,2026-11-01,77,73,District Authority,SYNTHETIC_PROTOTYPE
PR-0398-1,MPLADS-SYN-0398,2026-05-22,10,12,District Authority,SYNTHETIC_PROTOTYPE
PR-0398-2,MPLADS-SYN-0398,2026-06-22,14,29,District Authority,SYNTHETIC_PROTOTYPE
PR-0398-3,MPLADS-SYN-0398,2026-07-24,16,48,Implementing Agency,SYNTHETIC_PROTOTYPE
PR-0399-1,MPLADS-SYN-0399,2026-08-24,14,24,Field Officer,SYNTHETIC_PROTOTYPE
PR-0399-2,MPLADS-SYN-0399,2026-10-24,38,40,Implementing Agency,SYNTHETIC_PROTOTYPE
PR-0399-3,MPLADS-SYN-0399,2026-12-26,53,68,Field Officer,SYNTHETIC_PROTOTYPE
PR-0400-1,MPLADS-SYN-0400,2026-08-30,2,28,Implementing Agency,SYNTHETIC_PROTOTYPE
PR-0400-2,MPLADS-SYN-0400,2026-10-16,16,57,Field Officer,SYNTHETIC_PROTOTYPE
PR-0400-3,MPLADS-SYN-0400,2026-12-03,25,81,Field Officer,SYNTHETIC_PROTOTYPE
PR-0401-1,MPLADS-SYN-0401,2026-08-21,14,7,Implementing Agency,SYNTHETIC_PROTOTYPE
PR-0401-2,MPLADS-SYN-0401,2026-11-01,23,18,Implementing Agency,SYNTHETIC_PROTOTYPE
PR-0401-3,MPLADS-SYN-0401,2027-01-14,40,34,District Authority,SYNTHETIC_PROTOTYPE
PR-0402-1,MPLADS-SYN-0402,2026-07-20,16,19,Field Officer,SYNTHETIC_PROTOTYPE
PR-0402-2,MPLADS-SYN-0402,2026-09-22,32,32,Field Officer,SYNTHETIC_PROTOTYPE
PR-0402-3,MPLADS-SYN-0402,2026-11-27,46,47,Field Officer,SYNTHETIC_PROTOTYPE
PR-0403-1,MPLADS-SYN-0403,2026-04-10,5,11,District Authority,SYNTHETIC_PROTOTYPE
PR-0403-2,MPLADS-SYN-0403,2026-04-30,4,22,Field Officer,SYNTHETIC_PROTOTYPE
PR-0403-3,MPLADS-SYN-0403,2026-05-21,14,39,District Authority,SYNTHETIC_PROTOTYPE
PR-0404-1,MPLADS-SYN-0404,2026-08-15,6,20,Implementing Agency,SYNTHETIC_PROTOTYPE
PR-0404-2,MPLADS-SYN-0404,2026-10-26,23,35,Field Officer,SYNTHETIC_PROTOTYPE
PR-0404-3,MPLADS-SYN-0404,2027-01-09,32,54,Field Officer,SYNTHETIC_PROTOTYPE
PR-0405-1,MPLADS-SYN-0405,2026-06-23,20,23,District Authority,SYNTHETIC_PROTOTYPE
PR-0405-2,MPLADS-SYN-0405,2026-08-27,43,49,Implementing Agency,SYNTHETIC_PROTOTYPE
PR-0405-3,MPLADS-SYN-0405,2026-11-03,67,76,District Authority,SYNTHETIC_PROTOTYPE
PR-0406-1,MPLADS-SYN-0406,2026-05-07,23,18,Implementing Agency,SYNTHETIC_PROTOTYPE
PR-0406-2,MPLADS-SYN-0406,2026-06-08,34,35,District Authority,SYNTHETIC_PROTOTYPE
PR-0406-3,MPLADS-SYN-0406,2026-07-12,62,63,Field Officer,SYNTHETIC_PROTOTYPE
PR-0407-1,MPLADS-SYN-0407,2026-05-13,24,30,Implementing Agency,SYNTHETIC_PROTOTYPE
PR-0407-2,MPLADS-SYN-0407,2026-07-20,58,60,Field Officer,SYNTHETIC_PROTOTYPE
PR-0407-3,MPLADS-SYN-0407,2026-09-29,88,91,Implementing Agency,SYNTHETIC_PROTOTYPE
PR-0408-1,MPLADS-SYN-0408,2026-03-31,15,14,Field Officer,SYNTHETIC_PROTOTYPE
PR-0408-2,MPLADS-SYN-0408,2026-04-29,35,37,Implementing Agency,SYNTHETIC_PROTOTYPE
PR-0408-3,MPLADS-SYN-0408,2026-05-30,61,57,District Authority,SYNTHETIC_PROTOTYPE
PR-0409-1,MPLADS-SYN-0409,2026-09-23,12,8,Field Officer,SYNTHETIC_PROTOTYPE
PR-0409-2,MPLADS-SYN-0409,2026-11-26,27,25,District Authority,SYNTHETIC_PROTOTYPE
PR-0409-3,MPLADS-SYN-0409,2027-01-31,45,34,Field Officer,SYNTHETIC_PROTOTYPE
PR-0410-1,MPLADS-SYN-0410,2026-06-24,10,20,District Authority,SYNTHETIC_PROTOTYPE
PR-0410-2,MPLADS-SYN-0410,2026-07-25,12,50,Field Officer,SYNTHETIC_PROTOTYPE
PR-0410-3,MPLADS-SYN-0410,2026-08-26,22,78,Implementing Agency,SYNTHETIC_PROTOTYPE
PR-0411-1,MPLADS-SYN-0411,2026-10-06,25,27,District Authority,SYNTHETIC_PROTOTYPE
PR-0411-2,MPLADS-SYN-0411,2026-11-30,58,53,Implementing Agency,SYNTHETIC_PROTOTYPE
PR-0411-3,MPLADS-SYN-0411,2027-01-27,84,88,District Authority,SYNTHETIC_PROTOTYPE
PR-0412-1,MPLADS-SYN-0412,2026-05-01,14,9,Implementing Agency,SYNTHETIC_PROTOTYPE
PR-0412-2,MPLADS-SYN-0412,2026-07-19,27,26,Field Officer,SYNTHETIC_PROTOTYPE
PR-0412-3,MPLADS-SYN-0412,2026-10-09,41,41,District Authority,SYNTHETIC_PROTOTYPE
PR-0413-1,MPLADS-SYN-0413,2026-02-16,30,32,Implementing Agency,SYNTHETIC_PROTOTYPE
PR-0413-2,MPLADS-SYN-0413,2026-03-24,54,61,Field Officer,SYNTHETIC_PROTOTYPE
PR-0413-3,MPLADS-SYN-0413,2026-05-01,84,95,Implementing Agency,SYNTHETIC_PROTOTYPE
PR-0414-1,MPLADS-SYN-0414,2026-06-27,23,32,Implementing Agency,SYNTHETIC_PROTOTYPE
PR-0414-2,MPLADS-SYN-0414,2026-08-06,51,63,Implementing Agency,SYNTHETIC_PROTOTYPE
PR-0414-3,MPLADS-SYN-0414,2026-09-16,79,95,Field Officer,SYNTHETIC_PROTOTYPE
PR-0415-1,MPLADS-SYN-0415,2026-08-10,24,24,Implementing Agency,SYNTHETIC_PROTOTYPE
PR-0415-2,MPLADS-SYN-0415,2026-09-07,45,49,Field Officer,SYNTHETIC_PROTOTYPE
PR-0415-3,MPLADS-SYN-0415,2026-10-06,71,66,Field Officer,SYNTHETIC_PROTOTYPE
PR-0416-1,MPLADS-SYN-0416,2026-09-03,21,31,District Authority,SYNTHETIC_PROTOTYPE
PR-0416-2,MPLADS-SYN-0416,2026-10-02,49,54,Field Officer,SYNTHETIC_PROTOTYPE
PR-0416-3,MPLADS-SYN-0416,2026-11-01,73,81,Implementing Agency,SYNTHETIC_PROTOTYPE
PR-0417-1,MPLADS-SYN-0417,2026-04-09,28,28,Field Officer,SYNTHETIC_PROTOTYPE
PR-0417-2,MPLADS-SYN-0417,2026-06-11,53,48,District Authority,SYNTHETIC_PROTOTYPE
PR-0417-3,MPLADS-SYN-0417,2026-08-15,73,81,Implementing Agency,SYNTHETIC_PROTOTYPE
PR-0418-1,MPLADS-SYN-0418,2026-11-02,26,27,Field Officer,SYNTHETIC_PROTOTYPE
PR-0418-2,MPLADS-SYN-0418,2027-01-16,47,50,Field Officer,SYNTHETIC_PROTOTYPE
PR-0418-3,MPLADS-SYN-0418,2027-04-04,75,72,District Authority,SYNTHETIC_PROTOTYPE
PR-0419-1,MPLADS-SYN-0419,2026-05-13,29,25,Field Officer,SYNTHETIC_PROTOTYPE
PR-0419-2,MPLADS-SYN-0419,2026-06-05,51,55,District Authority,SYNTHETIC_PROTOTYPE
PR-0419-3,MPLADS-SYN-0419,2026-06-29,80,88,Implementing Agency,SYNTHETIC_PROTOTYPE
PR-0420-1,MPLADS-SYN-0420,2026-09-27,8,10,District Authority,SYNTHETIC_PROTOTYPE
PR-0420-2,MPLADS-SYN-0420,2026-12-15,24,22,Implementing Agency,SYNTHETIC_PROTOTYPE
PR-0420-3,MPLADS-SYN-0420,2027-03-07,36,40,Implementing Agency,SYNTHETIC_PROTOTYPE
PR-0421-1,MPLADS-SYN-0421,2026-07-12,23,28,District Authority,SYNTHETIC_PROTOTYPE
PR-0421-2,MPLADS-SYN-0421,2026-09-05,47,45,District Authority,SYNTHETIC_PROTOTYPE
PR-0421-3,MPLADS-SYN-0421,2026-11-02,73,74,District Authority,SYNTHETIC_PROTOTYPE
PR-0422-1,MPLADS-SYN-0422,2026-08-31,18,26,District Authority,SYNTHETIC_PROTOTYPE
PR-0422-2,MPLADS-SYN-0422,2026-10-25,40,45,Implementing Agency,SYNTHETIC_PROTOTYPE
PR-0422-3,MPLADS-SYN-0422,2026-12-21,67,73,District Authority,SYNTHETIC_PROTOTYPE
PR-0423-1,MPLADS-SYN-0423,2026-07-10,14,15,District Authority,SYNTHETIC_PROTOTYPE
PR-0423-2,MPLADS-SYN-0423,2026-08-26,26,24,District Authority,SYNTHETIC_PROTOTYPE
PR-0423-3,MPLADS-SYN-0423,2026-10-13,44,40,Implementing Agency,SYNTHETIC_PROTOTYPE
PR-0424-1,MPLADS-SYN-0424,2026-03-07,23,25,Field Officer,SYNTHETIC_PROTOTYPE
PR-0424-2,MPLADS-SYN-0424,2026-03-29,40,38,Implementing Agency,SYNTHETIC_PROTOTYPE
PR-0424-3,MPLADS-SYN-0424,2026-04-21,62,60,Implementing Agency,SYNTHETIC_PROTOTYPE
PR-0425-1,MPLADS-SYN-0425,2026-03-12,24,16,District Authority,SYNTHETIC_PROTOTYPE
PR-0425-2,MPLADS-SYN-0425,2026-05-15,44,42,Field Officer,SYNTHETIC_PROTOTYPE
PR-0425-3,MPLADS-SYN-0425,2026-07-21,60,64,District Authority,SYNTHETIC_PROTOTYPE
PR-0426-1,MPLADS-SYN-0426,2026-04-12,23,24,Implementing Agency,SYNTHETIC_PROTOTYPE
PR-0426-2,MPLADS-SYN-0426,2026-06-08,54,61,District Authority,SYNTHETIC_PROTOTYPE
PR-0426-3,MPLADS-SYN-0426,2026-08-06,74,84,District Authority,SYNTHETIC_PROTOTYPE
PR-0427-1,MPLADS-SYN-0427,2026-10-17,15,14,District Authority,SYNTHETIC_PROTOTYPE
PR-0427-2,MPLADS-SYN-0427,2026-12-18,26,33,Implementing Agency,SYNTHETIC_PROTOTYPE
PR-0427-3,MPLADS-SYN-0427,2027-02-21,50,45,Field Officer,SYNTHETIC_PROTOTYPE
PR-0428-1,MPLADS-SYN-0428,2026-02-25,31,29,Implementing Agency,SYNTHETIC_PROTOTYPE
PR-0428-2,MPLADS-SYN-0428,2026-04-12,55,64,Field Officer,SYNTHETIC_PROTOTYPE
PR-0428-3,MPLADS-SYN-0428,2026-05-30,90,92,Implementing Agency,SYNTHETIC_PROTOTYPE
PR-0429-1,MPLADS-SYN-0429,2026-01-26,32,24,Implementing Agency,SYNTHETIC_PROTOTYPE
PR-0429-2,MPLADS-SYN-0429,2026-02-20,65,51,District Authority,SYNTHETIC_PROTOTYPE
PR-0429-3,MPLADS-SYN-0429,2026-03-18,92,84,District Authority,SYNTHETIC_PROTOTYPE
PR-0430-1,MPLADS-SYN-0430,2026-07-20,30,29,District Authority,SYNTHETIC_PROTOTYPE
PR-0430-2,MPLADS-SYN-0430,2026-08-17,60,62,Implementing Agency,SYNTHETIC_PROTOTYPE
PR-0430-3,MPLADS-SYN-0430,2026-09-15,89,86,Field Officer,SYNTHETIC_PROTOTYPE
PR-0431-1,MPLADS-SYN-0431,2026-03-19,12,17,Field Officer,SYNTHETIC_PROTOTYPE
PR-0431-2,MPLADS-SYN-0431,2026-05-25,32,26,Field Officer,SYNTHETIC_PROTOTYPE
PR-0431-3,MPLADS-SYN-0431,2026-08-03,43,50,District Authority,SYNTHETIC_PROTOTYPE
PR-0432-1,MPLADS-SYN-0432,2026-03-28,31,28,District Authority,SYNTHETIC_PROTOTYPE
PR-0432-2,MPLADS-SYN-0432,2026-04-24,55,69,Implementing Agency,SYNTHETIC_PROTOTYPE
PR-0432-3,MPLADS-SYN-0432,2026-05-22,90,97,Implementing Agency,SYNTHETIC_PROTOTYPE
PR-0433-1,MPLADS-SYN-0433,2026-05-19,6,12,Implementing Agency,SYNTHETIC_PROTOTYPE
PR-0433-2,MPLADS-SYN-0433,2026-07-18,17,30,Field Officer,SYNTHETIC_PROTOTYPE
PR-0433-3,MPLADS-SYN-0433,2026-09-18,21,45,District Authority,SYNTHETIC_PROTOTYPE
PR-0434-1,MPLADS-SYN-0434,2026-10-07,7,27,Field Officer,SYNTHETIC_PROTOTYPE
PR-0434-2,MPLADS-SYN-0434,2026-12-08,25,47,Implementing Agency,SYNTHETIC_PROTOTYPE
PR-0434-3,MPLADS-SYN-0434,2027-02-10,32,78,Implementing Agency,SYNTHETIC_PROTOTYPE
PR-0435-1,MPLADS-SYN-0435,2026-03-21,15,16,Implementing Agency,SYNTHETIC_PROTOTYPE
PR-0435-2,MPLADS-SYN-0435,2026-04-17,34,32,District Authority,SYNTHETIC_PROTOTYPE
PR-0435-3,MPLADS-SYN-0435,2026-05-15,55,57,Field Officer,SYNTHETIC_PROTOTYPE
PR-0436-1,MPLADS-SYN-0436,2026-09-23,15,20,District Authority,SYNTHETIC_PROTOTYPE
PR-0436-2,MPLADS-SYN-0436,2026-10-22,28,40,Implementing Agency,SYNTHETIC_PROTOTYPE
PR-0436-3,MPLADS-SYN-0436,2026-11-22,34,62,District Authority,SYNTHETIC_PROTOTYPE
PR-0437-1,MPLADS-SYN-0437,2026-07-14,18,14,Field Officer,SYNTHETIC_PROTOTYPE
PR-0437-2,MPLADS-SYN-0437,2026-09-17,28,34,District Authority,SYNTHETIC_PROTOTYPE
PR-0437-3,MPLADS-SYN-0437,2026-11-24,45,54,District Authority,SYNTHETIC_PROTOTYPE
PR-0438-1,MPLADS-SYN-0438,2026-03-08,24,30,Field Officer,SYNTHETIC_PROTOTYPE
PR-0438-2,MPLADS-SYN-0438,2026-04-05,50,51,Field Officer,SYNTHETIC_PROTOTYPE
PR-0438-3,MPLADS-SYN-0438,2026-05-04,71,82,Field Officer,SYNTHETIC_PROTOTYPE
PR-0439-1,MPLADS-SYN-0439,2026-10-11,11,29,Implementing Agency,SYNTHETIC_PROTOTYPE
PR-0439-2,MPLADS-SYN-0439,2026-12-29,20,56,Implementing Agency,SYNTHETIC_PROTOTYPE
PR-0439-3,MPLADS-SYN-0439,2027-03-21,29,83,District Authority,SYNTHETIC_PROTOTYPE
PR-0440-1,MPLADS-SYN-0440,2026-03-03,11,16,Field Officer,SYNTHETIC_PROTOTYPE
PR-0440-2,MPLADS-SYN-0440,2026-04-28,23,34,District Authority,SYNTHETIC_PROTOTYPE
PR-0440-3,MPLADS-SYN-0440,2026-06-25,40,45,District Authority,SYNTHETIC_PROTOTYPE
PR-0441-1,MPLADS-SYN-0441,2026-04-29,22,21,District Authority,SYNTHETIC_PROTOTYPE
PR-0441-2,MPLADS-SYN-0441,2026-06-06,36,37,District Authority,SYNTHETIC_PROTOTYPE
PR-0441-3,MPLADS-SYN-0441,2026-07-16,54,54,Implementing Agency,SYNTHETIC_PROTOTYPE
PR-0442-1,MPLADS-SYN-0442,2026-02-23,14,4,Field Officer,SYNTHETIC_PROTOTYPE
PR-0442-2,MPLADS-SYN-0442,2026-03-16,34,20,District Authority,SYNTHETIC_PROTOTYPE
PR-0442-3,MPLADS-SYN-0442,2026-04-07,50,25,Implementing Agency,SYNTHETIC_PROTOTYPE
PR-0443-1,MPLADS-SYN-0443,2026-08-12,31,27,District Authority,SYNTHETIC_PROTOTYPE
PR-0443-2,MPLADS-SYN-0443,2026-09-15,60,51,Implementing Agency,SYNTHETIC_PROTOTYPE
PR-0443-3,MPLADS-SYN-0443,2026-10-20,86,84,District Authority,SYNTHETIC_PROTOTYPE
PR-0444-1,MPLADS-SYN-0444,2026-04-25,17,12,District Authority,SYNTHETIC_PROTOTYPE
PR-0444-2,MPLADS-SYN-0444,2026-07-02,31,26,Implementing Agency,SYNTHETIC_PROTOTYPE
PR-0444-3,MPLADS-SYN-0444,2026-09-11,42,37,Field Officer,SYNTHETIC_PROTOTYPE
PR-0445-1,MPLADS-SYN-0445,2026-08-25,20,23,Implementing Agency,SYNTHETIC_PROTOTYPE
PR-0445-2,MPLADS-SYN-0445,2026-09-14,49,47,District Authority,SYNTHETIC_PROTOTYPE
PR-0445-3,MPLADS-SYN-0445,2026-10-05,75,71,Field Officer,SYNTHETIC_PROTOTYPE
PR-0446-1,MPLADS-SYN-0446,2026-10-04,19,9,District Authority,SYNTHETIC_PROTOTYPE
PR-0446-2,MPLADS-SYN-0446,2026-11-23,32,21,District Authority,SYNTHETIC_PROTOTYPE
PR-0446-3,MPLADS-SYN-0446,2027-01-14,47,40,Implementing Agency,SYNTHETIC_PROTOTYPE
PR-0447-1,MPLADS-SYN-0447,2026-04-01,27,28,Field Officer,SYNTHETIC_PROTOTYPE
PR-0447-2,MPLADS-SYN-0447,2026-05-16,58,58,Implementing Agency,SYNTHETIC_PROTOTYPE
PR-0447-3,MPLADS-SYN-0447,2026-07-02,84,90,Implementing Agency,SYNTHETIC_PROTOTYPE
PR-0448-1,MPLADS-SYN-0448,2026-04-23,30,29,District Authority,SYNTHETIC_PROTOTYPE
PR-0448-2,MPLADS-SYN-0448,2026-06-25,54,54,Field Officer,SYNTHETIC_PROTOTYPE
PR-0448-3,MPLADS-SYN-0448,2026-08-29,83,81,Field Officer,SYNTHETIC_PROTOTYPE
PR-0449-1,MPLADS-SYN-0449,2026-03-20,6,18,District Authority,SYNTHETIC_PROTOTYPE
PR-0449-2,MPLADS-SYN-0449,2026-05-20,18,32,Field Officer,SYNTHETIC_PROTOTYPE
PR-0449-3,MPLADS-SYN-0449,2026-07-23,30,49,Implementing Agency,SYNTHETIC_PROTOTYPE
PR-0450-1,MPLADS-SYN-0450,2026-10-21,15,17,District Authority,SYNTHETIC_PROTOTYPE
PR-0450-2,MPLADS-SYN-0450,2026-12-29,30,39,District Authority,SYNTHETIC_PROTOTYPE
PR-0450-3,MPLADS-SYN-0450,2027-03-11,47,57,Field Officer,SYNTHETIC_PROTOTYPE
PR-0451-1,MPLADS-SYN-0451,2026-06-13,15,17,Field Officer,SYNTHETIC_PROTOTYPE
PR-0451-2,MPLADS-SYN-0451,2026-07-23,42,33,Implementing Agency,SYNTHETIC_PROTOTYPE
PR-0451-3,MPLADS-SYN-0451,2026-09-03,57,54,Implementing Agency,SYNTHETIC_PROTOTYPE
PR-0452-1,MPLADS-SYN-0452,2026-10-08,14,29,District Authority,SYNTHETIC_PROTOTYPE
PR-0452-2,MPLADS-SYN-0452,2026-12-14,24,50,Field Officer,SYNTHETIC_PROTOTYPE
PR-0452-3,MPLADS-SYN-0452,2027-02-21,40,73,Implementing Agency,SYNTHETIC_PROTOTYPE
PR-0453-1,MPLADS-SYN-0453,2026-08-24,13,13,Implementing Agency,SYNTHETIC_PROTOTYPE
PR-0453-2,MPLADS-SYN-0453,2026-11-07,34,30,Field Officer,SYNTHETIC_PROTOTYPE
PR-0453-3,MPLADS-SYN-0453,2027-01-23,49,39,District Authority,SYNTHETIC_PROTOTYPE
PR-0454-1,MPLADS-SYN-0454,2026-09-25,7,25,Field Officer,SYNTHETIC_PROTOTYPE
PR-0454-2,MPLADS-SYN-0454,2026-11-13,21,53,Field Officer,SYNTHETIC_PROTOTYPE
PR-0454-3,MPLADS-SYN-0454,2027-01-03,27,86,Field Officer,SYNTHETIC_PROTOTYPE
PR-0455-1,MPLADS-SYN-0455,2026-04-28,8,14,Field Officer,SYNTHETIC_PROTOTYPE
PR-0455-2,MPLADS-SYN-0455,2026-06-29,27,25,Field Officer,SYNTHETIC_PROTOTYPE
PR-0455-3,MPLADS-SYN-0455,2026-09-02,39,38,Field Officer,SYNTHETIC_PROTOTYPE
PR-0456-1,MPLADS-SYN-0456,2026-02-18,23,29,District Authority,SYNTHETIC_PROTOTYPE
PR-0456-2,MPLADS-SYN-0456,2026-03-19,46,58,Implementing Agency,SYNTHETIC_PROTOTYPE
PR-0456-3,MPLADS-SYN-0456,2026-04-18,78,84,District Authority,SYNTHETIC_PROTOTYPE
PR-0457-1,MPLADS-SYN-0457,2026-06-24,20,16,Field Officer,SYNTHETIC_PROTOTYPE
PR-0457-2,MPLADS-SYN-0457,2026-07-24,34,32,Field Officer,SYNTHETIC_PROTOTYPE
PR-0457-3,MPLADS-SYN-0457,2026-08-24,52,52,District Authority,SYNTHETIC_PROTOTYPE
PR-0458-1,MPLADS-SYN-0458,2026-08-05,22,26,District Authority,SYNTHETIC_PROTOTYPE
PR-0458-2,MPLADS-SYN-0458,2026-09-30,39,42,Implementing Agency,SYNTHETIC_PROTOTYPE
PR-0458-3,MPLADS-SYN-0458,2026-11-27,62,63,Implementing Agency,SYNTHETIC_PROTOTYPE
PR-0459-1,MPLADS-SYN-0459,2026-09-17,14,16,District Authority,SYNTHETIC_PROTOTYPE
PR-0459-2,MPLADS-SYN-0459,2026-11-21,36,27,Implementing Agency,SYNTHETIC_PROTOTYPE
PR-0459-3,MPLADS-SYN-0459,2027-01-27,48,41,District Authority,SYNTHETIC_PROTOTYPE
PR-0460-1,MPLADS-SYN-0460,2026-03-16,7,13,Implementing Agency,SYNTHETIC_PROTOTYPE
PR-0460-2,MPLADS-SYN-0460,2026-04-10,10,16,Implementing Agency,SYNTHETIC_PROTOTYPE
PR-0460-3,MPLADS-SYN-0460,2026-05-07,24,35,District Authority,SYNTHETIC_PROTOTYPE
PR-0461-1,MPLADS-SYN-0461,2026-08-11,24,26,Implementing Agency,SYNTHETIC_PROTOTYPE
PR-0461-2,MPLADS-SYN-0461,2026-10-18,45,54,Implementing Agency,SYNTHETIC_PROTOTYPE
PR-0461-3,MPLADS-SYN-0461,2026-12-27,75,78,Field Officer,SYNTHETIC_PROTOTYPE
PR-0462-1,MPLADS-SYN-0462,2026-04-22,24,26,District Authority,SYNTHETIC_PROTOTYPE
PR-0462-2,MPLADS-SYN-0462,2026-07-02,47,46,District Authority,SYNTHETIC_PROTOTYPE
PR-0462-3,MPLADS-SYN-0462,2026-09-14,73,66,Field Officer,SYNTHETIC_PROTOTYPE
PR-0463-1,MPLADS-SYN-0463,2026-08-29,17,17,Field Officer,SYNTHETIC_PROTOTYPE
PR-0463-2,MPLADS-SYN-0463,2026-09-23,38,36,District Authority,SYNTHETIC_PROTOTYPE
PR-0463-3,MPLADS-SYN-0463,2026-10-19,58,52,Implementing Agency,SYNTHETIC_PROTOTYPE
PR-0464-1,MPLADS-SYN-0464,2026-06-21,22,14,Field Officer,SYNTHETIC_PROTOTYPE
PR-0464-2,MPLADS-SYN-0464,2026-08-19,41,33,Field Officer,SYNTHETIC_PROTOTYPE
PR-0464-3,MPLADS-SYN-0464,2026-10-19,59,53,District Authority,SYNTHETIC_PROTOTYPE
PR-0465-1,MPLADS-SYN-0465,2026-10-30,32,31,Field Officer,SYNTHETIC_PROTOTYPE
PR-0465-2,MPLADS-SYN-0465,2027-01-07,54,60,District Authority,SYNTHETIC_PROTOTYPE
PR-0465-3,MPLADS-SYN-0465,2027-03-19,81,90,Field Officer,SYNTHETIC_PROTOTYPE
PR-0466-1,MPLADS-SYN-0466,2026-07-05,6,30,Implementing Agency,SYNTHETIC_PROTOTYPE
PR-0466-2,MPLADS-SYN-0466,2026-08-27,15,49,Implementing Agency,SYNTHETIC_PROTOTYPE
PR-0466-3,MPLADS-SYN-0466,2026-10-21,21,79,District Authority,SYNTHETIC_PROTOTYPE
PR-0467-1,MPLADS-SYN-0467,2026-06-18,13,10,District Authority,SYNTHETIC_PROTOTYPE
PR-0467-2,MPLADS-SYN-0467,2026-07-22,15,17,Implementing Agency,SYNTHETIC_PROTOTYPE
PR-0467-3,MPLADS-SYN-0467,2026-08-27,31,30,Implementing Agency,SYNTHETIC_PROTOTYPE
PR-0468-1,MPLADS-SYN-0468,2026-10-20,6,13,District Authority,SYNTHETIC_PROTOTYPE
PR-0468-2,MPLADS-SYN-0468,2027-01-05,22,29,District Authority,SYNTHETIC_PROTOTYPE
PR-0468-3,MPLADS-SYN-0468,2027-03-26,31,43,Field Officer,SYNTHETIC_PROTOTYPE
PR-0469-1,MPLADS-SYN-0469,2026-03-10,7,9,Field Officer,SYNTHETIC_PROTOTYPE
PR-0469-2,MPLADS-SYN-0469,2026-04-03,12,26,Implementing Agency,SYNTHETIC_PROTOTYPE
PR-0469-3,MPLADS-SYN-0469,2026-04-28,20,36,District Authority,SYNTHETIC_PROTOTYPE
PR-0470-1,MPLADS-SYN-0470,2026-04-26,17,23,Field Officer,SYNTHETIC_PROTOTYPE
PR-0470-2,MPLADS-SYN-0470,2026-05-16,38,42,Field Officer,SYNTHETIC_PROTOTYPE
PR-0470-3,MPLADS-SYN-0470,2026-06-06,55,54,District Authority,SYNTHETIC_PROTOTYPE
PR-0471-1,MPLADS-SYN-0471,2026-10-01,24,14,Implementing Agency,SYNTHETIC_PROTOTYPE
PR-0471-2,MPLADS-SYN-0471,2026-11-17,38,30,Field Officer,SYNTHETIC_PROTOTYPE
PR-0471-3,MPLADS-SYN-0471,2027-01-04,62,51,Implementing Agency,SYNTHETIC_PROTOTYPE
PR-0472-1,MPLADS-SYN-0472,2026-07-22,22,24,Field Officer,SYNTHETIC_PROTOTYPE
PR-0472-2,MPLADS-SYN-0472,2026-09-23,57,47,Field Officer,SYNTHETIC_PROTOTYPE
PR-0472-3,MPLADS-SYN-0472,2026-11-27,79,71,Field Officer,SYNTHETIC_PROTOTYPE
PR-0473-1,MPLADS-SYN-0473,2026-07-30,20,15,Implementing Agency,SYNTHETIC_PROTOTYPE
PR-0473-2,MPLADS-SYN-0473,2026-08-19,47,37,Field Officer,SYNTHETIC_PROTOTYPE
PR-0473-3,MPLADS-SYN-0473,2026-09-10,73,63,District Authority,SYNTHETIC_PROTOTYPE
PR-0474-1,MPLADS-SYN-0474,2026-03-17,16,22,Implementing Agency,SYNTHETIC_PROTOTYPE
PR-0474-2,MPLADS-SYN-0474,2026-04-30,28,53,Implementing Agency,SYNTHETIC_PROTOTYPE
PR-0474-3,MPLADS-SYN-0474,2026-06-14,40,76,Field Officer,SYNTHETIC_PROTOTYPE
PR-0475-1,MPLADS-SYN-0475,2026-04-23,31,36,Field Officer,SYNTHETIC_PROTOTYPE
PR-0475-2,MPLADS-SYN-0475,2026-05-13,58,66,Field Officer,SYNTHETIC_PROTOTYPE
PR-0475-3,MPLADS-SYN-0475,2026-06-03,89,93,Implementing Agency,SYNTHETIC_PROTOTYPE
PR-0476-1,MPLADS-SYN-0476,2026-09-01,20,17,Field Officer,SYNTHETIC_PROTOTYPE
PR-0476-2,MPLADS-SYN-0476,2026-10-17,48,44,Field Officer,SYNTHETIC_PROTOTYPE
PR-0476-3,MPLADS-SYN-0476,2026-12-03,66,63,Implementing Agency,SYNTHETIC_PROTOTYPE
PR-0477-1,MPLADS-SYN-0477,2026-07-05,27,26,Field Officer,SYNTHETIC_PROTOTYPE
PR-0477-2,MPLADS-SYN-0477,2026-09-21,54,46,Field Officer,SYNTHETIC_PROTOTYPE
PR-0477-3,MPLADS-SYN-0477,2026-12-11,81,71,Implementing Agency,SYNTHETIC_PROTOTYPE
PR-0478-1,MPLADS-SYN-0478,2026-06-28,28,35,District Authority,SYNTHETIC_PROTOTYPE
PR-0478-2,MPLADS-SYN-0478,2026-08-24,56,64,District Authority,SYNTHETIC_PROTOTYPE
PR-0478-3,MPLADS-SYN-0478,2026-10-22,82,98,Implementing Agency,SYNTHETIC_PROTOTYPE
PR-0479-1,MPLADS-SYN-0479,2026-02-28,30,31,District Authority,SYNTHETIC_PROTOTYPE
PR-0479-2,MPLADS-SYN-0479,2026-04-22,61,58,Implementing Agency,SYNTHETIC_PROTOTYPE
PR-0479-3,MPLADS-SYN-0479,2026-06-17,91,79,Field Officer,SYNTHETIC_PROTOTYPE
PR-0480-1,MPLADS-SYN-0480,2026-03-11,25,33,District Authority,SYNTHETIC_PROTOTYPE
PR-0480-2,MPLADS-SYN-0480,2026-04-29,59,62,Field Officer,SYNTHETIC_PROTOTYPE
PR-0480-3,MPLADS-SYN-0480,2026-06-19,90,98,District Authority,SYNTHETIC_PROTOTYPE
PR-0481-1,MPLADS-SYN-0481,2026-03-14,14,18,District Authority,SYNTHETIC_PROTOTYPE
PR-0481-2,MPLADS-SYN-0481,2026-05-13,27,42,Implementing Agency,SYNTHETIC_PROTOTYPE
PR-0481-3,MPLADS-SYN-0481,2026-07-15,46,68,Field Officer,SYNTHETIC_PROTOTYPE
PR-0482-1,MPLADS-SYN-0482,2026-05-26,14,14,Field Officer,SYNTHETIC_PROTOTYPE
PR-0482-2,MPLADS-SYN-0482,2026-07-04,35,39,Implementing Agency,SYNTHETIC_PROTOTYPE
PR-0482-3,MPLADS-SYN-0482,2026-08-13,54,54,Implementing Agency,SYNTHETIC_PROTOTYPE
PR-0483-1,MPLADS-SYN-0483,2026-04-05,31,27,Field Officer,SYNTHETIC_PROTOTYPE
PR-0483-2,MPLADS-SYN-0483,2026-05-22,58,55,District Authority,SYNTHETIC_PROTOTYPE
PR-0483-3,MPLADS-SYN-0483,2026-07-10,96,84,District Authority,SYNTHETIC_PROTOTYPE
PR-0484-1,MPLADS-SYN-0484,2026-07-28,14,27,Field Officer,SYNTHETIC_PROTOTYPE
PR-0484-2,MPLADS-SYN-0484,2026-08-22,24,46,Field Officer,SYNTHETIC_PROTOTYPE
PR-0484-3,MPLADS-SYN-0484,2026-09-18,28,75,Implementing Agency,SYNTHETIC_PROTOTYPE
PR-0485-1,MPLADS-SYN-0485,2026-10-05,15,16,District Authority,SYNTHETIC_PROTOTYPE
PR-0485-2,MPLADS-SYN-0485,2026-11-25,37,33,District Authority,SYNTHETIC_PROTOTYPE
PR-0485-3,MPLADS-SYN-0485,2027-01-18,50,47,Field Officer,SYNTHETIC_PROTOTYPE
PR-0486-1,MPLADS-SYN-0486,2026-06-24,15,25,Implementing Agency,SYNTHETIC_PROTOTYPE
PR-0486-2,MPLADS-SYN-0486,2026-08-06,33,45,District Authority,SYNTHETIC_PROTOTYPE
PR-0486-3,MPLADS-SYN-0486,2026-09-20,45,68,Field Officer,SYNTHETIC_PROTOTYPE
PR-0487-1,MPLADS-SYN-0487,2026-06-25,25,17,Implementing Agency,SYNTHETIC_PROTOTYPE
PR-0487-2,MPLADS-SYN-0487,2026-08-12,41,39,Field Officer,SYNTHETIC_PROTOTYPE
PR-0487-3,MPLADS-SYN-0487,2026-09-30,62,60,Field Officer,SYNTHETIC_PROTOTYPE
PR-0488-1,MPLADS-SYN-0488,2026-08-14,12,20,Implementing Agency,SYNTHETIC_PROTOTYPE
PR-0488-2,MPLADS-SYN-0488,2026-10-26,24,38,Field Officer,SYNTHETIC_PROTOTYPE
PR-0488-3,MPLADS-SYN-0488,2027-01-09,31,61,Field Officer,SYNTHETIC_PROTOTYPE
PR-0489-1,MPLADS-SYN-0489,2026-04-16,28,26,District Authority,SYNTHETIC_PROTOTYPE
PR-0489-2,MPLADS-SYN-0489,2026-05-24,49,55,Field Officer,SYNTHETIC_PROTOTYPE
PR-0489-3,MPLADS-SYN-0489,2026-07-02,80,89,Field Officer,SYNTHETIC_PROTOTYPE
PR-0490-1,MPLADS-SYN-0490,2026-07-11,15,18,Implementing Agency,SYNTHETIC_PROTOTYPE
PR-0490-2,MPLADS-SYN-0490,2026-08-09,27,27,Implementing Agency,SYNTHETIC_PROTOTYPE
PR-0490-3,MPLADS-SYN-0490,2026-09-09,41,50,Field Officer,SYNTHETIC_PROTOTYPE
PR-0491-1,MPLADS-SYN-0491,2026-03-09,9,17,Implementing Agency,SYNTHETIC_PROTOTYPE
PR-0491-2,MPLADS-SYN-0491,2026-04-14,15,28,Field Officer,SYNTHETIC_PROTOTYPE
PR-0491-3,MPLADS-SYN-0491,2026-05-21,17,46,Field Officer,SYNTHETIC_PROTOTYPE
PR-0492-1,MPLADS-SYN-0492,2026-08-13,10,23,Implementing Agency,SYNTHETIC_PROTOTYPE
PR-0492-2,MPLADS-SYN-0492,2026-10-01,28,40,Implementing Agency,SYNTHETIC_PROTOTYPE
PR-0492-3,MPLADS-SYN-0492,2026-11-21,35,64,Field Officer,SYNTHETIC_PROTOTYPE
PR-0493-1,MPLADS-SYN-0493,2026-06-12,27,29,Field Officer,SYNTHETIC_PROTOTYPE
PR-0493-2,MPLADS-SYN-0493,2026-07-21,60,65,Implementing Agency,SYNTHETIC_PROTOTYPE
PR-0493-3,MPLADS-SYN-0493,2026-08-31,96,96,Implementing Agency,SYNTHETIC_PROTOTYPE
PR-0494-1,MPLADS-SYN-0494,2026-07-10,23,23,Field Officer,SYNTHETIC_PROTOTYPE
PR-0494-2,MPLADS-SYN-0494,2026-09-15,44,50,District Authority,SYNTHETIC_PROTOTYPE
PR-0494-3,MPLADS-SYN-0494,2026-11-24,74,83,Implementing Agency,SYNTHETIC_PROTOTYPE
PR-0495-1,MPLADS-SYN-0495,2026-07-16,10,14,Implementing Agency,SYNTHETIC_PROTOTYPE
PR-0495-2,MPLADS-SYN-0495,2026-09-18,25,34,Implementing Agency,SYNTHETIC_PROTOTYPE
PR-0495-3,MPLADS-SYN-0495,2026-11-23,46,53,Field Officer,SYNTHETIC_PROTOTYPE
PR-0496-1,MPLADS-SYN-0496,2026-03-01,25,31,District Authority,SYNTHETIC_PROTOTYPE
PR-0496-2,MPLADS-SYN-0496,2026-03-23,55,56,Implementing Agency,SYNTHETIC_PROTOTYPE
PR-0496-3,MPLADS-SYN-0496,2026-04-16,83,89,District Authority,SYNTHETIC_PROTOTYPE
PR-0497-1,MPLADS-SYN-0497,2026-08-01,4,14,Field Officer,SYNTHETIC_PROTOTYPE
PR-0497-2,MPLADS-SYN-0497,2026-09-02,12,31,Implementing Agency,SYNTHETIC_PROTOTYPE
PR-0497-3,MPLADS-SYN-0497,2026-10-05,16,39,Implementing Agency,SYNTHETIC_PROTOTYPE
PR-0498-1,MPLADS-SYN-0498,2026-04-17,19,26,Field Officer,SYNTHETIC_PROTOTYPE
PR-0498-2,MPLADS-SYN-0498,2026-06-21,41,51,Field Officer,SYNTHETIC_PROTOTYPE
PR-0498-3,MPLADS-SYN-0498,2026-08-27,62,70,Implementing Agency,SYNTHETIC_PROTOTYPE
PR-0499-1,MPLADS-SYN-0499,2026-06-22,16,18,Implementing Agency,SYNTHETIC_PROTOTYPE
PR-0499-2,MPLADS-SYN-0499,2026-09-01,36,29,Implementing Agency,SYNTHETIC_PROTOTYPE
PR-0499-3,MPLADS-SYN-0499,2026-11-14,48,51,District Authority,SYNTHETIC_PROTOTYPE
PR-0500-1,MPLADS-SYN-0500,2026-08-21,21,21,Implementing Agency,SYNTHETIC_PROTOTYPE
PR-0500-2,MPLADS-SYN-0500,2026-10-04,50,38,Implementing Agency,SYNTHETIC_PROTOTYPE
PR-0500-3,MPLADS-SYN-0500,2026-11-19,71,66,Field Officer,SYNTHETIC_PROTOTYPE
PR-0501-1,MPLADS-SYN-0501,2026-03-11,15,20,Implementing Agency,SYNTHETIC_PROTOTYPE
PR-0501-2,MPLADS-SYN-0501,2026-05-20,30,38,Implementing Agency,SYNTHETIC_PROTOTYPE
PR-0501-3,MPLADS-SYN-0501,2026-08-01,51,50,Field Officer,SYNTHETIC_PROTOTYPE
PR-0502-1,MPLADS-SYN-0502,2026-01-28,18,16,Implementing Agency,SYNTHETIC_PROTOTYPE
PR-0502-2,MPLADS-SYN-0502,2026-02-21,27,40,District Authority,SYNTHETIC_PROTOTYPE
PR-0502-3,MPLADS-SYN-0502,2026-03-19,43,51,Implementing Agency,SYNTHETIC_PROTOTYPE
PR-0503-1,MPLADS-SYN-0503,2026-07-26,24,15,Field Officer,SYNTHETIC_PROTOTYPE
PR-0503-2,MPLADS-SYN-0503,2026-08-17,38,36,Implementing Agency,SYNTHETIC_PROTOTYPE
PR-0503-3,MPLADS-SYN-0503,2026-09-10,57,48,Field Officer,SYNTHETIC_PROTOTYPE
PR-0504-1,MPLADS-SYN-0504,2026-06-30,14,17,Implementing Agency,SYNTHETIC_PROTOTYPE
PR-0504-2,MPLADS-SYN-0504,2026-08-21,26,28,District Authority,SYNTHETIC_PROTOTYPE
PR-0504-3,MPLADS-SYN-0504,2026-10-14,43,44,District Authority,SYNTHETIC_PROTOTYPE
PR-0505-1,MPLADS-SYN-0505,2026-08-04,20,25,District Authority,SYNTHETIC_PROTOTYPE
PR-0505-2,MPLADS-SYN-0505,2026-09-04,37,42,Field Officer,SYNTHETIC_PROTOTYPE
PR-0505-3,MPLADS-SYN-0505,2026-10-06,57,67,District Authority,SYNTHETIC_PROTOTYPE
PR-0506-1,MPLADS-SYN-0506,2026-03-04,25,23,District Authority,SYNTHETIC_PROTOTYPE
PR-0506-2,MPLADS-SYN-0506,2026-03-31,54,55,Field Officer,SYNTHETIC_PROTOTYPE
PR-0506-3,MPLADS-SYN-0506,2026-04-28,80,81,Implementing Agency,SYNTHETIC_PROTOTYPE
PR-0507-1,MPLADS-SYN-0507,2026-03-08,26,22,Implementing Agency,SYNTHETIC_PROTOTYPE
PR-0507-2,MPLADS-SYN-0507,2026-04-12,56,48,District Authority,SYNTHETIC_PROTOTYPE
PR-0507-3,MPLADS-SYN-0507,2026-05-19,86,82,Implementing Agency,SYNTHETIC_PROTOTYPE
PR-0508-1,MPLADS-SYN-0508,2026-02-20,31,26,Implementing Agency,SYNTHETIC_PROTOTYPE
PR-0508-2,MPLADS-SYN-0508,2026-04-06,51,51,Implementing Agency,SYNTHETIC_PROTOTYPE
PR-0508-3,MPLADS-SYN-0508,2026-05-23,83,71,Field Officer,SYNTHETIC_PROTOTYPE
PR-0509-1,MPLADS-SYN-0509,2026-09-05,13,19,Implementing Agency,SYNTHETIC_PROTOTYPE
PR-0509-2,MPLADS-SYN-0509,2026-09-25,36,38,Implementing Agency,SYNTHETIC_PROTOTYPE
PR-0509-3,MPLADS-SYN-0509,2026-10-16,52,51,Implementing Agency,SYNTHETIC_PROTOTYPE
PR-0510-1,MPLADS-SYN-0510,2026-08-10,28,31,Implementing Agency,SYNTHETIC_PROTOTYPE
PR-0510-2,MPLADS-SYN-0510,2026-10-08,57,55,District Authority,SYNTHETIC_PROTOTYPE
PR-0510-3,MPLADS-SYN-0510,2026-12-08,86,91,Field Officer,SYNTHETIC_PROTOTYPE
PR-0511-1,MPLADS-SYN-0511,2026-02-12,27,26,Field Officer,SYNTHETIC_PROTOTYPE
PR-0511-2,MPLADS-SYN-0511,2026-03-20,52,58,Implementing Agency,SYNTHETIC_PROTOTYPE
PR-0511-3,MPLADS-SYN-0511,2026-04-27,82,82,Field Officer,SYNTHETIC_PROTOTYPE
PR-0512-1,MPLADS-SYN-0512,2026-06-30,1,12,District Authority,SYNTHETIC_PROTOTYPE
PR-0512-2,MPLADS-SYN-0512,2026-07-30,8,27,District Authority,SYNTHETIC_PROTOTYPE
PR-0512-3,MPLADS-SYN-0512,2026-08-30,15,32,Implementing Agency,SYNTHETIC_PROTOTYPE
PR-0513-1,MPLADS-SYN-0513,2026-07-05,28,26,District Authority,SYNTHETIC_PROTOTYPE
PR-0513-2,MPLADS-SYN-0513,2026-08-30,52,54,District Authority,SYNTHETIC_PROTOTYPE
PR-0513-3,MPLADS-SYN-0513,2026-10-28,83,84,Field Officer,SYNTHETIC_PROTOTYPE
PR-0514-1,MPLADS-SYN-0514,2026-04-21,29,23,District Authority,SYNTHETIC_PROTOTYPE
PR-0514-2,MPLADS-SYN-0514,2026-06-02,46,41,District Authority,SYNTHETIC_PROTOTYPE
PR-0514-3,MPLADS-SYN-0514,2026-07-15,79,58,Implementing Agency,SYNTHETIC_PROTOTYPE
PR-0515-1,MPLADS-SYN-0515,2026-09-24,10,9,Implementing Agency,SYNTHETIC_PROTOTYPE
PR-0515-2,MPLADS-SYN-0515,2026-11-25,24,23,Implementing Agency,SYNTHETIC_PROTOTYPE
PR-0515-3,MPLADS-SYN-0515,2027-01-29,36,30,District Authority,SYNTHETIC_PROTOTYPE
PR-0516-1,MPLADS-SYN-0516,2026-08-08,15,14,Implementing Agency,SYNTHETIC_PROTOTYPE
PR-0516-2,MPLADS-SYN-0516,2026-09-01,40,37,Implementing Agency,SYNTHETIC_PROTOTYPE
PR-0516-3,MPLADS-SYN-0516,2026-09-27,54,60,Implementing Agency,SYNTHETIC_PROTOTYPE
PR-0517-1,MPLADS-SYN-0517,2026-07-14,12,12,Implementing Agency,SYNTHETIC_PROTOTYPE
PR-0517-2,MPLADS-SYN-0517,2026-09-18,23,27,Field Officer,SYNTHETIC_PROTOTYPE
PR-0517-3,MPLADS-SYN-0517,2026-11-26,43,48,Implementing Agency,SYNTHETIC_PROTOTYPE
PR-0518-1,MPLADS-SYN-0518,2026-09-17,13,14,District Authority,SYNTHETIC_PROTOTYPE
PR-0518-2,MPLADS-SYN-0518,2026-10-10,33,27,Implementing Agency,SYNTHETIC_PROTOTYPE
PR-0518-3,MPLADS-SYN-0518,2026-11-03,51,41,Field Officer,SYNTHETIC_PROTOTYPE
PR-0519-1,MPLADS-SYN-0519,2026-10-10,9,30,Implementing Agency,SYNTHETIC_PROTOTYPE
PR-0519-2,MPLADS-SYN-0519,2026-12-14,17,58,Field Officer,SYNTHETIC_PROTOTYPE
PR-0519-3,MPLADS-SYN-0519,2027-02-20,31,89,District Authority,SYNTHETIC_PROTOTYPE
PR-0520-1,MPLADS-SYN-0520,2026-03-24,18,19,District Authority,SYNTHETIC_PROTOTYPE
PR-0520-2,MPLADS-SYN-0520,2026-04-27,49,34,Field Officer,SYNTHETIC_PROTOTYPE
PR-0520-3,MPLADS-SYN-0520,2026-06-02,68,56,Implementing Agency,SYNTHETIC_PROTOTYPE
PR-0521-1,MPLADS-SYN-0521,2026-05-10,15,14,Field Officer,SYNTHETIC_PROTOTYPE
PR-0521-2,MPLADS-SYN-0521,2026-06-12,27,18,Implementing Agency,SYNTHETIC_PROTOTYPE
PR-0521-3,MPLADS-SYN-0521,2026-07-17,43,33,Implementing Agency,SYNTHETIC_PROTOTYPE
PR-0522-1,MPLADS-SYN-0522,2026-02-16,28,29,District Authority,SYNTHETIC_PROTOTYPE
PR-0522-2,MPLADS-SYN-0522,2026-03-23,63,60,Field Officer,SYNTHETIC_PROTOTYPE
PR-0522-3,MPLADS-SYN-0522,2026-04-29,91,93,District Authority,SYNTHETIC_PROTOTYPE
PR-0523-1,MPLADS-SYN-0523,2026-06-11,22,26,Implementing Agency,SYNTHETIC_PROTOTYPE
PR-0523-2,MPLADS-SYN-0523,2026-07-12,52,49,Field Officer,SYNTHETIC_PROTOTYPE
PR-0523-3,MPLADS-SYN-0523,2026-08-14,77,73,Field Officer,SYNTHETIC_PROTOTYPE
PR-0524-1,MPLADS-SYN-0524,2026-06-03,13,20,District Authority,SYNTHETIC_PROTOTYPE
PR-0524-2,MPLADS-SYN-0524,2026-07-14,30,29,District Authority,SYNTHETIC_PROTOTYPE
PR-0524-3,MPLADS-SYN-0524,2026-08-26,45,52,Field Officer,SYNTHETIC_PROTOTYPE
PR-0525-1,MPLADS-SYN-0525,2026-08-27,16,22,District Authority,SYNTHETIC_PROTOTYPE
PR-0525-2,MPLADS-SYN-0525,2026-10-30,24,44,Field Officer,SYNTHETIC_PROTOTYPE
PR-0525-3,MPLADS-SYN-0525,2027-01-04,44,74,District Authority,SYNTHETIC_PROTOTYPE
PR-0526-1,MPLADS-SYN-0526,2026-03-11,13,6,Field Officer,SYNTHETIC_PROTOTYPE
PR-0526-2,MPLADS-SYN-0526,2026-04-13,26,12,Implementing Agency,SYNTHETIC_PROTOTYPE
PR-0526-3,MPLADS-SYN-0526,2026-05-18,37,27,Implementing Agency,SYNTHETIC_PROTOTYPE
PR-0527-1,MPLADS-SYN-0527,2026-05-03,23,22,District Authority,SYNTHETIC_PROTOTYPE
PR-0527-2,MPLADS-SYN-0527,2026-05-23,39,47,Implementing Agency,SYNTHETIC_PROTOTYPE
PR-0527-3,MPLADS-SYN-0527,2026-06-13,67,71,Implementing Agency,SYNTHETIC_PROTOTYPE
PR-0528-1,MPLADS-SYN-0528,2026-05-21,30,27,Field Officer,SYNTHETIC_PROTOTYPE
PR-0528-2,MPLADS-SYN-0528,2026-06-18,55,54,District Authority,SYNTHETIC_PROTOTYPE
PR-0528-3,MPLADS-SYN-0528,2026-07-17,78,80,Field Officer,SYNTHETIC_PROTOTYPE
PR-0529-1,MPLADS-SYN-0529,2026-06-26,25,26,District Authority,SYNTHETIC_PROTOTYPE
PR-0529-2,MPLADS-SYN-0529,2026-07-31,56,56,District Authority,SYNTHETIC_PROTOTYPE
PR-0529-3,MPLADS-SYN-0529,2026-09-06,83,86,District Authority,SYNTHETIC_PROTOTYPE
PR-0530-1,MPLADS-SYN-0530,2026-08-06,13,15,District Authority,SYNTHETIC_PROTOTYPE
PR-0530-2,MPLADS-SYN-0530,2026-09-21,38,29,District Authority,SYNTHETIC_PROTOTYPE
PR-0530-3,MPLADS-SYN-0530,2026-11-08,54,45,District Authority,SYNTHETIC_PROTOTYPE
PR-0531-1,MPLADS-SYN-0531,2026-04-28,22,29,District Authority,SYNTHETIC_PROTOTYPE
PR-0531-2,MPLADS-SYN-0531,2026-07-12,46,50,Implementing Agency,SYNTHETIC_PROTOTYPE
PR-0531-3,MPLADS-SYN-0531,2026-09-28,77,81,District Authority,SYNTHETIC_PROTOTYPE
PR-0532-1,MPLADS-SYN-0532,2026-04-28,23,19,Implementing Agency,SYNTHETIC_PROTOTYPE
PR-0532-2,MPLADS-SYN-0532,2026-05-20,37,44,District Authority,SYNTHETIC_PROTOTYPE
PR-0532-3,MPLADS-SYN-0532,2026-06-12,63,65,Implementing Agency,SYNTHETIC_PROTOTYPE
PR-0533-1,MPLADS-SYN-0533,2026-09-03,9,12,Field Officer,SYNTHETIC_PROTOTYPE
PR-0533-2,MPLADS-SYN-0533,2026-09-25,26,27,District Authority,SYNTHETIC_PROTOTYPE
PR-0533-3,MPLADS-SYN-0533,2026-10-18,40,49,Field Officer,SYNTHETIC_PROTOTYPE
PR-0534-1,MPLADS-SYN-0534,2026-04-30,19,27,Implementing Agency,SYNTHETIC_PROTOTYPE
PR-0534-2,MPLADS-SYN-0534,2026-07-07,43,44,Field Officer,SYNTHETIC_PROTOTYPE
PR-0534-3,MPLADS-SYN-0534,2026-09-15,63,73,Field Officer,SYNTHETIC_PROTOTYPE
PR-0535-1,MPLADS-SYN-0535,2026-04-09,23,30,Field Officer,SYNTHETIC_PROTOTYPE
PR-0535-2,MPLADS-SYN-0535,2026-05-28,48,51,Implementing Agency,SYNTHETIC_PROTOTYPE
PR-0535-3,MPLADS-SYN-0535,2026-07-17,71,76,District Authority,SYNTHETIC_PROTOTYPE
PR-0536-1,MPLADS-SYN-0536,2026-05-22,1,13,Field Officer,SYNTHETIC_PROTOTYPE
PR-0536-2,MPLADS-SYN-0536,2026-07-24,7,19,District Authority,SYNTHETIC_PROTOTYPE
PR-0536-3,MPLADS-SYN-0536,2026-09-27,8,34,Implementing Agency,SYNTHETIC_PROTOTYPE
PR-0537-1,MPLADS-SYN-0537,2026-07-24,24,16,Implementing Agency,SYNTHETIC_PROTOTYPE
PR-0537-2,MPLADS-SYN-0537,2026-08-28,48,40,District Authority,SYNTHETIC_PROTOTYPE
PR-0537-3,MPLADS-SYN-0537,2026-10-04,67,55,Field Officer,SYNTHETIC_PROTOTYPE
PR-0538-1,MPLADS-SYN-0538,2026-10-03,28,27,Field Officer,SYNTHETIC_PROTOTYPE
PR-0538-2,MPLADS-SYN-0538,2026-12-17,60,61,District Authority,SYNTHETIC_PROTOTYPE
PR-0538-3,MPLADS-SYN-0538,2027-03-04,89,97,Implementing Agency,SYNTHETIC_PROTOTYPE
PR-0539-1,MPLADS-SYN-0539,2026-08-25,24,29,District Authority,SYNTHETIC_PROTOTYPE
PR-0539-2,MPLADS-SYN-0539,2026-11-12,57,64,Field Officer,SYNTHETIC_PROTOTYPE
PR-0539-3,MPLADS-SYN-0539,2027-02-01,85,88,District Authority,SYNTHETIC_PROTOTYPE
PR-0540-1,MPLADS-SYN-0540,2026-02-13,26,19,District Authority,SYNTHETIC_PROTOTYPE
PR-0540-2,MPLADS-SYN-0540,2026-03-20,50,42,Implementing Agency,SYNTHETIC_PROTOTYPE
PR-0540-3,MPLADS-SYN-0540,2026-04-26,75,70,Field Officer,SYNTHETIC_PROTOTYPE
PR-0541-1,MPLADS-SYN-0541,2026-06-29,29,26,Implementing Agency,SYNTHETIC_PROTOTYPE
PR-0541-2,MPLADS-SYN-0541,2026-08-09,50,57,District Authority,SYNTHETIC_PROTOTYPE
PR-0541-3,MPLADS-SYN-0541,2026-09-20,83,88,Field Officer,SYNTHETIC_PROTOTYPE
PR-0542-1,MPLADS-SYN-0542,2026-09-06,5,7,Implementing Agency,SYNTHETIC_PROTOTYPE
PR-0542-2,MPLADS-SYN-0542,2026-10-23,12,17,Implementing Agency,SYNTHETIC_PROTOTYPE
PR-0542-3,MPLADS-SYN-0542,2026-12-11,14,28,Implementing Agency,SYNTHETIC_PROTOTYPE
PR-0543-1,MPLADS-SYN-0543,2026-06-26,17,14,Implementing Agency,SYNTHETIC_PROTOTYPE
PR-0543-2,MPLADS-SYN-0543,2026-08-06,27,37,District Authority,SYNTHETIC_PROTOTYPE
PR-0543-3,MPLADS-SYN-0543,2026-09-18,50,51,Field Officer,SYNTHETIC_PROTOTYPE
PR-0544-1,MPLADS-SYN-0544,2026-06-28,10,33,District Authority,SYNTHETIC_PROTOTYPE
PR-0544-2,MPLADS-SYN-0544,2026-08-02,17,63,Field Officer,SYNTHETIC_PROTOTYPE
PR-0544-3,MPLADS-SYN-0544,2026-09-08,37,94,Implementing Agency,SYNTHETIC_PROTOTYPE
PR-0545-1,MPLADS-SYN-0545,2026-07-18,13,16,Field Officer,SYNTHETIC_PROTOTYPE
PR-0545-2,MPLADS-SYN-0545,2026-08-23,21,21,District Authority,SYNTHETIC_PROTOTYPE
PR-0545-3,MPLADS-SYN-0545,2026-09-30,40,37,District Authority,SYNTHETIC_PROTOTYPE
PR-0546-1,MPLADS-SYN-0546,2026-04-17,28,29,Field Officer,SYNTHETIC_PROTOTYPE
PR-0546-2,MPLADS-SYN-0546,2026-05-10,47,48,District Authority,SYNTHETIC_PROTOTYPE
PR-0546-3,MPLADS-SYN-0546,2026-06-03,79,74,Field Officer,SYNTHETIC_PROTOTYPE
PR-0547-1,MPLADS-SYN-0547,2026-10-10,23,18,Implementing Agency,SYNTHETIC_PROTOTYPE
PR-0547-2,MPLADS-SYN-0547,2026-12-19,47,41,District Authority,SYNTHETIC_PROTOTYPE
PR-0547-3,MPLADS-SYN-0547,2027-03-02,76,63,Implementing Agency,SYNTHETIC_PROTOTYPE
PR-0548-1,MPLADS-SYN-0548,2026-09-11,25,23,Field Officer,SYNTHETIC_PROTOTYPE
PR-0548-2,MPLADS-SYN-0548,2026-10-01,41,47,District Authority,SYNTHETIC_PROTOTYPE
PR-0548-3,MPLADS-SYN-0548,2026-10-22,62,77,District Authority,SYNTHETIC_PROTOTYPE
PR-0549-1,MPLADS-SYN-0549,2026-08-20,8,10,Field Officer,SYNTHETIC_PROTOTYPE
PR-0549-2,MPLADS-SYN-0549,2026-10-09,18,11,Implementing Agency,SYNTHETIC_PROTOTYPE
PR-0549-3,MPLADS-SYN-0549,2026-12-01,26,28,District Authority,SYNTHETIC_PROTOTYPE
PR-0550-1,MPLADS-SYN-0550,2026-05-12,15,12,Implementing Agency,SYNTHETIC_PROTOTYPE
PR-0550-2,MPLADS-SYN-0550,2026-06-04,29,30,Implementing Agency,SYNTHETIC_PROTOTYPE
PR-0550-3,MPLADS-SYN-0550,2026-06-29,44,48,District Authority,SYNTHETIC_PROTOTYPE
PR-0551-1,MPLADS-SYN-0551,2026-03-11,24,26,District Authority,SYNTHETIC_PROTOTYPE
PR-0551-2,MPLADS-SYN-0551,2026-04-01,51,48,Implementing Agency,SYNTHETIC_PROTOTYPE
PR-0551-3,MPLADS-SYN-0551,2026-04-23,76,74,Implementing Agency,SYNTHETIC_PROTOTYPE
PR-0552-1,MPLADS-SYN-0552,2026-05-12,16,22,Implementing Agency,SYNTHETIC_PROTOTYPE
PR-0552-2,MPLADS-SYN-0552,2026-06-01,32,44,District Authority,SYNTHETIC_PROTOTYPE
PR-0552-3,MPLADS-SYN-0552,2026-06-22,43,62,Implementing Agency,SYNTHETIC_PROTOTYPE
PR-0553-1,MPLADS-SYN-0553,2026-08-27,31,30,District Authority,SYNTHETIC_PROTOTYPE
PR-0553-2,MPLADS-SYN-0553,2026-10-11,64,58,District Authority,SYNTHETIC_PROTOTYPE
PR-0553-3,MPLADS-SYN-0553,2026-11-27,95,80,District Authority,SYNTHETIC_PROTOTYPE
PR-0554-1,MPLADS-SYN-0554,2026-05-13,5,30,District Authority,SYNTHETIC_PROTOTYPE
PR-0554-2,MPLADS-SYN-0554,2026-07-19,17,54,District Authority,SYNTHETIC_PROTOTYPE
PR-0554-3,MPLADS-SYN-0554,2026-09-27,21,88,District Authority,SYNTHETIC_PROTOTYPE
PR-0555-1,MPLADS-SYN-0555,2026-07-30,25,33,District Authority,SYNTHETIC_PROTOTYPE
PR-0555-2,MPLADS-SYN-0555,2026-10-13,57,62,District Authority,SYNTHETIC_PROTOTYPE
PR-0555-3,MPLADS-SYN-0555,2026-12-30,82,100,District Authority,SYNTHETIC_PROTOTYPE
PR-0556-1,MPLADS-SYN-0556,2026-04-17,17,17,Field Officer,SYNTHETIC_PROTOTYPE
PR-0556-2,MPLADS-SYN-0556,2026-06-18,43,32,Implementing Agency,SYNTHETIC_PROTOTYPE
PR-0556-3,MPLADS-SYN-0556,2026-08-22,67,51,District Authority,SYNTHETIC_PROTOTYPE
PR-0557-1,MPLADS-SYN-0557,2026-02-16,22,27,Field Officer,SYNTHETIC_PROTOTYPE
PR-0557-2,MPLADS-SYN-0557,2026-03-21,41,51,Field Officer,SYNTHETIC_PROTOTYPE
PR-0557-3,MPLADS-SYN-0557,2026-04-24,70,78,District Authority,SYNTHETIC_PROTOTYPE
PR-0558-1,MPLADS-SYN-0558,2026-04-13,29,24,Implementing Agency,SYNTHETIC_PROTOTYPE
PR-0558-2,MPLADS-SYN-0558,2026-06-18,50,42,Implementing Agency,SYNTHETIC_PROTOTYPE
PR-0558-3,MPLADS-SYN-0558,2026-08-25,74,68,Field Officer,SYNTHETIC_PROTOTYPE
PR-0559-1,MPLADS-SYN-0559,2026-09-18,12,14,District Authority,SYNTHETIC_PROTOTYPE
PR-0559-2,MPLADS-SYN-0559,2026-11-05,25,29,Field Officer,SYNTHETIC_PROTOTYPE
PR-0559-3,MPLADS-SYN-0559,2026-12-24,42,40,District Authority,SYNTHETIC_PROTOTYPE
PR-0560-1,MPLADS-SYN-0560,2026-02-11,16,18,District Authority,SYNTHETIC_PROTOTYPE
PR-0560-2,MPLADS-SYN-0560,2026-03-08,27,30,District Authority,SYNTHETIC_PROTOTYPE
PR-0560-3,MPLADS-SYN-0560,2026-04-03,45,46,District Authority,SYNTHETIC_PROTOTYPE
PR-0561-1,MPLADS-SYN-0561,2026-07-26,12,10,Implementing Agency,SYNTHETIC_PROTOTYPE
PR-0561-2,MPLADS-SYN-0561,2026-09-11,24,28,Field Officer,SYNTHETIC_PROTOTYPE
PR-0561-3,MPLADS-SYN-0561,2026-10-30,41,49,District Authority,SYNTHETIC_PROTOTYPE
PR-0562-1,MPLADS-SYN-0562,2026-01-29,19,20,District Authority,SYNTHETIC_PROTOTYPE
PR-0562-2,MPLADS-SYN-0562,2026-02-21,41,45,Field Officer,SYNTHETIC_PROTOTYPE
PR-0562-3,MPLADS-SYN-0562,2026-03-18,66,69,Field Officer,SYNTHETIC_PROTOTYPE
PR-0563-1,MPLADS-SYN-0563,2026-11-02,27,34,Implementing Agency,SYNTHETIC_PROTOTYPE
PR-0563-2,MPLADS-SYN-0563,2027-01-15,56,64,District Authority,SYNTHETIC_PROTOTYPE
PR-0563-3,MPLADS-SYN-0563,2027-04-01,86,94,Implementing Agency,SYNTHETIC_PROTOTYPE
PR-0564-1,MPLADS-SYN-0564,2026-10-22,21,13,Field Officer,SYNTHETIC_PROTOTYPE
PR-0564-2,MPLADS-SYN-0564,2027-01-01,48,33,Field Officer,SYNTHETIC_PROTOTYPE
PR-0564-3,MPLADS-SYN-0564,2027-03-16,68,58,District Authority,SYNTHETIC_PROTOTYPE
PR-0565-1,MPLADS-SYN-0565,2026-07-04,30,25,District Authority,SYNTHETIC_PROTOTYPE
PR-0565-2,MPLADS-SYN-0565,2026-09-16,61,56,Field Officer,SYNTHETIC_PROTOTYPE
PR-0565-3,MPLADS-SYN-0565,2026-12-02,92,86,Field Officer,SYNTHETIC_PROTOTYPE
PR-0566-1,MPLADS-SYN-0566,2026-02-26,27,29,Field Officer,SYNTHETIC_PROTOTYPE
PR-0566-2,MPLADS-SYN-0566,2026-04-23,50,52,Implementing Agency,SYNTHETIC_PROTOTYPE
PR-0566-3,MPLADS-SYN-0566,2026-06-20,78,81,District Authority,SYNTHETIC_PROTOTYPE
PR-0567-1,MPLADS-SYN-0567,2026-07-20,9,14,Field Officer,SYNTHETIC_PROTOTYPE
PR-0567-2,MPLADS-SYN-0567,2026-09-21,25,28,Implementing Agency,SYNTHETIC_PROTOTYPE
PR-0567-3,MPLADS-SYN-0567,2026-11-25,33,43,Field Officer,SYNTHETIC_PROTOTYPE
PR-0568-1,MPLADS-SYN-0568,2026-09-05,24,20,Implementing Agency,SYNTHETIC_PROTOTYPE
PR-0568-2,MPLADS-SYN-0568,2026-10-20,41,44,Field Officer,SYNTHETIC_PROTOTYPE
PR-0568-3,MPLADS-SYN-0568,2026-12-06,64,62,District Authority,SYNTHETIC_PROTOTYPE
PR-0569-1,MPLADS-SYN-0569,2026-04-30,29,34,Implementing Agency,SYNTHETIC_PROTOTYPE
PR-0569-2,MPLADS-SYN-0569,2026-05-26,60,68,Field Officer,SYNTHETIC_PROTOTYPE
PR-0569-3,MPLADS-SYN-0569,2026-06-22,96,97,District Authority,SYNTHETIC_PROTOTYPE
PR-0570-1,MPLADS-SYN-0570,2026-03-23,28,25,District Authority,SYNTHETIC_PROTOTYPE
PR-0570-2,MPLADS-SYN-0570,2026-04-30,48,46,Field Officer,SYNTHETIC_PROTOTYPE
PR-0570-3,MPLADS-SYN-0570,2026-06-09,80,72,Implementing Agency,SYNTHETIC_PROTOTYPE
PR-0571-1,MPLADS-SYN-0571,2026-08-29,17,18,Field Officer,SYNTHETIC_PROTOTYPE
PR-0571-2,MPLADS-SYN-0571,2026-10-27,33,31,Field Officer,SYNTHETIC_PROTOTYPE
PR-0571-3,MPLADS-SYN-0571,2026-12-27,54,53,Field Officer,SYNTHETIC_PROTOTYPE
PR-0572-1,MPLADS-SYN-0572,2026-10-30,19,27,District Authority,SYNTHETIC_PROTOTYPE
PR-0572-2,MPLADS-SYN-0572,2027-01-17,43,45,Implementing Agency,SYNTHETIC_PROTOTYPE
PR-0572-3,MPLADS-SYN-0572,2027-04-08,62,68,District Authority,SYNTHETIC_PROTOTYPE
PR-0573-1,MPLADS-SYN-0573,2026-05-13,29,25,Implementing Agency,SYNTHETIC_PROTOTYPE
PR-0573-2,MPLADS-SYN-0573,2026-06-16,50,62,District Authority,SYNTHETIC_PROTOTYPE
PR-0573-3,MPLADS-SYN-0573,2026-07-22,82,89,District Authority,SYNTHETIC_PROTOTYPE
PR-0574-1,MPLADS-SYN-0574,2026-09-24,10,16,Field Officer,SYNTHETIC_PROTOTYPE
PR-0574-2,MPLADS-SYN-0574,2026-10-24,17,40,Field Officer,SYNTHETIC_PROTOTYPE
PR-0574-3,MPLADS-SYN-0574,2026-11-25,32,59,District Authority,SYNTHETIC_PROTOTYPE
PR-0575-1,MPLADS-SYN-0575,2026-03-10,13,25,District Authority,SYNTHETIC_PROTOTYPE
PR-0575-2,MPLADS-SYN-0575,2026-05-08,23,42,District Authority,SYNTHETIC_PROTOTYPE
PR-0575-3,MPLADS-SYN-0575,2026-07-09,34,65,District Authority,SYNTHETIC_PROTOTYPE
PR-0576-1,MPLADS-SYN-0576,2026-03-19,32,28,Implementing Agency,SYNTHETIC_PROTOTYPE
PR-0576-2,MPLADS-SYN-0576,2026-04-27,52,52,Field Officer,SYNTHETIC_PROTOTYPE
PR-0576-3,MPLADS-SYN-0576,2026-06-07,90,77,District Authority,SYNTHETIC_PROTOTYPE
PR-0577-1,MPLADS-SYN-0577,2026-09-06,5,27,Implementing Agency,SYNTHETIC_PROTOTYPE
PR-0577-2,MPLADS-SYN-0577,2026-11-23,12,57,District Authority,SYNTHETIC_PROTOTYPE
PR-0577-3,MPLADS-SYN-0577,2027-02-12,28,80,Implementing Agency,SYNTHETIC_PROTOTYPE
PR-0578-1,MPLADS-SYN-0578,2026-02-01,14,10,Field Officer,SYNTHETIC_PROTOTYPE
PR-0578-2,MPLADS-SYN-0578,2026-03-02,29,21,Implementing Agency,SYNTHETIC_PROTOTYPE
PR-0578-3,MPLADS-SYN-0578,2026-04-02,39,36,Field Officer,SYNTHETIC_PROTOTYPE
PR-0579-1,MPLADS-SYN-0579,2026-11-05,21,28,Implementing Agency,SYNTHETIC_PROTOTYPE
PR-0579-2,MPLADS-SYN-0579,2027-01-20,47,53,Implementing Agency,SYNTHETIC_PROTOTYPE
PR-0579-3,MPLADS-SYN-0579,2027-04-09,72,76,District Authority,SYNTHETIC_PROTOTYPE
PR-0580-1,MPLADS-SYN-0580,2026-07-16,21,31,District Authority,SYNTHETIC_PROTOTYPE
PR-0580-2,MPLADS-SYN-0580,2026-09-07,46,53,District Authority,SYNTHETIC_PROTOTYPE
PR-0580-3,MPLADS-SYN-0580,2026-11-01,71,86,District Authority,SYNTHETIC_PROTOTYPE
PR-0581-1,MPLADS-SYN-0581,2026-09-27,26,23,District Authority,SYNTHETIC_PROTOTYPE
PR-0581-2,MPLADS-SYN-0581,2026-12-01,47,56,Implementing Agency,SYNTHETIC_PROTOTYPE
PR-0581-3,MPLADS-SYN-0581,2027-02-06,70,82,Field Officer,SYNTHETIC_PROTOTYPE
PR-0582-1,MPLADS-SYN-0582,2026-04-24,14,29,District Authority,SYNTHETIC_PROTOTYPE
PR-0582-2,MPLADS-SYN-0582,2026-06-06,27,53,Field Officer,SYNTHETIC_PROTOTYPE
PR-0582-3,MPLADS-SYN-0582,2026-07-21,45,78,Field Officer,SYNTHETIC_PROTOTYPE
PR-0583-1,MPLADS-SYN-0583,2026-09-05,5,19,Implementing Agency,SYNTHETIC_PROTOTYPE
PR-0583-2,MPLADS-SYN-0583,2026-10-19,10,32,Implementing Agency,SYNTHETIC_PROTOTYPE
PR-0583-3,MPLADS-SYN-0583,2026-12-04,23,53,Implementing Agency,SYNTHETIC_PROTOTYPE
PR-0584-1,MPLADS-SYN-0584,2026-05-27,12,19,Field Officer,SYNTHETIC_PROTOTYPE
PR-0584-2,MPLADS-SYN-0584,2026-06-21,30,34,Implementing Agency,SYNTHETIC_PROTOTYPE
PR-0584-3,MPLADS-SYN-0584,2026-07-17,51,56,Implementing Agency,SYNTHETIC_PROTOTYPE
PR-0585-1,MPLADS-SYN-0585,2026-02-22,24,27,District Authority,SYNTHETIC_PROTOTYPE
PR-0585-2,MPLADS-SYN-0585,2026-04-10,46,43,District Authority,SYNTHETIC_PROTOTYPE
PR-0585-3,MPLADS-SYN-0585,2026-05-28,80,67,Field Officer,SYNTHETIC_PROTOTYPE
PR-0586-1,MPLADS-SYN-0586,2026-03-09,17,18,District Authority,SYNTHETIC_PROTOTYPE
PR-0586-2,MPLADS-SYN-0586,2026-04-05,40,33,District Authority,SYNTHETIC_PROTOTYPE
PR-0586-3,MPLADS-SYN-0586,2026-05-04,57,49,District Authority,SYNTHETIC_PROTOTYPE
PR-0587-1,MPLADS-SYN-0587,2026-05-05,13,11,District Authority,SYNTHETIC_PROTOTYPE
PR-0587-2,MPLADS-SYN-0587,2026-05-29,23,30,Field Officer,SYNTHETIC_PROTOTYPE
PR-0587-3,MPLADS-SYN-0587,2026-06-23,39,39,Implementing Agency,SYNTHETIC_PROTOTYPE
PR-0588-1,MPLADS-SYN-0588,2026-08-26,11,27,District Authority,SYNTHETIC_PROTOTYPE
PR-0588-2,MPLADS-SYN-0588,2026-10-15,19,56,Field Officer,SYNTHETIC_PROTOTYPE
PR-0588-3,MPLADS-SYN-0588,2026-12-07,27,91,District Authority,SYNTHETIC_PROTOTYPE
PR-0589-1,MPLADS-SYN-0589,2026-09-17,7,9,Implementing Agency,SYNTHETIC_PROTOTYPE
PR-0589-2,MPLADS-SYN-0589,2026-11-21,10,25,Implementing Agency,SYNTHETIC_PROTOTYPE
PR-0589-3,MPLADS-SYN-0589,2027-01-28,10,39,Field Officer,SYNTHETIC_PROTOTYPE
PR-0590-1,MPLADS-SYN-0590,2026-07-24,14,11,District Authority,SYNTHETIC_PROTOTYPE
PR-0590-2,MPLADS-SYN-0590,2026-10-03,30,23,Implementing Agency,SYNTHETIC_PROTOTYPE
PR-0590-3,MPLADS-SYN-0590,2026-12-15,46,37,Implementing Agency,SYNTHETIC_PROTOTYPE
PR-0591-1,MPLADS-SYN-0591,2026-04-03,28,30,Field Officer,SYNTHETIC_PROTOTYPE
PR-0591-2,MPLADS-SYN-0591,2026-05-15,64,70,Field Officer,SYNTHETIC_PROTOTYPE
PR-0591-3,MPLADS-SYN-0591,2026-06-28,90,96,District Authority,SYNTHETIC_PROTOTYPE
PR-0592-1,MPLADS-SYN-0592,2026-08-03,25,20,District Authority,SYNTHETIC_PROTOTYPE
PR-0592-2,MPLADS-SYN-0592,2026-09-19,57,44,Field Officer,SYNTHETIC_PROTOTYPE
PR-0592-3,MPLADS-SYN-0592,2026-11-07,84,75,Implementing Agency,SYNTHETIC_PROTOTYPE
PR-0593-1,MPLADS-SYN-0593,2026-07-06,22,17,District Authority,SYNTHETIC_PROTOTYPE
PR-0593-2,MPLADS-SYN-0593,2026-09-04,35,42,District Authority,SYNTHETIC_PROTOTYPE
PR-0593-3,MPLADS-SYN-0593,2026-11-05,58,58,Field Officer,SYNTHETIC_PROTOTYPE
PR-0594-1,MPLADS-SYN-0594,2026-06-10,10,13,Implementing Agency,SYNTHETIC_PROTOTYPE
PR-0594-2,MPLADS-SYN-0594,2026-07-02,28,26,Field Officer,SYNTHETIC_PROTOTYPE
PR-0594-3,MPLADS-SYN-0594,2026-07-25,46,43,District Authority,SYNTHETIC_PROTOTYPE
PR-0595-1,MPLADS-SYN-0595,2026-04-20,30,27,District Authority,SYNTHETIC_PROTOTYPE
PR-0595-2,MPLADS-SYN-0595,2026-05-21,64,57,District Authority,SYNTHETIC_PROTOTYPE
PR-0595-3,MPLADS-SYN-0595,2026-06-23,90,91,Implementing Agency,SYNTHETIC_PROTOTYPE
PR-0596-1,MPLADS-SYN-0596,2026-07-28,27,18,District Authority,SYNTHETIC_PROTOTYPE
PR-0596-2,MPLADS-SYN-0596,2026-09-05,48,41,District Authority,SYNTHETIC_PROTOTYPE
PR-0596-3,MPLADS-SYN-0596,2026-10-15,78,66,Field Officer,SYNTHETIC_PROTOTYPE
PR-0597-1,MPLADS-SYN-0597,2026-07-04,10,17,District Authority,SYNTHETIC_PROTOTYPE
PR-0597-2,MPLADS-SYN-0597,2026-08-30,29,31,Field Officer,SYNTHETIC_PROTOTYPE
PR-0597-3,MPLADS-SYN-0597,2026-10-28,44,46,Implementing Agency,SYNTHETIC_PROTOTYPE
PR-0598-1,MPLADS-SYN-0598,2026-05-23,18,15,District Authority,SYNTHETIC_PROTOTYPE
PR-0598-2,MPLADS-SYN-0598,2026-08-09,27,32,Implementing Agency,SYNTHETIC_PROTOTYPE
PR-0598-3,MPLADS-SYN-0598,2026-10-28,40,45,Implementing Agency,SYNTHETIC_PROTOTYPE
PR-0599-1,MPLADS-SYN-0599,2026-10-29,26,26,Field Officer,SYNTHETIC_PROTOTYPE
PR-0599-2,MPLADS-SYN-0599,2027-01-02,49,50,Implementing Agency,SYNTHETIC_PROTOTYPE
PR-0599-3,MPLADS-SYN-0599,2027-03-10,75,83,Field Officer,SYNTHETIC_PROTOTYPE
PR-0600-1,MPLADS-SYN-0600,2026-07-18,14,30,District Authority,SYNTHETIC_PROTOTYPE
PR-0600-2,MPLADS-SYN-0600,2026-08-28,33,52,Field Officer,SYNTHETIC_PROTOTYPE
PR-0600-3,MPLADS-SYN-0600,2026-10-09,46,78,Implementing Agency,SYNTHETIC_PROTOTYPE
PR-0601-1,MPLADS-SYN-0601,2026-04-28,13,12,Implementing Agency,SYNTHETIC_PROTOTYPE
PR-0601-2,MPLADS-SYN-0601,2026-06-06,28,30,District Authority,SYNTHETIC_PROTOTYPE
PR-0601-3,MPLADS-SYN-0601,2026-07-17,49,42,Implementing Agency,SYNTHETIC_PROTOTYPE
PR-0602-1,MPLADS-SYN-0602,2026-04-16,8,29,Field Officer,SYNTHETIC_PROTOTYPE
PR-0602-2,MPLADS-SYN-0602,2026-05-30,17,48,Field Officer,SYNTHETIC_PROTOTYPE
PR-0602-3,MPLADS-SYN-0602,2026-07-15,29,80,Implementing Agency,SYNTHETIC_PROTOTYPE
PR-0603-1,MPLADS-SYN-0603,2026-06-10,28,32,District Authority,SYNTHETIC_PROTOTYPE
PR-0603-2,MPLADS-SYN-0603,2026-08-07,58,67,Field Officer,SYNTHETIC_PROTOTYPE
PR-0603-3,MPLADS-SYN-0603,2026-10-06,95,100,District Authority,SYNTHETIC_PROTOTYPE
PR-0604-1,MPLADS-SYN-0604,2026-04-05,22,19,Field Officer,SYNTHETIC_PROTOTYPE
PR-0604-2,MPLADS-SYN-0604,2026-05-24,42,35,District Authority,SYNTHETIC_PROTOTYPE
PR-0604-3,MPLADS-SYN-0604,2026-07-14,65,60,Implementing Agency,SYNTHETIC_PROTOTYPE
PR-0605-1,MPLADS-SYN-0605,2026-06-13,11,21,District Authority,SYNTHETIC_PROTOTYPE
PR-0605-2,MPLADS-SYN-0605,2026-08-24,33,36,Implementing Agency,SYNTHETIC_PROTOTYPE
PR-0605-3,MPLADS-SYN-0605,2026-11-07,41,52,Implementing Agency,SYNTHETIC_PROTOTYPE
PR-0606-1,MPLADS-SYN-0606,2026-05-17,17,20,Implementing Agency,SYNTHETIC_PROTOTYPE
PR-0606-2,MPLADS-SYN-0606,2026-06-22,35,42,Implementing Agency,SYNTHETIC_PROTOTYPE
PR-0606-3,MPLADS-SYN-0606,2026-07-29,55,57,District Authority,SYNTHETIC_PROTOTYPE
PR-0607-1,MPLADS-SYN-0607,2026-09-21,17,27,District Authority,SYNTHETIC_PROTOTYPE
PR-0607-2,MPLADS-SYN-0607,2026-11-30,38,48,Implementing Agency,SYNTHETIC_PROTOTYPE
PR-0607-3,MPLADS-SYN-0607,2027-02-10,57,66,Field Officer,SYNTHETIC_PROTOTYPE
PR-0608-1,MPLADS-SYN-0608,2026-02-27,20,14,Field Officer,SYNTHETIC_PROTOTYPE
PR-0608-2,MPLADS-SYN-0608,2026-04-25,30,31,Field Officer,SYNTHETIC_PROTOTYPE
PR-0608-3,MPLADS-SYN-0608,2026-06-23,55,49,District Authority,SYNTHETIC_PROTOTYPE
PR-0609-1,MPLADS-SYN-0609,2026-05-20,15,13,District Authority,SYNTHETIC_PROTOTYPE
PR-0609-2,MPLADS-SYN-0609,2026-07-03,28,27,Implementing Agency,SYNTHETIC_PROTOTYPE
PR-0609-3,MPLADS-SYN-0609,2026-08-18,42,41,District Authority,SYNTHETIC_PROTOTYPE
PR-0610-1,MPLADS-SYN-0610,2026-04-03,27,28,Field Officer,SYNTHETIC_PROTOTYPE
PR-0610-2,MPLADS-SYN-0610,2026-04-23,51,49,District Authority,SYNTHETIC_PROTOTYPE
PR-0610-3,MPLADS-SYN-0610,2026-05-15,80,80,Field Officer,SYNTHETIC_PROTOTYPE
PR-0611-1,MPLADS-SYN-0611,2026-06-03,31,30,District Authority,SYNTHETIC_PROTOTYPE
PR-0611-2,MPLADS-SYN-0611,2026-08-03,53,62,Field Officer,SYNTHETIC_PROTOTYPE
PR-0611-3,MPLADS-SYN-0611,2026-10-06,82,90,Implementing Agency,SYNTHETIC_PROTOTYPE
PR-0612-1,MPLADS-SYN-0612,2026-04-28,5,11,Field Officer,SYNTHETIC_PROTOTYPE
PR-0612-2,MPLADS-SYN-0612,2026-07-12,12,15,Implementing Agency,SYNTHETIC_PROTOTYPE
PR-0612-3,MPLADS-SYN-0612,2026-09-27,16,26,Field Officer,SYNTHETIC_PROTOTYPE
PR-0613-1,MPLADS-SYN-0613,2026-02-27,11,16,Field Officer,SYNTHETIC_PROTOTYPE
PR-0613-2,MPLADS-SYN-0613,2026-04-07,22,28,Implementing Agency,SYNTHETIC_PROTOTYPE
PR-0613-3,MPLADS-SYN-0613,2026-05-18,38,35,Field Officer,SYNTHETIC_PROTOTYPE
PR-0614-1,MPLADS-SYN-0614,2026-04-10,17,25,District Authority,SYNTHETIC_PROTOTYPE
PR-0614-2,MPLADS-SYN-0614,2026-05-26,46,58,District Authority,SYNTHETIC_PROTOTYPE
PR-0614-3,MPLADS-SYN-0614,2026-07-12,63,89,District Authority,SYNTHETIC_PROTOTYPE
PR-0615-1,MPLADS-SYN-0615,2026-02-28,17,17,Implementing Agency,SYNTHETIC_PROTOTYPE
PR-0615-2,MPLADS-SYN-0615,2026-04-13,30,29,Field Officer,SYNTHETIC_PROTOTYPE
PR-0615-3,MPLADS-SYN-0615,2026-05-29,46,45,District Authority,SYNTHETIC_PROTOTYPE
PR-0616-1,MPLADS-SYN-0616,2026-04-15,22,28,District Authority,SYNTHETIC_PROTOTYPE
PR-0616-2,MPLADS-SYN-0616,2026-06-24,41,44,Field Officer,SYNTHETIC_PROTOTYPE
PR-0616-3,MPLADS-SYN-0616,2026-09-04,70,69,Implementing Agency,SYNTHETIC_PROTOTYPE
PR-0617-1,MPLADS-SYN-0617,2026-08-12,23,26,Implementing Agency,SYNTHETIC_PROTOTYPE
PR-0617-2,MPLADS-SYN-0617,2026-09-04,49,59,Field Officer,SYNTHETIC_PROTOTYPE
PR-0617-3,MPLADS-SYN-0617,2026-09-28,76,84,Field Officer,SYNTHETIC_PROTOTYPE
PR-0618-1,MPLADS-SYN-0618,2026-11-05,6,35,Field Officer,SYNTHETIC_PROTOTYPE
PR-0618-2,MPLADS-SYN-0618,2027-01-17,14,68,Field Officer,SYNTHETIC_PROTOTYPE
PR-0618-3,MPLADS-SYN-0618,2027-04-03,23,100,Implementing Agency,SYNTHETIC_PROTOTYPE
PR-0619-1,MPLADS-SYN-0619,2026-08-22,12,19,District Authority,SYNTHETIC_PROTOTYPE
PR-0619-2,MPLADS-SYN-0619,2026-09-29,19,35,Field Officer,SYNTHETIC_PROTOTYPE
PR-0619-3,MPLADS-SYN-0619,2026-11-08,36,46,Implementing Agency,SYNTHETIC_PROTOTYPE
PR-0620-1,MPLADS-SYN-0620,2026-08-26,15,28,District Authority,SYNTHETIC_PROTOTYPE
PR-0620-2,MPLADS-SYN-0620,2026-09-15,37,54,Implementing Agency,SYNTHETIC_PROTOTYPE
PR-0620-3,MPLADS-SYN-0620,2026-10-07,59,78,Field Officer,SYNTHETIC_PROTOTYPE
PR-0621-1,MPLADS-SYN-0621,2026-06-08,27,20,District Authority,SYNTHETIC_PROTOTYPE
PR-0621-2,MPLADS-SYN-0621,2026-08-08,51,50,District Authority,SYNTHETIC_PROTOTYPE
PR-0621-3,MPLADS-SYN-0621,2026-10-10,79,77,District Authority,SYNTHETIC_PROTOTYPE
PR-0622-1,MPLADS-SYN-0622,2026-03-30,12,24,Field Officer,SYNTHETIC_PROTOTYPE
PR-0622-2,MPLADS-SYN-0622,2026-05-08,23,44,Implementing Agency,SYNTHETIC_PROTOTYPE
PR-0622-3,MPLADS-SYN-0622,2026-06-18,45,63,Field Officer,SYNTHETIC_PROTOTYPE
PR-0623-1,MPLADS-SYN-0623,2026-02-27,16,10,Implementing Agency,SYNTHETIC_PROTOTYPE
PR-0623-2,MPLADS-SYN-0623,2026-04-09,31,22,Implementing Agency,SYNTHETIC_PROTOTYPE
PR-0623-3,MPLADS-SYN-0623,2026-05-22,44,36,Implementing Agency,SYNTHETIC_PROTOTYPE
PR-0624-1,MPLADS-SYN-0624,2026-04-07,5,10,Field Officer,SYNTHETIC_PROTOTYPE
PR-0624-2,MPLADS-SYN-0624,2026-05-21,17,24,Implementing Agency,SYNTHETIC_PROTOTYPE
PR-0624-3,MPLADS-SYN-0624,2026-07-06,29,39,Implementing Agency,SYNTHETIC_PROTOTYPE
PR-0625-1,MPLADS-SYN-0625,2026-07-25,20,8,District Authority,SYNTHETIC_PROTOTYPE
PR-0625-2,MPLADS-SYN-0625,2026-09-17,37,21,Field Officer,SYNTHETIC_PROTOTYPE
PR-0625-3,MPLADS-SYN-0625,2026-11-12,55,38,Implementing Agency,SYNTHETIC_PROTOTYPE
PR-0626-1,MPLADS-SYN-0626,2026-03-29,2,28,District Authority,SYNTHETIC_PROTOTYPE
PR-0626-2,MPLADS-SYN-0626,2026-06-11,14,52,Implementing Agency,SYNTHETIC_PROTOTYPE
PR-0626-3,MPLADS-SYN-0626,2026-08-27,18,82,Implementing Agency,SYNTHETIC_PROTOTYPE
PR-0627-1,MPLADS-SYN-0627,2026-05-02,20,22,District Authority,SYNTHETIC_PROTOTYPE
PR-0627-2,MPLADS-SYN-0627,2026-06-26,43,52,Implementing Agency,SYNTHETIC_PROTOTYPE
PR-0627-3,MPLADS-SYN-0627,2026-08-23,70,83,Implementing Agency,SYNTHETIC_PROTOTYPE
PR-0628-1,MPLADS-SYN-0628,2026-08-31,12,18,Field Officer,SYNTHETIC_PROTOTYPE
PR-0628-2,MPLADS-SYN-0628,2026-10-25,22,36,Field Officer,SYNTHETIC_PROTOTYPE
PR-0628-3,MPLADS-SYN-0628,2026-12-21,44,50,Field Officer,SYNTHETIC_PROTOTYPE
PR-0629-1,MPLADS-SYN-0629,2026-03-26,8,13,Field Officer,SYNTHETIC_PROTOTYPE
PR-0629-2,MPLADS-SYN-0629,2026-04-24,18,21,Field Officer,SYNTHETIC_PROTOTYPE
PR-0629-3,MPLADS-SYN-0629,2026-05-24,26,36,District Authority,SYNTHETIC_PROTOTYPE
PR-0630-1,MPLADS-SYN-0630,2026-10-06,33,30,District Authority,SYNTHETIC_PROTOTYPE
PR-0630-2,MPLADS-SYN-0630,2026-11-19,62,68,District Authority,SYNTHETIC_PROTOTYPE
PR-0630-3,MPLADS-SYN-0630,2027-01-04,92,100,District Authority,SYNTHETIC_PROTOTYPE
PR-0631-1,MPLADS-SYN-0631,2026-08-30,18,24,District Authority,SYNTHETIC_PROTOTYPE
PR-0631-2,MPLADS-SYN-0631,2026-10-24,49,54,Implementing Agency,SYNTHETIC_PROTOTYPE
PR-0631-3,MPLADS-SYN-0631,2026-12-20,65,73,District Authority,SYNTHETIC_PROTOTYPE
PR-0632-1,MPLADS-SYN-0632,2026-05-26,11,14,Implementing Agency,SYNTHETIC_PROTOTYPE
PR-0632-2,MPLADS-SYN-0632,2026-06-18,27,24,Implementing Agency,SYNTHETIC_PROTOTYPE
PR-0632-3,MPLADS-SYN-0632,2026-07-13,45,32,Implementing Agency,SYNTHETIC_PROTOTYPE
PR-0633-1,MPLADS-SYN-0633,2026-02-13,30,34,Field Officer,SYNTHETIC_PROTOTYPE
PR-0633-2,MPLADS-SYN-0633,2026-03-18,55,64,Field Officer,SYNTHETIC_PROTOTYPE
PR-0633-3,MPLADS-SYN-0633,2026-04-22,93,89,Implementing Agency,SYNTHETIC_PROTOTYPE
PR-0634-1,MPLADS-SYN-0634,2026-03-18,12,12,Field Officer,SYNTHETIC_PROTOTYPE
PR-0634-2,MPLADS-SYN-0634,2026-05-21,21,23,District Authority,SYNTHETIC_PROTOTYPE
PR-0634-3,MPLADS-SYN-0634,2026-07-27,34,39,District Authority,SYNTHETIC_PROTOTYPE
PR-0635-1,MPLADS-SYN-0635,2026-08-03,22,17,District Authority,SYNTHETIC_PROTOTYPE
PR-0635-2,MPLADS-SYN-0635,2026-09-20,48,27,Implementing Agency,SYNTHETIC_PROTOTYPE
PR-0635-3,MPLADS-SYN-0635,2026-11-09,76,46,Implementing Agency,SYNTHETIC_PROTOTYPE
PR-0636-1,MPLADS-SYN-0636,2026-10-12,26,31,District Authority,SYNTHETIC_PROTOTYPE
PR-0636-2,MPLADS-SYN-0636,2026-12-04,48,55,Field Officer,SYNTHETIC_PROTOTYPE
PR-0636-3,MPLADS-SYN-0636,2027-01-29,72,88,Field Officer,SYNTHETIC_PROTOTYPE
PR-0637-1,MPLADS-SYN-0637,2026-06-06,22,27,Field Officer,SYNTHETIC_PROTOTYPE
PR-0637-2,MPLADS-SYN-0637,2026-07-21,49,42,District Authority,SYNTHETIC_PROTOTYPE
PR-0637-3,MPLADS-SYN-0637,2026-09-05,75,69,Field Officer,SYNTHETIC_PROTOTYPE
PR-0638-1,MPLADS-SYN-0638,2026-08-18,5,12,District Authority,SYNTHETIC_PROTOTYPE
PR-0638-2,MPLADS-SYN-0638,2026-11-05,16,19,Field Officer,SYNTHETIC_PROTOTYPE
PR-0638-3,MPLADS-SYN-0638,2027-01-25,25,32,District Authority,SYNTHETIC_PROTOTYPE
PR-0639-1,MPLADS-SYN-0639,2026-09-20,16,12,Implementing Agency,SYNTHETIC_PROTOTYPE
PR-0639-2,MPLADS-SYN-0639,2026-11-28,36,29,Field Officer,SYNTHETIC_PROTOTYPE
PR-0639-3,MPLADS-SYN-0639,2027-02-08,45,45,District Authority,SYNTHETIC_PROTOTYPE
PR-0640-1,MPLADS-SYN-0640,2026-04-29,20,19,Field Officer,SYNTHETIC_PROTOTYPE
PR-0640-2,MPLADS-SYN-0640,2026-07-02,44,39,District Authority,SYNTHETIC_PROTOTYPE
PR-0640-3,MPLADS-SYN-0640,2026-09-06,60,67,District Authority,SYNTHETIC_PROTOTYPE
PR-0641-1,MPLADS-SYN-0641,2026-04-10,15,10,Field Officer,SYNTHETIC_PROTOTYPE
PR-0641-2,MPLADS-SYN-0641,2026-06-03,35,27,Implementing Agency,SYNTHETIC_PROTOTYPE
PR-0641-3,MPLADS-SYN-0641,2026-07-29,47,37,Field Officer,SYNTHETIC_PROTOTYPE
PR-0642-1,MPLADS-SYN-0642,2026-08-09,24,26,Field Officer,SYNTHETIC_PROTOTYPE
PR-0642-2,MPLADS-SYN-0642,2026-10-04,44,46,Field Officer,SYNTHETIC_PROTOTYPE
PR-0642-3,MPLADS-SYN-0642,2026-12-01,65,69,District Authority,SYNTHETIC_PROTOTYPE
PR-0643-1,MPLADS-SYN-0643,2026-07-11,30,26,Implementing Agency,SYNTHETIC_PROTOTYPE
PR-0643-2,MPLADS-SYN-0643,2026-09-16,61,56,Field Officer,SYNTHETIC_PROTOTYPE
PR-0643-3,MPLADS-SYN-0643,2026-11-25,91,96,District Authority,SYNTHETIC_PROTOTYPE
PR-0644-1,MPLADS-SYN-0644,2026-09-05,10,24,District Authority,SYNTHETIC_PROTOTYPE
PR-0644-2,MPLADS-SYN-0644,2026-10-23,25,46,District Authority,SYNTHETIC_PROTOTYPE
PR-0644-3,MPLADS-SYN-0644,2026-12-12,40,60,Implementing Agency,SYNTHETIC_PROTOTYPE
PR-0645-1,MPLADS-SYN-0645,2026-06-27,17,18,District Authority,SYNTHETIC_PROTOTYPE
PR-0645-2,MPLADS-SYN-0645,2026-08-16,24,33,Field Officer,SYNTHETIC_PROTOTYPE
PR-0645-3,MPLADS-SYN-0645,2026-10-07,47,48,District Authority,SYNTHETIC_PROTOTYPE
PR-0646-1,MPLADS-SYN-0646,2026-06-11,19,15,District Authority,SYNTHETIC_PROTOTYPE
PR-0646-2,MPLADS-SYN-0646,2026-07-23,34,29,District Authority,SYNTHETIC_PROTOTYPE
PR-0646-3,MPLADS-SYN-0646,2026-09-05,60,48,Field Officer,SYNTHETIC_PROTOTYPE
PR-0647-1,MPLADS-SYN-0647,2026-09-04,26,7,Field Officer,SYNTHETIC_PROTOTYPE
PR-0647-2,MPLADS-SYN-0647,2026-11-18,45,19,District Authority,SYNTHETIC_PROTOTYPE
PR-0647-3,MPLADS-SYN-0647,2027-02-04,78,32,Field Officer,SYNTHETIC_PROTOTYPE
PR-0648-1,MPLADS-SYN-0648,2026-10-01,35,31,Field Officer,SYNTHETIC_PROTOTYPE
PR-0648-2,MPLADS-SYN-0648,2026-11-23,58,56,Field Officer,SYNTHETIC_PROTOTYPE
PR-0648-3,MPLADS-SYN-0648,2027-01-18,97,88,District Authority,SYNTHETIC_PROTOTYPE
PR-0649-1,MPLADS-SYN-0649,2026-08-07,12,28,District Authority,SYNTHETIC_PROTOTYPE
PR-0649-2,MPLADS-SYN-0649,2026-09-09,32,60,Implementing Agency,SYNTHETIC_PROTOTYPE
PR-0649-3,MPLADS-SYN-0649,2026-10-13,48,91,Field Officer,SYNTHETIC_PROTOTYPE
PR-0650-1,MPLADS-SYN-0650,2026-08-28,11,14,District Authority,SYNTHETIC_PROTOTYPE
PR-0650-2,MPLADS-SYN-0650,2026-10-13,35,33,Implementing Agency,SYNTHETIC_PROTOTYPE
PR-0650-3,MPLADS-SYN-0650,2026-11-30,48,51,District Authority,SYNTHETIC_PROTOTYPE
PR-0651-1,MPLADS-SYN-0651,2026-04-12,33,24,Field Officer,SYNTHETIC_PROTOTYPE
PR-0651-2,MPLADS-SYN-0651,2026-06-09,54,50,Implementing Agency,SYNTHETIC_PROTOTYPE
PR-0651-3,MPLADS-SYN-0651,2026-08-09,93,79,District Authority,SYNTHETIC_PROTOTYPE
PR-0652-1,MPLADS-SYN-0652,2026-08-09,12,6,District Authority,SYNTHETIC_PROTOTYPE
PR-0652-2,MPLADS-SYN-0652,2026-09-28,27,25,Implementing Agency,SYNTHETIC_PROTOTYPE
PR-0652-3,MPLADS-SYN-0652,2026-11-19,34,29,Field Officer,SYNTHETIC_PROTOTYPE
PR-0653-1,MPLADS-SYN-0653,2026-03-20,5,12,Field Officer,SYNTHETIC_PROTOTYPE
PR-0653-2,MPLADS-SYN-0653,2026-04-17,23,31,Implementing Agency,SYNTHETIC_PROTOTYPE
PR-0653-3,MPLADS-SYN-0653,2026-05-17,29,49,Field Officer,SYNTHETIC_PROTOTYPE
PR-0654-1,MPLADS-SYN-0654,2026-03-15,17,22,Implementing Agency,SYNTHETIC_PROTOTYPE
PR-0654-2,MPLADS-SYN-0654,2026-04-04,33,51,Implementing Agency,SYNTHETIC_PROTOTYPE
PR-0654-3,MPLADS-SYN-0654,2026-04-25,44,72,Implementing Agency,SYNTHETIC_PROTOTYPE
PR-0655-1,MPLADS-SYN-0655,2026-05-23,16,13,District Authority,SYNTHETIC_PROTOTYPE
PR-0655-2,MPLADS-SYN-0655,2026-07-25,30,30,District Authority,SYNTHETIC_PROTOTYPE
PR-0655-3,MPLADS-SYN-0655,2026-09-29,47,37,Field Officer,SYNTHETIC_PROTOTYPE
PR-0656-1,MPLADS-SYN-0656,2026-10-14,25,30,Field Officer,SYNTHETIC_PROTOTYPE
PR-0656-2,MPLADS-SYN-0656,2026-12-05,56,54,Field Officer,SYNTHETIC_PROTOTYPE
PR-0656-3,MPLADS-SYN-0656,2027-01-28,84,82,Implementing Agency,SYNTHETIC_PROTOTYPE
PR-0657-1,MPLADS-SYN-0657,2026-06-04,2,13,Implementing Agency,SYNTHETIC_PROTOTYPE
PR-0657-2,MPLADS-SYN-0657,2026-06-30,9,19,Field Officer,SYNTHETIC_PROTOTYPE
PR-0657-3,MPLADS-SYN-0657,2026-07-27,9,28,Field Officer,SYNTHETIC_PROTOTYPE
PR-0658-1,MPLADS-SYN-0658,2026-06-30,13,19,Implementing Agency,SYNTHETIC_PROTOTYPE
PR-0658-2,MPLADS-SYN-0658,2026-07-23,23,31,District Authority,SYNTHETIC_PROTOTYPE
PR-0658-3,MPLADS-SYN-0658,2026-08-16,36,46,District Authority,SYNTHETIC_PROTOTYPE
PR-0659-1,MPLADS-SYN-0659,2026-08-24,5,12,District Authority,SYNTHETIC_PROTOTYPE
PR-0659-2,MPLADS-SYN-0659,2026-09-26,6,25,Field Officer,SYNTHETIC_PROTOTYPE
PR-0659-3,MPLADS-SYN-0659,2026-10-30,14,40,District Authority,SYNTHETIC_PROTOTYPE
PR-0660-1,MPLADS-SYN-0660,2026-02-19,13,10,District Authority,SYNTHETIC_PROTOTYPE
PR-0660-2,MPLADS-SYN-0660,2026-04-07,17,26,District Authority,SYNTHETIC_PROTOTYPE
PR-0660-3,MPLADS-SYN-0660,2026-05-26,31,40,Implementing Agency,SYNTHETIC_PROTOTYPE
PR-0661-1,MPLADS-SYN-0661,2026-04-05,12,14,Implementing Agency,SYNTHETIC_PROTOTYPE
PR-0661-2,MPLADS-SYN-0661,2026-04-28,20,32,District Authority,SYNTHETIC_PROTOTYPE
PR-0661-3,MPLADS-SYN-0661,2026-05-22,30,47,Implementing Agency,SYNTHETIC_PROTOTYPE
PR-0662-1,MPLADS-SYN-0662,2026-03-30,23,20,District Authority,SYNTHETIC_PROTOTYPE
PR-0662-2,MPLADS-SYN-0662,2026-05-21,46,45,District Authority,SYNTHETIC_PROTOTYPE
PR-0662-3,MPLADS-SYN-0662,2026-07-14,66,72,Field Officer,SYNTHETIC_PROTOTYPE
PR-0663-1,MPLADS-SYN-0663,2026-07-24,25,28,District Authority,SYNTHETIC_PROTOTYPE
PR-0663-2,MPLADS-SYN-0663,2026-09-27,52,51,District Authority,SYNTHETIC_PROTOTYPE
PR-0663-3,MPLADS-SYN-0663,2026-12-04,77,72,District Authority,SYNTHETIC_PROTOTYPE
PR-0664-1,MPLADS-SYN-0664,2026-03-02,30,34,Field Officer,SYNTHETIC_PROTOTYPE
PR-0664-2,MPLADS-SYN-0664,2026-04-13,65,69,Implementing Agency,SYNTHETIC_PROTOTYPE
PR-0664-3,MPLADS-SYN-0664,2026-05-27,91,96,Implementing Agency,SYNTHETIC_PROTOTYPE
PR-0665-1,MPLADS-SYN-0665,2026-08-16,28,34,District Authority,SYNTHETIC_PROTOTYPE
PR-0665-2,MPLADS-SYN-0665,2026-10-17,54,63,Implementing Agency,SYNTHETIC_PROTOTYPE
PR-0665-3,MPLADS-SYN-0665,2026-12-20,82,89,Implementing Agency,SYNTHETIC_PROTOTYPE
PR-0666-1,MPLADS-SYN-0666,2026-07-07,10,12,Field Officer,SYNTHETIC_PROTOTYPE
PR-0666-2,MPLADS-SYN-0666,2026-09-20,30,28,Field Officer,SYNTHETIC_PROTOTYPE
PR-0666-3,MPLADS-SYN-0666,2026-12-07,40,39,Implementing Agency,SYNTHETIC_PROTOTYPE
PR-0667-1,MPLADS-SYN-0667,2026-06-10,15,17,Implementing Agency,SYNTHETIC_PROTOTYPE
PR-0667-2,MPLADS-SYN-0667,2026-07-02,27,38,Field Officer,SYNTHETIC_PROTOTYPE
PR-0667-3,MPLADS-SYN-0667,2026-07-26,44,62,District Authority,SYNTHETIC_PROTOTYPE
PR-0668-1,MPLADS-SYN-0668,2026-03-20,10,19,District Authority,SYNTHETIC_PROTOTYPE
PR-0668-2,MPLADS-SYN-0668,2026-05-18,24,40,Implementing Agency,SYNTHETIC_PROTOTYPE
PR-0668-3,MPLADS-SYN-0668,2026-07-18,34,61,Implementing Agency,SYNTHETIC_PROTOTYPE
PR-0669-1,MPLADS-SYN-0669,2026-09-20,20,26,Field Officer,SYNTHETIC_PROTOTYPE
PR-0669-2,MPLADS-SYN-0669,2026-11-28,44,54,Implementing Agency,SYNTHETIC_PROTOTYPE
PR-0669-3,MPLADS-SYN-0669,2027-02-08,72,78,Implementing Agency,SYNTHETIC_PROTOTYPE
PR-0670-1,MPLADS-SYN-0670,2026-05-08,19,27,Field Officer,SYNTHETIC_PROTOTYPE
PR-0670-2,MPLADS-SYN-0670,2026-05-29,32,48,Field Officer,SYNTHETIC_PROTOTYPE
PR-0670-3,MPLADS-SYN-0670,2026-06-20,49,81,Implementing Agency,SYNTHETIC_PROTOTYPE
PR-0671-1,MPLADS-SYN-0671,2026-03-30,17,24,District Authority,SYNTHETIC_PROTOTYPE
PR-0671-2,MPLADS-SYN-0671,2026-06-14,45,40,Field Officer,SYNTHETIC_PROTOTYPE
PR-0671-3,MPLADS-SYN-0671,2026-08-31,66,64,Implementing Agency,SYNTHETIC_PROTOTYPE
PR-0672-1,MPLADS-SYN-0672,2026-07-06,1,11,Implementing Agency,SYNTHETIC_PROTOTYPE
PR-0672-2,MPLADS-SYN-0672,2026-09-21,5,20,Field Officer,SYNTHETIC_PROTOTYPE
PR-0672-3,MPLADS-SYN-0672,2026-12-10,10,31,Implementing Agency,SYNTHETIC_PROTOTYPE
PR-0673-1,MPLADS-SYN-0673,2026-02-08,30,24,Implementing Agency,SYNTHETIC_PROTOTYPE
PR-0673-2,MPLADS-SYN-0673,2026-03-14,51,55,District Authority,SYNTHETIC_PROTOTYPE
PR-0673-3,MPLADS-SYN-0673,2026-04-19,84,85,Field Officer,SYNTHETIC_PROTOTYPE
PR-0674-1,MPLADS-SYN-0674,2026-04-11,23,28,Field Officer,SYNTHETIC_PROTOTYPE
PR-0674-2,MPLADS-SYN-0674,2026-06-16,52,51,District Authority,SYNTHETIC_PROTOTYPE
PR-0674-3,MPLADS-SYN-0674,2026-08-23,78,80,District Authority,SYNTHETIC_PROTOTYPE
PR-0675-1,MPLADS-SYN-0675,2026-07-16,23,24,District Authority,SYNTHETIC_PROTOTYPE
PR-0675-2,MPLADS-SYN-0675,2026-08-25,54,55,District Authority,SYNTHETIC_PROTOTYPE
PR-0675-3,MPLADS-SYN-0675,2026-10-06,84,88,Field Officer,SYNTHETIC_PROTOTYPE
PR-0676-1,MPLADS-SYN-0676,2026-06-30,11,36,Implementing Agency,SYNTHETIC_PROTOTYPE
PR-0676-2,MPLADS-SYN-0676,2026-08-12,29,66,Implementing Agency,SYNTHETIC_PROTOTYPE
PR-0676-3,MPLADS-SYN-0676,2026-09-26,44,98,Implementing Agency,SYNTHETIC_PROTOTYPE
PR-0677-1,MPLADS-SYN-0677,2026-06-12,27,22,District Authority,SYNTHETIC_PROTOTYPE
PR-0677-2,MPLADS-SYN-0677,2026-07-04,53,50,Field Officer,SYNTHETIC_PROTOTYPE
PR-0677-3,MPLADS-SYN-0677,2026-07-27,80,77,Implementing Agency,SYNTHETIC_PROTOTYPE
PR-0678-1,MPLADS-SYN-0678,2026-05-20,14,14,Field Officer,SYNTHETIC_PROTOTYPE
PR-0678-2,MPLADS-SYN-0678,2026-07-16,29,35,Field Officer,SYNTHETIC_PROTOTYPE
PR-0678-3,MPLADS-SYN-0678,2026-09-13,48,51,Implementing Agency,SYNTHETIC_PROTOTYPE
PR-0679-1,MPLADS-SYN-0679,2026-04-24,16,18,Field Officer,SYNTHETIC_PROTOTYPE
PR-0679-2,MPLADS-SYN-0679,2026-06-12,31,26,District Authority,SYNTHETIC_PROTOTYPE
PR-0679-3,MPLADS-SYN-0679,2026-08-01,54,46,Field Officer,SYNTHETIC_PROTOTYPE
PR-0680-1,MPLADS-SYN-0680,2026-09-20,13,17,Implementing Agency,SYNTHETIC_PROTOTYPE
PR-0680-2,MPLADS-SYN-0680,2026-11-23,35,33,Implementing Agency,SYNTHETIC_PROTOTYPE
PR-0680-3,MPLADS-SYN-0680,2027-01-29,50,61,District Authority,SYNTHETIC_PROTOTYPE
PR-0681-1,MPLADS-SYN-0681,2026-05-11,13,18,Field Officer,SYNTHETIC_PROTOTYPE
PR-0681-2,MPLADS-SYN-0681,2026-06-15,23,32,Implementing Agency,SYNTHETIC_PROTOTYPE
PR-0681-3,MPLADS-SYN-0681,2026-07-22,38,50,Field Officer,SYNTHETIC_PROTOTYPE
PR-0682-1,MPLADS-SYN-0682,2026-10-24,23,24,Implementing Agency,SYNTHETIC_PROTOTYPE
PR-0682-2,MPLADS-SYN-0682,2027-01-07,53,52,District Authority,SYNTHETIC_PROTOTYPE
PR-0682-3,MPLADS-SYN-0682,2027-03-25,82,87,District Authority,SYNTHETIC_PROTOTYPE
PR-0683-1,MPLADS-SYN-0683,2026-09-14,20,23,Field Officer,SYNTHETIC_PROTOTYPE
PR-0683-2,MPLADS-SYN-0683,2026-10-26,51,55,Field Officer,SYNTHETIC_PROTOTYPE
PR-0683-3,MPLADS-SYN-0683,2026-12-09,78,77,Implementing Agency,SYNTHETIC_PROTOTYPE
PR-0684-1,MPLADS-SYN-0684,2026-04-17,26,27,Field Officer,SYNTHETIC_PROTOTYPE
PR-0684-2,MPLADS-SYN-0684,2026-06-21,56,51,District Authority,SYNTHETIC_PROTOTYPE
PR-0684-3,MPLADS-SYN-0684,2026-08-27,89,87,District Authority,SYNTHETIC_PROTOTYPE
PR-0685-1,MPLADS-SYN-0685,2026-10-20,11,12,Field Officer,SYNTHETIC_PROTOTYPE
PR-0685-2,MPLADS-SYN-0685,2026-12-17,23,25,Field Officer,SYNTHETIC_PROTOTYPE
PR-0685-3,MPLADS-SYN-0685,2027-02-15,36,40,Field Officer,SYNTHETIC_PROTOTYPE
PR-0686-1,MPLADS-SYN-0686,2026-07-24,27,30,Field Officer,SYNTHETIC_PROTOTYPE
PR-0686-2,MPLADS-SYN-0686,2026-09-01,50,56,Implementing Agency,SYNTHETIC_PROTOTYPE
PR-0686-3,MPLADS-SYN-0686,2026-10-12,81,90,Implementing Agency,SYNTHETIC_PROTOTYPE
PR-0687-1,MPLADS-SYN-0687,2026-08-20,15,21,Field Officer,SYNTHETIC_PROTOTYPE
PR-0687-2,MPLADS-SYN-0687,2026-10-27,28,37,District Authority,SYNTHETIC_PROTOTYPE
PR-0687-3,MPLADS-SYN-0687,2027-01-06,41,50,Field Officer,SYNTHETIC_PROTOTYPE
PR-0688-1,MPLADS-SYN-0688,2026-05-30,25,20,District Authority,SYNTHETIC_PROTOTYPE
PR-0688-2,MPLADS-SYN-0688,2026-07-16,48,37,Field Officer,SYNTHETIC_PROTOTYPE
PR-0688-3,MPLADS-SYN-0688,2026-09-03,71,62,Implementing Agency,SYNTHETIC_PROTOTYPE
PR-0689-1,MPLADS-SYN-0689,2026-08-22,23,26,Implementing Agency,SYNTHETIC_PROTOTYPE
PR-0689-2,MPLADS-SYN-0689,2026-11-06,43,51,Implementing Agency,SYNTHETIC_PROTOTYPE
PR-0689-3,MPLADS-SYN-0689,2027-01-24,66,71,Implementing Agency,SYNTHETIC_PROTOTYPE
PR-0690-1,MPLADS-SYN-0690,2026-07-26,12,14,Field Officer,SYNTHETIC_PROTOTYPE
PR-0690-2,MPLADS-SYN-0690,2026-09-17,26,23,Field Officer,SYNTHETIC_PROTOTYPE
PR-0690-3,MPLADS-SYN-0690,2026-11-12,36,37,District Authority,SYNTHETIC_PROTOTYPE
PR-0691-1,MPLADS-SYN-0691,2026-06-11,27,20,District Authority,SYNTHETIC_PROTOTYPE
PR-0691-2,MPLADS-SYN-0691,2026-07-30,51,48,District Authority,SYNTHETIC_PROTOTYPE
PR-0691-3,MPLADS-SYN-0691,2026-09-19,77,69,District Authority,SYNTHETIC_PROTOTYPE
PR-0692-1,MPLADS-SYN-0692,2026-09-04,13,22,Field Officer,SYNTHETIC_PROTOTYPE
PR-0692-2,MPLADS-SYN-0692,2026-10-24,18,49,Implementing Agency,SYNTHETIC_PROTOTYPE
PR-0692-3,MPLADS-SYN-0692,2026-12-15,30,78,District Authority,SYNTHETIC_PROTOTYPE
PR-0693-1,MPLADS-SYN-0693,2026-08-18,9,9,Field Officer,SYNTHETIC_PROTOTYPE
PR-0693-2,MPLADS-SYN-0693,2026-10-24,27,23,Field Officer,SYNTHETIC_PROTOTYPE
PR-0693-3,MPLADS-SYN-0693,2027-01-01,35,43,Implementing Agency,SYNTHETIC_PROTOTYPE
PR-0694-1,MPLADS-SYN-0694,2026-06-11,23,22,Implementing Agency,SYNTHETIC_PROTOTYPE
PR-0694-2,MPLADS-SYN-0694,2026-08-09,44,43,District Authority,SYNTHETIC_PROTOTYPE
PR-0694-3,MPLADS-SYN-0694,2026-10-09,59,61,District Authority,SYNTHETIC_PROTOTYPE
PR-0695-1,MPLADS-SYN-0695,2026-06-06,10,12,District Authority,SYNTHETIC_PROTOTYPE
PR-0695-2,MPLADS-SYN-0695,2026-08-04,24,29,District Authority,SYNTHETIC_PROTOTYPE
PR-0695-3,MPLADS-SYN-0695,2026-10-05,45,46,Field Officer,SYNTHETIC_PROTOTYPE
PR-0696-1,MPLADS-SYN-0696,2026-10-24,13,13,Field Officer,SYNTHETIC_PROTOTYPE
PR-0696-2,MPLADS-SYN-0696,2027-01-05,26,24,Implementing Agency,SYNTHETIC_PROTOTYPE
PR-0696-3,MPLADS-SYN-0696,2027-03-22,37,40,District Authority,SYNTHETIC_PROTOTYPE
PR-0697-1,MPLADS-SYN-0697,2026-05-10,16,18,Implementing Agency,SYNTHETIC_PROTOTYPE
PR-0697-2,MPLADS-SYN-0697,2026-06-07,40,37,Implementing Agency,SYNTHETIC_PROTOTYPE
PR-0697-3,MPLADS-SYN-0697,2026-07-06,62,63,Implementing Agency,SYNTHETIC_PROTOTYPE
PR-0698-1,MPLADS-SYN-0698,2026-05-14,23,29,Implementing Agency,SYNTHETIC_PROTOTYPE
PR-0698-2,MPLADS-SYN-0698,2026-07-22,50,53,District Authority,SYNTHETIC_PROTOTYPE
PR-0698-3,MPLADS-SYN-0698,2026-10-01,77,85,Field Officer,SYNTHETIC_PROTOTYPE
PR-0699-1,MPLADS-SYN-0699,2026-09-28,18,17,Implementing Agency,SYNTHETIC_PROTOTYPE
PR-0699-2,MPLADS-SYN-0699,2026-12-06,33,43,Implementing Agency,SYNTHETIC_PROTOTYPE
PR-0699-3,MPLADS-SYN-0699,2027-02-16,54,58,Implementing Agency,SYNTHETIC_PROTOTYPE
PR-0700-1,MPLADS-SYN-0700,2026-02-06,29,35,Implementing Agency,SYNTHETIC_PROTOTYPE
PR-0700-2,MPLADS-SYN-0700,2026-03-05,63,65,District Authority,SYNTHETIC_PROTOTYPE
PR-0700-3,MPLADS-SYN-0700,2026-04-02,86,98,Implementing Agency,SYNTHETIC_PROTOTYPE
PR-0701-1,MPLADS-SYN-0701,2026-09-19,8,13,District Authority,SYNTHETIC_PROTOTYPE
PR-0701-2,MPLADS-SYN-0701,2026-10-31,23,26,Implementing Agency,SYNTHETIC_PROTOTYPE
PR-0701-3,MPLADS-SYN-0701,2026-12-13,37,44,Implementing Agency,SYNTHETIC_PROTOTYPE
PR-0702-1,MPLADS-SYN-0702,2026-01-24,9,13,District Authority,SYNTHETIC_PROTOTYPE
PR-0702-2,MPLADS-SYN-0702,2026-02-15,23,19,District Authority,SYNTHETIC_PROTOTYPE
PR-0702-3,MPLADS-SYN-0702,2026-03-10,44,36,Field Officer,SYNTHETIC_PROTOTYPE
PR-0703-1,MPLADS-SYN-0703,2026-04-01,9,11,District Authority,SYNTHETIC_PROTOTYPE
PR-0703-2,MPLADS-SYN-0703,2026-05-28,24,20,District Authority,SYNTHETIC_PROTOTYPE
PR-0703-3,MPLADS-SYN-0703,2026-07-26,38,37,District Authority,SYNTHETIC_PROTOTYPE
PR-0704-1,MPLADS-SYN-0704,2026-09-12,18,16,District Authority,SYNTHETIC_PROTOTYPE
PR-0704-2,MPLADS-SYN-0704,2026-11-05,37,39,District Authority,SYNTHETIC_PROTOTYPE
PR-0704-3,MPLADS-SYN-0704,2026-12-31,57,60,Field Officer,SYNTHETIC_PROTOTYPE
PR-0705-1,MPLADS-SYN-0705,2026-03-26,8,24,District Authority,SYNTHETIC_PROTOTYPE
PR-0705-2,MPLADS-SYN-0705,2026-05-04,18,56,District Authority,SYNTHETIC_PROTOTYPE
PR-0705-3,MPLADS-SYN-0705,2026-06-14,22,89,District Authority,SYNTHETIC_PROTOTYPE
PR-0706-1,MPLADS-SYN-0706,2026-04-20,19,21,District Authority,SYNTHETIC_PROTOTYPE
PR-0706-2,MPLADS-SYN-0706,2026-07-05,40,38,Implementing Agency,SYNTHETIC_PROTOTYPE
PR-0706-3,MPLADS-SYN-0706,2026-09-22,59,50,Implementing Agency,SYNTHETIC_PROTOTYPE
PR-0707-1,MPLADS-SYN-0707,2026-04-27,32,33,Field Officer,SYNTHETIC_PROTOTYPE
PR-0707-2,MPLADS-SYN-0707,2026-05-22,64,62,Field Officer,SYNTHETIC_PROTOTYPE
PR-0707-3,MPLADS-SYN-0707,2026-06-17,93,97,Implementing Agency,SYNTHETIC_PROTOTYPE
PR-0708-1,MPLADS-SYN-0708,2026-06-15,28,28,Implementing Agency,SYNTHETIC_PROTOTYPE
PR-0708-2,MPLADS-SYN-0708,2026-08-16,55,60,Field Officer,SYNTHETIC_PROTOTYPE
PR-0708-3,MPLADS-SYN-0708,2026-10-20,87,94,Implementing Agency,SYNTHETIC_PROTOTYPE
PR-0709-1,MPLADS-SYN-0709,2026-06-23,18,16,Implementing Agency,SYNTHETIC_PROTOTYPE
PR-0709-2,MPLADS-SYN-0709,2026-08-07,26,38,Implementing Agency,SYNTHETIC_PROTOTYPE
PR-0709-3,MPLADS-SYN-0709,2026-09-23,44,54,District Authority,SYNTHETIC_PROTOTYPE
PR-0710-1,MPLADS-SYN-0710,2026-05-16,15,16,District Authority,SYNTHETIC_PROTOTYPE
PR-0710-2,MPLADS-SYN-0710,2026-07-08,38,33,Implementing Agency,SYNTHETIC_PROTOTYPE
PR-0710-3,MPLADS-SYN-0710,2026-09-01,57,45,Field Officer,SYNTHETIC_PROTOTYPE
PR-0711-1,MPLADS-SYN-0711,2026-04-13,14,13,Field Officer,SYNTHETIC_PROTOTYPE
PR-0711-2,MPLADS-SYN-0711,2026-05-20,37,25,Field Officer,SYNTHETIC_PROTOTYPE
PR-0711-3,MPLADS-SYN-0711,2026-06-28,53,40,Implementing Agency,SYNTHETIC_PROTOTYPE
PR-0712-1,MPLADS-SYN-0712,2026-04-18,32,34,Implementing Agency,SYNTHETIC_PROTOTYPE
PR-0712-2,MPLADS-SYN-0712,2026-06-14,60,66,Implementing Agency,SYNTHETIC_PROTOTYPE
PR-0712-3,MPLADS-SYN-0712,2026-08-13,86,100,District Authority,SYNTHETIC_PROTOTYPE
PR-0713-1,MPLADS-SYN-0713,2026-06-06,24,26,District Authority,SYNTHETIC_PROTOTYPE
PR-0713-2,MPLADS-SYN-0713,2026-08-20,50,44,District Authority,SYNTHETIC_PROTOTYPE
PR-0713-3,MPLADS-SYN-0713,2026-11-06,76,76,Implementing Agency,SYNTHETIC_PROTOTYPE
PR-0714-1,MPLADS-SYN-0714,2026-06-03,11,9,Field Officer,SYNTHETIC_PROTOTYPE
PR-0714-2,MPLADS-SYN-0714,2026-06-28,19,13,District Authority,SYNTHETIC_PROTOTYPE
PR-0714-3,MPLADS-SYN-0714,2026-07-24,32,28,District Authority,SYNTHETIC_PROTOTYPE
PR-0715-1,MPLADS-SYN-0715,2026-08-23,30,14,Implementing Agency,SYNTHETIC_PROTOTYPE
PR-0715-2,MPLADS-SYN-0715,2026-11-10,55,24,Field Officer,SYNTHETIC_PROTOTYPE
PR-0715-3,MPLADS-SYN-0715,2027-01-30,79,32,District Authority,SYNTHETIC_PROTOTYPE
PR-0716-1,MPLADS-SYN-0716,2026-10-12,16,24,Field Officer,SYNTHETIC_PROTOTYPE
PR-0716-2,MPLADS-SYN-0716,2026-12-16,29,52,District Authority,SYNTHETIC_PROTOTYPE
PR-0716-3,MPLADS-SYN-0716,2027-02-21,40,82,Field Officer,SYNTHETIC_PROTOTYPE
PR-0717-1,MPLADS-SYN-0717,2026-07-11,23,35,Field Officer,SYNTHETIC_PROTOTYPE
PR-0717-2,MPLADS-SYN-0717,2026-08-28,56,66,Field Officer,SYNTHETIC_PROTOTYPE
PR-0717-3,MPLADS-SYN-0717,2026-10-16,87,91,Implementing Agency,SYNTHETIC_PROTOTYPE
PR-0718-1,MPLADS-SYN-0718,2026-03-25,14,14,Field Officer,SYNTHETIC_PROTOTYPE
PR-0718-2,MPLADS-SYN-0718,2026-04-23,24,36,Implementing Agency,SYNTHETIC_PROTOTYPE
PR-0718-3,MPLADS-SYN-0718,2026-05-24,34,52,Field Officer,SYNTHETIC_PROTOTYPE
PR-0719-1,MPLADS-SYN-0719,2026-06-21,31,28,District Authority,SYNTHETIC_PROTOTYPE
PR-0719-2,MPLADS-SYN-0719,2026-08-03,57,54,District Authority,SYNTHETIC_PROTOTYPE
PR-0719-3,MPLADS-SYN-0719,2026-09-17,89,80,Field Officer,SYNTHETIC_PROTOTYPE
PR-0720-1,MPLADS-SYN-0720,2026-06-21,23,26,Implementing Agency,SYNTHETIC_PROTOTYPE
PR-0720-2,MPLADS-SYN-0720,2026-08-06,40,49,Field Officer,SYNTHETIC_PROTOTYPE
PR-0720-3,MPLADS-SYN-0720,2026-09-22,59,69,District Authority,SYNTHETIC_PROTOTYPE
PR-0721-1,MPLADS-SYN-0721,2026-05-13,29,24,District Authority,SYNTHETIC_PROTOTYPE
PR-0721-2,MPLADS-SYN-0721,2026-07-05,48,51,Implementing Agency,SYNTHETIC_PROTOTYPE
PR-0721-3,MPLADS-SYN-0721,2026-08-29,78,79,District Authority,SYNTHETIC_PROTOTYPE
PR-0722-1,MPLADS-SYN-0722,2026-06-30,0,13,Field Officer,SYNTHETIC_PROTOTYPE
PR-0722-2,MPLADS-SYN-0722,2026-09-08,5,18,Implementing Agency,SYNTHETIC_PROTOTYPE
PR-0722-3,MPLADS-SYN-0722,2026-11-20,3,31,Field Officer,SYNTHETIC_PROTOTYPE
PR-0723-1,MPLADS-SYN-0723,2026-06-15,22,25,Field Officer,SYNTHETIC_PROTOTYPE
PR-0723-2,MPLADS-SYN-0723,2026-07-24,51,58,District Authority,SYNTHETIC_PROTOTYPE
PR-0723-3,MPLADS-SYN-0723,2026-09-03,83,88,District Authority,SYNTHETIC_PROTOTYPE
PR-0724-1,MPLADS-SYN-0724,2026-04-28,13,29,Field Officer,SYNTHETIC_PROTOTYPE
PR-0724-2,MPLADS-SYN-0724,2026-07-14,23,53,Implementing Agency,SYNTHETIC_PROTOTYPE
PR-0724-3,MPLADS-SYN-0724,2026-10-02,33,82,Field Officer,SYNTHETIC_PROTOTYPE
PR-0725-1,MPLADS-SYN-0725,2026-05-06,30,28,Field Officer,SYNTHETIC_PROTOTYPE
PR-0725-2,MPLADS-SYN-0725,2026-07-08,58,47,Field Officer,SYNTHETIC_PROTOTYPE
PR-0725-3,MPLADS-SYN-0725,2026-09-11,82,71,District Authority,SYNTHETIC_PROTOTYPE
PR-0726-1,MPLADS-SYN-0726,2026-08-13,24,30,District Authority,SYNTHETIC_PROTOTYPE
PR-0726-2,MPLADS-SYN-0726,2026-09-03,51,61,Field Officer,SYNTHETIC_PROTOTYPE
PR-0726-3,MPLADS-SYN-0726,2026-09-25,82,89,District Authority,SYNTHETIC_PROTOTYPE
PR-0727-1,MPLADS-SYN-0727,2026-05-29,23,14,Field Officer,SYNTHETIC_PROTOTYPE
PR-0727-2,MPLADS-SYN-0727,2026-08-15,45,36,Implementing Agency,SYNTHETIC_PROTOTYPE
PR-0727-3,MPLADS-SYN-0727,2026-11-03,64,55,Field Officer,SYNTHETIC_PROTOTYPE
PR-0728-1,MPLADS-SYN-0728,2026-03-12,14,9,Field Officer,SYNTHETIC_PROTOTYPE
PR-0728-2,MPLADS-SYN-0728,2026-05-19,27,29,District Authority,SYNTHETIC_PROTOTYPE
PR-0728-3,MPLADS-SYN-0728,2026-07-29,33,43,Implementing Agency,SYNTHETIC_PROTOTYPE
PR-0729-1,MPLADS-SYN-0729,2026-06-09,32,27,Implementing Agency,SYNTHETIC_PROTOTYPE
PR-0729-2,MPLADS-SYN-0729,2026-07-06,61,67,Field Officer,SYNTHETIC_PROTOTYPE
PR-0729-3,MPLADS-SYN-0729,2026-08-03,89,92,Field Officer,SYNTHETIC_PROTOTYPE
PR-0730-1,MPLADS-SYN-0730,2026-11-08,24,25,Implementing Agency,SYNTHETIC_PROTOTYPE
PR-0730-2,MPLADS-SYN-0730,2027-01-25,49,48,District Authority,SYNTHETIC_PROTOTYPE
PR-0730-3,MPLADS-SYN-0730,2027-04-16,73,74,Implementing Agency,SYNTHETIC_PROTOTYPE
PR-0731-1,MPLADS-SYN-0731,2026-05-11,21,15,District Authority,SYNTHETIC_PROTOTYPE
PR-0731-2,MPLADS-SYN-0731,2026-07-27,47,38,Field Officer,SYNTHETIC_PROTOTYPE
PR-0731-3,MPLADS-SYN-0731,2026-10-15,68,62,Field Officer,SYNTHETIC_PROTOTYPE
PR-0732-1,MPLADS-SYN-0732,2026-08-10,19,19,Implementing Agency,SYNTHETIC_PROTOTYPE
PR-0732-2,MPLADS-SYN-0732,2026-09-14,40,48,District Authority,SYNTHETIC_PROTOTYPE
PR-0732-3,MPLADS-SYN-0732,2026-10-21,64,71,District Authority,SYNTHETIC_PROTOTYPE
PR-0733-1,MPLADS-SYN-0733,2026-08-14,12,30,District Authority,SYNTHETIC_PROTOTYPE
PR-0733-2,MPLADS-SYN-0733,2026-10-19,32,66,Field Officer,SYNTHETIC_PROTOTYPE
PR-0733-3,MPLADS-SYN-0733,2026-12-26,49,100,District Authority,SYNTHETIC_PROTOTYPE
PR-0734-1,MPLADS-SYN-0734,2026-10-23,19,20,District Authority,SYNTHETIC_PROTOTYPE
PR-0734-2,MPLADS-SYN-0734,2026-12-27,40,39,Field Officer,SYNTHETIC_PROTOTYPE
PR-0734-3,MPLADS-SYN-0734,2027-03-05,65,64,District Authority,SYNTHETIC_PROTOTYPE
PR-0735-1,MPLADS-SYN-0735,2026-07-09,17,13,Implementing Agency,SYNTHETIC_PROTOTYPE
PR-0735-2,MPLADS-SYN-0735,2026-09-07,25,21,Implementing Agency,SYNTHETIC_PROTOTYPE
PR-0735-3,MPLADS-SYN-0735,2026-11-08,45,30,Field Officer,SYNTHETIC_PROTOTYPE
PR-0736-1,MPLADS-SYN-0736,2026-07-07,27,30,Field Officer,SYNTHETIC_PROTOTYPE
PR-0736-2,MPLADS-SYN-0736,2026-09-03,52,55,Field Officer,SYNTHETIC_PROTOTYPE
PR-0736-3,MPLADS-SYN-0736,2026-11-02,84,83,District Authority,SYNTHETIC_PROTOTYPE
PR-0737-1,MPLADS-SYN-0737,2026-04-11,20,25,Field Officer,SYNTHETIC_PROTOTYPE
PR-0737-2,MPLADS-SYN-0737,2026-05-12,44,46,Implementing Agency,SYNTHETIC_PROTOTYPE
PR-0737-3,MPLADS-SYN-0737,2026-06-14,66,74,Implementing Agency,SYNTHETIC_PROTOTYPE
PR-0738-1,MPLADS-SYN-0738,2026-05-18,19,17,Field Officer,SYNTHETIC_PROTOTYPE
PR-0738-2,MPLADS-SYN-0738,2026-07-22,45,46,Field Officer,SYNTHETIC_PROTOTYPE
PR-0738-3,MPLADS-SYN-0738,2026-09-28,63,66,District Authority,SYNTHETIC_PROTOTYPE
PR-0739-1,MPLADS-SYN-0739,2026-05-15,17,16,Implementing Agency,SYNTHETIC_PROTOTYPE
PR-0739-2,MPLADS-SYN-0739,2026-07-16,39,39,Field Officer,SYNTHETIC_PROTOTYPE
PR-0739-3,MPLADS-SYN-0739,2026-09-18,54,60,Field Officer,SYNTHETIC_PROTOTYPE
PR-0740-1,MPLADS-SYN-0740,2026-09-20,23,28,District Authority,SYNTHETIC_PROTOTYPE
PR-0740-2,MPLADS-SYN-0740,2026-11-26,50,50,Field Officer,SYNTHETIC_PROTOTYPE
PR-0740-3,MPLADS-SYN-0740,2027-02-03,71,74,District Authority,SYNTHETIC_PROTOTYPE
PR-0741-1,MPLADS-SYN-0741,2026-08-27,20,18,Implementing Agency,SYNTHETIC_PROTOTYPE
PR-0741-2,MPLADS-SYN-0741,2026-11-05,41,41,Implementing Agency,SYNTHETIC_PROTOTYPE
PR-0741-3,MPLADS-SYN-0741,2027-01-16,65,73,Implementing Agency,SYNTHETIC_PROTOTYPE
PR-0742-1,MPLADS-SYN-0742,2026-03-21,24,15,Field Officer,SYNTHETIC_PROTOTYPE
PR-0742-2,MPLADS-SYN-0742,2026-04-28,45,32,District Authority,SYNTHETIC_PROTOTYPE
PR-0742-3,MPLADS-SYN-0742,2026-06-07,66,55,Field Officer,SYNTHETIC_PROTOTYPE
PR-0743-1,MPLADS-SYN-0743,2026-07-08,23,33,Field Officer,SYNTHETIC_PROTOTYPE
PR-0743-2,MPLADS-SYN-0743,2026-09-13,58,65,Implementing Agency,SYNTHETIC_PROTOTYPE
PR-0743-3,MPLADS-SYN-0743,2026-11-22,79,95,Field Officer,SYNTHETIC_PROTOTYPE
PR-0744-1,MPLADS-SYN-0744,2026-04-03,26,20,Field Officer,SYNTHETIC_PROTOTYPE
PR-0744-2,MPLADS-SYN-0744,2026-04-27,51,47,District Authority,SYNTHETIC_PROTOTYPE
PR-0744-3,MPLADS-SYN-0744,2026-05-23,80,73,Field Officer,SYNTHETIC_PROTOTYPE
PR-0745-1,MPLADS-SYN-0745,2026-05-22,27,25,Field Officer,SYNTHETIC_PROTOTYPE
PR-0745-2,MPLADS-SYN-0745,2026-07-08,57,54,Implementing Agency,SYNTHETIC_PROTOTYPE
PR-0745-3,MPLADS-SYN-0745,2026-08-26,84,77,Field Officer,SYNTHETIC_PROTOTYPE
PR-0746-1,MPLADS-SYN-0746,2026-03-24,14,14,Field Officer,SYNTHETIC_PROTOTYPE
PR-0746-2,MPLADS-SYN-0746,2026-05-29,33,33,Field Officer,SYNTHETIC_PROTOTYPE
PR-0746-3,MPLADS-SYN-0746,2026-08-05,53,54,District Authority,SYNTHETIC_PROTOTYPE
PR-0747-1,MPLADS-SYN-0747,2026-07-08,12,26,District Authority,SYNTHETIC_PROTOTYPE
PR-0747-2,MPLADS-SYN-0747,2026-08-28,34,44,District Authority,SYNTHETIC_PROTOTYPE
PR-0747-3,MPLADS-SYN-0747,2026-10-20,53,68,Implementing Agency,SYNTHETIC_PROTOTYPE
PR-0748-1,MPLADS-SYN-0748,2026-05-27,19,16,Field Officer,SYNTHETIC_PROTOTYPE
PR-0748-2,MPLADS-SYN-0748,2026-07-21,32,34,Implementing Agency,SYNTHETIC_PROTOTYPE
PR-0748-3,MPLADS-SYN-0748,2026-09-17,55,50,Implementing Agency,SYNTHETIC_PROTOTYPE
PR-0749-1,MPLADS-SYN-0749,2026-05-06,18,14,Field Officer,SYNTHETIC_PROTOTYPE
PR-0749-2,MPLADS-SYN-0749,2026-07-04,30,37,District Authority,SYNTHETIC_PROTOTYPE
PR-0749-3,MPLADS-SYN-0749,2026-09-03,44,51,District Authority,SYNTHETIC_PROTOTYPE
PR-0750-1,MPLADS-SYN-0750,2026-05-14,22,21,Field Officer,SYNTHETIC_PROTOTYPE
PR-0750-2,MPLADS-SYN-0750,2026-06-23,43,45,Field Officer,SYNTHETIC_PROTOTYPE
PR-0750-3,MPLADS-SYN-0750,2026-08-04,63,61,District Authority,SYNTHETIC_PROTOTYPE
PR-0751-1,MPLADS-SYN-0751,2026-06-04,12,21,Field Officer,SYNTHETIC_PROTOTYPE
PR-0751-2,MPLADS-SYN-0751,2026-06-30,33,36,Implementing Agency,SYNTHETIC_PROTOTYPE
PR-0751-3,MPLADS-SYN-0751,2026-07-28,48,62,Implementing Agency,SYNTHETIC_PROTOTYPE
PR-0752-1,MPLADS-SYN-0752,2026-06-12,10,32,Field Officer,SYNTHETIC_PROTOTYPE
PR-0752-2,MPLADS-SYN-0752,2026-08-09,22,64,District Authority,SYNTHETIC_PROTOTYPE
PR-0752-3,MPLADS-SYN-0752,2026-10-08,28,91,Implementing Agency,SYNTHETIC_PROTOTYPE
PR-0753-1,MPLADS-SYN-0753,2026-07-16,25,32,Field Officer,SYNTHETIC_PROTOTYPE
PR-0753-2,MPLADS-SYN-0753,2026-08-09,57,57,Field Officer,SYNTHETIC_PROTOTYPE
PR-0753-3,MPLADS-SYN-0753,2026-09-04,82,90,Implementing Agency,SYNTHETIC_PROTOTYPE
PR-0754-1,MPLADS-SYN-0754,2026-05-31,16,23,Implementing Agency,SYNTHETIC_PROTOTYPE
PR-0754-2,MPLADS-SYN-0754,2026-06-27,33,36,District Authority,SYNTHETIC_PROTOTYPE
PR-0754-3,MPLADS-SYN-0754,2026-07-25,54,63,Implementing Agency,SYNTHETIC_PROTOTYPE
PR-0755-1,MPLADS-SYN-0755,2026-04-23,31,28,Field Officer,SYNTHETIC_PROTOTYPE
PR-0755-2,MPLADS-SYN-0755,2026-07-09,62,54,Field Officer,SYNTHETIC_PROTOTYPE
PR-0755-3,MPLADS-SYN-0755,2026-09-27,95,85,Field Officer,SYNTHETIC_PROTOTYPE
PR-0756-1,MPLADS-SYN-0756,2026-07-25,8,34,District Authority,SYNTHETIC_PROTOTYPE
PR-0756-2,MPLADS-SYN-0756,2026-09-06,19,64,Field Officer,SYNTHETIC_PROTOTYPE
PR-0756-3,MPLADS-SYN-0756,2026-10-21,36,88,Field Officer,SYNTHETIC_PROTOTYPE
PR-0757-1,MPLADS-SYN-0757,2026-06-22,24,28,Field Officer,SYNTHETIC_PROTOTYPE
PR-0757-2,MPLADS-SYN-0757,2026-07-30,53,50,Field Officer,SYNTHETIC_PROTOTYPE
PR-0757-3,MPLADS-SYN-0757,2026-09-07,79,79,Implementing Agency,SYNTHETIC_PROTOTYPE
PR-0758-1,MPLADS-SYN-0758,2026-03-15,20,20,Implementing Agency,SYNTHETIC_PROTOTYPE
PR-0758-2,MPLADS-SYN-0758,2026-05-08,40,35,District Authority,SYNTHETIC_PROTOTYPE
PR-0758-3,MPLADS-SYN-0758,2026-07-03,62,52,Implementing Agency,SYNTHETIC_PROTOTYPE
PR-0759-1,MPLADS-SYN-0759,2026-11-12,25,21,Field Officer,SYNTHETIC_PROTOTYPE
PR-0759-2,MPLADS-SYN-0759,2027-01-30,47,44,Field Officer,SYNTHETIC_PROTOTYPE
PR-0759-3,MPLADS-SYN-0759,2027-04-22,65,67,District Authority,SYNTHETIC_PROTOTYPE
PR-0760-1,MPLADS-SYN-0760,2026-09-30,8,12,Implementing Agency,SYNTHETIC_PROTOTYPE
PR-0760-2,MPLADS-SYN-0760,2026-11-12,10,27,District Authority,SYNTHETIC_PROTOTYPE
PR-0760-3,MPLADS-SYN-0760,2026-12-26,20,46,Field Officer,SYNTHETIC_PROTOTYPE
PR-0761-1,MPLADS-SYN-0761,2026-08-18,17,10,Implementing Agency,SYNTHETIC_PROTOTYPE
PR-0761-2,MPLADS-SYN-0761,2026-10-31,29,27,District Authority,SYNTHETIC_PROTOTYPE
PR-0761-3,MPLADS-SYN-0761,2027-01-16,45,42,Implementing Agency,SYNTHETIC_PROTOTYPE
PR-0762-1,MPLADS-SYN-0762,2026-04-26,0,5,District Authority,SYNTHETIC_PROTOTYPE
PR-0762-2,MPLADS-SYN-0762,2026-05-19,1,12,Field Officer,SYNTHETIC_PROTOTYPE
PR-0762-3,MPLADS-SYN-0762,2026-06-12,11,16,District Authority,SYNTHETIC_PROTOTYPE
PR-0763-1,MPLADS-SYN-0763,2026-08-08,14,18,District Authority,SYNTHETIC_PROTOTYPE
PR-0763-2,MPLADS-SYN-0763,2026-08-29,39,33,District Authority,SYNTHETIC_PROTOTYPE
PR-0763-3,MPLADS-SYN-0763,2026-09-20,52,55,District Authority,SYNTHETIC_PROTOTYPE
PR-0764-1,MPLADS-SYN-0764,2026-03-19,17,16,Implementing Agency,SYNTHETIC_PROTOTYPE
PR-0764-2,MPLADS-SYN-0764,2026-05-29,40,29,Implementing Agency,SYNTHETIC_PROTOTYPE
PR-0764-3,MPLADS-SYN-0764,2026-08-10,67,48,Field Officer,SYNTHETIC_PROTOTYPE
PR-0765-1,MPLADS-SYN-0765,2026-03-15,9,27,District Authority,SYNTHETIC_PROTOTYPE
PR-0765-2,MPLADS-SYN-0765,2026-04-04,27,51,Field Officer,SYNTHETIC_PROTOTYPE
PR-0765-3,MPLADS-SYN-0765,2026-04-25,42,80,Implementing Agency,SYNTHETIC_PROTOTYPE
PR-0766-1,MPLADS-SYN-0766,2026-05-03,8,36,District Authority,SYNTHETIC_PROTOTYPE
PR-0766-2,MPLADS-SYN-0766,2026-06-24,16,63,Field Officer,SYNTHETIC_PROTOTYPE
PR-0766-3,MPLADS-SYN-0766,2026-08-18,22,100,Field Officer,SYNTHETIC_PROTOTYPE
PR-0767-1,MPLADS-SYN-0767,2026-02-25,17,21,District Authority,SYNTHETIC_PROTOTYPE
PR-0767-2,MPLADS-SYN-0767,2026-04-02,45,42,Field Officer,SYNTHETIC_PROTOTYPE
PR-0767-3,MPLADS-SYN-0767,2026-05-10,65,68,District Authority,SYNTHETIC_PROTOTYPE
PR-0768-1,MPLADS-SYN-0768,2026-08-11,17,17,Implementing Agency,SYNTHETIC_PROTOTYPE
PR-0768-2,MPLADS-SYN-0768,2026-10-21,43,38,District Authority,SYNTHETIC_PROTOTYPE
PR-0768-3,MPLADS-SYN-0768,2027-01-03,62,53,District Authority,SYNTHETIC_PROTOTYPE
PR-0769-1,MPLADS-SYN-0769,2026-07-07,13,15,District Authority,SYNTHETIC_PROTOTYPE
PR-0769-2,MPLADS-SYN-0769,2026-09-01,30,34,Implementing Agency,SYNTHETIC_PROTOTYPE
PR-0769-3,MPLADS-SYN-0769,2026-10-29,48,56,Implementing Agency,SYNTHETIC_PROTOTYPE
PR-0770-1,MPLADS-SYN-0770,2026-10-06,25,24,District Authority,SYNTHETIC_PROTOTYPE
PR-0770-2,MPLADS-SYN-0770,2026-12-21,53,51,Implementing Agency,SYNTHETIC_PROTOTYPE
PR-0770-3,MPLADS-SYN-0770,2027-03-09,79,68,Implementing Agency,SYNTHETIC_PROTOTYPE
PR-0771-1,MPLADS-SYN-0771,2026-08-11,28,37,District Authority,SYNTHETIC_PROTOTYPE
PR-0771-2,MPLADS-SYN-0771,2026-10-18,65,63,District Authority,SYNTHETIC_PROTOTYPE
PR-0771-3,MPLADS-SYN-0771,2026-12-28,90,100,Implementing Agency,SYNTHETIC_PROTOTYPE
PR-0772-1,MPLADS-SYN-0772,2026-07-16,33,30,Field Officer,SYNTHETIC_PROTOTYPE
PR-0772-2,MPLADS-SYN-0772,2026-09-30,65,65,Field Officer,SYNTHETIC_PROTOTYPE
PR-0772-3,MPLADS-SYN-0772,2026-12-18,90,100,District Authority,SYNTHETIC_PROTOTYPE
PR-0773-1,MPLADS-SYN-0773,2026-04-02,29,27,Implementing Agency,SYNTHETIC_PROTOTYPE
PR-0773-2,MPLADS-SYN-0773,2026-05-02,56,54,District Authority,SYNTHETIC_PROTOTYPE
PR-0773-3,MPLADS-SYN-0773,2026-06-02,93,89,District Authority,SYNTHETIC_PROTOTYPE
PR-0774-1,MPLADS-SYN-0774,2026-02-28,1,18,Implementing Agency,SYNTHETIC_PROTOTYPE
PR-0774-2,MPLADS-SYN-0774,2026-04-19,13,29,Implementing Agency,SYNTHETIC_PROTOTYPE
PR-0774-3,MPLADS-SYN-0774,2026-06-10,22,41,District Authority,SYNTHETIC_PROTOTYPE
PR-0775-1,MPLADS-SYN-0775,2026-09-21,13,6,Field Officer,SYNTHETIC_PROTOTYPE
PR-0775-2,MPLADS-SYN-0775,2026-11-30,27,13,District Authority,SYNTHETIC_PROTOTYPE
PR-0775-3,MPLADS-SYN-0775,2027-02-11,40,21,District Authority,SYNTHETIC_PROTOTYPE
PR-0776-1,MPLADS-SYN-0776,2026-09-01,11,14,District Authority,SYNTHETIC_PROTOTYPE
PR-0776-2,MPLADS-SYN-0776,2026-10-18,30,32,Field Officer,SYNTHETIC_PROTOTYPE
PR-0776-3,MPLADS-SYN-0776,2026-12-05,47,54,District Authority,SYNTHETIC_PROTOTYPE
PR-0777-1,MPLADS-SYN-0777,2026-07-16,17,9,Implementing Agency,SYNTHETIC_PROTOTYPE
PR-0777-2,MPLADS-SYN-0777,2026-08-16,34,28,Field Officer,SYNTHETIC_PROTOTYPE
PR-0777-3,MPLADS-SYN-0777,2026-09-17,50,42,Field Officer,SYNTHETIC_PROTOTYPE
PR-0778-1,MPLADS-SYN-0778,2026-04-12,25,12,District Authority,SYNTHETIC_PROTOTYPE
PR-0778-2,MPLADS-SYN-0778,2026-06-22,46,35,District Authority,SYNTHETIC_PROTOTYPE
PR-0778-3,MPLADS-SYN-0778,2026-09-03,80,47,District Authority,SYNTHETIC_PROTOTYPE
PR-0779-1,MPLADS-SYN-0779,2026-03-30,20,24,District Authority,SYNTHETIC_PROTOTYPE
PR-0779-2,MPLADS-SYN-0779,2026-06-06,46,49,District Authority,SYNTHETIC_PROTOTYPE
PR-0779-3,MPLADS-SYN-0779,2026-08-15,64,71,Implementing Agency,SYNTHETIC_PROTOTYPE
PR-0780-1,MPLADS-SYN-0780,2026-05-27,24,21,District Authority,SYNTHETIC_PROTOTYPE
PR-0780-2,MPLADS-SYN-0780,2026-07-14,44,41,District Authority,SYNTHETIC_PROTOTYPE
PR-0780-3,MPLADS-SYN-0780,2026-09-02,61,64,Implementing Agency,SYNTHETIC_PROTOTYPE
PR-0781-1,MPLADS-SYN-0781,2026-03-25,30,35,District Authority,SYNTHETIC_PROTOTYPE
PR-0781-2,MPLADS-SYN-0781,2026-05-16,59,64,Implementing Agency,SYNTHETIC_PROTOTYPE
PR-0781-3,MPLADS-SYN-0781,2026-07-10,87,100,Implementing Agency,SYNTHETIC_PROTOTYPE
PR-0782-1,MPLADS-SYN-0782,2026-06-21,23,30,Field Officer,SYNTHETIC_PROTOTYPE
PR-0782-2,MPLADS-SYN-0782,2026-08-05,56,49,District Authority,SYNTHETIC_PROTOTYPE
PR-0782-3,MPLADS-SYN-0782,2026-09-20,83,82,Implementing Agency,SYNTHETIC_PROTOTYPE
PR-0783-1,MPLADS-SYN-0783,2026-06-05,24,18,District Authority,SYNTHETIC_PROTOTYPE
PR-0783-2,MPLADS-SYN-0783,2026-07-22,45,41,District Authority,SYNTHETIC_PROTOTYPE
PR-0783-3,MPLADS-SYN-0783,2026-09-09,66,62,Field Officer,SYNTHETIC_PROTOTYPE
PR-0784-1,MPLADS-SYN-0784,2026-07-20,17,10,Field Officer,SYNTHETIC_PROTOTYPE
PR-0784-2,MPLADS-SYN-0784,2026-09-15,27,26,District Authority,SYNTHETIC_PROTOTYPE
PR-0784-3,MPLADS-SYN-0784,2026-11-13,49,33,District Authority,SYNTHETIC_PROTOTYPE
PR-0785-1,MPLADS-SYN-0785,2026-06-20,30,22,Implementing Agency,SYNTHETIC_PROTOTYPE
PR-0785-2,MPLADS-SYN-0785,2026-08-26,54,51,Field Officer,SYNTHETIC_PROTOTYPE
PR-0785-3,MPLADS-SYN-0785,2026-11-03,81,78,Field Officer,SYNTHETIC_PROTOTYPE
PR-0786-1,MPLADS-SYN-0786,2026-08-12,28,17,Field Officer,SYNTHETIC_PROTOTYPE
PR-0786-2,MPLADS-SYN-0786,2026-10-06,52,42,Implementing Agency,SYNTHETIC_PROTOTYPE
PR-0786-3,MPLADS-SYN-0786,2026-12-03,75,68,Implementing Agency,SYNTHETIC_PROTOTYPE
PR-0787-1,MPLADS-SYN-0787,2026-09-08,8,10,District Authority,SYNTHETIC_PROTOTYPE
PR-0787-2,MPLADS-SYN-0787,2026-11-09,26,13,District Authority,SYNTHETIC_PROTOTYPE
PR-0787-3,MPLADS-SYN-0787,2027-01-12,32,28,District Authority,SYNTHETIC_PROTOTYPE
PR-0788-1,MPLADS-SYN-0788,2026-04-21,28,12,Field Officer,SYNTHETIC_PROTOTYPE
PR-0788-2,MPLADS-SYN-0788,2026-06-10,51,32,Field Officer,SYNTHETIC_PROTOTYPE
PR-0788-3,MPLADS-SYN-0788,2026-08-02,80,46,Implementing Agency,SYNTHETIC_PROTOTYPE
PR-0789-1,MPLADS-SYN-0789,2026-10-02,18,11,Implementing Agency,SYNTHETIC_PROTOTYPE
PR-0789-2,MPLADS-SYN-0789,2026-11-16,32,30,Implementing Agency,SYNTHETIC_PROTOTYPE
PR-0789-3,MPLADS-SYN-0789,2027-01-01,49,49,District Authority,SYNTHETIC_PROTOTYPE
PR-0790-1,MPLADS-SYN-0790,2026-06-20,27,25,Field Officer,SYNTHETIC_PROTOTYPE
PR-0790-2,MPLADS-SYN-0790,2026-08-09,53,53,Implementing Agency,SYNTHETIC_PROTOTYPE
PR-0790-3,MPLADS-SYN-0790,2026-10-01,80,82,District Authority,SYNTHETIC_PROTOTYPE
PR-0791-1,MPLADS-SYN-0791,2026-02-05,23,21,Field Officer,SYNTHETIC_PROTOTYPE
PR-0791-2,MPLADS-SYN-0791,2026-03-04,50,53,District Authority,SYNTHETIC_PROTOTYPE
PR-0791-3,MPLADS-SYN-0791,2026-04-01,84,77,Field Officer,SYNTHETIC_PROTOTYPE
PR-0792-1,MPLADS-SYN-0792,2026-05-27,25,32,District Authority,SYNTHETIC_PROTOTYPE
PR-0792-2,MPLADS-SYN-0792,2026-06-20,60,61,Field Officer,SYNTHETIC_PROTOTYPE
PR-0792-3,MPLADS-SYN-0792,2026-07-15,89,96,Field Officer,SYNTHETIC_PROTOTYPE
PR-0793-1,MPLADS-SYN-0793,2026-03-18,19,16,Implementing Agency,SYNTHETIC_PROTOTYPE
PR-0793-2,MPLADS-SYN-0793,2026-05-11,44,34,Implementing Agency,SYNTHETIC_PROTOTYPE
PR-0793-3,MPLADS-SYN-0793,2026-07-06,62,55,Implementing Agency,SYNTHETIC_PROTOTYPE
PR-0794-1,MPLADS-SYN-0794,2026-07-02,21,18,Implementing Agency,SYNTHETIC_PROTOTYPE
PR-0794-2,MPLADS-SYN-0794,2026-09-01,34,38,Field Officer,SYNTHETIC_PROTOTYPE
PR-0794-3,MPLADS-SYN-0794,2026-11-04,55,61,Implementing Agency,SYNTHETIC_PROTOTYPE
PR-0795-1,MPLADS-SYN-0795,2026-09-04,11,10,Implementing Agency,SYNTHETIC_PROTOTYPE
PR-0795-2,MPLADS-SYN-0795,2026-11-15,22,25,District Authority,SYNTHETIC_PROTOTYPE
PR-0795-3,MPLADS-SYN-0795,2027-01-29,38,46,Implementing Agency,SYNTHETIC_PROTOTYPE
PR-0796-1,MPLADS-SYN-0796,2026-03-25,1,6,Implementing Agency,SYNTHETIC_PROTOTYPE
PR-0796-2,MPLADS-SYN-0796,2026-06-03,2,14,Field Officer,SYNTHETIC_PROTOTYPE
PR-0796-3,MPLADS-SYN-0796,2026-08-15,9,24,Implementing Agency,SYNTHETIC_PROTOTYPE
PR-0797-1,MPLADS-SYN-0797,2026-04-25,27,25,Field Officer,SYNTHETIC_PROTOTYPE
PR-0797-2,MPLADS-SYN-0797,2026-06-12,56,55,District Authority,SYNTHETIC_PROTOTYPE
PR-0797-3,MPLADS-SYN-0797,2026-07-31,87,82,Implementing Agency,SYNTHETIC_PROTOTYPE
PR-0798-1,MPLADS-SYN-0798,2026-03-08,15,30,Field Officer,SYNTHETIC_PROTOTYPE
PR-0798-2,MPLADS-SYN-0798,2026-04-22,23,64,District Authority,SYNTHETIC_PROTOTYPE
PR-0798-3,MPLADS-SYN-0798,2026-06-07,35,94,Implementing Agency,SYNTHETIC_PROTOTYPE
PR-0799-1,MPLADS-SYN-0799,2026-04-24,20,23,Field Officer,SYNTHETIC_PROTOTYPE
PR-0799-2,MPLADS-SYN-0799,2026-06-07,30,36,District Authority,SYNTHETIC_PROTOTYPE
PR-0799-3,MPLADS-SYN-0799,2026-07-22,49,61,District Authority,SYNTHETIC_PROTOTYPE
PR-0800-1,MPLADS-SYN-0800,2026-03-04,20,13,Field Officer,SYNTHETIC_PROTOTYPE
PR-0800-2,MPLADS-SYN-0800,2026-05-01,38,33,District Authority,SYNTHETIC_PROTOTYPE
PR-0800-3,MPLADS-SYN-0800,2026-06-30,53,44,District Authority,SYNTHETIC_PROTOTYPE
PR-0801-1,MPLADS-SYN-0801,2026-08-21,28,28,Implementing Agency,SYNTHETIC_PROTOTYPE
PR-0801-2,MPLADS-SYN-0801,2026-10-20,61,65,Field Officer,SYNTHETIC_PROTOTYPE
PR-0801-3,MPLADS-SYN-0801,2026-12-22,83,96,Implementing Agency,SYNTHETIC_PROTOTYPE
PR-0802-1,MPLADS-SYN-0802,2026-09-04,15,8,Field Officer,SYNTHETIC_PROTOTYPE
PR-0802-2,MPLADS-SYN-0802,2026-11-07,20,15,Implementing Agency,SYNTHETIC_PROTOTYPE
PR-0802-3,MPLADS-SYN-0802,2027-01-12,37,27,Implementing Agency,SYNTHETIC_PROTOTYPE
PR-0803-1,MPLADS-SYN-0803,2026-06-23,11,21,District Authority,SYNTHETIC_PROTOTYPE
PR-0803-2,MPLADS-SYN-0803,2026-08-29,18,46,Implementing Agency,SYNTHETIC_PROTOTYPE
PR-0803-3,MPLADS-SYN-0803,2026-11-07,26,68,District Authority,SYNTHETIC_PROTOTYPE
PR-0804-1,MPLADS-SYN-0804,2026-07-14,10,33,Field Officer,SYNTHETIC_PROTOTYPE
PR-0804-2,MPLADS-SYN-0804,2026-08-10,24,59,District Authority,SYNTHETIC_PROTOTYPE
PR-0804-3,MPLADS-SYN-0804,2026-09-08,32,96,Field Officer,SYNTHETIC_PROTOTYPE
PR-0805-1,MPLADS-SYN-0805,2026-04-20,6,15,Field Officer,SYNTHETIC_PROTOTYPE
PR-0805-2,MPLADS-SYN-0805,2026-07-05,16,25,Implementing Agency,SYNTHETIC_PROTOTYPE
PR-0805-3,MPLADS-SYN-0805,2026-09-21,16,40,District Authority,SYNTHETIC_PROTOTYPE
PR-0806-1,MPLADS-SYN-0806,2026-10-02,9,28,Field Officer,SYNTHETIC_PROTOTYPE
PR-0806-2,MPLADS-SYN-0806,2026-12-18,15,57,Implementing Agency,SYNTHETIC_PROTOTYPE
PR-0806-3,MPLADS-SYN-0806,2027-03-08,25,86,Implementing Agency,SYNTHETIC_PROTOTYPE
PR-0807-1,MPLADS-SYN-0807,2026-03-18,20,18,District Authority,SYNTHETIC_PROTOTYPE
PR-0807-2,MPLADS-SYN-0807,2026-04-26,35,30,Implementing Agency,SYNTHETIC_PROTOTYPE
PR-0807-3,MPLADS-SYN-0807,2026-06-05,54,43,District Authority,SYNTHETIC_PROTOTYPE
PR-0808-1,MPLADS-SYN-0808,2026-04-06,9,13,Implementing Agency,SYNTHETIC_PROTOTYPE
PR-0808-2,MPLADS-SYN-0808,2026-04-27,30,30,Field Officer,SYNTHETIC_PROTOTYPE
PR-0808-3,MPLADS-SYN-0808,2026-05-19,43,38,Implementing Agency,SYNTHETIC_PROTOTYPE
PR-0809-1,MPLADS-SYN-0809,2026-03-22,18,19,Implementing Agency,SYNTHETIC_PROTOTYPE
PR-0809-2,MPLADS-SYN-0809,2026-04-21,42,37,District Authority,SYNTHETIC_PROTOTYPE
PR-0809-3,MPLADS-SYN-0809,2026-05-23,62,63,Field Officer,SYNTHETIC_PROTOTYPE
PR-0810-1,MPLADS-SYN-0810,2026-02-21,20,23,District Authority,SYNTHETIC_PROTOTYPE
PR-0810-2,MPLADS-SYN-0810,2026-03-13,39,51,Implementing Agency,SYNTHETIC_PROTOTYPE
PR-0810-3,MPLADS-SYN-0810,2026-04-03,53,79,Field Officer,SYNTHETIC_PROTOTYPE
PR-0811-1,MPLADS-SYN-0811,2026-03-24,12,12,Field Officer,SYNTHETIC_PROTOTYPE
PR-0811-2,MPLADS-SYN-0811,2026-06-01,28,21,Field Officer,SYNTHETIC_PROTOTYPE
PR-0811-3,MPLADS-SYN-0811,2026-08-11,38,28,Field Officer,SYNTHETIC_PROTOTYPE
PR-0812-1,MPLADS-SYN-0812,2026-05-20,3,5,Field Officer,SYNTHETIC_PROTOTYPE
PR-0812-2,MPLADS-SYN-0812,2026-06-26,19,19,Implementing Agency,SYNTHETIC_PROTOTYPE
PR-0812-3,MPLADS-SYN-0812,2026-08-03,26,30,Implementing Agency,SYNTHETIC_PROTOTYPE
PR-0813-1,MPLADS-SYN-0813,2026-07-17,12,16,Field Officer,SYNTHETIC_PROTOTYPE
PR-0813-2,MPLADS-SYN-0813,2026-08-14,20,33,Field Officer,SYNTHETIC_PROTOTYPE
PR-0813-3,MPLADS-SYN-0813,2026-09-12,40,47,Implementing Agency,SYNTHETIC_PROTOTYPE
PR-0814-1,MPLADS-SYN-0814,2026-08-01,28,36,Implementing Agency,SYNTHETIC_PROTOTYPE
PR-0814-2,MPLADS-SYN-0814,2026-08-21,58,68,Implementing Agency,SYNTHETIC_PROTOTYPE
PR-0814-3,MPLADS-SYN-0814,2026-09-11,89,100,Field Officer,SYNTHETIC_PROTOTYPE
PR-0815-1,MPLADS-SYN-0815,2026-08-24,29,24,Implementing Agency,SYNTHETIC_PROTOTYPE
PR-0815-2,MPLADS-SYN-0815,2026-09-27,52,59,Implementing Agency,SYNTHETIC_PROTOTYPE
PR-0815-3,MPLADS-SYN-0815,2026-11-02,81,89,Implementing Agency,SYNTHETIC_PROTOTYPE
PR-0816-1,MPLADS-SYN-0816,2026-04-20,19,22,Field Officer,SYNTHETIC_PROTOTYPE
PR-0816-2,MPLADS-SYN-0816,2026-06-09,37,38,Implementing Agency,SYNTHETIC_PROTOTYPE
PR-0816-3,MPLADS-SYN-0816,2026-07-30,56,60,District Authority,SYNTHETIC_PROTOTYPE
PR-0817-1,MPLADS-SYN-0817,2026-08-31,19,19,District Authority,SYNTHETIC_PROTOTYPE
PR-0817-2,MPLADS-SYN-0817,2026-11-11,43,39,Implementing Agency,SYNTHETIC_PROTOTYPE
PR-0817-3,MPLADS-SYN-0817,2027-01-25,68,62,Field Officer,SYNTHETIC_PROTOTYPE
PR-0818-1,MPLADS-SYN-0818,2026-09-20,16,13,District Authority,SYNTHETIC_PROTOTYPE
PR-0818-2,MPLADS-SYN-0818,2026-10-29,28,25,Implementing Agency,SYNTHETIC_PROTOTYPE
PR-0818-3,MPLADS-SYN-0818,2026-12-09,35,30,Field Officer,SYNTHETIC_PROTOTYPE
PR-0819-1,MPLADS-SYN-0819,2026-07-17,18,28,District Authority,SYNTHETIC_PROTOTYPE
PR-0819-2,MPLADS-SYN-0819,2026-09-12,41,47,Implementing Agency,SYNTHETIC_PROTOTYPE
PR-0819-3,MPLADS-SYN-0819,2026-11-10,65,76,District Authority,SYNTHETIC_PROTOTYPE
PR-0820-1,MPLADS-SYN-0820,2026-08-04,27,23,Implementing Agency,SYNTHETIC_PROTOTYPE
PR-0820-2,MPLADS-SYN-0820,2026-08-24,51,49,District Authority,SYNTHETIC_PROTOTYPE
PR-0820-3,MPLADS-SYN-0820,2026-09-14,81,84,Field Officer,SYNTHETIC_PROTOTYPE
PR-0821-1,MPLADS-SYN-0821,2026-07-29,11,12,District Authority,SYNTHETIC_PROTOTYPE
PR-0821-2,MPLADS-SYN-0821,2026-10-10,31,28,District Authority,SYNTHETIC_PROTOTYPE
PR-0821-3,MPLADS-SYN-0821,2026-12-25,45,46,District Authority,SYNTHETIC_PROTOTYPE
PR-0822-1,MPLADS-SYN-0822,2026-03-09,24,14,Implementing Agency,SYNTHETIC_PROTOTYPE
PR-0822-2,MPLADS-SYN-0822,2026-04-27,43,35,Implementing Agency,SYNTHETIC_PROTOTYPE
PR-0822-3,MPLADS-SYN-0822,2026-06-16,63,51,District Authority,SYNTHETIC_PROTOTYPE
PR-0823-1,MPLADS-SYN-0823,2026-05-28,19,23,Field Officer,SYNTHETIC_PROTOTYPE
PR-0823-2,MPLADS-SYN-0823,2026-07-03,37,46,Implementing Agency,SYNTHETIC_PROTOTYPE
PR-0823-3,MPLADS-SYN-0823,2026-08-10,59,62,Field Officer,SYNTHETIC_PROTOTYPE
PR-0824-1,MPLADS-SYN-0824,2026-02-20,30,31,District Authority,SYNTHETIC_PROTOTYPE
PR-0824-2,MPLADS-SYN-0824,2026-03-19,61,64,Implementing Agency,SYNTHETIC_PROTOTYPE
PR-0824-3,MPLADS-SYN-0824,2026-04-16,89,98,Field Officer,SYNTHETIC_PROTOTYPE
PR-0825-1,MPLADS-SYN-0825,2026-04-29,22,28,District Authority,SYNTHETIC_PROTOTYPE
PR-0825-2,MPLADS-SYN-0825,2026-07-03,50,49,District Authority,SYNTHETIC_PROTOTYPE
PR-0825-3,MPLADS-SYN-0825,2026-09-09,76,77,Field Officer,SYNTHETIC_PROTOTYPE
PR-0826-1,MPLADS-SYN-0826,2026-08-11,11,13,Field Officer,SYNTHETIC_PROTOTYPE
PR-0826-2,MPLADS-SYN-0826,2026-09-06,28,32,Implementing Agency,SYNTHETIC_PROTOTYPE
PR-0826-3,MPLADS-SYN-0826,2026-10-04,43,48,District Authority,SYNTHETIC_PROTOTYPE
PR-0827-1,MPLADS-SYN-0827,2026-02-06,29,34,Implementing Agency,SYNTHETIC_PROTOTYPE
PR-0827-2,MPLADS-SYN-0827,2026-03-04,60,62,Implementing Agency,SYNTHETIC_PROTOTYPE
PR-0827-3,MPLADS-SYN-0827,2026-03-31,92,96,District Authority,SYNTHETIC_PROTOTYPE
PR-0828-1,MPLADS-SYN-0828,2026-05-24,31,25,District Authority,SYNTHETIC_PROTOTYPE
PR-0828-2,MPLADS-SYN-0828,2026-07-31,51,58,Implementing Agency,SYNTHETIC_PROTOTYPE
PR-0828-3,MPLADS-SYN-0828,2026-10-10,83,89,District Authority,SYNTHETIC_PROTOTYPE
PR-0829-1,MPLADS-SYN-0829,2026-03-17,9,12,District Authority,SYNTHETIC_PROTOTYPE
PR-0829-2,MPLADS-SYN-0829,2026-05-16,18,29,Field Officer,SYNTHETIC_PROTOTYPE
PR-0829-3,MPLADS-SYN-0829,2026-07-17,26,44,Implementing Agency,SYNTHETIC_PROTOTYPE
PR-0830-1,MPLADS-SYN-0830,2026-07-11,23,13,District Authority,SYNTHETIC_PROTOTYPE
PR-0830-2,MPLADS-SYN-0830,2026-09-18,43,18,Field Officer,SYNTHETIC_PROTOTYPE
PR-0830-3,MPLADS-SYN-0830,2026-11-28,64,34,Implementing Agency,SYNTHETIC_PROTOTYPE
PR-0831-1,MPLADS-SYN-0831,2026-05-27,17,12,Field Officer,SYNTHETIC_PROTOTYPE
PR-0831-2,MPLADS-SYN-0831,2026-07-12,30,22,District Authority,SYNTHETIC_PROTOTYPE
PR-0831-3,MPLADS-SYN-0831,2026-08-28,42,33,Implementing Agency,SYNTHETIC_PROTOTYPE
PR-0832-1,MPLADS-SYN-0832,2026-04-05,24,25,District Authority,SYNTHETIC_PROTOTYPE
PR-0832-2,MPLADS-SYN-0832,2026-05-01,48,46,Field Officer,SYNTHETIC_PROTOTYPE
PR-0832-3,MPLADS-SYN-0832,2026-05-28,67,64,Implementing Agency,SYNTHETIC_PROTOTYPE
PR-0833-1,MPLADS-SYN-0833,2026-06-09,9,19,Implementing Agency,SYNTHETIC_PROTOTYPE
PR-0833-2,MPLADS-SYN-0833,2026-07-16,25,32,Field Officer,SYNTHETIC_PROTOTYPE
PR-0833-3,MPLADS-SYN-0833,2026-08-23,42,52,Field Officer,SYNTHETIC_PROTOTYPE
PR-0834-1,MPLADS-SYN-0834,2026-08-30,25,22,District Authority,SYNTHETIC_PROTOTYPE
PR-0834-2,MPLADS-SYN-0834,2026-09-22,41,50,Field Officer,SYNTHETIC_PROTOTYPE
PR-0834-3,MPLADS-SYN-0834,2026-10-16,63,73,Field Officer,SYNTHETIC_PROTOTYPE
PR-0835-1,MPLADS-SYN-0835,2026-04-10,18,20,Implementing Agency,SYNTHETIC_PROTOTYPE
PR-0835-2,MPLADS-SYN-0835,2026-05-06,47,41,District Authority,SYNTHETIC_PROTOTYPE
PR-0835-3,MPLADS-SYN-0835,2026-06-03,67,71,Field Officer,SYNTHETIC_PROTOTYPE
PR-0836-1,MPLADS-SYN-0836,2026-02-15,11,14,Implementing Agency,SYNTHETIC_PROTOTYPE
PR-0836-2,MPLADS-SYN-0836,2026-03-18,29,36,Implementing Agency,SYNTHETIC_PROTOTYPE
PR-0836-3,MPLADS-SYN-0836,2026-04-20,47,54,Field Officer,SYNTHETIC_PROTOTYPE
PR-0837-1,MPLADS-SYN-0837,2026-02-17,20,15,Implementing Agency,SYNTHETIC_PROTOTYPE
PR-0837-2,MPLADS-SYN-0837,2026-03-29,34,35,Field Officer,SYNTHETIC_PROTOTYPE
PR-0837-3,MPLADS-SYN-0837,2026-05-10,55,54,Field Officer,SYNTHETIC_PROTOTYPE
PR-0838-1,MPLADS-SYN-0838,2026-06-08,26,32,District Authority,SYNTHETIC_PROTOTYPE
PR-0838-2,MPLADS-SYN-0838,2026-07-09,54,61,Implementing Agency,SYNTHETIC_PROTOTYPE
PR-0838-3,MPLADS-SYN-0838,2026-08-10,83,87,District Authority,SYNTHETIC_PROTOTYPE
PR-0839-1,MPLADS-SYN-0839,2026-04-14,9,8,District Authority,SYNTHETIC_PROTOTYPE
PR-0839-2,MPLADS-SYN-0839,2026-06-23,25,23,Implementing Agency,SYNTHETIC_PROTOTYPE
PR-0839-3,MPLADS-SYN-0839,2026-09-03,41,38,Implementing Agency,SYNTHETIC_PROTOTYPE
PR-0840-1,MPLADS-SYN-0840,2026-07-18,10,19,Implementing Agency,SYNTHETIC_PROTOTYPE
PR-0840-2,MPLADS-SYN-0840,2026-08-24,29,30,Implementing Agency,SYNTHETIC_PROTOTYPE
PR-0840-3,MPLADS-SYN-0840,2026-10-02,42,45,Implementing Agency,SYNTHETIC_PROTOTYPE
PR-0841-1,MPLADS-SYN-0841,2026-11-06,18,20,Implementing Agency,SYNTHETIC_PROTOTYPE
PR-0841-2,MPLADS-SYN-0841,2027-01-21,41,41,District Authority,SYNTHETIC_PROTOTYPE
PR-0841-3,MPLADS-SYN-0841,2027-04-10,66,62,District Authority,SYNTHETIC_PROTOTYPE
PR-0842-1,MPLADS-SYN-0842,2026-09-07,22,18,Field Officer,SYNTHETIC_PROTOTYPE
PR-0842-2,MPLADS-SYN-0842,2026-11-15,44,34,Implementing Agency,SYNTHETIC_PROTOTYPE
PR-0842-3,MPLADS-SYN-0842,2027-01-26,66,55,Field Officer,SYNTHETIC_PROTOTYPE
PR-0843-1,MPLADS-SYN-0843,2026-07-10,20,27,Field Officer,SYNTHETIC_PROTOTYPE
PR-0843-2,MPLADS-SYN-0843,2026-09-25,45,46,Field Officer,SYNTHETIC_PROTOTYPE
PR-0843-3,MPLADS-SYN-0843,2026-12-14,66,75,Implementing Agency,SYNTHETIC_PROTOTYPE
PR-0844-1,MPLADS-SYN-0844,2026-05-04,28,25,District Authority,SYNTHETIC_PROTOTYPE
PR-0844-2,MPLADS-SYN-0844,2026-06-16,46,46,Implementing Agency,SYNTHETIC_PROTOTYPE
PR-0844-3,MPLADS-SYN-0844,2026-07-31,77,73,District Authority,SYNTHETIC_PROTOTYPE
PR-0845-1,MPLADS-SYN-0845,2026-05-09,21,21,Field Officer,SYNTHETIC_PROTOTYPE
PR-0845-2,MPLADS-SYN-0845,2026-07-03,34,47,Field Officer,SYNTHETIC_PROTOTYPE
PR-0845-3,MPLADS-SYN-0845,2026-08-29,54,69,Field Officer,SYNTHETIC_PROTOTYPE
PR-0846-1,MPLADS-SYN-0846,2026-09-22,8,17,District Authority,SYNTHETIC_PROTOTYPE
PR-0846-2,MPLADS-SYN-0846,2026-11-11,22,23,Field Officer,SYNTHETIC_PROTOTYPE
PR-0846-3,MPLADS-SYN-0846,2027-01-02,36,38,District Authority,SYNTHETIC_PROTOTYPE
PR-0847-1,MPLADS-SYN-0847,2026-02-18,11,10,Implementing Agency,SYNTHETIC_PROTOTYPE
PR-0847-2,MPLADS-SYN-0847,2026-03-22,33,25,District Authority,SYNTHETIC_PROTOTYPE
PR-0847-3,MPLADS-SYN-0847,2026-04-25,42,38,Field Officer,SYNTHETIC_PROTOTYPE
PR-0848-1,MPLADS-SYN-0848,2026-04-04,19,13,Field Officer,SYNTHETIC_PROTOTYPE
PR-0848-2,MPLADS-SYN-0848,2026-05-22,35,26,District Authority,SYNTHETIC_PROTOTYPE
PR-0848-3,MPLADS-SYN-0848,2026-07-11,53,40,Implementing Agency,SYNTHETIC_PROTOTYPE
PR-0849-1,MPLADS-SYN-0849,2026-06-26,23,28,District Authority,SYNTHETIC_PROTOTYPE
PR-0849-2,MPLADS-SYN-0849,2026-08-31,52,49,District Authority,SYNTHETIC_PROTOTYPE
PR-0849-3,MPLADS-SYN-0849,2026-11-08,78,77,Implementing Agency,SYNTHETIC_PROTOTYPE
PR-0850-1,MPLADS-SYN-0850,2026-04-15,15,14,District Authority,SYNTHETIC_PROTOTYPE
PR-0850-2,MPLADS-SYN-0850,2026-06-11,35,30,District Authority,SYNTHETIC_PROTOTYPE
PR-0850-3,MPLADS-SYN-0850,2026-08-10,55,52,Field Officer,SYNTHETIC_PROTOTYPE
PR-0851-1,MPLADS-SYN-0851,2026-06-11,3,8,Field Officer,SYNTHETIC_PROTOTYPE
PR-0851-2,MPLADS-SYN-0851,2026-08-12,16,28,Field Officer,SYNTHETIC_PROTOTYPE
PR-0851-3,MPLADS-SYN-0851,2026-10-15,28,40,Field Officer,SYNTHETIC_PROTOTYPE
PR-0852-1,MPLADS-SYN-0852,2026-06-12,25,25,Implementing Agency,SYNTHETIC_PROTOTYPE
PR-0852-2,MPLADS-SYN-0852,2026-07-22,47,40,District Authority,SYNTHETIC_PROTOTYPE
PR-0852-3,MPLADS-SYN-0852,2026-09-02,63,63,District Authority,SYNTHETIC_PROTOTYPE
PR-0853-1,MPLADS-SYN-0853,2026-09-18,28,29,Field Officer,SYNTHETIC_PROTOTYPE
PR-0853-2,MPLADS-SYN-0853,2026-10-23,58,58,Implementing Agency,SYNTHETIC_PROTOTYPE
PR-0853-3,MPLADS-SYN-0853,2026-11-29,90,83,District Authority,SYNTHETIC_PROTOTYPE
PR-0854-1,MPLADS-SYN-0854,2026-04-19,9,26,Field Officer,SYNTHETIC_PROTOTYPE
PR-0854-2,MPLADS-SYN-0854,2026-06-04,18,53,District Authority,SYNTHETIC_PROTOTYPE
PR-0854-3,MPLADS-SYN-0854,2026-07-22,31,82,Implementing Agency,SYNTHETIC_PROTOTYPE
PR-0855-1,MPLADS-SYN-0855,2026-07-07,33,31,District Authority,SYNTHETIC_PROTOTYPE
PR-0855-2,MPLADS-SYN-0855,2026-08-29,63,60,Implementing Agency,SYNTHETIC_PROTOTYPE
PR-0855-3,MPLADS-SYN-0855,2026-10-23,97,95,Implementing Agency,SYNTHETIC_PROTOTYPE
PR-0856-1,MPLADS-SYN-0856,2026-06-24,20,15,Implementing Agency,SYNTHETIC_PROTOTYPE
PR-0856-2,MPLADS-SYN-0856,2026-08-27,40,35,District Authority,SYNTHETIC_PROTOTYPE
PR-0856-3,MPLADS-SYN-0856,2026-11-01,64,55,Implementing Agency,SYNTHETIC_PROTOTYPE
PR-0857-1,MPLADS-SYN-0857,2026-10-01,21,15,District Authority,SYNTHETIC_PROTOTYPE
PR-0857-2,MPLADS-SYN-0857,2026-11-21,39,35,Implementing Agency,SYNTHETIC_PROTOTYPE
PR-0857-3,MPLADS-SYN-0857,2027-01-13,57,45,District Authority,SYNTHETIC_PROTOTYPE
PR-0858-1,MPLADS-SYN-0858,2026-10-24,15,14,District Authority,SYNTHETIC_PROTOTYPE
PR-0858-2,MPLADS-SYN-0858,2026-12-28,29,33,Field Officer,SYNTHETIC_PROTOTYPE
PR-0858-3,MPLADS-SYN-0858,2027-03-05,45,53,Field Officer,SYNTHETIC_PROTOTYPE
PR-0859-1,MPLADS-SYN-0859,2026-10-12,25,34,Field Officer,SYNTHETIC_PROTOTYPE
PR-0859-2,MPLADS-SYN-0859,2026-12-22,56,58,Implementing Agency,SYNTHETIC_PROTOTYPE
PR-0859-3,MPLADS-SYN-0859,2027-03-06,79,89,District Authority,SYNTHETIC_PROTOTYPE
PR-0860-1,MPLADS-SYN-0860,2026-05-27,18,11,District Authority,SYNTHETIC_PROTOTYPE
PR-0860-2,MPLADS-SYN-0860,2026-07-04,24,28,Implementing Agency,SYNTHETIC_PROTOTYPE
PR-0860-3,MPLADS-SYN-0860,2026-08-12,46,46,District Authority,SYNTHETIC_PROTOTYPE
PR-0861-1,MPLADS-SYN-0861,2026-02-15,27,37,Implementing Agency,SYNTHETIC_PROTOTYPE
PR-0861-2,MPLADS-SYN-0861,2026-03-29,60,67,Field Officer,SYNTHETIC_PROTOTYPE
PR-0861-3,MPLADS-SYN-0861,2026-05-12,92,98,District Authority,SYNTHETIC_PROTOTYPE
PR-0862-1,MPLADS-SYN-0862,2026-05-26,12,17,Implementing Agency,SYNTHETIC_PROTOTYPE
PR-0862-2,MPLADS-SYN-0862,2026-07-03,27,32,District Authority,SYNTHETIC_PROTOTYPE
PR-0862-3,MPLADS-SYN-0862,2026-08-12,45,49,Field Officer,SYNTHETIC_PROTOTYPE
PR-0863-1,MPLADS-SYN-0863,2026-05-04,26,24,Implementing Agency,SYNTHETIC_PROTOTYPE
PR-0863-2,MPLADS-SYN-0863,2026-07-13,49,54,Field Officer,SYNTHETIC_PROTOTYPE
PR-0863-3,MPLADS-SYN-0863,2026-09-24,77,78,Implementing Agency,SYNTHETIC_PROTOTYPE
PR-0864-1,MPLADS-SYN-0864,2026-05-02,16,16,Field Officer,SYNTHETIC_PROTOTYPE
PR-0864-2,MPLADS-SYN-0864,2026-06-28,28,28,Implementing Agency,SYNTHETIC_PROTOTYPE
PR-0864-3,MPLADS-SYN-0864,2026-08-26,37,47,Field Officer,SYNTHETIC_PROTOTYPE
PR-0865-1,MPLADS-SYN-0865,2026-09-12,16,21,Field Officer,SYNTHETIC_PROTOTYPE
PR-0865-2,MPLADS-SYN-0865,2026-10-04,30,35,District Authority,SYNTHETIC_PROTOTYPE
PR-0865-3,MPLADS-SYN-0865,2026-10-27,46,60,Field Officer,SYNTHETIC_PROTOTYPE
PR-0866-1,MPLADS-SYN-0866,2026-03-16,19,17,Field Officer,SYNTHETIC_PROTOTYPE
PR-0866-2,MPLADS-SYN-0866,2026-05-29,28,32,Implementing Agency,SYNTHETIC_PROTOTYPE
PR-0866-3,MPLADS-SYN-0866,2026-08-13,44,52,Implementing Agency,SYNTHETIC_PROTOTYPE
PR-0867-1,MPLADS-SYN-0867,2026-02-13,14,8,District Authority,SYNTHETIC_PROTOTYPE
PR-0867-2,MPLADS-SYN-0867,2026-03-11,26,19,Implementing Agency,SYNTHETIC_PROTOTYPE
PR-0867-3,MPLADS-SYN-0867,2026-04-07,43,28,Implementing Agency,SYNTHETIC_PROTOTYPE
PR-0868-1,MPLADS-SYN-0868,2026-09-21,10,19,District Authority,SYNTHETIC_PROTOTYPE
PR-0868-2,MPLADS-SYN-0868,2026-12-01,27,28,Field Officer,SYNTHETIC_PROTOTYPE
PR-0868-3,MPLADS-SYN-0868,2027-02-13,36,42,Field Officer,SYNTHETIC_PROTOTYPE
PR-0869-1,MPLADS-SYN-0869,2026-09-26,21,19,District Authority,SYNTHETIC_PROTOTYPE
PR-0869-2,MPLADS-SYN-0869,2026-12-06,44,40,Implementing Agency,SYNTHETIC_PROTOTYPE
PR-0869-3,MPLADS-SYN-0869,2027-02-18,60,60,Implementing Agency,SYNTHETIC_PROTOTYPE
PR-0870-1,MPLADS-SYN-0870,2026-07-05,25,26,District Authority,SYNTHETIC_PROTOTYPE
PR-0870-2,MPLADS-SYN-0870,2026-09-18,48,56,Field Officer,SYNTHETIC_PROTOTYPE
PR-0870-3,MPLADS-SYN-0870,2026-12-04,79,79,Implementing Agency,SYNTHETIC_PROTOTYPE
PR-0871-1,MPLADS-SYN-0871,2026-03-28,8,9,Implementing Agency,SYNTHETIC_PROTOTYPE
PR-0871-2,MPLADS-SYN-0871,2026-04-19,22,14,Implementing Agency,SYNTHETIC_PROTOTYPE
PR-0871-3,MPLADS-SYN-0871,2026-05-12,35,28,Field Officer,SYNTHETIC_PROTOTYPE
PR-0872-1,MPLADS-SYN-0872,2026-03-20,24,12,Implementing Agency,SYNTHETIC_PROTOTYPE
PR-0872-2,MPLADS-SYN-0872,2026-06-07,42,23,District Authority,SYNTHETIC_PROTOTYPE
PR-0872-3,MPLADS-SYN-0872,2026-08-27,71,34,District Authority,SYNTHETIC_PROTOTYPE
PR-0873-1,MPLADS-SYN-0873,2026-06-24,22,27,Implementing Agency,SYNTHETIC_PROTOTYPE
PR-0873-2,MPLADS-SYN-0873,2026-08-27,46,59,Field Officer,SYNTHETIC_PROTOTYPE
PR-0873-3,MPLADS-SYN-0873,2026-11-01,71,83,District Authority,SYNTHETIC_PROTOTYPE
PR-0874-1,MPLADS-SYN-0874,2026-04-23,7,7,Implementing Agency,SYNTHETIC_PROTOTYPE
PR-0874-2,MPLADS-SYN-0874,2026-05-31,8,24,Field Officer,SYNTHETIC_PROTOTYPE
PR-0874-3,MPLADS-SYN-0874,2026-07-10,14,34,Field Officer,SYNTHETIC_PROTOTYPE
PR-0875-1,MPLADS-SYN-0875,2026-02-17,14,19,District Authority,SYNTHETIC_PROTOTYPE
PR-0875-2,MPLADS-SYN-0875,2026-03-25,40,31,Implementing Agency,SYNTHETIC_PROTOTYPE
PR-0875-3,MPLADS-SYN-0875,2026-05-02,60,46,District Authority,SYNTHETIC_PROTOTYPE
PR-0876-1,MPLADS-SYN-0876,2026-10-29,9,5,District Authority,SYNTHETIC_PROTOTYPE
PR-0876-2,MPLADS-SYN-0876,2027-01-07,20,16,Implementing Agency,SYNTHETIC_PROTOTYPE
PR-0876-3,MPLADS-SYN-0876,2027-03-21,33,28,District Authority,SYNTHETIC_PROTOTYPE
PR-0877-1,MPLADS-SYN-0877,2026-09-12,15,21,District Authority,SYNTHETIC_PROTOTYPE
PR-0877-2,MPLADS-SYN-0877,2026-11-16,32,49,Field Officer,SYNTHETIC_PROTOTYPE
PR-0877-3,MPLADS-SYN-0877,2027-01-23,51,71,Field Officer,SYNTHETIC_PROTOTYPE
PR-0878-1,MPLADS-SYN-0878,2026-04-11,12,30,Field Officer,SYNTHETIC_PROTOTYPE
PR-0878-2,MPLADS-SYN-0878,2026-06-05,28,69,Implementing Agency,SYNTHETIC_PROTOTYPE
PR-0878-3,MPLADS-SYN-0878,2026-08-02,44,100,Implementing Agency,SYNTHETIC_PROTOTYPE
PR-0879-1,MPLADS-SYN-0879,2026-03-25,21,23,Field Officer,SYNTHETIC_PROTOTYPE
PR-0879-2,MPLADS-SYN-0879,2026-06-12,39,46,Implementing Agency,SYNTHETIC_PROTOTYPE
PR-0879-3,MPLADS-SYN-0879,2026-09-02,63,70,Field Officer,SYNTHETIC_PROTOTYPE
PR-0880-1,MPLADS-SYN-0880,2026-05-23,17,19,Field Officer,SYNTHETIC_PROTOTYPE
PR-0880-2,MPLADS-SYN-0880,2026-07-08,38,35,District Authority,SYNTHETIC_PROTOTYPE
PR-0880-3,MPLADS-SYN-0880,2026-08-25,64,57,District Authority,SYNTHETIC_PROTOTYPE
PR-0881-1,MPLADS-SYN-0881,2026-03-03,21,20,Field Officer,SYNTHETIC_PROTOTYPE
PR-0881-2,MPLADS-SYN-0881,2026-03-31,50,50,Field Officer,SYNTHETIC_PROTOTYPE
PR-0881-3,MPLADS-SYN-0881,2026-04-30,71,69,Field Officer,SYNTHETIC_PROTOTYPE
PR-0882-1,MPLADS-SYN-0882,2026-08-20,14,20,Implementing Agency,SYNTHETIC_PROTOTYPE
PR-0882-2,MPLADS-SYN-0882,2026-11-03,23,46,District Authority,SYNTHETIC_PROTOTYPE
PR-0882-3,MPLADS-SYN-0882,2027-01-19,38,66,District Authority,SYNTHETIC_PROTOTYPE
PR-0883-1,MPLADS-SYN-0883,2026-06-23,9,15,Field Officer,SYNTHETIC_PROTOTYPE
PR-0883-2,MPLADS-SYN-0883,2026-08-22,27,26,District Authority,SYNTHETIC_PROTOTYPE
PR-0883-3,MPLADS-SYN-0883,2026-10-23,41,48,Implementing Agency,SYNTHETIC_PROTOTYPE
PR-0884-1,MPLADS-SYN-0884,2026-02-01,16,15,District Authority,SYNTHETIC_PROTOTYPE
PR-0884-2,MPLADS-SYN-0884,2026-03-02,38,38,Field Officer,SYNTHETIC_PROTOTYPE
PR-0884-3,MPLADS-SYN-0884,2026-04-01,65,54,Field Officer,SYNTHETIC_PROTOTYPE
PR-0885-1,MPLADS-SYN-0885,2026-02-15,9,13,Field Officer,SYNTHETIC_PROTOTYPE
PR-0885-2,MPLADS-SYN-0885,2026-03-12,27,31,Implementing Agency,SYNTHETIC_PROTOTYPE
PR-0885-3,MPLADS-SYN-0885,2026-04-08,36,46,Implementing Agency,SYNTHETIC_PROTOTYPE
PR-0886-1,MPLADS-SYN-0886,2026-03-24,14,13,District Authority,SYNTHETIC_PROTOTYPE
PR-0886-2,MPLADS-SYN-0886,2026-05-14,38,25,Implementing Agency,SYNTHETIC_PROTOTYPE
PR-0886-3,MPLADS-SYN-0886,2026-07-06,59,46,Field Officer,SYNTHETIC_PROTOTYPE
PR-0887-1,MPLADS-SYN-0887,2026-04-26,16,18,Implementing Agency,SYNTHETIC_PROTOTYPE
PR-0887-2,MPLADS-SYN-0887,2026-06-14,30,32,District Authority,SYNTHETIC_PROTOTYPE
PR-0887-3,MPLADS-SYN-0887,2026-08-04,44,55,District Authority,SYNTHETIC_PROTOTYPE
PR-0888-1,MPLADS-SYN-0888,2026-05-01,17,13,Field Officer,SYNTHETIC_PROTOTYPE
PR-0888-2,MPLADS-SYN-0888,2026-06-13,25,25,Implementing Agency,SYNTHETIC_PROTOTYPE
PR-0888-3,MPLADS-SYN-0888,2026-07-28,44,45,District Authority,SYNTHETIC_PROTOTYPE
PR-0889-1,MPLADS-SYN-0889,2026-09-01,26,23,Field Officer,SYNTHETIC_PROTOTYPE
PR-0889-2,MPLADS-SYN-0889,2026-10-12,54,53,Implementing Agency,SYNTHETIC_PROTOTYPE
PR-0889-3,MPLADS-SYN-0889,2026-11-23,83,83,Implementing Agency,SYNTHETIC_PROTOTYPE
PR-0890-1,MPLADS-SYN-0890,2026-08-11,32,29,Implementing Agency,SYNTHETIC_PROTOTYPE
PR-0890-2,MPLADS-SYN-0890,2026-09-20,59,60,Implementing Agency,SYNTHETIC_PROTOTYPE
PR-0890-3,MPLADS-SYN-0890,2026-11-01,85,84,Field Officer,SYNTHETIC_PROTOTYPE
PR-0891-1,MPLADS-SYN-0891,2026-09-27,16,17,District Authority,SYNTHETIC_PROTOTYPE
PR-0891-2,MPLADS-SYN-0891,2026-11-12,30,34,Implementing Agency,SYNTHETIC_PROTOTYPE
PR-0891-3,MPLADS-SYN-0891,2026-12-30,49,59,Field Officer,SYNTHETIC_PROTOTYPE
PR-0892-1,MPLADS-SYN-0892,2026-07-30,17,21,Field Officer,SYNTHETIC_PROTOTYPE
PR-0892-2,MPLADS-SYN-0892,2026-08-20,37,44,Implementing Agency,SYNTHETIC_PROTOTYPE
PR-0892-3,MPLADS-SYN-0892,2026-09-11,50,67,District Authority,SYNTHETIC_PROTOTYPE
PR-0893-1,MPLADS-SYN-0893,2026-08-27,15,18,Implementing Agency,SYNTHETIC_PROTOTYPE
PR-0893-2,MPLADS-SYN-0893,2026-11-07,32,35,Field Officer,SYNTHETIC_PROTOTYPE
PR-0893-3,MPLADS-SYN-0893,2027-01-21,43,53,District Authority,SYNTHETIC_PROTOTYPE
PR-0894-1,MPLADS-SYN-0894,2026-11-05,22,20,Implementing Agency,SYNTHETIC_PROTOTYPE
PR-0894-2,MPLADS-SYN-0894,2027-01-22,42,31,Field Officer,SYNTHETIC_PROTOTYPE
PR-0894-3,MPLADS-SYN-0894,2027-04-12,61,58,Field Officer,SYNTHETIC_PROTOTYPE
PR-0895-1,MPLADS-SYN-0895,2026-06-30,28,32,District Authority,SYNTHETIC_PROTOTYPE
PR-0895-2,MPLADS-SYN-0895,2026-08-30,60,56,Field Officer,SYNTHETIC_PROTOTYPE
PR-0895-3,MPLADS-SYN-0895,2026-11-01,95,88,Implementing Agency,SYNTHETIC_PROTOTYPE
PR-0896-1,MPLADS-SYN-0896,2026-05-23,12,16,Field Officer,SYNTHETIC_PROTOTYPE
PR-0896-2,MPLADS-SYN-0896,2026-07-03,28,37,Implementing Agency,SYNTHETIC_PROTOTYPE
PR-0896-3,MPLADS-SYN-0896,2026-08-15,40,52,District Authority,SYNTHETIC_PROTOTYPE
PR-0897-1,MPLADS-SYN-0897,2026-10-20,23,15,District Authority,SYNTHETIC_PROTOTYPE
PR-0897-2,MPLADS-SYN-0897,2026-12-21,39,40,Field Officer,SYNTHETIC_PROTOTYPE
PR-0897-3,MPLADS-SYN-0897,2027-02-24,60,57,District Authority,SYNTHETIC_PROTOTYPE
PR-0898-1,MPLADS-SYN-0898,2026-09-05,14,15,Implementing Agency,SYNTHETIC_PROTOTYPE
PR-0898-2,MPLADS-SYN-0898,2026-11-03,34,32,District Authority,SYNTHETIC_PROTOTYPE
PR-0898-3,MPLADS-SYN-0898,2027-01-03,51,54,Implementing Agency,SYNTHETIC_PROTOTYPE
PR-0899-1,MPLADS-SYN-0899,2026-05-19,9,11,Implementing Agency,SYNTHETIC_PROTOTYPE
PR-0899-2,MPLADS-SYN-0899,2026-07-15,13,23,Field Officer,SYNTHETIC_PROTOTYPE
PR-0899-3,MPLADS-SYN-0899,2026-09-12,23,25,Implementing Agency,SYNTHETIC_PROTOTYPE
PR-0900-1,MPLADS-SYN-0900,2026-09-04,19,21,District Authority,SYNTHETIC_PROTOTYPE
PR-0900-2,MPLADS-SYN-0900,2026-10-26,46,39,District Authority,SYNTHETIC_PROTOTYPE
PR-0900-3,MPLADS-SYN-0900,2026-12-19,61,59,Implementing Agency,SYNTHETIC_PROTOTYPE
PR-0901-1,MPLADS-SYN-0901,2026-09-11,8,13,Field Officer,SYNTHETIC_PROTOTYPE
PR-0901-2,MPLADS-SYN-0901,2026-10-06,14,23,District Authority,SYNTHETIC_PROTOTYPE
PR-0901-3,MPLADS-SYN-0901,2026-11-01,24,34,Implementing Agency,SYNTHETIC_PROTOTYPE
PR-0902-1,MPLADS-SYN-0902,2026-07-29,16,20,Field Officer,SYNTHETIC_PROTOTYPE
PR-0902-2,MPLADS-SYN-0902,2026-10-04,36,43,District Authority,SYNTHETIC_PROTOTYPE
PR-0902-3,MPLADS-SYN-0902,2026-12-13,56,63,Implementing Agency,SYNTHETIC_PROTOTYPE
PR-0903-1,MPLADS-SYN-0903,2026-09-02,23,29,District Authority,SYNTHETIC_PROTOTYPE
PR-0903-2,MPLADS-SYN-0903,2026-11-11,52,58,District Authority,SYNTHETIC_PROTOTYPE
PR-0903-3,MPLADS-SYN-0903,2027-01-22,83,85,Implementing Agency,SYNTHETIC_PROTOTYPE
PR-0904-1,MPLADS-SYN-0904,2026-09-28,24,27,District Authority,SYNTHETIC_PROTOTYPE
PR-0904-2,MPLADS-SYN-0904,2026-11-25,53,46,District Authority,SYNTHETIC_PROTOTYPE
PR-0904-3,MPLADS-SYN-0904,2027-01-25,77,79,District Authority,SYNTHETIC_PROTOTYPE
PR-0905-1,MPLADS-SYN-0905,2026-03-07,13,17,District Authority,SYNTHETIC_PROTOTYPE
PR-0905-2,MPLADS-SYN-0905,2026-04-09,33,36,Implementing Agency,SYNTHETIC_PROTOTYPE
PR-0905-3,MPLADS-SYN-0905,2026-05-14,42,50,Field Officer,SYNTHETIC_PROTOTYPE
PR-0906-1,MPLADS-SYN-0906,2026-07-31,6,5,Field Officer,SYNTHETIC_PROTOTYPE
PR-0906-2,MPLADS-SYN-0906,2026-09-22,15,16,Implementing Agency,SYNTHETIC_PROTOTYPE
PR-0906-3,MPLADS-SYN-0906,2026-11-16,20,34,District Authority,SYNTHETIC_PROTOTYPE
PR-0907-1,MPLADS-SYN-0907,2026-05-26,23,19,Field Officer,SYNTHETIC_PROTOTYPE
PR-0907-2,MPLADS-SYN-0907,2026-06-26,46,44,Implementing Agency,SYNTHETIC_PROTOTYPE
PR-0907-3,MPLADS-SYN-0907,2026-07-29,63,66,Implementing Agency,SYNTHETIC_PROTOTYPE
PR-0908-1,MPLADS-SYN-0908,2026-02-15,20,15,Implementing Agency,SYNTHETIC_PROTOTYPE
PR-0908-2,MPLADS-SYN-0908,2026-03-17,33,30,District Authority,SYNTHETIC_PROTOTYPE
PR-0908-3,MPLADS-SYN-0908,2026-04-17,51,45,District Authority,SYNTHETIC_PROTOTYPE
PR-0909-1,MPLADS-SYN-0909,2026-10-12,34,26,Implementing Agency,SYNTHETIC_PROTOTYPE
PR-0909-2,MPLADS-SYN-0909,2026-12-21,64,58,Field Officer,SYNTHETIC_PROTOTYPE
PR-0909-3,MPLADS-SYN-0909,2027-03-04,96,92,District Authority,SYNTHETIC_PROTOTYPE
PR-0910-1,MPLADS-SYN-0910,2026-02-21,25,14,Implementing Agency,SYNTHETIC_PROTOTYPE
PR-0910-2,MPLADS-SYN-0910,2026-03-22,46,26,District Authority,SYNTHETIC_PROTOTYPE
PR-0910-3,MPLADS-SYN-0910,2026-04-21,69,35,District Authority,SYNTHETIC_PROTOTYPE
PR-0911-1,MPLADS-SYN-0911,2026-06-29,10,23,District Authority,SYNTHETIC_PROTOTYPE
PR-0911-2,MPLADS-SYN-0911,2026-09-02,12,55,District Authority,SYNTHETIC_PROTOTYPE
PR-0911-3,MPLADS-SYN-0911,2026-11-09,26,87,Field Officer,SYNTHETIC_PROTOTYPE
PR-0912-1,MPLADS-SYN-0912,2026-05-18,15,20,Field Officer,SYNTHETIC_PROTOTYPE
PR-0912-2,MPLADS-SYN-0912,2026-07-30,31,36,Implementing Agency,SYNTHETIC_PROTOTYPE
PR-0912-3,MPLADS-SYN-0912,2026-10-14,50,55,Field Officer,SYNTHETIC_PROTOTYPE
PR-0913-1,MPLADS-SYN-0913,2026-05-15,15,14,Field Officer,SYNTHETIC_PROTOTYPE
PR-0913-2,MPLADS-SYN-0913,2026-07-19,30,35,District Authority,SYNTHETIC_PROTOTYPE
PR-0913-3,MPLADS-SYN-0913,2026-09-24,48,51,Field Officer,SYNTHETIC_PROTOTYPE
PR-0914-1,MPLADS-SYN-0914,2026-06-05,12,24,District Authority,SYNTHETIC_PROTOTYPE
PR-0914-2,MPLADS-SYN-0914,2026-08-01,36,55,Implementing Agency,SYNTHETIC_PROTOTYPE
PR-0914-3,MPLADS-SYN-0914,2026-09-29,53,80,District Authority,SYNTHETIC_PROTOTYPE
PR-0915-1,MPLADS-SYN-0915,2026-06-22,15,12,Implementing Agency,SYNTHETIC_PROTOTYPE
PR-0915-2,MPLADS-SYN-0915,2026-09-05,29,23,Implementing Agency,SYNTHETIC_PROTOTYPE
PR-0915-3,MPLADS-SYN-0915,2026-11-21,39,36,District Authority,SYNTHETIC_PROTOTYPE
PR-0916-1,MPLADS-SYN-0916,2026-02-18,22,27,District Authority,SYNTHETIC_PROTOTYPE
PR-0916-2,MPLADS-SYN-0916,2026-03-18,46,51,District Authority,SYNTHETIC_PROTOTYPE
PR-0916-3,MPLADS-SYN-0916,2026-04-17,77,87,Field Officer,SYNTHETIC_PROTOTYPE
PR-0917-1,MPLADS-SYN-0917,2026-05-22,20,24,District Authority,SYNTHETIC_PROTOTYPE
PR-0917-2,MPLADS-SYN-0917,2026-07-24,34,44,Field Officer,SYNTHETIC_PROTOTYPE
PR-0917-3,MPLADS-SYN-0917,2026-09-28,58,66,Implementing Agency,SYNTHETIC_PROTOTYPE
PR-0918-1,MPLADS-SYN-0918,2026-04-27,18,7,Implementing Agency,SYNTHETIC_PROTOTYPE
PR-0918-2,MPLADS-SYN-0918,2026-07-11,26,25,Field Officer,SYNTHETIC_PROTOTYPE
PR-0918-3,MPLADS-SYN-0918,2026-09-27,45,34,District Authority,SYNTHETIC_PROTOTYPE
PR-0919-1,MPLADS-SYN-0919,2026-04-25,12,17,District Authority,SYNTHETIC_PROTOTYPE
PR-0919-2,MPLADS-SYN-0919,2026-06-05,34,37,District Authority,SYNTHETIC_PROTOTYPE
PR-0919-3,MPLADS-SYN-0919,2026-07-18,48,55,Implementing Agency,SYNTHETIC_PROTOTYPE
PR-0920-1,MPLADS-SYN-0920,2026-04-20,13,23,Field Officer,SYNTHETIC_PROTOTYPE
PR-0920-2,MPLADS-SYN-0920,2026-06-28,28,57,District Authority,SYNTHETIC_PROTOTYPE
PR-0920-3,MPLADS-SYN-0920,2026-09-08,49,82,District Authority,SYNTHETIC_PROTOTYPE
PR-0921-1,MPLADS-SYN-0921,2026-08-02,13,23,Implementing Agency,SYNTHETIC_PROTOTYPE
PR-0921-2,MPLADS-SYN-0921,2026-08-22,38,34,Implementing Agency,SYNTHETIC_PROTOTYPE
PR-0921-3,MPLADS-SYN-0921,2026-09-12,55,62,Field Officer,SYNTHETIC_PROTOTYPE
PR-0922-1,MPLADS-SYN-0922,2026-09-18,13,16,Implementing Agency,SYNTHETIC_PROTOTYPE
PR-0922-2,MPLADS-SYN-0922,2026-11-24,24,26,Implementing Agency,SYNTHETIC_PROTOTYPE
PR-0922-3,MPLADS-SYN-0922,2027-02-02,32,42,Implementing Agency,SYNTHETIC_PROTOTYPE
PR-0923-1,MPLADS-SYN-0923,2026-06-28,14,21,District Authority,SYNTHETIC_PROTOTYPE
PR-0923-2,MPLADS-SYN-0923,2026-09-15,26,39,Field Officer,SYNTHETIC_PROTOTYPE
PR-0923-3,MPLADS-SYN-0923,2026-12-06,39,65,Implementing Agency,SYNTHETIC_PROTOTYPE
PR-0924-1,MPLADS-SYN-0924,2026-04-06,20,17,District Authority,SYNTHETIC_PROTOTYPE
PR-0924-2,MPLADS-SYN-0924,2026-06-08,41,40,Field Officer,SYNTHETIC_PROTOTYPE
PR-0924-3,MPLADS-SYN-0924,2026-08-13,70,70,District Authority,SYNTHETIC_PROTOTYPE
PR-0925-1,MPLADS-SYN-0925,2026-04-12,27,31,Field Officer,SYNTHETIC_PROTOTYPE
PR-0925-2,MPLADS-SYN-0925,2026-05-07,55,64,Implementing Agency,SYNTHETIC_PROTOTYPE
PR-0925-3,MPLADS-SYN-0925,2026-06-03,93,94,Implementing Agency,SYNTHETIC_PROTOTYPE
PR-0926-1,MPLADS-SYN-0926,2026-03-26,19,18,Implementing Agency,SYNTHETIC_PROTOTYPE
PR-0926-2,MPLADS-SYN-0926,2026-05-11,43,42,Implementing Agency,SYNTHETIC_PROTOTYPE
PR-0926-3,MPLADS-SYN-0926,2026-06-27,66,67,Implementing Agency,SYNTHETIC_PROTOTYPE
PR-0927-1,MPLADS-SYN-0927,2026-08-14,8,19,Field Officer,SYNTHETIC_PROTOTYPE
PR-0927-2,MPLADS-SYN-0927,2026-10-12,24,46,Field Officer,SYNTHETIC_PROTOTYPE
PR-0927-3,MPLADS-SYN-0927,2026-12-12,33,73,Field Officer,SYNTHETIC_PROTOTYPE
PR-0928-1,MPLADS-SYN-0928,2026-05-02,14,15,Implementing Agency,SYNTHETIC_PROTOTYPE
PR-0928-2,MPLADS-SYN-0928,2026-07-18,26,27,Implementing Agency,SYNTHETIC_PROTOTYPE
PR-0928-3,MPLADS-SYN-0928,2026-10-06,36,35,District Authority,SYNTHETIC_PROTOTYPE
PR-0929-1,MPLADS-SYN-0929,2026-05-14,3,28,District Authority,SYNTHETIC_PROTOTYPE
PR-0929-2,MPLADS-SYN-0929,2026-06-08,18,60,Implementing Agency,SYNTHETIC_PROTOTYPE
PR-0929-3,MPLADS-SYN-0929,2026-07-05,19,84,District Authority,SYNTHETIC_PROTOTYPE
PR-0930-1,MPLADS-SYN-0930,2026-08-23,24,27,District Authority,SYNTHETIC_PROTOTYPE
PR-0930-2,MPLADS-SYN-0930,2026-11-06,48,54,Field Officer,SYNTHETIC_PROTOTYPE
PR-0930-3,MPLADS-SYN-0930,2027-01-23,77,82,District Authority,SYNTHETIC_PROTOTYPE
PR-0931-1,MPLADS-SYN-0931,2026-04-12,10,12,Field Officer,SYNTHETIC_PROTOTYPE
PR-0931-2,MPLADS-SYN-0931,2026-05-11,19,24,Field Officer,SYNTHETIC_PROTOTYPE
PR-0931-3,MPLADS-SYN-0931,2026-06-10,30,47,District Authority,SYNTHETIC_PROTOTYPE
PR-0932-1,MPLADS-SYN-0932,2026-07-05,8,19,Field Officer,SYNTHETIC_PROTOTYPE
PR-0932-2,MPLADS-SYN-0932,2026-08-22,10,27,Field Officer,SYNTHETIC_PROTOTYPE
PR-0932-3,MPLADS-SYN-0932,2026-10-11,25,48,Field Officer,SYNTHETIC_PROTOTYPE
PR-0933-1,MPLADS-SYN-0933,2026-04-15,26,33,District Authority,SYNTHETIC_PROTOTYPE
PR-0933-2,MPLADS-SYN-0933,2026-06-23,59,57,Implementing Agency,SYNTHETIC_PROTOTYPE
PR-0933-3,MPLADS-SYN-0933,2026-09-03,86,95,Implementing Agency,SYNTHETIC_PROTOTYPE
PR-0934-1,MPLADS-SYN-0934,2026-06-23,10,13,Implementing Agency,SYNTHETIC_PROTOTYPE
PR-0934-2,MPLADS-SYN-0934,2026-09-05,24,30,Field Officer,SYNTHETIC_PROTOTYPE
PR-0934-3,MPLADS-SYN-0934,2026-11-21,44,43,District Authority,SYNTHETIC_PROTOTYPE
PR-0935-1,MPLADS-SYN-0935,2026-07-21,19,22,Implementing Agency,SYNTHETIC_PROTOTYPE
PR-0935-2,MPLADS-SYN-0935,2026-09-22,41,36,Implementing Agency,SYNTHETIC_PROTOTYPE
PR-0935-3,MPLADS-SYN-0935,2026-11-26,65,58,Field Officer,SYNTHETIC_PROTOTYPE
PR-0936-1,MPLADS-SYN-0936,2026-03-10,24,29,Implementing Agency,SYNTHETIC_PROTOTYPE
PR-0936-2,MPLADS-SYN-0936,2026-05-01,56,56,District Authority,SYNTHETIC_PROTOTYPE
PR-0936-3,MPLADS-SYN-0936,2026-06-24,87,79,Implementing Agency,SYNTHETIC_PROTOTYPE
PR-0937-1,MPLADS-SYN-0937,2026-07-03,21,21,District Authority,SYNTHETIC_PROTOTYPE
PR-0937-2,MPLADS-SYN-0937,2026-08-15,48,52,District Authority,SYNTHETIC_PROTOTYPE
PR-0937-3,MPLADS-SYN-0937,2026-09-29,70,76,District Authority,SYNTHETIC_PROTOTYPE
PR-0938-1,MPLADS-SYN-0938,2026-02-06,12,8,Implementing Agency,SYNTHETIC_PROTOTYPE
PR-0938-2,MPLADS-SYN-0938,2026-03-09,25,25,District Authority,SYNTHETIC_PROTOTYPE
PR-0938-3,MPLADS-SYN-0938,2026-04-10,39,38,District Authority,SYNTHETIC_PROTOTYPE
PR-0939-1,MPLADS-SYN-0939,2026-09-19,8,16,Implementing Agency,SYNTHETIC_PROTOTYPE
PR-0939-2,MPLADS-SYN-0939,2026-11-19,29,32,Field Officer,SYNTHETIC_PROTOTYPE
PR-0939-3,MPLADS-SYN-0939,2027-01-21,38,49,Field Officer,SYNTHETIC_PROTOTYPE
PR-0940-1,MPLADS-SYN-0940,2026-07-08,19,21,District Authority,SYNTHETIC_PROTOTYPE
PR-0940-2,MPLADS-SYN-0940,2026-09-03,48,48,District Authority,SYNTHETIC_PROTOTYPE
PR-0940-3,MPLADS-SYN-0940,2026-11-02,64,73,Field Officer,SYNTHETIC_PROTOTYPE
PR-0941-1,MPLADS-SYN-0941,2026-06-30,16,17,Field Officer,SYNTHETIC_PROTOTYPE
PR-0941-2,MPLADS-SYN-0941,2026-09-07,29,31,Field Officer,SYNTHETIC_PROTOTYPE
PR-0941-3,MPLADS-SYN-0941,2026-11-18,47,47,Field Officer,SYNTHETIC_PROTOTYPE
PR-0942-1,MPLADS-SYN-0942,2026-08-19,16,19,Field Officer,SYNTHETIC_PROTOTYPE
PR-0942-2,MPLADS-SYN-0942,2026-10-15,28,30,District Authority,SYNTHETIC_PROTOTYPE
PR-0942-3,MPLADS-SYN-0942,2026-12-13,39,53,Field Officer,SYNTHETIC_PROTOTYPE
PR-0943-1,MPLADS-SYN-0943,2026-04-07,24,25,Field Officer,SYNTHETIC_PROTOTYPE
PR-0943-2,MPLADS-SYN-0943,2026-06-25,57,54,Field Officer,SYNTHETIC_PROTOTYPE
PR-0943-3,MPLADS-SYN-0943,2026-09-15,89,74,District Authority,SYNTHETIC_PROTOTYPE
PR-0944-1,MPLADS-SYN-0944,2026-05-10,30,27,Field Officer,SYNTHETIC_PROTOTYPE
PR-0944-2,MPLADS-SYN-0944,2026-06-27,57,55,District Authority,SYNTHETIC_PROTOTYPE
PR-0944-3,MPLADS-SYN-0944,2026-08-15,86,79,District Authority,SYNTHETIC_PROTOTYPE
PR-0945-1,MPLADS-SYN-0945,2026-05-01,30,36,Implementing Agency,SYNTHETIC_PROTOTYPE
PR-0945-2,MPLADS-SYN-0945,2026-07-08,57,69,Implementing Agency,SYNTHETIC_PROTOTYPE
PR-0945-3,MPLADS-SYN-0945,2026-09-17,89,100,Implementing Agency,SYNTHETIC_PROTOTYPE
PR-0946-1,MPLADS-SYN-0946,2026-03-24,18,19,Field Officer,SYNTHETIC_PROTOTYPE
PR-0946-2,MPLADS-SYN-0946,2026-05-25,44,40,District Authority,SYNTHETIC_PROTOTYPE
PR-0946-3,MPLADS-SYN-0946,2026-07-28,63,68,Field Officer,SYNTHETIC_PROTOTYPE
PR-0947-1,MPLADS-SYN-0947,2026-03-14,4,10,Implementing Agency,SYNTHETIC_PROTOTYPE
PR-0947-2,MPLADS-SYN-0947,2026-05-06,8,24,District Authority,SYNTHETIC_PROTOTYPE
PR-0947-3,MPLADS-SYN-0947,2026-06-30,4,31,Field Officer,SYNTHETIC_PROTOTYPE
PR-0948-1,MPLADS-SYN-0948,2026-02-12,27,17,Implementing Agency,SYNTHETIC_PROTOTYPE
PR-0948-2,MPLADS-SYN-0948,2026-03-11,46,42,Implementing Agency,SYNTHETIC_PROTOTYPE
PR-0948-3,MPLADS-SYN-0948,2026-04-08,70,65,Implementing Agency,SYNTHETIC_PROTOTYPE
PR-0949-1,MPLADS-SYN-0949,2026-04-13,30,27,Field Officer,SYNTHETIC_PROTOTYPE
PR-0949-2,MPLADS-SYN-0949,2026-06-08,55,48,District Authority,SYNTHETIC_PROTOTYPE
PR-0949-3,MPLADS-SYN-0949,2026-08-06,78,76,Field Officer,SYNTHETIC_PROTOTYPE
PR-0950-1,MPLADS-SYN-0950,2026-07-24,22,19,Implementing Agency,SYNTHETIC_PROTOTYPE
PR-0950-2,MPLADS-SYN-0950,2026-09-24,55,48,Field Officer,SYNTHETIC_PROTOTYPE
PR-0950-3,MPLADS-SYN-0950,2026-11-27,74,76,Field Officer,SYNTHETIC_PROTOTYPE
PR-0951-1,MPLADS-SYN-0951,2026-09-23,25,21,District Authority,SYNTHETIC_PROTOTYPE
PR-0951-2,MPLADS-SYN-0951,2026-12-02,47,46,District Authority,SYNTHETIC_PROTOTYPE
PR-0951-3,MPLADS-SYN-0951,2027-02-13,71,67,Implementing Agency,SYNTHETIC_PROTOTYPE
PR-0952-1,MPLADS-SYN-0952,2026-09-20,11,14,Implementing Agency,SYNTHETIC_PROTOTYPE
PR-0952-2,MPLADS-SYN-0952,2026-11-03,25,19,Field Officer,SYNTHETIC_PROTOTYPE
PR-0952-3,MPLADS-SYN-0952,2026-12-19,38,37,Implementing Agency,SYNTHETIC_PROTOTYPE
PR-0953-1,MPLADS-SYN-0953,2026-06-24,26,23,Field Officer,SYNTHETIC_PROTOTYPE
PR-0953-2,MPLADS-SYN-0953,2026-08-02,45,48,Implementing Agency,SYNTHETIC_PROTOTYPE
PR-0953-3,MPLADS-SYN-0953,2026-09-12,67,66,Field Officer,SYNTHETIC_PROTOTYPE
PR-0954-1,MPLADS-SYN-0954,2026-03-18,19,22,Field Officer,SYNTHETIC_PROTOTYPE
PR-0954-2,MPLADS-SYN-0954,2026-04-13,39,44,Implementing Agency,SYNTHETIC_PROTOTYPE
PR-0954-3,MPLADS-SYN-0954,2026-05-11,67,70,District Authority,SYNTHETIC_PROTOTYPE
PR-0955-1,MPLADS-SYN-0955,2026-08-19,26,24,Field Officer,SYNTHETIC_PROTOTYPE
PR-0955-2,MPLADS-SYN-0955,2026-09-28,46,49,Field Officer,SYNTHETIC_PROTOTYPE
PR-0955-3,MPLADS-SYN-0955,2026-11-08,76,75,Field Officer,SYNTHETIC_PROTOTYPE
PR-0956-1,MPLADS-SYN-0956,2026-10-03,20,14,Field Officer,SYNTHETIC_PROTOTYPE
PR-0956-2,MPLADS-SYN-0956,2026-11-19,36,31,Field Officer,SYNTHETIC_PROTOTYPE
PR-0956-3,MPLADS-SYN-0956,2027-01-07,49,48,Implementing Agency,SYNTHETIC_PROTOTYPE
PR-0957-1,MPLADS-SYN-0957,2026-09-13,19,15,Field Officer,SYNTHETIC_PROTOTYPE
PR-0957-2,MPLADS-SYN-0957,2026-10-05,38,34,Field Officer,SYNTHETIC_PROTOTYPE
PR-0957-3,MPLADS-SYN-0957,2026-10-29,58,49,District Authority,SYNTHETIC_PROTOTYPE
PR-0958-1,MPLADS-SYN-0958,2026-09-04,23,23,District Authority,SYNTHETIC_PROTOTYPE
PR-0958-2,MPLADS-SYN-0958,2026-10-09,43,50,District Authority,SYNTHETIC_PROTOTYPE
PR-0958-3,MPLADS-SYN-0958,2026-11-15,68,81,Implementing Agency,SYNTHETIC_PROTOTYPE
PR-0959-1,MPLADS-SYN-0959,2026-05-11,17,27,District Authority,SYNTHETIC_PROTOTYPE
PR-0959-2,MPLADS-SYN-0959,2026-07-15,32,54,District Authority,SYNTHETIC_PROTOTYPE
PR-0959-3,MPLADS-SYN-0959,2026-09-20,47,77,District Authority,SYNTHETIC_PROTOTYPE
PR-0960-1,MPLADS-SYN-0960,2026-10-08,10,15,Field Officer,SYNTHETIC_PROTOTYPE
PR-0960-2,MPLADS-SYN-0960,2026-11-22,28,31,District Authority,SYNTHETIC_PROTOTYPE
PR-0960-3,MPLADS-SYN-0960,2027-01-08,39,44,Field Officer,SYNTHETIC_PROTOTYPE
PR-0961-1,MPLADS-SYN-0961,2026-08-27,7,30,Field Officer,SYNTHETIC_PROTOTYPE
PR-0961-2,MPLADS-SYN-0961,2026-11-10,10,65,District Authority,SYNTHETIC_PROTOTYPE
PR-0961-3,MPLADS-SYN-0961,2027-01-26,20,94,Implementing Agency,SYNTHETIC_PROTOTYPE
PR-0962-1,MPLADS-SYN-0962,2026-09-26,23,20,Implementing Agency,SYNTHETIC_PROTOTYPE
PR-0962-2,MPLADS-SYN-0962,2026-12-08,35,37,Implementing Agency,SYNTHETIC_PROTOTYPE
PR-0962-3,MPLADS-SYN-0962,2027-02-22,63,49,District Authority,SYNTHETIC_PROTOTYPE
PR-0963-1,MPLADS-SYN-0963,2026-05-12,30,26,District Authority,SYNTHETIC_PROTOTYPE
PR-0963-2,MPLADS-SYN-0963,2026-06-10,55,53,Implementing Agency,SYNTHETIC_PROTOTYPE
PR-0963-3,MPLADS-SYN-0963,2026-07-10,88,75,Field Officer,SYNTHETIC_PROTOTYPE
PR-0964-1,MPLADS-SYN-0964,2026-09-05,14,14,Field Officer,SYNTHETIC_PROTOTYPE
PR-0964-2,MPLADS-SYN-0964,2026-11-19,25,33,Field Officer,SYNTHETIC_PROTOTYPE
PR-0964-3,MPLADS-SYN-0964,2027-02-05,46,56,Implementing Agency,SYNTHETIC_PROTOTYPE
PR-0965-1,MPLADS-SYN-0965,2026-06-03,22,17,Implementing Agency,SYNTHETIC_PROTOTYPE
PR-0965-2,MPLADS-SYN-0965,2026-07-07,38,34,Implementing Agency,SYNTHETIC_PROTOTYPE
PR-0965-3,MPLADS-SYN-0965,2026-08-12,54,60,District Authority,SYNTHETIC_PROTOTYPE
PR-0966-1,MPLADS-SYN-0966,2026-02-28,20,18,Implementing Agency,SYNTHETIC_PROTOTYPE
PR-0966-2,MPLADS-SYN-0966,2026-04-12,40,36,District Authority,SYNTHETIC_PROTOTYPE
PR-0966-3,MPLADS-SYN-0966,2026-05-27,69,54,Field Officer,SYNTHETIC_PROTOTYPE
PR-0967-1,MPLADS-SYN-0967,2026-11-08,9,14,District Authority,SYNTHETIC_PROTOTYPE
PR-0967-2,MPLADS-SYN-0967,2027-01-26,28,32,Field Officer,SYNTHETIC_PROTOTYPE
PR-0967-3,MPLADS-SYN-0967,2027-04-18,41,45,Field Officer,SYNTHETIC_PROTOTYPE
PR-0968-1,MPLADS-SYN-0968,2026-04-08,11,13,District Authority,SYNTHETIC_PROTOTYPE
PR-0968-2,MPLADS-SYN-0968,2026-05-25,25,32,Implementing Agency,SYNTHETIC_PROTOTYPE
PR-0968-3,MPLADS-SYN-0968,2026-07-12,38,42,Field Officer,SYNTHETIC_PROTOTYPE
PR-0969-1,MPLADS-SYN-0969,2026-06-13,30,36,Field Officer,SYNTHETIC_PROTOTYPE
PR-0969-2,MPLADS-SYN-0969,2026-08-04,59,64,District Authority,SYNTHETIC_PROTOTYPE
PR-0969-3,MPLADS-SYN-0969,2026-09-27,90,100,Field Officer,SYNTHETIC_PROTOTYPE
PR-0970-1,MPLADS-SYN-0970,2026-04-10,18,14,Field Officer,SYNTHETIC_PROTOTYPE
PR-0970-2,MPLADS-SYN-0970,2026-06-16,33,38,Field Officer,SYNTHETIC_PROTOTYPE
PR-0970-3,MPLADS-SYN-0970,2026-08-25,50,57,Field Officer,SYNTHETIC_PROTOTYPE
PR-0971-1,MPLADS-SYN-0971,2026-05-03,21,25,Implementing Agency,SYNTHETIC_PROTOTYPE
PR-0971-2,MPLADS-SYN-0971,2026-06-16,51,51,Field Officer,SYNTHETIC_PROTOTYPE
PR-0971-3,MPLADS-SYN-0971,2026-07-31,71,81,Implementing Agency,SYNTHETIC_PROTOTYPE
PR-0972-1,MPLADS-SYN-0972,2026-04-23,12,11,Implementing Agency,SYNTHETIC_PROTOTYPE
PR-0972-2,MPLADS-SYN-0972,2026-06-27,27,21,Field Officer,SYNTHETIC_PROTOTYPE
PR-0972-3,MPLADS-SYN-0972,2026-09-02,42,28,District Authority,SYNTHETIC_PROTOTYPE
PR-0973-1,MPLADS-SYN-0973,2026-05-07,13,5,Implementing Agency,SYNTHETIC_PROTOTYPE
PR-0973-2,MPLADS-SYN-0973,2026-06-05,22,18,District Authority,SYNTHETIC_PROTOTYPE
PR-0973-3,MPLADS-SYN-0973,2026-07-05,34,25,District Authority,SYNTHETIC_PROTOTYPE
PR-0974-1,MPLADS-SYN-0974,2026-03-14,22,16,Field Officer,SYNTHETIC_PROTOTYPE
PR-0974-2,MPLADS-SYN-0974,2026-04-10,39,36,Implementing Agency,SYNTHETIC_PROTOTYPE
PR-0974-3,MPLADS-SYN-0974,2026-05-08,65,64,District Authority,SYNTHETIC_PROTOTYPE
PR-0975-1,MPLADS-SYN-0975,2026-03-08,18,15,Implementing Agency,SYNTHETIC_PROTOTYPE
PR-0975-2,MPLADS-SYN-0975,2026-05-02,31,27,District Authority,SYNTHETIC_PROTOTYPE
PR-0975-3,MPLADS-SYN-0975,2026-06-28,50,45,District Authority,SYNTHETIC_PROTOTYPE
PR-0976-1,MPLADS-SYN-0976,2026-03-12,18,21,District Authority,SYNTHETIC_PROTOTYPE
PR-0976-2,MPLADS-SYN-0976,2026-04-10,37,41,Implementing Agency,SYNTHETIC_PROTOTYPE
PR-0976-3,MPLADS-SYN-0976,2026-05-11,52,68,Implementing Agency,SYNTHETIC_PROTOTYPE
PR-0977-1,MPLADS-SYN-0977,2026-04-22,19,11,Implementing Agency,SYNTHETIC_PROTOTYPE
PR-0977-2,MPLADS-SYN-0977,2026-07-06,31,28,District Authority,SYNTHETIC_PROTOTYPE
PR-0977-3,MPLADS-SYN-0977,2026-09-21,51,42,District Authority,SYNTHETIC_PROTOTYPE
PR-0978-1,MPLADS-SYN-0978,2026-03-16,7,17,Implementing Agency,SYNTHETIC_PROTOTYPE
PR-0978-2,MPLADS-SYN-0978,2026-04-26,21,36,Implementing Agency,SYNTHETIC_PROTOTYPE
PR-0978-3,MPLADS-SYN-0978,2026-06-08,26,52,District Authority,SYNTHETIC_PROTOTYPE
PR-0979-1,MPLADS-SYN-0979,2026-08-03,25,23,Field Officer,SYNTHETIC_PROTOTYPE
PR-0979-2,MPLADS-SYN-0979,2026-09-16,54,45,Field Officer,SYNTHETIC_PROTOTYPE
PR-0979-3,MPLADS-SYN-0979,2026-11-01,76,67,District Authority,SYNTHETIC_PROTOTYPE
PR-0980-1,MPLADS-SYN-0980,2026-05-20,20,22,Field Officer,SYNTHETIC_PROTOTYPE
PR-0980-2,MPLADS-SYN-0980,2026-07-01,50,55,District Authority,SYNTHETIC_PROTOTYPE
PR-0980-3,MPLADS-SYN-0980,2026-08-14,71,79,Implementing Agency,SYNTHETIC_PROTOTYPE
PR-0981-1,MPLADS-SYN-0981,2026-09-07,20,21,District Authority,SYNTHETIC_PROTOTYPE
PR-0981-2,MPLADS-SYN-0981,2026-11-21,48,34,District Authority,SYNTHETIC_PROTOTYPE
PR-0981-3,MPLADS-SYN-0981,2027-02-07,66,57,District Authority,SYNTHETIC_PROTOTYPE
PR-0982-1,MPLADS-SYN-0982,2026-03-22,0,10,Field Officer,SYNTHETIC_PROTOTYPE
PR-0982-2,MPLADS-SYN-0982,2026-05-26,7,13,Field Officer,SYNTHETIC_PROTOTYPE
PR-0982-3,MPLADS-SYN-0982,2026-08-01,8,21,Implementing Agency,SYNTHETIC_PROTOTYPE
PR-0983-1,MPLADS-SYN-0983,2026-09-07,16,13,Implementing Agency,SYNTHETIC_PROTOTYPE
PR-0983-2,MPLADS-SYN-0983,2026-10-09,33,28,Implementing Agency,SYNTHETIC_PROTOTYPE
PR-0983-3,MPLADS-SYN-0983,2026-11-11,54,45,District Authority,SYNTHETIC_PROTOTYPE
PR-0984-1,MPLADS-SYN-0984,2026-05-27,23,16,Implementing Agency,SYNTHETIC_PROTOTYPE
PR-0984-2,MPLADS-SYN-0984,2026-07-11,40,35,Implementing Agency,SYNTHETIC_PROTOTYPE
PR-0984-3,MPLADS-SYN-0984,2026-08-26,65,55,Implementing Agency,SYNTHETIC_PROTOTYPE
PR-0985-1,MPLADS-SYN-0985,2026-04-23,31,23,Field Officer,SYNTHETIC_PROTOTYPE
PR-0985-2,MPLADS-SYN-0985,2026-05-23,56,53,Field Officer,SYNTHETIC_PROTOTYPE
PR-0985-3,MPLADS-SYN-0985,2026-06-24,82,81,District Authority,SYNTHETIC_PROTOTYPE
PR-0986-1,MPLADS-SYN-0986,2026-03-30,31,36,Field Officer,SYNTHETIC_PROTOTYPE
PR-0986-2,MPLADS-SYN-0986,2026-06-08,61,68,Implementing Agency,SYNTHETIC_PROTOTYPE
PR-0986-3,MPLADS-SYN-0986,2026-08-20,93,100,Field Officer,SYNTHETIC_PROTOTYPE
PR-0987-1,MPLADS-SYN-0987,2026-08-24,30,22,Field Officer,SYNTHETIC_PROTOTYPE
PR-0987-2,MPLADS-SYN-0987,2026-11-07,52,52,District Authority,SYNTHETIC_PROTOTYPE
PR-0987-3,MPLADS-SYN-0987,2027-01-23,77,72,Field Officer,SYNTHETIC_PROTOTYPE
PR-0988-1,MPLADS-SYN-0988,2026-10-15,15,13,Implementing Agency,SYNTHETIC_PROTOTYPE
PR-0988-2,MPLADS-SYN-0988,2026-12-28,28,33,Field Officer,SYNTHETIC_PROTOTYPE
PR-0988-3,MPLADS-SYN-0988,2027-03-15,40,45,Field Officer,SYNTHETIC_PROTOTYPE
PR-0989-1,MPLADS-SYN-0989,2026-03-22,16,14,Implementing Agency,SYNTHETIC_PROTOTYPE
PR-0989-2,MPLADS-SYN-0989,2026-04-12,27,30,Field Officer,SYNTHETIC_PROTOTYPE
PR-0989-3,MPLADS-SYN-0989,2026-05-04,41,46,Implementing Agency,SYNTHETIC_PROTOTYPE
PR-0990-1,MPLADS-SYN-0990,2026-08-28,7,28,Implementing Agency,SYNTHETIC_PROTOTYPE
PR-0990-2,MPLADS-SYN-0990,2026-09-19,17,52,Field Officer,SYNTHETIC_PROTOTYPE
PR-0990-3,MPLADS-SYN-0990,2026-10-13,23,88,Field Officer,SYNTHETIC_PROTOTYPE
PR-0991-1,MPLADS-SYN-0991,2026-03-31,21,26,District Authority,SYNTHETIC_PROTOTYPE
PR-0991-2,MPLADS-SYN-0991,2026-04-29,45,55,Implementing Agency,SYNTHETIC_PROTOTYPE
PR-0991-3,MPLADS-SYN-0991,2026-05-30,74,88,Implementing Agency,SYNTHETIC_PROTOTYPE
PR-0992-1,MPLADS-SYN-0992,2026-05-02,16,14,Implementing Agency,SYNTHETIC_PROTOTYPE
PR-0992-2,MPLADS-SYN-0992,2026-06-24,35,31,Implementing Agency,SYNTHETIC_PROTOTYPE
PR-0992-3,MPLADS-SYN-0992,2026-08-18,44,55,District Authority,SYNTHETIC_PROTOTYPE
PR-0993-1,MPLADS-SYN-0993,2026-07-15,5,29,Field Officer,SYNTHETIC_PROTOTYPE
PR-0993-2,MPLADS-SYN-0993,2026-09-13,12,59,Field Officer,SYNTHETIC_PROTOTYPE
PR-0993-3,MPLADS-SYN-0993,2026-11-15,24,97,District Authority,SYNTHETIC_PROTOTYPE
PR-0994-1,MPLADS-SYN-0994,2026-03-14,5,18,Field Officer,SYNTHETIC_PROTOTYPE
PR-0994-2,MPLADS-SYN-0994,2026-04-23,15,27,Field Officer,SYNTHETIC_PROTOTYPE
PR-0994-3,MPLADS-SYN-0994,2026-06-04,22,46,Field Officer,SYNTHETIC_PROTOTYPE
PR-0995-1,MPLADS-SYN-0995,2026-02-20,26,27,District Authority,SYNTHETIC_PROTOTYPE
PR-0995-2,MPLADS-SYN-0995,2026-04-02,48,50,District Authority,SYNTHETIC_PROTOTYPE
PR-0995-3,MPLADS-SYN-0995,2026-05-14,71,75,Field Officer,SYNTHETIC_PROTOTYPE
PR-0996-1,MPLADS-SYN-0996,2026-08-16,25,29,District Authority,SYNTHETIC_PROTOTYPE
PR-0996-2,MPLADS-SYN-0996,2026-10-11,53,49,District Authority,SYNTHETIC_PROTOTYPE
PR-0996-3,MPLADS-SYN-0996,2026-12-09,73,81,District Authority,SYNTHETIC_PROTOTYPE
PR-0997-1,MPLADS-SYN-0997,2026-10-28,11,12,Implementing Agency,SYNTHETIC_PROTOTYPE
PR-0997-2,MPLADS-SYN-0997,2027-01-13,26,26,Implementing Agency,SYNTHETIC_PROTOTYPE
PR-0997-3,MPLADS-SYN-0997,2027-04-02,49,39,Implementing Agency,SYNTHETIC_PROTOTYPE
PR-0998-1,MPLADS-SYN-0998,2026-05-22,29,34,Implementing Agency,SYNTHETIC_PROTOTYPE
PR-0998-2,MPLADS-SYN-0998,2026-07-20,56,69,Field Officer,SYNTHETIC_PROTOTYPE
PR-0998-3,MPLADS-SYN-0998,2026-09-19,94,97,District Authority,SYNTHETIC_PROTOTYPE
PR-0999-1,MPLADS-SYN-0999,2026-02-25,17,27,Field Officer,SYNTHETIC_PROTOTYPE
PR-0999-2,MPLADS-SYN-0999,2026-04-18,38,44,Field Officer,SYNTHETIC_PROTOTYPE
PR-0999-3,MPLADS-SYN-0999,2026-06-12,62,73,Implementing Agency,SYNTHETIC_PROTOTYPE
PR-1000-1,MPLADS-SYN-1000,2026-08-01,25,18,Implementing Agency,SYNTHETIC_PROTOTYPE
PR-1000-2,MPLADS-SYN-1000,2026-08-24,46,39,Implementing Agency,SYNTHETIC_PROTOTYPE
PR-1000-3,MPLADS-SYN-1000,2026-09-17,72,62,District Authority,SYNTHETIC_PROTOTYPE
