project_id,state,district,constituency,work_type,work_description,sanction_amount,estimated_cost,expenditure,start_date,expected_completion,actual_completion_date,physical_progress,financial_progress,implementing_agency,contractor_agency,latitude,longitude,status,terrain,data_source
MPLADS-SYN-0001,Gujarat,Ahmedabad,Ahmedabad,Street Lighting,Street Lighting development work in Ahmedabad,810000,820000,555673,2026-02-22,2026-09-09,,67,76,Public Works Department,ABC Infrastructure Pvt Ltd,16.649397,72.491654,Ongoing,Semi-urban,SYNTHETIC_PROTOTYPE
MPLADS-SYN-0002,Rajasthan,Jaipur,Jaipur,Road,Road development work in Jaipur,2150000,2190000,1849000,2026-05-03,2026-08-30,,25,86,Zilla Parishad,District Works Cooperative,15.792588,79.48127,Under Review,Hilly,SYNTHETIC_PROTOTYPE
MPLADS-SYN-0003,Uttar Pradesh,Varanasi,Varanasi,Drinking Water,Drinking Water development work in Varanasi,650000,650000,396506,2026-02-25,2026-05-08,,73,65,Zilla Parishad,District Works Cooperative,11.133247,74.639703,Ongoing,Rural,SYNTHETIC_PROTOTYPE
MPLADS-SYN-0004,Maharashtra,Solapur,Solapur,Drainage,Drainage development work in Solapur,1600000,1650000,925956,2026-06-10,2026-10-09,,66,58,Municipal Council,ABC Infrastructure Pvt Ltd,25.999197,87.624666,Ongoing,Semi-urban,SYNTHETIC_PROTOTYPE
MPLADS-SYN-0005,Maharashtra,Aurangabad,Aurangabad,School Building,School Building development work in Aurangabad,1190000,1160000,702100,2026-02-17,2026-06-17,,41,59,District Health Office,Maharashtra Works Agency,17.950997,80.89736,Delayed,Rural,SYNTHETIC_PROTOTYPE
MPLADS-SYN-0006,Maharashtra,Pune,Pune,Drinking Water,Drinking Water development work in Pune,720000,720000,594998,2026-08-07,2027-01-16,,85,89,Municipal Council,ABC Infrastructure Pvt Ltd,15.768949,88.257596,Ongoing,Rural,SYNTHETIC_PROTOTYPE
MPLADS-SYN-0007,Gujarat,Rajkot,Rajkot,Solar Lighting,Solar Lighting development work in Rajkot,1690000,1690000,913171,2026-05-07,2026-12-24,,54,58,Municipal Corporation,National Infra Services,12.893062,78.530466,Ongoing,Plain,SYNTHETIC_PROTOTYPE
MPLADS-SYN-0008,Gujarat,Surat,Surat,Street Lighting,Street Lighting development work in Surat,500000,490000,270423,2026-03-09,2026-07-19,,51,57,Municipal Council,Om Civil Works,22.71105,75.359356,Ongoing,Plain,SYNTHETIC_PROTOTYPE
MPLADS-SYN-0009,Rajasthan,Jaipur,Jaipur,Drainage,Drainage development work in Jaipur,2400000,2390000,1123553,2026-07-20,2026-10-27,,61,51,Education Department,Shree Buildcon,11.331286,85.198136,Ongoing,Hilly,SYNTHETIC_PROTOTYPE
MPLADS-SYN-0010,Tamil Nadu,Chennai,Chennai,School Building,School Building development work in Chennai,2290000,2330000,1289525,2026-05-02,2026-07-28,,67,60,Rural Development Agency,Om Civil Works,15.086586,84.976065,Ongoing,Semi-urban,SYNTHETIC_PROTOTYPE
MPLADS-SYN-0011,Maharashtra,Dhule,Dhule,Street Lighting,Street Lighting development work in Dhule,730000,730000,299300,2026-06-15,2026-12-05,,70,41,District Health Office,Sai Construction,12.380879,79.807572,Under Review,Plain,SYNTHETIC_PROTOTYPE
MPLADS-SYN-0012,Gujarat,Rajkot,Rajkot,Community Hall,Community Hall development work in Rajkot,3200000,3170000,2848000,2026-06-25,2026-12-15,,50,89,Education Department,Om Civil Works,22.745116,80.32884,Under Review,Semi-urban,SYNTHETIC_PROTOTYPE
MPLADS-SYN-0013,Uttar Pradesh,Prayagraj,Prayagraj,Road,Road development work in Prayagraj,2880000,2910000,1277234,2026-07-14,2027-01-27,,49,47,District Health Office,National Infra Services,19.195712,81.953668,Ongoing,Plain,SYNTHETIC_PROTOTYPE
MPLADS-SYN-0014,Maharashtra,Thane,Thane,Road,Road development work in Thane,2900000,2930000,2291000,2026-02-25,2026-10-09,,54,79,Education Department,ABC Infrastructure Pvt Ltd,8.636115,76.080175,Under Review,Semi-urban,SYNTHETIC_PROTOTYPE
MPLADS-SYN-0015,Gujarat,Kutch,Kutch,Road,Road development work in Kutch,1380000,1380000,837717,2026-06-03,2026-12-09,,62,63,Municipal Corporation,National Infra Services,8.259369,78.930969,Ongoing,Rural,SYNTHETIC_PROTOTYPE
MPLADS-SYN-0016,Karnataka,Hubballi,Hubballi,Road,Road development work in Hubballi,1870000,1820000,1281894,2026-02-08,2026-07-22,,66,70,Public Works Department,Sai Construction,23.542375,83.395054,Ongoing,Plain,SYNTHETIC_PROTOTYPE
MPLADS-SYN-0017,Karnataka,Bengaluru Urban,Bengaluru,Drinking Water,Drinking Water development work in Bengaluru Urban,1030000,1050000,665756,2026-03-10,2026-05-12,,53,65,Public Works Department,National Infra Services,10.594951,72.751009,Ongoing,Rural,SYNTHETIC_PROTOTYPE
MPLADS-SYN-0018,Karnataka,Bengaluru Urban,Bengaluru,Drinking Water,Drinking Water development work in Bengaluru Urban,600000,600000,366798,2026-07-20,2027-02-17,,63,62,Public Works Department,District Works Cooperative,12.626586,80.622447,Ongoing,Rural,SYNTHETIC_PROTOTYPE
MPLADS-SYN-0019,Bihar,Patna,Patna,Drinking Water,Drinking Water development work in Patna,990000,970000,752400,2026-04-14,2026-07-12,,19,76,Municipal Council,Om Civil Works,21.276512,86.988789,Under Review,Semi-urban,SYNTHETIC_PROTOTYPE
MPLADS-SYN-0020,Madhya Pradesh,Jabalpur,Jabalpur,Health Facility,Health Facility development work in Jabalpur,4350000,4350000,3690463,2026-07-25,2027-02-10,,84,86,Rural Development Agency,ABC Infrastructure Pvt Ltd,9.805226,76.164581,Ongoing,Plain,SYNTHETIC_PROTOTYPE
MPLADS-SYN-0021,Madhya Pradesh,Ujjain,Ujjain,Street Lighting,Street Lighting development work in Ujjain,1520000,1500000,562400,2026-07-16,2027-01-12,,52,37,Rural Development Agency,Shree Buildcon,19.300934,78.329169,Under Review,Plain,SYNTHETIC_PROTOTYPE
MPLADS-SYN-0022,Tamil Nadu,Chennai,Chennai,Library,Library development work in Chennai,550000,550000,269932,2026-08-01,2026-11-05,,51,51,Education Department,Sai Construction,21.423017,74.54696,Ongoing,Rural,SYNTHETIC_PROTOTYPE
MPLADS-SYN-0023,Maharashtra,Jalgaon,Jalgaon,Road,Road development work in Jalgaon,1240000,1250000,599752,2026-07-05,2026-11-04,,40,49,Rural Development Agency,Om Civil Works,19.601525,85.076571,Ongoing,Semi-urban,SYNTHETIC_PROTOTYPE
MPLADS-SYN-0024,Karnataka,Bengaluru Urban,Bengaluru,Health Facility,Health Facility development work in Bengaluru Urban,2140000,2200000,856000,2026-01-20,2026-07-26,,19,40,Municipal Corporation,District Works Cooperative,23.90269,75.796953,Delayed,Semi-urban,SYNTHETIC_PROTOTYPE
MPLADS-SYN-0025,Uttar Pradesh,Agra,Agra,Drainage,Drainage development work in Agra,640000,630000,438963,2026-01-09,2026-07-25,,59,69,Rural Development Agency,ABC Infrastructure Pvt Ltd,15.556006,84.358691,Ongoing,Plain,SYNTHETIC_PROTOTYPE
MPLADS-SYN-0026,Uttar Pradesh,Lucknow,Lucknow,Library,Library development work in Lucknow,1380000,1340000,1324800,2026-05-02,2026-12-24,,21,96,Municipal Council,Maharashtra Works Agency,17.089353,87.68416,Under Review,Hilly,SYNTHETIC_PROTOTYPE
MPLADS-SYN-0027,Madhya Pradesh,Indore,Indore,Sports Facility,Sports Facility development work in Indore,960000,940000,275737,2026-02-22,2026-04-29,,36,31,Zilla Parishad,Shree Buildcon,15.343967,85.00912,Ongoing,Semi-urban,SYNTHETIC_PROTOTYPE
MPLADS-SYN-0028,Bihar,Patna,Patna,School Building,School Building development work in Patna,2660000,2640000,1953229,2026-02-05,2026-06-15,,73,79,District Health Office,Om Civil Works,19.999976,83.750521,Ongoing,Rural,SYNTHETIC_PROTOTYPE
MPLADS-SYN-0029,Gujarat,Rajkot,Rajkot,Drainage,Drainage development work in Rajkot,2160000,2100000,1126484,2026-07-24,2026-10-05,,44,55,Public Works Department,Maharashtra Works Agency,14.405202,73.709409,Ongoing,Plain,SYNTHETIC_PROTOTYPE
MPLADS-SYN-0030,Uttar Pradesh,Lucknow,Lucknow,Community Hall,Community Hall development work in Lucknow,930000,950000,892448,2026-04-13,2026-09-27,2026-09-30,95,100,Municipal Corporation,Sai Construction,11.22689,77.142017,Completed,Semi-urban,SYNTHETIC_PROTOTYPE
MPLADS-SYN-0031,Karnataka,Belagavi,Belagavi,School Building,School Building development work in Belagavi,1030000,1030000,793100,2026-07-06,2026-10-07,,37,77,Public Works Department,Sai Construction,22.425261,80.254329,Under Review,Rural,SYNTHETIC_PROTOTYPE
MPLADS-SYN-0032,Tamil Nadu,Madurai,Madurai,Community Hall,Community Hall development work in Madurai,1950000,2000000,1740271,2026-05-07,2026-08-19,,84,94,Municipal Council,Om Civil Works,23.584414,82.815899,Ongoing,Rural,SYNTHETIC_PROTOTYPE
MPLADS-SYN-0033,Maharashtra,Palghar,Palghar,Solar Lighting,Solar Lighting development work in Palghar,720000,730000,492715,2026-08-17,2026-11-23,,80,72,Rural Development Agency,ABC Infrastructure Pvt Ltd,10.121788,86.835593,Ongoing,Semi-urban,SYNTHETIC_PROTOTYPE
MPLADS-SYN-0034,Madhya Pradesh,Jabalpur,Jabalpur,School Building,School Building development work in Jabalpur,4020000,3980000,2733600,2026-06-10,2027-01-23,,39,68,District Health Office,National Infra Services,16.035139,81.81818,Under Review,Hilly,SYNTHETIC_PROTOTYPE
MPLADS-SYN-0035,Madhya Pradesh,Ujjain,Ujjain,Road,Road development work in Ujjain,1540000,1550000,899875,2026-04-15,2026-11-17,,54,59,Education Department,Maharashtra Works Agency,23.344999,79.407311,Ongoing,Semi-urban,SYNTHETIC_PROTOTYPE
MPLADS-SYN-0036,Madhya Pradesh,Ujjain,Ujjain,School Building,School Building development work in Ujjain,2170000,2130000,954800,2026-06-01,2026-11-14,,43,44,Rural Development Agency,ABC Infrastructure Pvt Ltd,18.291146,75.890338,Under Review,Plain,SYNTHETIC_PROTOTYPE
MPLADS-SYN-0037,Bihar,Darbhanga,Darbhanga,Sports Facility,Sports Facility development work in Darbhanga,340000,340000,187370,2026-04-23,2026-07-28,,46,57,Rural Development Agency,Maharashtra Works Agency,8.032069,77.821465,Ongoing,Hilly,SYNTHETIC_PROTOTYPE
MPLADS-SYN-0038,Tamil Nadu,Coimbatore,Coimbatore,Road,Road development work in Coimbatore,1400000,1400000,1062749,2026-03-25,2026-11-15,,80,84,District Health Office,Sai Construction,17.809889,75.007587,Ongoing,Semi-urban,SYNTHETIC_PROTOTYPE
MPLADS-SYN-0039,Bihar,Muzaffarpur,Muzaffarpur,Sports Facility,Sports Facility development work in Muzaffarpur,1000000,980000,613512,2026-07-03,2026-12-20,,55,66,Education Department,Om Civil Works,11.699358,76.847146,Ongoing,Rural,SYNTHETIC_PROTOTYPE
MPLADS-SYN-0040,Uttar Pradesh,Varanasi,Varanasi,Street Lighting,Street Lighting development work in Varanasi,850000,830000,505847,2026-01-24,2026-05-11,,51,63,Public Works Department,Sai Construction,15.933241,81.2676,Ongoing,Hilly,SYNTHETIC_PROTOTYPE
MPLADS-SYN-0041,Tamil Nadu,Salem,Salem,Sports Facility,Sports Facility development work in Salem,630000,630000,270900,2026-02-03,2026-06-22,,41,43,District Health Office,Sai Construction,22.736828,80.673978,Delayed,Semi-urban,SYNTHETIC_PROTOTYPE
MPLADS-SYN-0042,Gujarat,Kutch,Kutch,Community Hall,Community Hall development work in Kutch,3930000,3830000,903900,2026-03-06,2026-10-20,,22,23,District Health Office,Om Civil Works,26.491018,77.570723,Under Review,Plain,SYNTHETIC_PROTOTYPE
MPLADS-SYN-0043,Tamil Nadu,Tiruchirappalli,Tiruchirappalli,Sports Facility,Sports Facility development work in Tiruchirappalli,560000,570000,408800,2026-08-04,2026-12-10,,75,73,Municipal Council,Sai Construction,10.887992,72.834987,Under Review,Semi-urban,SYNTHETIC_PROTOTYPE
MPLADS-SYN-0044,Rajasthan,Kota,Kota,Sports Facility,Sports Facility development work in Kota,1000000,1030000,403047,2026-08-25,2027-03-13,,41,43,Education Department,Maharashtra Works Agency,28.276359,83.226578,Ongoing,Hilly,SYNTHETIC_PROTOTYPE
MPLADS-SYN-0045,Karnataka,Hubballi,Hubballi,Drainage,Drainage development work in Hubballi,1720000,1690000,1104635,2026-08-23,2027-03-15,,61,69,Rural Development Agency,Maharashtra Works Agency,24.722851,78.077904,Ongoing,Plain,SYNTHETIC_PROTOTYPE
MPLADS-SYN-0046,Bihar,Darbhanga,Darbhanga,Health Facility,Health Facility development work in Darbhanga,2470000,2400000,2242531,2026-08-18,2027-01-12,,86,98,Municipal Corporation,Om Civil Works,21.855306,86.316298,Ongoing,Rural,SYNTHETIC_PROTOTYPE
MPLADS-SYN-0047,Gujarat,Vadodara,Vadodara,Library,Library development work in Vadodara,960000,950000,612220,2026-04-07,2026-10-21,,72,69,Public Works Department,Maharashtra Works Agency,22.271512,74.265004,Ongoing,Semi-urban,SYNTHETIC_PROTOTYPE
MPLADS-SYN-0048,Maharashtra,Ahmednagar,Ahmednagar,Health Facility,Health Facility development work in Ahmednagar,1740000,1700000,1461600,2026-01-13,2026-07-18,,15,84,District Health Office,Shree Buildcon,27.723693,87.279655,Under Review,Plain,SYNTHETIC_PROTOTYPE
MPLADS-SYN-0049,Maharashtra,Dhule,Dhule,Health Facility,Health Facility development work in Dhule,1990000,2000000,788794,2026-05-11,2026-09-25,,50,41,District Health Office,Om Civil Works,19.743986,76.315627,Ongoing,Rural,SYNTHETIC_PROTOTYPE
MPLADS-SYN-0050,Maharashtra,Thane,Thane,Sports Facility,Sports Facility development work in Thane,810000,810000,465049,2026-03-06,2026-07-27,,66,58,Public Works Department,District Works Cooperative,17.057731,83.224871,Ongoing,Rural,SYNTHETIC_PROTOTYPE
MPLADS-SYN-0051,Uttar Pradesh,Varanasi,Varanasi,Health Facility,Health Facility development work in Varanasi,3160000,3090000,2528000,2026-07-13,2026-10-01,,22,80,District Health Office,National Infra Services,25.928351,74.194332,Under Review,Rural,SYNTHETIC_PROTOTYPE
MPLADS-SYN-0052,Maharashtra,Ahmednagar,Ahmednagar,Sports Facility,Sports Facility development work in Ahmednagar,1020000,1040000,836400,2026-06-19,2027-01-18,,48,82,District Health Office,District Works Cooperative,24.776841,75.908917,Under Review,Rural,SYNTHETIC_PROTOTYPE
MPLADS-SYN-0053,Maharashtra,Thane,Thane,Health Facility,Health Facility development work in Thane,2940000,2930000,1401738,2026-03-13,2026-07-13,,58,50,Municipal Council,Maharashtra Works Agency,14.770391,73.304662,Ongoing,Semi-urban,SYNTHETIC_PROTOTYPE
MPLADS-SYN-0054,Rajasthan,Ajmer,Ajmer,Drainage,Drainage development work in Ajmer,2350000,2380000,1055232,2026-08-18,2027-04-01,,41,46,Municipal Corporation,Maharashtra Works Agency,13.362013,80.461473,Ongoing,Hilly,SYNTHETIC_PROTOTYPE
MPLADS-SYN-0055,Tamil Nadu,Coimbatore,Coimbatore,Community Hall,Community Hall development work in Coimbatore,3590000,3590000,1246536,2026-01-17,2026-03-26,,35,38,Education Department,District Works Cooperative,9.523773,85.496933,Ongoing,Semi-urban,SYNTHETIC_PROTOTYPE
MPLADS-SYN-0056,Karnataka,Belagavi,Belagavi,Street Lighting,Street Lighting development work in Belagavi,1180000,1210000,908600,2026-07-15,2027-02-04,,17,77,District Health Office,Shree Buildcon,12.630074,83.286687,Under Review,Rural,SYNTHETIC_PROTOTYPE
MPLADS-SYN-0057,Uttar Pradesh,Agra,Agra,Drainage,Drainage development work in Agra,1400000,1380000,1046146,2026-03-23,2026-06-11,,88,80,District Health Office,Om Civil Works,27.973628,72.885991,Ongoing,Rural,SYNTHETIC_PROTOTYPE
MPLADS-SYN-0058,Uttar Pradesh,Prayagraj,Prayagraj,Sports Facility,Sports Facility development work in Prayagraj,1720000,1720000,783116,2026-02-01,2026-04-24,,59,49,Public Works Department,Maharashtra Works Agency,9.907817,81.867723,Ongoing,Rural,SYNTHETIC_PROTOTYPE
MPLADS-SYN-0059,Uttar Pradesh,Varanasi,Varanasi,Solar Lighting,Solar Lighting development work in Varanasi,1240000,1220000,643031,2026-06-15,2026-11-07,,54,54,Education Department,Sai Construction,24.882472,82.742108,Ongoing,Semi-urban,SYNTHETIC_PROTOTYPE
MPLADS-SYN-0060,Uttar Pradesh,Prayagraj,Prayagraj,School Building,School Building development work in Prayagraj,3390000,3290000,1249764,2026-08-19,2027-01-28,,37,38,Public Works Department,Om Civil Works,26.931663,86.348956,Ongoing,Plain,SYNTHETIC_PROTOTYPE
MPLADS-SYN-0061,Tamil Nadu,Madurai,Madurai,Drainage,Drainage development work in Madurai,1590000,1560000,710156,2026-08-12,2027-02-09,,37,49,Rural Development Agency,ABC Infrastructure Pvt Ltd,22.800876,79.465379,Ongoing,Hilly,SYNTHETIC_PROTOTYPE
MPLADS-SYN-0062,Bihar,Patna,Patna,Street Lighting,Street Lighting development work in Patna,1450000,1450000,1160000,2026-06-20,2026-11-26,,54,80,Rural Development Agency,Om Civil Works,20.033597,77.740757,Under Review,Hilly,SYNTHETIC_PROTOTYPE
MPLADS-SYN-0063,Bihar,Bhagalpur,Bhagalpur,Library,Library development work in Bhagalpur,1380000,1360000,644933,2026-08-16,2026-11-26,,52,49,Public Works Department,ABC Infrastructure Pvt Ltd,8.632644,84.557434,Ongoing,Semi-urban,SYNTHETIC_PROTOTYPE
MPLADS-SYN-0064,Tamil Nadu,Tiruchirappalli,Tiruchirappalli,Health Facility,Health Facility development work in Tiruchirappalli,1650000,1640000,1210864,2026-04-07,2026-06-21,,80,79,Municipal Corporation,Om Civil Works,18.911756,81.848152,Ongoing,Hilly,SYNTHETIC_PROTOTYPE
MPLADS-SYN-0065,Gujarat,Rajkot,Rajkot,Drainage,Drainage development work in Rajkot,570000,560000,405946,2026-07-07,2026-12-23,,70,78,Municipal Council,District Works Cooperative,18.141656,77.327275,Ongoing,Rural,SYNTHETIC_PROTOTYPE
MPLADS-SYN-0066,Maharashtra,Jalgaon,Jalgaon,School Building,School Building development work in Jalgaon,3200000,3160000,2631493,2026-08-03,2026-11-29,,91,90,Zilla Parishad,Sai Construction,22.980649,73.690048,Ongoing,Semi-urban,SYNTHETIC_PROTOTYPE
MPLADS-SYN-0067,Gujarat,Surat,Surat,Sports Facility,Sports Facility development work in Surat,1840000,1830000,1335661,2026-05-25,2027-01-16,,73,79,Education Department,ABC Infrastructure Pvt Ltd,25.364935,86.451149,Ongoing,Rural,SYNTHETIC_PROTOTYPE
MPLADS-SYN-0068,Gujarat,Ahmedabad,Ahmedabad,Solar Lighting,Solar Lighting development work in Ahmedabad,410000,420000,254575,2026-04-02,2026-06-16,,61,64,Rural Development Agency,District Works Cooperative,18.385517,82.371416,Ongoing,Plain,SYNTHETIC_PROTOTYPE
MPLADS-SYN-0069,Karnataka,Mysuru,Mysuru,Drainage,Drainage development work in Mysuru,730000,720000,458752,2026-05-24,2026-08-22,,51,63,Zilla Parishad,District Works Cooperative,14.867726,79.083855,Ongoing,Plain,SYNTHETIC_PROTOTYPE
MPLADS-SYN-0070,Uttar Pradesh,Kanpur Nagar,Kanpur,Drainage,Drainage development work in Kanpur Nagar,1020000,1030000,559957,2026-06-09,2026-08-27,,49,55,Municipal Corporation,Om Civil Works,10.447719,83.109874,Ongoing,Rural,SYNTHETIC_PROTOTYPE
MPLADS-SYN-0071,Uttar Pradesh,Varanasi,Varanasi,School Building,School Building development work in Varanasi,2050000,2050000,1476000,2026-04-14,2026-10-16,,77,72,Municipal Council,ABC Infrastructure Pvt Ltd,22.588876,73.53494,Under Review,Hilly,SYNTHETIC_PROTOTYPE
MPLADS-SYN-0072,Bihar,Muzaffarpur,Muzaffarpur,Health Facility,Health Facility development work in Muzaffarpur,1410000,1410000,705000,2026-04-15,2026-08-31,,24,50,Municipal Corporation,Sai Construction,25.475885,73.491945,Delayed,Plain,SYNTHETIC_PROTOTYPE
MPLADS-SYN-0073,Bihar,Gaya,Gaya,School Building,School Building development work in Gaya,2630000,2690000,1954083,2026-08-02,2026-11-13,,78,81,Rural Development Agency,Om Civil Works,24.844551,78.517478,Ongoing,Semi-urban,SYNTHETIC_PROTOTYPE
MPLADS-SYN-0074,Tamil Nadu,Tiruchirappalli,Tiruchirappalli,Drinking Water,Drinking Water development work in Tiruchirappalli,380000,370000,171000,2026-05-02,2026-10-29,,26,45,Municipal Corporation,Om Civil Works,23.720264,88.493495,Under Review,Semi-urban,SYNTHETIC_PROTOTYPE
MPLADS-SYN-0075,Rajasthan,Jodhpur,Jodhpur,Drainage,Drainage development work in Jodhpur,2190000,2230000,1505140,2026-06-02,2026-08-06,,68,69,Public Works Department,Shree Buildcon,22.446275,74.337269,Ongoing,Hilly,SYNTHETIC_PROTOTYPE
MPLADS-SYN-0076,Rajasthan,Ajmer,Ajmer,School Building,School Building development work in Ajmer,3460000,3540000,3390800,2026-02-08,2026-07-06,,55,98,Municipal Council,Maharashtra Works Agency,21.041829,87.890814,Under Review,Hilly,SYNTHETIC_PROTOTYPE
MPLADS-SYN-0077,Maharashtra,Dhule,Dhule,Road,Road development work in Dhule,1290000,1310000,812700,2026-02-03,2026-06-30,,25,63,Rural Development Agency,Shree Buildcon,11.298542,73.23754,Under Review,Rural,SYNTHETIC_PROTOTYPE
MPLADS-SYN-0078,Madhya Pradesh,Jabalpur,Jabalpur,School Building,School Building development work in Jabalpur,3490000,3420000,1961952,2026-05-13,2026-11-09,,58,60,District Health Office,Sai Construction,13.43259,82.590795,Ongoing,Rural,SYNTHETIC_PROTOTYPE
MPLADS-SYN-0079,Rajasthan,Udaipur,Udaipur,Street Lighting,Street Lighting development work in Udaipur,400000,400000,363246,2026-01-17,2026-08-11,2026-08-21,95,99,Education Department,Om Civil Works,19.715451,88.215454,Completed,Semi-urban,SYNTHETIC_PROTOTYPE
MPLADS-SYN-0080,Uttar Pradesh,Lucknow,Lucknow,Health Facility,Health Facility development work in Lucknow,1530000,1560000,1269900,2026-02-04,2026-08-27,,41,83,Zilla Parishad,District Works Cooperative,24.107785,86.313342,Under Review,Rural,SYNTHETIC_PROTOTYPE
MPLADS-SYN-0081,Uttar Pradesh,Prayagraj,Prayagraj,Sports Facility,Sports Facility development work in Prayagraj,1270000,1250000,710689,2026-03-03,2026-07-20,,71,61,Public Works Department,National Infra Services,16.269395,84.878521,Ongoing,Semi-urban,SYNTHETIC_PROTOTYPE
MPLADS-SYN-0082,Rajasthan,Kota,Kota,Health Facility,Health Facility development work in Kota,3320000,3420000,2740935,2026-01-16,2026-04-19,,86,85,Municipal Council,National Infra Services,20.32341,72.139651,Ongoing,Hilly,SYNTHETIC_PROTOTYPE
MPLADS-SYN-0083,Uttar Pradesh,Varanasi,Varanasi,Community Hall,Community Hall development work in Varanasi,940000,930000,394800,2026-05-09,2026-10-23,,72,42,Rural Development Agency,Sai Construction,23.103008,81.619891,Under Review,Hilly,SYNTHETIC_PROTOTYPE
MPLADS-SYN-0084,Gujarat,Rajkot,Rajkot,Drinking Water,Drinking Water development work in Rajkot,1540000,1580000,862400,2026-07-17,2026-11-30,,41,56,Zilla Parishad,Sai Construction,25.852408,74.487844,Under Review,Rural,SYNTHETIC_PROTOTYPE
MPLADS-SYN-0085,Rajasthan,Kota,Kota,Road,Road development work in Kota,2750000,2780000,2172500,2026-04-01,2026-11-20,,34,79,District Health Office,ABC Infrastructure Pvt Ltd,23.038866,75.733384,Under Review,Plain,SYNTHETIC_PROTOTYPE
MPLADS-SYN-0086,Maharashtra,Solapur,Solapur,Road,Road development work in Solapur,2140000,2190000,1438082,2026-01-02,2026-08-26,,79,73,Rural Development Agency,ABC Infrastructure Pvt Ltd,17.108443,74.039319,Ongoing,Plain,SYNTHETIC_PROTOTYPE
MPLADS-SYN-0087,Madhya Pradesh,Bhopal,Bhopal,Sports Facility,Sports Facility development work in Bhopal,1610000,1570000,1271900,2026-08-11,2026-12-09,,46,79,Zilla Parishad,ABC Infrastructure Pvt Ltd,21.768479,86.963521,Under Review,Plain,SYNTHETIC_PROTOTYPE
MPLADS-SYN-0088,Tamil Nadu,Madurai,Madurai,Community Hall,Community Hall development work in Madurai,1370000,1380000,1068600,2026-08-09,2027-01-14,,25,78,Education Department,National Infra Services,17.804023,78.958707,Under Review,Semi-urban,SYNTHETIC_PROTOTYPE
MPLADS-SYN-0089,Maharashtra,Nashik,Nashik,Community Hall,Community Hall development work in Nashik,3450000,3380000,2108749,2026-08-06,2026-10-24,,67,64,Rural Development Agency,District Works Cooperative,14.572993,77.459765,Ongoing,Rural,SYNTHETIC_PROTOTYPE
MPLADS-SYN-0090,Bihar,Muzaffarpur,Muzaffarpur,Library,Library development work in Muzaffarpur,580000,590000,369716,2026-04-01,2026-08-26,,58,70,Education Department,Maharashtra Works Agency,20.990054,85.19856,Ongoing,Semi-urban,SYNTHETIC_PROTOTYPE
MPLADS-SYN-0091,Madhya Pradesh,Sagar,Sagar,Community Hall,Community Hall development work in Sagar,1420000,1450000,738267,2026-06-17,2026-11-22,,56,55,Public Works Department,Sai Construction,26.77616,84.579182,Ongoing,Semi-urban,SYNTHETIC_PROTOTYPE
MPLADS-SYN-0092,Karnataka,Dharwad,Dharwad,Road,Road development work in Dharwad,1790000,1830000,1059744,2026-07-05,2026-09-16,,53,64,Zilla Parishad,National Infra Services,12.098,84.378053,Ongoing,Plain,SYNTHETIC_PROTOTYPE
MPLADS-SYN-0093,Karnataka,Dharwad,Dharwad,Community Hall,Community Hall development work in Dharwad,1160000,1180000,605332,2026-03-24,2026-10-01,,45,53,Rural Development Agency,ABC Infrastructure Pvt Ltd,8.833002,76.605352,Ongoing,Plain,SYNTHETIC_PROTOTYPE
MPLADS-SYN-0094,Karnataka,Mysuru,Mysuru,Solar Lighting,Solar Lighting development work in Mysuru,1600000,1600000,400000,2026-01-04,2026-08-23,,35,25,Rural Development Agency,Maharashtra Works Agency,12.927131,82.597362,Under Review,Hilly,SYNTHETIC_PROTOTYPE
MPLADS-SYN-0095,Uttar Pradesh,Lucknow,Lucknow,Community Hall,Community Hall development work in Lucknow,920000,920000,765921,2026-06-02,2026-08-23,,87,84,Zilla Parishad,ABC Infrastructure Pvt Ltd,11.648839,76.156482,Ongoing,Rural,SYNTHETIC_PROTOTYPE
MPLADS-SYN-0096,Uttar Pradesh,Prayagraj,Prayagraj,Road,Road development work in Prayagraj,1670000,1710000,1073231,2026-04-05,2026-09-12,,54,65,Education Department,District Works Cooperative,25.414082,76.867145,Ongoing,Hilly,SYNTHETIC_PROTOTYPE
MPLADS-SYN-0097,Maharashtra,Thane,Thane,Library,Library development work in Thane,1660000,1700000,1333651,2026-02-09,2026-05-05,,77,87,District Health Office,Shree Buildcon,19.902211,87.700408,Ongoing,Hilly,SYNTHETIC_PROTOTYPE
MPLADS-SYN-0098,Gujarat,Surat,Surat,Solar Lighting,Solar Lighting development work in Surat,460000,450000,186083,2026-03-18,2026-07-06,,36,42,District Health Office,Maharashtra Works Agency,26.169885,73.261629,Ongoing,Rural,SYNTHETIC_PROTOTYPE
MPLADS-SYN-0099,Tamil Nadu,Chennai,Chennai,Drinking Water,Drinking Water development work in Chennai,1520000,1540000,1036377,2026-05-12,2026-09-08,,65,69,District Health Office,ABC Infrastructure Pvt Ltd,12.238869,86.977481,Ongoing,Plain,SYNTHETIC_PROTOTYPE
MPLADS-SYN-0100,Maharashtra,Thane,Thane,Community Hall,Community Hall development work in Thane,2990000,3050000,2310937,2026-02-17,2026-09-29,,87,80,Municipal Council,Maharashtra Works Agency,11.079928,74.596396,Ongoing,Rural,SYNTHETIC_PROTOTYPE
MPLADS-SYN-0101,Bihar,Bhagalpur,Bhagalpur,Community Hall,Community Hall development work in Bhagalpur,1960000,1920000,1843302,2026-03-19,2026-07-03,,94,98,District Health Office,Om Civil Works,18.471501,74.767408,Ongoing,Plain,SYNTHETIC_PROTOTYPE
MPLADS-SYN-0102,Uttar Pradesh,Kanpur Nagar,Kanpur,Library,Library development work in Kanpur Nagar,1260000,1270000,948391,2026-02-14,2026-05-19,,73,80,Rural Development Agency,Maharashtra Works Agency,23.700107,87.016408,Ongoing,Semi-urban,SYNTHETIC_PROTOTYPE
MPLADS-SYN-0103,Rajasthan,Udaipur,Udaipur,Sports Facility,Sports Facility development work in Udaipur,2310000,2300000,1844151,2026-03-12,2026-10-01,,80,82,Rural Development Agency,Om Civil Works,13.202442,77.059776,Ongoing,Plain,SYNTHETIC_PROTOTYPE
MPLADS-SYN-0104,Uttar Pradesh,Prayagraj,Prayagraj,Solar Lighting,Solar Lighting development work in Prayagraj,1560000,1580000,1332727,2026-01-25,2026-05-09,,86,92,Rural Development Agency,National Infra Services,16.998927,75.32817,Ongoing,Plain,SYNTHETIC_PROTOTYPE
MPLADS-SYN-0105,Karnataka,Hubballi,Hubballi,Solar Lighting,Solar Lighting development work in Hubballi,1130000,1140000,689450,2026-05-08,2026-12-09,,61,67,Rural Development Agency,Shree Buildcon,27.059134,81.485961,Ongoing,Plain,SYNTHETIC_PROTOTYPE
MPLADS-SYN-0106,Tamil Nadu,Chennai,Chennai,Sports Facility,Sports Facility development work in Chennai,750000,750000,337500,2026-06-07,2026-12-30,,51,45,Municipal Council,Maharashtra Works Agency,27.415921,83.271271,Under Review,Semi-urban,SYNTHETIC_PROTOTYPE
MPLADS-SYN-0107,Madhya Pradesh,Bhopal,Bhopal,Sports Facility,Sports Facility development work in Bhopal,2330000,2340000,1467900,2026-01-17,2026-06-14,,64,63,Education Department,Sai Construction,22.069942,74.884206,Under Review,Rural,SYNTHETIC_PROTOTYPE
MPLADS-SYN-0108,Rajasthan,Jodhpur,Jodhpur,Community Hall,Community Hall development work in Jodhpur,3280000,3220000,1972307,2026-03-14,2026-09-17,,66,65,Education Department,Shree Buildcon,20.928366,80.810713,Ongoing,Plain,SYNTHETIC_PROTOTYPE
MPLADS-SYN-0109,Rajasthan,Ajmer,Ajmer,Solar Lighting,Solar Lighting development work in Ajmer,1590000,1620000,1494600,2026-05-12,2026-10-02,,39,94,Public Works Department,National Infra Services,17.993622,84.152682,Under Review,Hilly,SYNTHETIC_PROTOTYPE
MPLADS-SYN-0110,Gujarat,Ahmedabad,Ahmedabad,Library,Library development work in Ahmedabad,1650000,1700000,973500,2026-07-17,2026-10-06,,44,59,Municipal Corporation,ABC Infrastructure Pvt Ltd,20.671095,73.391136,Under Review,Semi-urban,SYNTHETIC_PROTOTYPE
MPLADS-SYN-0111,Madhya Pradesh,Jabalpur,Jabalpur,Street Lighting,Street Lighting development work in Jabalpur,1400000,1400000,1002562,2026-08-25,2027-02-23,,85,75,Zilla Parishad,Maharashtra Works Agency,23.700319,85.166419,Ongoing,Semi-urban,SYNTHETIC_PROTOTYPE
MPLADS-SYN-0112,Bihar,Gaya,Gaya,Drainage,Drainage development work in Gaya,430000,440000,131795,2026-01-06,2026-04-02,,40,34,Municipal Corporation,Maharashtra Works Agency,10.563304,79.233874,Ongoing,Semi-urban,SYNTHETIC_PROTOTYPE
MPLADS-SYN-0113,Maharashtra,Aurangabad,Aurangabad,Library,Library development work in Aurangabad,540000,540000,302400,2026-04-16,2026-09-22,,40,56,Municipal Corporation,National Infra Services,27.192413,74.617089,Delayed,Plain,SYNTHETIC_PROTOTYPE
MPLADS-SYN-0114,Maharashtra,Nashik,Nashik,Drainage,Drainage development work in Nashik,2010000,2050000,1125600,2026-02-05,2026-08-08,,33,56,Municipal Corporation,Shree Buildcon,28.124352,85.01127,Delayed,Semi-urban,SYNTHETIC_PROTOTYPE
MPLADS-SYN-0115,Maharashtra,Solapur,Solapur,Drainage,Drainage development work in Solapur,2400000,2380000,1999262,2026-06-24,2026-09-08,,84,91,Public Works Department,National Infra Services,24.79052,75.132846,Ongoing,Hilly,SYNTHETIC_PROTOTYPE
MPLADS-SYN-0116,Gujarat,Ahmedabad,Ahmedabad,Drinking Water,Drinking Water development work in Ahmedabad,1970000,1970000,1249139,2026-02-15,2026-09-26,,58,70,Municipal Corporation,ABC Infrastructure Pvt Ltd,19.439408,87.481024,Ongoing,Hilly,SYNTHETIC_PROTOTYPE
MPLADS-SYN-0117,Gujarat,Kutch,Kutch,Drainage,Drainage development work in Kutch,2110000,2120000,1554130,2026-07-04,2026-10-14,,69,78,Municipal Council,District Works Cooperative,19.274292,80.327431,Ongoing,Hilly,SYNTHETIC_PROTOTYPE
MPLADS-SYN-0118,Karnataka,Bengaluru Urban,Bengaluru,Street Lighting,Street Lighting development work in Bengaluru Urban,750000,760000,443346,2026-06-01,2027-01-23,,71,65,Municipal Corporation,District Works Cooperative,26.841798,80.43598,Ongoing,Rural,SYNTHETIC_PROTOTYPE
MPLADS-SYN-0119,Tamil Nadu,Madurai,Madurai,Health Facility,Health Facility development work in Madurai,3010000,2930000,2098475,2026-02-25,2026-06-23,,75,77,District Health Office,National Infra Services,25.414302,87.322777,Ongoing,Plain,SYNTHETIC_PROTOTYPE
MPLADS-SYN-0120,Rajasthan,Udaipur,Udaipur,Health Facility,Health Facility development work in Udaipur,4150000,4130000,2070517,2026-04-08,2026-06-25,,42,53,Education Department,Maharashtra Works Agency,16.816347,83.298177,Ongoing,Hilly,SYNTHETIC_PROTOTYPE
MPLADS-SYN-0121,Madhya Pradesh,Bhopal,Bhopal,Health Facility,Health Facility development work in Bhopal,3870000,3780000,2848099,2026-01-09,2026-04-22,,64,74,Municipal Corporation,ABC Infrastructure Pvt Ltd,12.114269,83.49269,Ongoing,Plain,SYNTHETIC_PROTOTYPE
MPLADS-SYN-0122,Tamil Nadu,Madurai,Madurai,Drinking Water,Drinking Water development work in Madurai,1560000,1580000,608400,2026-01-21,2026-05-26,,34,39,Education Department,Sai Construction,28.302413,87.578256,Under Review,Hilly,SYNTHETIC_PROTOTYPE
MPLADS-SYN-0123,Madhya Pradesh,Jabalpur,Jabalpur,School Building,School Building development work in Jabalpur,3860000,3850000,3396800,2026-02-06,2026-06-27,,41,88,Municipal Council,District Works Cooperative,22.90513,84.629678,Under Review,Hilly,SYNTHETIC_PROTOTYPE
MPLADS-SYN-0124,Rajasthan,Jodhpur,Jodhpur,Drinking Water,Drinking Water development work in Jodhpur,450000,460000,324267,2026-08-20,2027-02-21,,84,75,Municipal Corporation,National Infra Services,25.768886,86.645184,Ongoing,Rural,SYNTHETIC_PROTOTYPE
MPLADS-SYN-0125,Bihar,Patna,Patna,Sports Facility,Sports Facility development work in Patna,570000,580000,256500,2026-03-13,2026-08-25,,77,45,Rural Development Agency,Maharashtra Works Agency,8.510698,79.485732,Under Review,Rural,SYNTHETIC_PROTOTYPE
MPLADS-SYN-0126,Karnataka,Bengaluru Urban,Bengaluru,Library,Library development work in Bengaluru Urban,1600000,1570000,752648,2026-01-20,2026-07-25,,40,49,Municipal Council,Shree Buildcon,20.071678,79.849248,Ongoing,Semi-urban,SYNTHETIC_PROTOTYPE
MPLADS-SYN-0127,Tamil Nadu,Chennai,Chennai,School Building,School Building development work in Chennai,4870000,4930000,2592827,2026-06-13,2026-08-29,,42,54,Rural Development Agency,District Works Cooperative,25.287847,73.071277,Ongoing,Hilly,SYNTHETIC_PROTOTYPE
MPLADS-SYN-0128,Bihar,Gaya,Gaya,Solar Lighting,Solar Lighting development work in Gaya,850000,840000,748000,2026-04-01,2026-06-30,,54,88,Rural Development Agency,ABC Infrastructure Pvt Ltd,20.821945,73.945774,Under Review,Rural,SYNTHETIC_PROTOTYPE
MPLADS-SYN-0129,Madhya Pradesh,Ujjain,Ujjain,Community Hall,Community Hall development work in Ujjain,3220000,3150000,1352400,2026-06-15,2026-11-27,,25,42,Zilla Parishad,National Infra Services,25.119668,76.939172,Delayed,Plain,SYNTHETIC_PROTOTYPE
MPLADS-SYN-0130,Gujarat,Rajkot,Rajkot,Sports Facility,Sports Facility development work in Rajkot,370000,360000,279832,2026-03-07,2026-08-01,,84,77,District Health Office,Sai Construction,25.914521,77.120919,Ongoing,Semi-urban,SYNTHETIC_PROTOTYPE
MPLADS-SYN-0131,Maharashtra,Solapur,Solapur,Sports Facility,Sports Facility development work in Solapur,1570000,1610000,540897,2026-06-18,2026-11-06,,45,37,Municipal Council,Maharashtra Works Agency,27.337195,85.266047,Ongoing,Hilly,SYNTHETIC_PROTOTYPE
MPLADS-SYN-0132,Bihar,Darbhanga,Darbhanga,Community Hall,Community Hall development work in Darbhanga,1290000,1270000,1085176,2026-08-04,2027-01-27,2027-03-07,95,92,District Health Office,Maharashtra Works Agency,21.210582,84.647143,Completed,Hilly,SYNTHETIC_PROTOTYPE
MPLADS-SYN-0133,Bihar,Bhagalpur,Bhagalpur,School Building,School Building development work in Bhagalpur,2690000,2740000,1313482,2026-07-14,2027-02-04,,39,51,Municipal Corporation,District Works Cooperative,19.162801,75.896546,Ongoing,Rural,SYNTHETIC_PROTOTYPE
MPLADS-SYN-0134,Maharashtra,Ahmednagar,Ahmednagar,Community Hall,Community Hall development work in Ahmednagar,3120000,3110000,2786898,2026-07-20,2027-02-12,,85,96,Municipal Council,Sai Construction,12.216064,86.477518,Ongoing,Rural,SYNTHETIC_PROTOTYPE
MPLADS-SYN-0135,Madhya Pradesh,Indore,Indore,Sports Facility,Sports Facility development work in Indore,1310000,1280000,382048,2026-06-14,2026-09-21,,36,30,Education Department,Maharashtra Works Agency,21.736355,74.215578,Ongoing,Rural,SYNTHETIC_PROTOTYPE
MPLADS-SYN-0136,Karnataka,Dharwad,Dharwad,Sports Facility,Sports Facility development work in Dharwad,500000,500000,358531,2026-02-08,2026-08-07,,69,77,District Health Office,National Infra Services,21.606607,83.033833,Ongoing,Plain,SYNTHETIC_PROTOTYPE
MPLADS-SYN-0137,Madhya Pradesh,Sagar,Sagar,School Building,School Building development work in Sagar,2380000,2420000,1236566,2026-05-09,2026-09-11,,44,55,District Health Office,ABC Infrastructure Pvt Ltd,10.286763,74.881128,Ongoing,Semi-urban,SYNTHETIC_PROTOTYPE
MPLADS-SYN-0138,Madhya Pradesh,Ujjain,Ujjain,Health Facility,Health Facility development work in Ujjain,3190000,3230000,2679600,2026-04-13,2026-12-03,,15,84,Rural Development Agency,National Infra Services,17.729086,74.394972,Under Review,Rural,SYNTHETIC_PROTOTYPE
MPLADS-SYN-0139,Rajasthan,Kota,Kota,Street Lighting,Street Lighting development work in Kota,670000,690000,224529,2026-02-02,2026-09-02,,42,34,Education Department,National Infra Services,12.444907,81.889852,Ongoing,Semi-urban,SYNTHETIC_PROTOTYPE
MPLADS-SYN-0140,Rajasthan,Ajmer,Ajmer,Health Facility,Health Facility development work in Ajmer,1720000,1710000,911600,2026-02-05,2026-08-22,,65,53,Rural Development Agency,District Works Cooperative,12.476923,82.61508,Under Review,Plain,SYNTHETIC_PROTOTYPE
MPLADS-SYN-0141,Bihar,Patna,Patna,Solar Lighting,Solar Lighting development work in Patna,1660000,1620000,1063175,2026-06-11,2027-01-31,,58,65,Rural Development Agency,Maharashtra Works Agency,9.131491,88.450761,Ongoing,Hilly,SYNTHETIC_PROTOTYPE
MPLADS-SYN-0142,Karnataka,Dharwad,Dharwad,Sports Facility,Sports Facility development work in Dharwad,2480000,2430000,2301594,2026-01-02,2026-05-28,,86,96,Municipal Corporation,ABC Infrastructure Pvt Ltd,24.14946,72.70644,Ongoing,Rural,SYNTHETIC_PROTOTYPE
MPLADS-SYN-0143,Gujarat,Ahmedabad,Ahmedabad,School Building,School Building development work in Ahmedabad,3560000,3540000,1704673,2026-04-03,2026-07-23,,55,48,Municipal Corporation,Sai Construction,24.636181,88.20618,Ongoing,Semi-urban,SYNTHETIC_PROTOTYPE
MPLADS-SYN-0144,Madhya Pradesh,Sagar,Sagar,Road,Road development work in Sagar,1980000,2020000,830422,2026-08-20,2026-11-10,,50,46,Education Department,National Infra Services,24.042952,77.739584,Ongoing,Plain,SYNTHETIC_PROTOTYPE
MPLADS-SYN-0145,Madhya Pradesh,Indore,Indore,Road,Road development work in Indore,1740000,1740000,884801,2026-02-08,2026-07-31,,55,52,Public Works Department,Om Civil Works,14.682432,75.279398,Ongoing,Hilly,SYNTHETIC_PROTOTYPE
MPLADS-SYN-0146,Uttar Pradesh,Kanpur Nagar,Kanpur,Drainage,Drainage development work in Kanpur Nagar,980000,960000,883445,2026-03-21,2026-10-23,,89,95,Public Works Department,Shree Buildcon,27.887785,86.107566,Ongoing,Semi-urban,SYNTHETIC_PROTOTYPE
MPLADS-SYN-0147,Maharashtra,Nandurbar,Nandurbar,Drinking Water,Drinking Water development work in Nandurbar,620000,630000,442015,2026-04-21,2026-07-13,,71,79,Rural Development Agency,ABC Infrastructure Pvt Ltd,21.71523,74.669747,Ongoing,Rural,SYNTHETIC_PROTOTYPE
MPLADS-SYN-0148,Maharashtra,Thane,Thane,Drainage,Drainage development work in Thane,520000,530000,416745,2026-06-15,2027-01-19,,70,82,Municipal Corporation,ABC Infrastructure Pvt Ltd,15.511876,82.694849,Ongoing,Semi-urban,SYNTHETIC_PROTOTYPE
MPLADS-SYN-0149,Rajasthan,Udaipur,Udaipur,School Building,School Building development work in Udaipur,1400000,1410000,1146290,2026-03-10,2026-05-28,,90,86,Municipal Council,ABC Infrastructure Pvt Ltd,13.656826,83.501855,Ongoing,Plain,SYNTHETIC_PROTOTYPE
MPLADS-SYN-0150,Bihar,Bhagalpur,Bhagalpur,Street Lighting,Street Lighting development work in Bhagalpur,540000,530000,464400,2026-05-06,2026-09-09,,24,86,Rural Development Agency,Shree Buildcon,15.623997,76.754414,Under Review,Hilly,SYNTHETIC_PROTOTYPE
MPLADS-SYN-0151,Maharashtra,Nandurbar,Nandurbar,Library,Library development work in Nandurbar,690000,670000,440257,2026-06-05,2026-08-05,,65,64,Public Works Department,National Infra Services,27.999821,77.466131,Ongoing,Semi-urban,SYNTHETIC_PROTOTYPE
MPLADS-SYN-0152,Gujarat,Kutch,Kutch,Health Facility,Health Facility development work in Kutch,1790000,1790000,568731,2026-01-22,2026-06-23,,35,34,Municipal Council,Sai Construction,22.677257,79.056068,Ongoing,Hilly,SYNTHETIC_PROTOTYPE
MPLADS-SYN-0153,Karnataka,Dharwad,Dharwad,Community Hall,Community Hall development work in Dharwad,3630000,3640000,3375900,2026-03-07,2026-06-22,,34,93,Rural Development Agency,District Works Cooperative,13.933995,80.094663,Under Review,Hilly,SYNTHETIC_PROTOTYPE
MPLADS-SYN-0154,Gujarat,Vadodara,Vadodara,Sports Facility,Sports Facility development work in Vadodara,2180000,2170000,727719,2026-05-06,2026-11-30,,45,36,Municipal Council,ABC Infrastructure Pvt Ltd,14.553463,86.492235,Ongoing,Rural,SYNTHETIC_PROTOTYPE
MPLADS-SYN-0155,Bihar,Bhagalpur,Bhagalpur,Drainage,Drainage development work in Bhagalpur,790000,810000,777839,2026-03-17,2026-07-11,2026-08-25,95,100,Municipal Council,District Works Cooperative,24.299688,81.217811,Completed,Plain,SYNTHETIC_PROTOTYPE
MPLADS-SYN-0156,Gujarat,Ahmedabad,Ahmedabad,Road,Road development work in Ahmedabad,2480000,2480000,897093,2026-07-02,2026-10-20,,42,40,Zilla Parishad,ABC Infrastructure Pvt Ltd,24.257631,80.472407,Ongoing,Hilly,SYNTHETIC_PROTOTYPE
MPLADS-SYN-0157,Maharashtra,Pune,Pune,Drinking Water,Drinking Water development work in Pune,1620000,1590000,900754,2026-08-12,2027-04-07,,57,59,Municipal Council,Om Civil Works,17.013149,87.802838,Ongoing,Semi-urban,SYNTHETIC_PROTOTYPE
MPLADS-SYN-0158,Bihar,Muzaffarpur,Muzaffarpur,Community Hall,Community Hall development work in Muzaffarpur,890000,860000,534972,2026-08-22,2026-11-16,,60,62,Rural Development Agency,Sai Construction,18.714579,83.162558,Ongoing,Plain,SYNTHETIC_PROTOTYPE
MPLADS-SYN-0159,Gujarat,Rajkot,Rajkot,Road,Road development work in Rajkot,2920000,2980000,1781200,2026-06-05,2026-10-20,,36,61,Public Works Department,Om Civil Works,9.974839,73.262535,Delayed,Rural,SYNTHETIC_PROTOTYPE
MPLADS-SYN-0160,Bihar,Patna,Patna,Solar Lighting,Solar Lighting development work in Patna,1510000,1500000,993581,2026-08-16,2027-03-07,,59,68,Municipal Council,District Works Cooperative,18.387043,78.45785,Ongoing,Hilly,SYNTHETIC_PROTOTYPE
MPLADS-SYN-0161,Maharashtra,Palghar,Palghar,Health Facility,Health Facility development work in Palghar,3700000,3700000,2089685,2026-07-09,2026-09-12,,59,59,Rural Development Agency,National Infra Services,20.053779,88.265119,Ongoing,Rural,SYNTHETIC_PROTOTYPE
MPLADS-SYN-0162,Bihar,Bhagalpur,Bhagalpur,Drinking Water,Drinking Water development work in Bhagalpur,1200000,1180000,907509,2026-05-17,2026-09-30,,74,80,District Health Office,Sai Construction,19.068925,75.30127,Ongoing,Semi-urban,SYNTHETIC_PROTOTYPE
MPLADS-SYN-0163,Uttar Pradesh,Kanpur Nagar,Kanpur,School Building,School Building development work in Kanpur Nagar,1730000,1760000,692000,2026-04-10,2026-10-05,,32,40,Public Works Department,Sai Construction,28.321509,78.963316,Under Review,Hilly,SYNTHETIC_PROTOTYPE
MPLADS-SYN-0164,Karnataka,Dharwad,Dharwad,School Building,School Building development work in Dharwad,2220000,2210000,843600,2026-06-11,2027-01-06,,33,38,Rural Development Agency,National Infra Services,24.519753,84.275323,Under Review,Plain,SYNTHETIC_PROTOTYPE
MPLADS-SYN-0165,Tamil Nadu,Chennai,Chennai,Sports Facility,Sports Facility development work in Chennai,920000,900000,392272,2026-07-01,2026-12-08,,48,43,Municipal Corporation,Maharashtra Works Agency,9.850132,85.574677,Ongoing,Hilly,SYNTHETIC_PROTOTYPE
MPLADS-SYN-0166,Madhya Pradesh,Indore,Indore,Sports Facility,Sports Facility development work in Indore,2180000,2120000,1809400,2026-03-20,2026-11-10,,23,83,Education Department,Sai Construction,27.258074,79.449583,Under Review,Semi-urban,SYNTHETIC_PROTOTYPE
MPLADS-SYN-0167,Bihar,Bhagalpur,Bhagalpur,School Building,School Building development work in Bhagalpur,2170000,2140000,992026,2026-04-09,2026-08-20,,48,47,Rural Development Agency,National Infra Services,15.832507,79.116592,Ongoing,Semi-urban,SYNTHETIC_PROTOTYPE
MPLADS-SYN-0168,Tamil Nadu,Tiruchirappalli,Tiruchirappalli,Solar Lighting,Solar Lighting development work in Tiruchirappalli,350000,360000,141215,2026-07-10,2026-12-18,,46,44,Municipal Corporation,National Infra Services,10.710884,86.721728,Ongoing,Rural,SYNTHETIC_PROTOTYPE
MPLADS-SYN-0169,Bihar,Patna,Patna,Drinking Water,Drinking Water development work in Patna,660000,680000,402600,2026-03-02,2026-08-29,,79,61,Municipal Council,Maharashtra Works Agency,22.472239,79.201093,Under Review,Plain,SYNTHETIC_PROTOTYPE
MPLADS-SYN-0170,Tamil Nadu,Chennai,Chennai,Street Lighting,Street Lighting development work in Chennai,510000,510000,357192,2026-02-11,2026-05-21,,75,73,Zilla Parishad,ABC Infrastructure Pvt Ltd,17.43478,83.67716,Ongoing,Plain,SYNTHETIC_PROTOTYPE
MPLADS-SYN-0171,Madhya Pradesh,Bhopal,Bhopal,Street Lighting,Street Lighting development work in Bhopal,1480000,1450000,1024128,2026-05-22,2026-12-22,,66,70,Municipal Corporation,Shree Buildcon,21.643166,85.728872,Ongoing,Rural,SYNTHETIC_PROTOTYPE
MPLADS-SYN-0172,Rajasthan,Ajmer,Ajmer,Health Facility,Health Facility development work in Ajmer,2320000,2310000,1497621,2026-02-02,2026-08-12,,71,69,Public Works Department,ABC Infrastructure Pvt Ltd,16.710727,73.558992,Ongoing,Plain,SYNTHETIC_PROTOTYPE
MPLADS-SYN-0173,Gujarat,Ahmedabad,Ahmedabad,Community Hall,Community Hall development work in Ahmedabad,3230000,3240000,2896285,2026-07-22,2027-02-21,,79,90,Rural Development Agency,National Infra Services,14.2074,85.416686,Ongoing,Rural,SYNTHETIC_PROTOTYPE
MPLADS-SYN-0174,Bihar,Bhagalpur,Bhagalpur,Library,Library development work in Bhagalpur,360000,350000,295403,2026-04-07,2026-08-20,,75,87,Education Department,Om Civil Works,25.09369,72.840216,Ongoing,Rural,SYNTHETIC_PROTOTYPE
MPLADS-SYN-0175,Rajasthan,Ajmer,Ajmer,Drainage,Drainage development work in Ajmer,1980000,1940000,1306800,2026-08-05,2026-12-18,,61,66,District Health Office,National Infra Services,16.00261,78.878208,Under Review,Rural,SYNTHETIC_PROTOTYPE
MPLADS-SYN-0176,Karnataka,Mysuru,Mysuru,Sports Facility,Sports Facility development work in Mysuru,1860000,1840000,1425209,2026-01-15,2026-07-11,,85,78,Education Department,District Works Cooperative,10.274082,73.747216,Ongoing,Plain,SYNTHETIC_PROTOTYPE
MPLADS-SYN-0177,Madhya Pradesh,Sagar,Sagar,Health Facility,Health Facility development work in Sagar,1920000,1960000,729600,2026-07-14,2026-12-25,,48,38,Education Department,Sai Construction,18.581184,83.256278,Under Review,Plain,SYNTHETIC_PROTOTYPE
MPLADS-SYN-0178,Uttar Pradesh,Kanpur Nagar,Kanpur,Street Lighting,Street Lighting development work in Kanpur Nagar,400000,410000,265391,2026-06-13,2026-09-13,,68,68,Public Works Department,Om Civil Works,13.820521,73.531523,Ongoing,Semi-urban,SYNTHETIC_PROTOTYPE
MPLADS-SYN-0179,Rajasthan,Kota,Kota,Street Lighting,Street Lighting development work in Kota,930000,920000,773740,2026-03-23,2026-08-26,,87,88,District Health Office,Om Civil Works,13.076483,77.409475,Ongoing,Semi-urban,SYNTHETIC_PROTOTYPE
MPLADS-SYN-0180,Rajasthan,Udaipur,Udaipur,Library,Library development work in Udaipur,390000,380000,220467,2026-06-04,2027-01-04,,68,62,Rural Development Agency,District Works Cooperative,10.261891,78.098168,Ongoing,Hilly,SYNTHETIC_PROTOTYPE
MPLADS-SYN-0181,Madhya Pradesh,Indore,Indore,Sports Facility,Sports Facility development work in Indore,1920000,1920000,1387808,2026-08-22,2027-02-12,,74,77,Education Department,Shree Buildcon,22.921215,73.473697,Ongoing,Rural,SYNTHETIC_PROTOTYPE
MPLADS-SYN-0182,Maharashtra,Pune,Pune,Sports Facility,Sports Facility development work in Pune,780000,760000,567055,2026-05-07,2026-09-06,,69,78,District Health Office,District Works Cooperative,25.197808,81.56262,Ongoing,Plain,SYNTHETIC_PROTOTYPE
MPLADS-SYN-0183,Karnataka,Dharwad,Dharwad,School Building,School Building development work in Dharwad,1240000,1260000,828199,2026-04-16,2026-10-23,,64,71,Public Works Department,District Works Cooperative,15.893498,73.898843,Ongoing,Rural,SYNTHETIC_PROTOTYPE
MPLADS-SYN-0184,Maharashtra,Nashik,Nashik,Library,Library development work in Nashik,1050000,1040000,648117,2026-03-01,2026-05-15,,57,67,Municipal Corporation,Sai Construction,20.256289,85.851547,Ongoing,Hilly,SYNTHETIC_PROTOTYPE
MPLADS-SYN-0185,Tamil Nadu,Madurai,Madurai,Drinking Water,Drinking Water development work in Madurai,1510000,1470000,637193,2026-06-01,2027-01-24,,35,46,District Health Office,Shree Buildcon,26.906285,82.044981,Ongoing,Rural,SYNTHETIC_PROTOTYPE
MPLADS-SYN-0186,Rajasthan,Jodhpur,Jodhpur,Library,Library development work in Jodhpur,1190000,1220000,455489,2026-08-23,2027-04-20,,42,40,Municipal Council,Om Civil Works,8.146276,88.240348,Ongoing,Rural,SYNTHETIC_PROTOTYPE
MPLADS-SYN-0187,Tamil Nadu,Salem,Salem,Health Facility,Health Facility development work in Salem,2150000,2200000,1967489,2026-08-16,2027-01-15,,93,96,Education Department,Om Civil Works,8.891026,83.900135,Ongoing,Hilly,SYNTHETIC_PROTOTYPE
MPLADS-SYN-0188,Gujarat,Kutch,Kutch,Solar Lighting,Solar Lighting development work in Kutch,1390000,1370000,389200,2026-08-19,2026-11-18,,64,28,Zilla Parishad,ABC Infrastructure Pvt Ltd,26.792645,78.22702,Under Review,Semi-urban,SYNTHETIC_PROTOTYPE
MPLADS-SYN-0189,Rajasthan,Jaipur,Jaipur,School Building,School Building development work in Jaipur,1070000,1060000,909517,2026-02-19,2026-06-08,,81,90,Municipal Council,Om Civil Works,21.065957,76.228721,Ongoing,Semi-urban,SYNTHETIC_PROTOTYPE
MPLADS-SYN-0190,Rajasthan,Jaipur,Jaipur,Drainage,Drainage development work in Jaipur,890000,880000,497420,2026-08-20,2027-04-14,,61,61,Education Department,Maharashtra Works Agency,19.85742,87.890571,Ongoing,Rural,SYNTHETIC_PROTOTYPE
MPLADS-SYN-0191,Bihar,Gaya,Gaya,Solar Lighting,Solar Lighting development work in Gaya,1140000,1170000,1011878,2026-01-07,2026-04-27,,89,96,Municipal Council,Maharashtra Works Agency,12.488373,76.322981,Ongoing,Semi-urban,SYNTHETIC_PROTOTYPE
MPLADS-SYN-0192,Gujarat,Ahmedabad,Ahmedabad,Community Hall,Community Hall development work in Ahmedabad,1490000,1460000,1221947,2026-04-18,2026-09-21,,93,84,Municipal Corporation,National Infra Services,14.518008,79.087413,Ongoing,Semi-urban,SYNTHETIC_PROTOTYPE
MPLADS-SYN-0193,Maharashtra,Aurangabad,Aurangabad,Drinking Water,Drinking Water development work in Aurangabad,810000,810000,421200,2026-04-13,2026-08-06,,43,52,Rural Development Agency,Maharashtra Works Agency,26.218533,81.427611,Under Review,Plain,SYNTHETIC_PROTOTYPE
MPLADS-SYN-0194,Gujarat,Vadodara,Vadodara,Road,Road development work in Vadodara,1860000,1890000,1804200,2026-04-22,2026-09-13,,27,97,Municipal Corporation,Maharashtra Works Agency,23.276833,84.679967,Under Review,Semi-urban,SYNTHETIC_PROTOTYPE
MPLADS-SYN-0195,Uttar Pradesh,Kanpur Nagar,Kanpur,Library,Library development work in Kanpur Nagar,1480000,1450000,1411811,2026-01-12,2026-04-17,,86,97,Education Department,Om Civil Works,10.631086,87.565341,Ongoing,Hilly,SYNTHETIC_PROTOTYPE
MPLADS-SYN-0196,Bihar,Muzaffarpur,Muzaffarpur,School Building,School Building development work in Muzaffarpur,1830000,1870000,1024800,2026-03-02,2026-10-24,,44,56,Rural Development Agency,Om Civil Works,8.550189,75.283479,Under Review,Semi-urban,SYNTHETIC_PROTOTYPE
MPLADS-SYN-0197,Karnataka,Hubballi,Hubballi,Drinking Water,Drinking Water development work in Hubballi,1600000,1580000,835868,2026-08-09,2026-11-28,,50,56,Municipal Council,ABC Infrastructure Pvt Ltd,17.137497,85.605613,Ongoing,Rural,SYNTHETIC_PROTOTYPE
MPLADS-SYN-0198,Gujarat,Surat,Surat,Library,Library development work in Surat,1390000,1350000,550324,2026-02-12,2026-05-02,,45,43,Zilla Parishad,District Works Cooperative,18.340094,84.861926,Ongoing,Plain,SYNTHETIC_PROTOTYPE
MPLADS-SYN-0199,Madhya Pradesh,Indore,Indore,Road,Road development work in Indore,2000000,2050000,868540,2026-05-04,2026-11-16,,52,46,Rural Development Agency,National Infra Services,11.453294,83.077971,Ongoing,Semi-urban,SYNTHETIC_PROTOTYPE
MPLADS-SYN-0200,Gujarat,Surat,Surat,School Building,School Building development work in Surat,4310000,4400000,2997186,2026-03-02,2026-08-15,,74,70,Zilla Parishad,Om Civil Works,24.720299,77.324213,Ongoing,Rural,SYNTHETIC_PROTOTYPE
MPLADS-SYN-0201,Tamil Nadu,Salem,Salem,Community Hall,Community Hall development work in Salem,2450000,2500000,1837793,2026-06-22,2026-12-22,,67,77,Municipal Corporation,ABC Infrastructure Pvt Ltd,8.3618,87.049704,Ongoing,Plain,SYNTHETIC_PROTOTYPE
MPLADS-SYN-0202,Tamil Nadu,Coimbatore,Coimbatore,Street Lighting,Street Lighting development work in Coimbatore,1020000,1010000,867000,2026-01-17,2026-07-02,,36,85,Education Department,National Infra Services,13.91333,72.39094,Under Review,Semi-urban,SYNTHETIC_PROTOTYPE
MPLADS-SYN-0203,Rajasthan,Udaipur,Udaipur,Community Hall,Community Hall development work in Udaipur,3840000,3900000,2160626,2026-05-19,2026-11-09,,58,60,Municipal Council,National Infra Services,13.573146,84.891267,Ongoing,Rural,SYNTHETIC_PROTOTYPE
MPLADS-SYN-0204,Madhya Pradesh,Ujjain,Ujjain,Drinking Water,Drinking Water development work in Ujjain,710000,690000,406422,2026-01-01,2026-07-08,,60,61,District Health Office,National Infra Services,15.672285,78.675162,Ongoing,Hilly,SYNTHETIC_PROTOTYPE
MPLADS-SYN-0205,Gujarat,Rajkot,Rajkot,Health Facility,Health Facility development work in Rajkot,4430000,4410000,3503829,2026-02-17,2026-06-05,,69,80,Municipal Council,Sai Construction,25.009866,76.172375,Ongoing,Hilly,SYNTHETIC_PROTOTYPE
MPLADS-SYN-0206,Bihar,Darbhanga,Darbhanga,Drinking Water,Drinking Water development work in Darbhanga,760000,770000,696625,2026-03-25,2026-07-12,,90,100,Education Department,Maharashtra Works Agency,16.380244,82.342817,Ongoing,Hilly,SYNTHETIC_PROTOTYPE
MPLADS-SYN-0207,Tamil Nadu,Coimbatore,Coimbatore,Drainage,Drainage development work in Coimbatore,2090000,2100000,1546821,2026-01-12,2026-06-05,,88,82,Zilla Parishad,District Works Cooperative,8.063236,86.363935,Ongoing,Plain,SYNTHETIC_PROTOTYPE
MPLADS-SYN-0208,Bihar,Patna,Patna,Health Facility,Health Facility development work in Patna,2310000,2300000,885796,2026-03-17,2026-10-09,,40,39,Education Department,District Works Cooperative,22.691645,72.523805,Ongoing,Rural,SYNTHETIC_PROTOTYPE
MPLADS-SYN-0209,Gujarat,Surat,Surat,Sports Facility,Sports Facility development work in Surat,1950000,1920000,1389672,2026-02-23,2026-07-18,,76,76,Municipal Council,District Works Cooperative,27.101489,84.644567,Ongoing,Rural,SYNTHETIC_PROTOTYPE
MPLADS-SYN-0210,Uttar Pradesh,Prayagraj,Prayagraj,Drainage,Drainage development work in Prayagraj,2350000,2370000,1375362,2026-03-17,2026-11-01,,64,64,Public Works Department,Om Civil Works,12.553902,78.522654,Ongoing,Hilly,SYNTHETIC_PROTOTYPE
MPLADS-SYN-0211,Madhya Pradesh,Indore,Indore,Drinking Water,Drinking Water development work in Indore,440000,430000,242000,2026-03-16,2026-08-23,,55,55,Education Department,Maharashtra Works Agency,21.514631,86.000551,Under Review,Hilly,SYNTHETIC_PROTOTYPE
MPLADS-SYN-0212,Gujarat,Surat,Surat,Health Facility,Health Facility development work in Surat,3010000,2980000,1535100,2026-03-02,2026-05-25,,61,51,Rural Development Agency,Maharashtra Works Agency,11.682474,72.86579,Under Review,Rural,SYNTHETIC_PROTOTYPE
MPLADS-SYN-0213,Gujarat,Kutch,Kutch,Community Hall,Community Hall development work in Kutch,2760000,2760000,2208000,2026-07-10,2027-02-01,,49,80,Zilla Parishad,Shree Buildcon,14.667194,83.777174,Under Review,Rural,SYNTHETIC_PROTOTYPE
MPLADS-SYN-0214,Gujarat,Ahmedabad,Ahmedabad,Sports Facility,Sports Facility development work in Ahmedabad,1050000,1060000,851937,2026-03-14,2026-10-28,,85,84,Municipal Council,ABC Infrastructure Pvt Ltd,14.1623,87.612541,Ongoing,Rural,SYNTHETIC_PROTOTYPE
MPLADS-SYN-0215,Karnataka,Mysuru,Mysuru,Solar Lighting,Solar Lighting development work in Mysuru,1300000,1330000,879580,2026-05-09,2026-10-13,,62,74,Municipal Council,National Infra Services,16.201217,73.373692,Ongoing,Semi-urban,SYNTHETIC_PROTOTYPE
MPLADS-SYN-0216,Karnataka,Mysuru,Mysuru,Drinking Water,Drinking Water development work in Mysuru,970000,1000000,407400,2026-07-08,2026-12-11,,24,42,Education Department,ABC Infrastructure Pvt Ltd,26.975535,74.899568,Delayed,Rural,SYNTHETIC_PROTOTYPE
MPLADS-SYN-0217,Tamil Nadu,Salem,Salem,Sports Facility,Sports Facility development work in Salem,1020000,1030000,461886,2026-07-17,2026-11-12,,55,47,District Health Office,Maharashtra Works Agency,25.58739,87.633002,Ongoing,Plain,SYNTHETIC_PROTOTYPE
MPLADS-SYN-0218,Maharashtra,Nandurbar,Nandurbar,Sports Facility,Sports Facility development work in Nandurbar,2190000,2210000,635100,2026-01-20,2026-07-13,,31,29,District Health Office,Shree Buildcon,27.0688,84.601222,Under Review,Hilly,SYNTHETIC_PROTOTYPE
MPLADS-SYN-0219,Bihar,Darbhanga,Darbhanga,Library,Library development work in Darbhanga,440000,440000,188215,2026-08-11,2026-12-25,,57,47,Zilla Parishad,Maharashtra Works Agency,8.105665,86.688239,Ongoing,Rural,SYNTHETIC_PROTOTYPE
MPLADS-SYN-0220,Uttar Pradesh,Lucknow,Lucknow,Drainage,Drainage development work in Lucknow,2170000,2210000,1575922,2026-04-10,2026-06-19,,77,73,Rural Development Agency,Shree Buildcon,16.631643,77.465023,Ongoing,Hilly,SYNTHETIC_PROTOTYPE
MPLADS-SYN-0221,Madhya Pradesh,Indore,Indore,Street Lighting,Street Lighting development work in Indore,500000,490000,348885,2026-04-22,2026-10-08,,67,76,Rural Development Agency,Shree Buildcon,22.482448,85.364216,Ongoing,Semi-urban,SYNTHETIC_PROTOTYPE
MPLADS-SYN-0222,Maharashtra,Dhule,Dhule,School Building,School Building development work in Dhule,2350000,2370000,1666907,2026-06-23,2026-12-07,,77,77,Municipal Corporation,Shree Buildcon,26.349678,74.998902,Ongoing,Rural,SYNTHETIC_PROTOTYPE
MPLADS-SYN-0223,Rajasthan,Ajmer,Ajmer,Health Facility,Health Facility development work in Ajmer,1270000,1240000,529971,2026-03-21,2026-10-21,,47,43,Zilla Parishad,ABC Infrastructure Pvt Ltd,20.02451,87.050918,Ongoing,Plain,SYNTHETIC_PROTOTYPE
MPLADS-SYN-0224,Maharashtra,Ahmednagar,Ahmednagar,Solar Lighting,Solar Lighting development work in Ahmednagar,960000,950000,432000,2026-03-10,2026-05-20,,30,45,Zilla Parishad,Om Civil Works,24.285003,83.447755,Delayed,Plain,SYNTHETIC_PROTOTYPE
MPLADS-SYN-0225,Karnataka,Mysuru,Mysuru,Street Lighting,Street Lighting development work in Mysuru,330000,330000,115500,2026-04-07,2026-10-20,,40,35,Zilla Parishad,ABC Infrastructure Pvt Ltd,21.297233,82.439268,Under Review,Hilly,SYNTHETIC_PROTOTYPE
MPLADS-SYN-0226,Gujarat,Rajkot,Rajkot,Community Hall,Community Hall development work in Rajkot,3090000,3150000,2608902,2026-03-07,2026-09-28,,91,86,District Health Office,Sai Construction,11.698336,76.65373,Ongoing,Semi-urban,SYNTHETIC_PROTOTYPE
MPLADS-SYN-0227,Maharashtra,Pune,Pune,Sports Facility,Sports Facility development work in Pune,2220000,2180000,1239704,2026-02-07,2026-05-13,,56,61,Education Department,Sai Construction,19.53845,79.331382,Ongoing,Plain,SYNTHETIC_PROTOTYPE
MPLADS-SYN-0228,Rajasthan,Jaipur,Jaipur,Street Lighting,Street Lighting development work in Jaipur,1080000,1110000,710857,2026-06-04,2026-11-03,,73,68,Zilla Parishad,ABC Infrastructure Pvt Ltd,20.392381,74.938118,Ongoing,Semi-urban,SYNTHETIC_PROTOTYPE
MPLADS-SYN-0229,Gujarat,Vadodara,Vadodara,Community Hall,Community Hall development work in Vadodara,1760000,1730000,528000,2026-06-11,2026-12-14,,26,30,Rural Development Agency,Sai Construction,22.215127,78.830082,Delayed,Semi-urban,SYNTHETIC_PROTOTYPE
MPLADS-SYN-0230,Uttar Pradesh,Kanpur Nagar,Kanpur,Drinking Water,Drinking Water development work in Kanpur Nagar,850000,870000,280500,2026-03-04,2026-10-28,,43,33,Municipal Council,National Infra Services,15.737946,72.434724,Under Review,Plain,SYNTHETIC_PROTOTYPE
MPLADS-SYN-0231,Maharashtra,Solapur,Solapur,Community Hall,Community Hall development work in Solapur,3300000,3370000,2009709,2026-07-14,2027-03-05,,54,66,Public Works Department,Sai Construction,22.583839,76.257897,Ongoing,Semi-urban,SYNTHETIC_PROTOTYPE
MPLADS-SYN-0232,Uttar Pradesh,Kanpur Nagar,Kanpur,Street Lighting,Street Lighting development work in Kanpur Nagar,460000,470000,282743,2026-06-20,2026-11-12,,73,63,Municipal Council,ABC Infrastructure Pvt Ltd,13.785242,80.935871,Ongoing,Hilly,SYNTHETIC_PROTOTYPE
MPLADS-SYN-0233,Bihar,Darbhanga,Darbhanga,Road,Road development work in Darbhanga,1210000,1240000,620752,2026-08-03,2027-03-11,,44,56,District Health Office,ABC Infrastructure Pvt Ltd,12.747187,75.558179,Ongoing,Hilly,SYNTHETIC_PROTOTYPE
MPLADS-SYN-0234,Gujarat,Surat,Surat,Library,Library development work in Surat,990000,960000,530494,2026-05-25,2026-11-14,,58,57,Municipal Council,National Infra Services,27.266504,88.032731,Ongoing,Semi-urban,SYNTHETIC_PROTOTYPE
MPLADS-SYN-0235,Bihar,Patna,Patna,School Building,School Building development work in Patna,1950000,1920000,838500,2026-07-25,2027-01-11,,51,43,Rural Development Agency,Shree Buildcon,14.738773,77.2352,Under Review,Rural,SYNTHETIC_PROTOTYPE
MPLADS-SYN-0236,Bihar,Bhagalpur,Bhagalpur,Sports Facility,Sports Facility development work in Bhagalpur,850000,840000,483562,2026-05-06,2026-07-18,,57,60,Rural Development Agency,ABC Infrastructure Pvt Ltd,15.011393,84.427405,Ongoing,Semi-urban,SYNTHETIC_PROTOTYPE
MPLADS-SYN-0237,Bihar,Darbhanga,Darbhanga,School Building,School Building development work in Darbhanga,1160000,1180000,1052617,2026-04-14,2026-12-08,2027-01-13,95,91,Education Department,Om Civil Works,11.405071,78.229683,Completed,Plain,SYNTHETIC_PROTOTYPE
MPLADS-SYN-0238,Gujarat,Ahmedabad,Ahmedabad,School Building,School Building development work in Ahmedabad,1460000,1450000,1073742,2026-07-04,2027-01-07,,67,75,Education Department,National Infra Services,20.788427,80.988107,Ongoing,Hilly,SYNTHETIC_PROTOTYPE
MPLADS-SYN-0239,Tamil Nadu,Tiruchirappalli,Tiruchirappalli,Solar Lighting,Solar Lighting development work in Tiruchirappalli,1050000,1060000,990055,2026-07-08,2027-01-26,,94,100,Municipal Council,Sai Construction,20.633492,78.489743,Ongoing,Rural,SYNTHETIC_PROTOTYPE
MPLADS-SYN-0240,Maharashtra,Solapur,Solapur,Sports Facility,Sports Facility development work in Solapur,500000,500000,413713,2026-01-24,2026-04-27,,92,89,District Health Office,Sai Construction,20.945787,77.909002,Ongoing,Semi-urban,SYNTHETIC_PROTOTYPE
MPLADS-SYN-0241,Gujarat,Rajkot,Rajkot,Road,Road development work in Rajkot,1510000,1550000,561644,2026-02-07,2026-09-30,,45,40,Rural Development Agency,Sai Construction,26.239127,82.453605,Ongoing,Semi-urban,SYNTHETIC_PROTOTYPE
MPLADS-SYN-0242,Gujarat,Vadodara,Vadodara,Sports Facility,Sports Facility development work in Vadodara,1940000,1960000,1687800,2026-08-14,2027-02-21,,32,87,Municipal Council,Sai Construction,13.12691,75.264961,Under Review,Plain,SYNTHETIC_PROTOTYPE
MPLADS-SYN-0243,Uttar Pradesh,Lucknow,Lucknow,School Building,School Building development work in Lucknow,1960000,1920000,847626,2026-07-06,2026-12-04,,55,48,Zilla Parishad,Shree Buildcon,12.411275,78.132395,Ongoing,Plain,SYNTHETIC_PROTOTYPE
MPLADS-SYN-0244,Gujarat,Ahmedabad,Ahmedabad,Library,Library development work in Ahmedabad,730000,730000,264325,2026-07-08,2027-01-31,,35,39,Municipal Corporation,ABC Infrastructure Pvt Ltd,8.365644,84.924543,Ongoing,Rural,SYNTHETIC_PROTOTYPE
MPLADS-SYN-0245,Bihar,Bhagalpur,Bhagalpur,School Building,School Building development work in Bhagalpur,2990000,2910000,2262114,2026-02-01,2026-05-29,,79,82,Education Department,ABC Infrastructure Pvt Ltd,8.213119,73.734739,Ongoing,Plain,SYNTHETIC_PROTOTYPE
MPLADS-SYN-0246,Rajasthan,Ajmer,Ajmer,Library,Library development work in Ajmer,1590000,1550000,1029024,2026-06-25,2026-12-25,,70,67,Zilla Parishad,Shree Buildcon,13.408147,76.887864,Ongoing,Semi-urban,SYNTHETIC_PROTOTYPE
MPLADS-SYN-0247,Rajasthan,Udaipur,Udaipur,Drinking Water,Drinking Water development work in Udaipur,460000,470000,377200,2026-03-22,2026-08-07,,22,82,Public Works Department,District Works Cooperative,21.291851,74.430281,Under Review,Plain,SYNTHETIC_PROTOTYPE
MPLADS-SYN-0248,Uttar Pradesh,Lucknow,Lucknow,Road,Road development work in Lucknow,2120000,2150000,1026604,2026-02-08,2026-05-08,,52,49,Zilla Parishad,ABC Infrastructure Pvt Ltd,19.792225,75.939658,Ongoing,Rural,SYNTHETIC_PROTOTYPE
MPLADS-SYN-0249,Bihar,Bhagalpur,Bhagalpur,Drainage,Drainage development work in Bhagalpur,440000,450000,132000,2026-05-03,2026-08-14,,57,30,Education Department,National Infra Services,25.488338,81.801085,Under Review,Rural,SYNTHETIC_PROTOTYPE
MPLADS-SYN-0250,Bihar,Patna,Patna,Street Lighting,Street Lighting development work in Patna,240000,250000,103200,2026-07-08,2027-02-21,,32,43,Municipal Corporation,Shree Buildcon,18.205561,76.032069,Delayed,Semi-urban,SYNTHETIC_PROTOTYPE
MPLADS-SYN-0251,Madhya Pradesh,Ujjain,Ujjain,Community Hall,Community Hall development work in Ujjain,3570000,3470000,1986810,2026-03-10,2026-09-10,,53,61,Zilla Parishad,Maharashtra Works Agency,24.395594,72.257275,Ongoing,Rural,SYNTHETIC_PROTOTYPE
MPLADS-SYN-0252,Gujarat,Vadodara,Vadodara,Street Lighting,Street Lighting development work in Vadodara,970000,990000,606800,2026-07-22,2026-12-11,,61,68,Public Works Department,District Works Cooperative,10.853115,84.666396,Ongoing,Hilly,SYNTHETIC_PROTOTYPE
MPLADS-SYN-0253,Rajasthan,Ajmer,Ajmer,Sports Facility,Sports Facility development work in Ajmer,1220000,1250000,634400,2026-05-02,2026-10-09,,38,52,Rural Development Agency,Shree Buildcon,21.736624,79.636329,Delayed,Plain,SYNTHETIC_PROTOTYPE
MPLADS-SYN-0254,Gujarat,Rajkot,Rajkot,Road,Road development work in Rajkot,2630000,2630000,2338033,2026-07-02,2026-10-01,,89,96,Rural Development Agency,Maharashtra Works Agency,17.91625,75.036725,Ongoing,Rural,SYNTHETIC_PROTOTYPE
MPLADS-SYN-0255,Uttar Pradesh,Lucknow,Lucknow,Solar Lighting,Solar Lighting development work in Lucknow,990000,1020000,432659,2026-08-02,2026-12-30,,45,46,Rural Development Agency,Shree Buildcon,26.089696,79.562778,Ongoing,Semi-urban,SYNTHETIC_PROTOTYPE
MPLADS-SYN-0256,Tamil Nadu,Tiruchirappalli,Tiruchirappalli,Solar Lighting,Solar Lighting development work in Tiruchirappalli,1250000,1280000,648786,2026-01-24,2026-05-04,,55,52,Zilla Parishad,Shree Buildcon,21.63785,80.240659,Ongoing,Semi-urban,SYNTHETIC_PROTOTYPE
MPLADS-SYN-0257,Rajasthan,Jodhpur,Jodhpur,Street Lighting,Street Lighting development work in Jodhpur,1440000,1450000,547200,2026-05-08,2026-08-27,,10,38,Municipal Council,National Infra Services,16.898292,80.720736,Delayed,Plain,SYNTHETIC_PROTOTYPE
MPLADS-SYN-0258,Rajasthan,Kota,Kota,Street Lighting,Street Lighting development work in Kota,1200000,1190000,708000,2026-02-06,2026-06-19,,52,59,Public Works Department,ABC Infrastructure Pvt Ltd,19.794795,86.077721,Under Review,Rural,SYNTHETIC_PROTOTYPE
MPLADS-SYN-0259,Uttar Pradesh,Prayagraj,Prayagraj,Street Lighting,Street Lighting development work in Prayagraj,760000,780000,418000,2026-01-01,2026-04-21,,40,55,Public Works Department,Om Civil Works,25.636037,83.25203,Delayed,Plain,SYNTHETIC_PROTOTYPE
MPLADS-SYN-0260,Maharashtra,Aurangabad,Aurangabad,Road,Road development work in Aurangabad,670000,690000,302496,2026-08-06,2026-12-16,,53,47,Municipal Corporation,ABC Infrastructure Pvt Ltd,15.168183,82.810948,Ongoing,Rural,SYNTHETIC_PROTOTYPE
MPLADS-SYN-0261,Rajasthan,Kota,Kota,Sports Facility,Sports Facility development work in Kota,810000,830000,428009,2026-03-02,2026-06-30,,66,57,Rural Development Agency,National Infra Services,21.323116,79.487089,Ongoing,Rural,SYNTHETIC_PROTOTYPE
MPLADS-SYN-0262,Uttar Pradesh,Lucknow,Lucknow,School Building,School Building development work in Lucknow,3800000,3830000,2333104,2026-05-18,2026-11-12,,59,63,Public Works Department,Sai Construction,22.744014,84.688704,Ongoing,Semi-urban,SYNTHETIC_PROTOTYPE
MPLADS-SYN-0263,Maharashtra,Solapur,Solapur,School Building,School Building development work in Solapur,2470000,2410000,2025400,2026-06-03,2026-11-22,,23,82,Municipal Corporation,Shree Buildcon,23.702525,76.556382,Under Review,Semi-urban,SYNTHETIC_PROTOTYPE
MPLADS-SYN-0264,Karnataka,Mysuru,Mysuru,Road,Road development work in Mysuru,1340000,1330000,557509,2026-06-11,2026-11-22,,45,46,Municipal Corporation,National Infra Services,17.649043,88.06277,Ongoing,Semi-urban,SYNTHETIC_PROTOTYPE
MPLADS-SYN-0265,Tamil Nadu,Coimbatore,Coimbatore,Library,Library development work in Coimbatore,1120000,1100000,772586,2026-02-23,2026-06-24,,70,76,District Health Office,Sai Construction,27.630975,78.763776,Ongoing,Hilly,SYNTHETIC_PROTOTYPE
MPLADS-SYN-0266,Karnataka,Hubballi,Hubballi,Library,Library development work in Hubballi,540000,550000,475200,2026-01-14,2026-03-21,,39,88,Municipal Council,National Infra Services,28.293636,74.184233,Under Review,Hilly,SYNTHETIC_PROTOTYPE
MPLADS-SYN-0267,Maharashtra,Solapur,Solapur,Solar Lighting,Solar Lighting development work in Solapur,1200000,1190000,588000,2026-08-13,2027-01-02,,26,49,Municipal Council,Sai Construction,18.427677,81.703334,Under Review,Hilly,SYNTHETIC_PROTOTYPE
MPLADS-SYN-0268,Madhya Pradesh,Bhopal,Bhopal,Drinking Water,Drinking Water development work in Bhopal,1740000,1710000,1255331,2026-03-01,2026-09-30,,87,77,Public Works Department,ABC Infrastructure Pvt Ltd,19.027276,75.219689,Ongoing,Hilly,SYNTHETIC_PROTOTYPE
MPLADS-SYN-0269,Maharashtra,Nandurbar,Nandurbar,School Building,School Building development work in Nandurbar,4690000,4610000,1371262,2026-06-07,2026-12-26,,35,32,Education Department,National Infra Services,25.990257,72.587997,Ongoing,Rural,SYNTHETIC_PROTOTYPE
MPLADS-SYN-0270,Tamil Nadu,Salem,Salem,Sports Facility,Sports Facility development work in Salem,2030000,1980000,1396357,2026-05-08,2026-09-19,,69,74,Rural Development Agency,National Infra Services,18.049551,82.395454,Ongoing,Semi-urban,SYNTHETIC_PROTOTYPE
MPLADS-SYN-0271,Tamil Nadu,Salem,Salem,Health Facility,Health Facility development work in Salem,3050000,3060000,1856249,2026-05-02,2026-09-07,,63,66,District Health Office,Sai Construction,12.488438,82.498392,Ongoing,Semi-urban,SYNTHETIC_PROTOTYPE
MPLADS-SYN-0272,Madhya Pradesh,Sagar,Sagar,Health Facility,Health Facility development work in Sagar,4400000,4470000,3390880,2026-03-12,2026-08-03,,89,79,Municipal Council,Sai Construction,19.335499,76.103612,Ongoing,Plain,SYNTHETIC_PROTOTYPE
MPLADS-SYN-0273,Tamil Nadu,Salem,Salem,Sports Facility,Sports Facility development work in Salem,2140000,2200000,1065723,2026-05-15,2026-09-03,,62,54,Municipal Corporation,ABC Infrastructure Pvt Ltd,27.869879,81.507319,Ongoing,Rural,SYNTHETIC_PROTOTYPE
MPLADS-SYN-0274,Bihar,Darbhanga,Darbhanga,Drinking Water,Drinking Water development work in Darbhanga,500000,510000,403207,2026-08-17,2027-03-10,,82,82,Municipal Council,District Works Cooperative,9.208126,80.141393,Ongoing,Plain,SYNTHETIC_PROTOTYPE
MPLADS-SYN-0275,Maharashtra,Nandurbar,Nandurbar,Library,Library development work in Nandurbar,740000,730000,658600,2026-08-05,2027-02-21,,66,89,Rural Development Agency,Sai Construction,8.1898,73.940124,Under Review,Hilly,SYNTHETIC_PROTOTYPE
MPLADS-SYN-0276,Rajasthan,Jodhpur,Jodhpur,School Building,School Building development work in Jodhpur,3740000,3750000,1800589,2026-02-02,2026-09-09,,49,50,Public Works Department,Sai Construction,11.207287,77.782471,Ongoing,Semi-urban,SYNTHETIC_PROTOTYPE
MPLADS-SYN-0277,Karnataka,Hubballi,Hubballi,Library,Library development work in Hubballi,810000,830000,623700,2026-04-07,2026-06-29,,35,77,Public Works Department,District Works Cooperative,11.003079,74.719503,Under Review,Plain,SYNTHETIC_PROTOTYPE
MPLADS-SYN-0278,Gujarat,Kutch,Kutch,Health Facility,Health Facility development work in Kutch,4090000,4130000,3338559,2026-01-12,2026-07-10,,91,87,District Health Office,District Works Cooperative,15.092827,78.997286,Ongoing,Semi-urban,SYNTHETIC_PROTOTYPE
MPLADS-SYN-0279,Bihar,Bhagalpur,Bhagalpur,Community Hall,Community Hall development work in Bhagalpur,3270000,3220000,719400,2026-02-02,2026-07-06,,13,22,Public Works Department,ABC Infrastructure Pvt Ltd,26.332435,74.527664,Delayed,Rural,SYNTHETIC_PROTOTYPE
MPLADS-SYN-0280,Uttar Pradesh,Kanpur Nagar,Kanpur,Road,Road development work in Kanpur Nagar,1270000,1290000,431800,2026-06-04,2026-10-29,,25,34,Public Works Department,Sai Construction,25.140165,73.420571,Under Review,Plain,SYNTHETIC_PROTOTYPE
MPLADS-SYN-0281,Tamil Nadu,Madurai,Madurai,Sports Facility,Sports Facility development work in Madurai,1480000,1450000,972849,2026-03-02,2026-09-27,,57,67,Municipal Council,Sai Construction,19.02795,75.475936,Ongoing,Hilly,SYNTHETIC_PROTOTYPE
MPLADS-SYN-0282,Gujarat,Vadodara,Vadodara,Road,Road development work in Vadodara,900000,900000,305823,2026-06-11,2027-01-22,,46,36,Municipal Council,ABC Infrastructure Pvt Ltd,26.719551,77.053548,Ongoing,Rural,SYNTHETIC_PROTOTYPE
MPLADS-SYN-0283,Gujarat,Vadodara,Vadodara,Community Hall,Community Hall development work in Vadodara,2560000,2570000,1085142,2026-03-15,2026-05-14,,46,43,Municipal Council,National Infra Services,12.108334,74.839129,Ongoing,Rural,SYNTHETIC_PROTOTYPE
MPLADS-SYN-0284,Madhya Pradesh,Jabalpur,Jabalpur,Community Hall,Community Hall development work in Jabalpur,2890000,2840000,1652343,2026-05-22,2026-11-06,,72,62,Rural Development Agency,Om Civil Works,18.949361,77.723309,Ongoing,Semi-urban,SYNTHETIC_PROTOTYPE
MPLADS-SYN-0285,Uttar Pradesh,Kanpur Nagar,Kanpur,Community Hall,Community Hall development work in Kanpur Nagar,2860000,2830000,1991209,2026-02-15,2026-05-07,,86,76,District Health Office,Maharashtra Works Agency,23.019748,82.821832,Ongoing,Semi-urban,SYNTHETIC_PROTOTYPE
MPLADS-SYN-0286,Karnataka,Mysuru,Mysuru,Sports Facility,Sports Facility development work in Mysuru,2400000,2380000,1092624,2026-08-14,2026-10-25,,38,47,Municipal Corporation,Sai Construction,8.816811,86.320296,Ongoing,Hilly,SYNTHETIC_PROTOTYPE
MPLADS-SYN-0287,Bihar,Darbhanga,Darbhanga,Drinking Water,Drinking Water development work in Darbhanga,1650000,1640000,1300333,2026-01-03,2026-05-26,,91,84,Zilla Parishad,Maharashtra Works Agency,11.008384,88.117915,Ongoing,Plain,SYNTHETIC_PROTOTYPE
MPLADS-SYN-0288,Madhya Pradesh,Jabalpur,Jabalpur,Sports Facility,Sports Facility development work in Jabalpur,1960000,2010000,548800,2026-07-06,2027-02-24,,13,28,Municipal Corporation,Maharashtra Works Agency,8.103547,75.41775,Delayed,Hilly,SYNTHETIC_PROTOTYPE
MPLADS-SYN-0289,Gujarat,Rajkot,Rajkot,Sports Facility,Sports Facility development work in Rajkot,1150000,1180000,741549,2026-06-10,2026-10-22,,72,67,Municipal Corporation,District Works Cooperative,17.255733,79.711772,Ongoing,Rural,SYNTHETIC_PROTOTYPE
MPLADS-SYN-0290,Tamil Nadu,Tiruchirappalli,Tiruchirappalli,Sports Facility,Sports Facility development work in Tiruchirappalli,1650000,1660000,1386000,2026-07-16,2027-01-10,,40,84,Education Department,Maharashtra Works Agency,26.953282,74.589969,Under Review,Plain,SYNTHETIC_PROTOTYPE
MPLADS-SYN-0291,Rajasthan,Jodhpur,Jodhpur,Library,Library development work in Jodhpur,1260000,1240000,995400,2026-04-06,2026-10-03,,33,79,Municipal Council,National Infra Services,14.615846,76.834202,Under Review,Rural,SYNTHETIC_PROTOTYPE
MPLADS-SYN-0292,Maharashtra,Jalgaon,Jalgaon,Health Facility,Health Facility development work in Jalgaon,4570000,4460000,3465502,2026-08-14,2026-11-13,,85,78,Municipal Council,ABC Infrastructure Pvt Ltd,25.364943,84.506017,Ongoing,Hilly,SYNTHETIC_PROTOTYPE
MPLADS-SYN-0293,Madhya Pradesh,Indore,Indore,Sports Facility,Sports Facility development work in Indore,1000000,1030000,573071,2026-06-19,2026-11-18,,54,59,Municipal Corporation,National Infra Services,14.286586,83.811305,Ongoing,Hilly,SYNTHETIC_PROTOTYPE
MPLADS-SYN-0294,Bihar,Bhagalpur,Bhagalpur,Road,Road development work in Bhagalpur,2270000,2210000,908000,2026-06-08,2026-10-25,,12,40,Municipal Council,Shree Buildcon,11.076815,82.04258,Delayed,Semi-urban,SYNTHETIC_PROTOTYPE
MPLADS-SYN-0295,Rajasthan,Jodhpur,Jodhpur,Library,Library development work in Jodhpur,730000,750000,597826,2026-05-18,2026-09-26,,92,86,District Health Office,ABC Infrastructure Pvt Ltd,11.89529,85.706424,Ongoing,Plain,SYNTHETIC_PROTOTYPE
MPLADS-SYN-0296,Gujarat,Rajkot,Rajkot,Drinking Water,Drinking Water development work in Rajkot,1830000,1800000,1253591,2026-08-01,2026-12-03,,67,72,Rural Development Agency,District Works Cooperative,20.32776,80.127985,Ongoing,Hilly,SYNTHETIC_PROTOTYPE
MPLADS-SYN-0297,Karnataka,Hubballi,Hubballi,Street Lighting,Street Lighting development work in Hubballi,1030000,1010000,493889,2026-08-04,2027-03-27,,47,49,Public Works Department,Maharashtra Works Agency,12.310984,83.086139,Ongoing,Semi-urban,SYNTHETIC_PROTOTYPE
MPLADS-SYN-0298,Karnataka,Belagavi,Belagavi,Road,Road development work in Belagavi,1310000,1320000,1037905,2026-07-11,2027-01-29,,89,87,District Health Office,Om Civil Works,12.088769,75.547168,Ongoing,Semi-urban,SYNTHETIC_PROTOTYPE
MPLADS-SYN-0299,Madhya Pradesh,Sagar,Sagar,Street Lighting,Street Lighting development work in Sagar,710000,710000,416358,2026-08-08,2026-12-29,,53,65,Public Works Department,Om Civil Works,23.637137,76.301866,Ongoing,Plain,SYNTHETIC_PROTOTYPE
MPLADS-SYN-0300,Maharashtra,Thane,Thane,Drainage,Drainage development work in Thane,2430000,2420000,899100,2026-05-19,2026-10-11,,69,37,Zilla Parishad,National Infra Services,23.055893,81.327562,Under Review,Semi-urban,SYNTHETIC_PROTOTYPE
MPLADS-SYN-0301,Tamil Nadu,Tiruchirappalli,Tiruchirappalli,Community Hall,Community Hall development work in Tiruchirappalli,1790000,1760000,836692,2026-04-10,2026-07-25,,43,50,Zilla Parishad,ABC Infrastructure Pvt Ltd,18.935152,87.584163,Ongoing,Plain,SYNTHETIC_PROTOTYPE
MPLADS-SYN-0302,Rajasthan,Udaipur,Udaipur,Solar Lighting,Solar Lighting development work in Udaipur,550000,560000,386033,2026-03-17,2026-10-11,,66,75,Public Works Department,National Infra Services,10.494927,84.484005,Ongoing,Hilly,SYNTHETIC_PROTOTYPE
MPLADS-SYN-0303,Karnataka,Mysuru,Mysuru,School Building,School Building development work in Mysuru,4370000,4330000,1880874,2026-07-16,2026-09-18,,50,45,District Health Office,Maharashtra Works Agency,21.270872,77.33397,Ongoing,Semi-urban,SYNTHETIC_PROTOTYPE
MPLADS-SYN-0304,Maharashtra,Jalgaon,Jalgaon,Road,Road development work in Jalgaon,2770000,2770000,802769,2026-03-14,2026-05-24,,41,31,Rural Development Agency,Om Civil Works,23.631297,83.921625,Ongoing,Semi-urban,SYNTHETIC_PROTOTYPE
MPLADS-SYN-0305,Rajasthan,Jodhpur,Jodhpur,Drinking Water,Drinking Water development work in Jodhpur,1570000,1610000,1287400,2026-03-08,2026-10-22,,21,82,District Health Office,ABC Infrastructure Pvt Ltd,9.943178,78.663336,Under Review,Semi-urban,SYNTHETIC_PROTOTYPE
MPLADS-SYN-0306,Bihar,Muzaffarpur,Muzaffarpur,Drinking Water,Drinking Water development work in Muzaffarpur,1940000,1900000,1280400,2026-07-15,2026-11-06,,37,66,Public Works Department,Sai Construction,13.387495,79.257739,Delayed,Hilly,SYNTHETIC_PROTOTYPE
MPLADS-SYN-0307,Rajasthan,Jodhpur,Jodhpur,Drinking Water,Drinking Water development work in Jodhpur,330000,340000,220361,2026-06-17,2027-01-16,,69,70,Municipal Council,District Works Cooperative,19.539102,80.754265,Ongoing,Semi-urban,SYNTHETIC_PROTOTYPE
MPLADS-SYN-0308,Rajasthan,Udaipur,Udaipur,Community Hall,Community Hall development work in Udaipur,2920000,2940000,1138800,2026-04-08,2026-09-04,,27,39,Municipal Council,ABC Infrastructure Pvt Ltd,27.748826,76.557595,Under Review,Semi-urban,SYNTHETIC_PROTOTYPE
MPLADS-SYN-0309,Gujarat,Rajkot,Rajkot,Health Facility,Health Facility development work in Rajkot,3710000,3790000,2537104,2026-08-25,2027-01-06,,73,74,Public Works Department,Shree Buildcon,10.112528,88.460488,Ongoing,Rural,SYNTHETIC_PROTOTYPE
MPLADS-SYN-0310,Uttar Pradesh,Agra,Agra,Sports Facility,Sports Facility development work in Agra,1990000,2000000,1603685,2026-02-19,2026-10-01,,72,83,Public Works Department,ABC Infrastructure Pvt Ltd,9.945728,87.951038,Ongoing,Rural,SYNTHETIC_PROTOTYPE
MPLADS-SYN-0311,Karnataka,Mysuru,Mysuru,Drinking Water,Drinking Water development work in Mysuru,1750000,1720000,654626,2026-06-24,2026-12-03,,40,40,Municipal Corporation,District Works Cooperative,24.009849,74.838957,Ongoing,Semi-urban,SYNTHETIC_PROTOTYPE
MPLADS-SYN-0312,Madhya Pradesh,Ujjain,Ujjain,Solar Lighting,Solar Lighting development work in Ujjain,430000,440000,231705,2026-02-23,2026-09-24,,57,59,Rural Development Agency,National Infra Services,25.470281,74.40513,Ongoing,Rural,SYNTHETIC_PROTOTYPE
MPLADS-SYN-0313,Bihar,Bhagalpur,Bhagalpur,Sports Facility,Sports Facility development work in Bhagalpur,1760000,1710000,1724800,2026-04-14,2026-07-30,,39,98,Public Works Department,District Works Cooperative,19.90836,82.349709,Under Review,Hilly,SYNTHETIC_PROTOTYPE
MPLADS-SYN-0314,Rajasthan,Udaipur,Udaipur,Street Lighting,Street Lighting development work in Udaipur,330000,330000,239119,2026-08-16,2027-03-15,,70,80,Zilla Parishad,Sai Construction,27.539862,74.827129,Ongoing,Hilly,SYNTHETIC_PROTOTYPE
MPLADS-SYN-0315,Uttar Pradesh,Kanpur Nagar,Kanpur,Sports Facility,Sports Facility development work in Kanpur Nagar,2050000,2040000,697000,2026-01-20,2026-04-03,,59,34,Education Department,National Infra Services,15.346165,73.974776,Under Review,Rural,SYNTHETIC_PROTOTYPE
MPLADS-SYN-0316,Uttar Pradesh,Kanpur Nagar,Kanpur,Drinking Water,Drinking Water development work in Kanpur Nagar,1220000,1190000,720587,2026-02-11,2026-08-05,,70,61,Zilla Parishad,District Works Cooperative,18.739279,72.336613,Ongoing,Plain,SYNTHETIC_PROTOTYPE
MPLADS-SYN-0317,Bihar,Patna,Patna,Solar Lighting,Solar Lighting development work in Patna,350000,340000,148009,2026-02-10,2026-06-24,,41,46,Municipal Corporation,ABC Infrastructure Pvt Ltd,22.002157,81.736754,Ongoing,Semi-urban,SYNTHETIC_PROTOTYPE
MPLADS-SYN-0318,Uttar Pradesh,Agra,Agra,Drinking Water,Drinking Water development work in Agra,1010000,1020000,377009,2026-08-25,2026-12-13,,36,41,District Health Office,Maharashtra Works Agency,16.739544,79.179791,Ongoing,Rural,SYNTHETIC_PROTOTYPE
MPLADS-SYN-0319,Madhya Pradesh,Sagar,Sagar,Drainage,Drainage development work in Sagar,2170000,2140000,1171503,2026-04-04,2026-09-28,,48,56,Municipal Council,Shree Buildcon,22.604417,73.203897,Ongoing,Plain,SYNTHETIC_PROTOTYPE
MPLADS-SYN-0320,Bihar,Muzaffarpur,Muzaffarpur,Solar Lighting,Solar Lighting development work in Muzaffarpur,270000,270000,86551,2026-07-02,2027-02-25,,42,35,Rural Development Agency,District Works Cooperative,10.642209,83.37674,Ongoing,Rural,SYNTHETIC_PROTOTYPE
MPLADS-SYN-0321,Uttar Pradesh,Kanpur Nagar,Kanpur,School Building,School Building development work in Kanpur Nagar,4960000,4900000,2364995,2026-02-08,2026-07-29,,37,48,Municipal Corporation,Om Civil Works,16.981226,74.355519,Ongoing,Semi-urban,SYNTHETIC_PROTOTYPE
MPLADS-SYN-0322,Gujarat,Ahmedabad,Ahmedabad,Health Facility,Health Facility development work in Ahmedabad,3460000,3450000,1621262,2026-03-24,2026-08-13,,59,49,Zilla Parishad,Maharashtra Works Agency,10.941473,73.712578,Ongoing,Rural,SYNTHETIC_PROTOTYPE
MPLADS-SYN-0323,Maharashtra,Nandurbar,Nandurbar,Street Lighting,Street Lighting development work in Nandurbar,540000,560000,254370,2026-07-23,2027-02-06,,48,50,Municipal Council,District Works Cooperative,28.243532,74.0629,Ongoing,Rural,SYNTHETIC_PROTOTYPE
MPLADS-SYN-0324,Uttar Pradesh,Lucknow,Lucknow,Drinking Water,Drinking Water development work in Lucknow,840000,850000,544058,2026-03-22,2026-08-27,,59,67,Rural Development Agency,Om Civil Works,11.696462,79.309176,Ongoing,Hilly,SYNTHETIC_PROTOTYPE
MPLADS-SYN-0325,Tamil Nadu,Coimbatore,Coimbatore,Community Hall,Community Hall development work in Coimbatore,1870000,1890000,782867,2026-02-12,2026-09-19,,46,45,Public Works Department,Maharashtra Works Agency,26.54256,79.369181,Ongoing,Semi-urban,SYNTHETIC_PROTOTYPE
MPLADS-SYN-0326,Madhya Pradesh,Ujjain,Ujjain,Road,Road development work in Ujjain,2980000,2980000,2362110,2026-06-11,2026-08-31,,93,87,Zilla Parishad,Maharashtra Works Agency,11.633327,82.296513,Ongoing,Semi-urban,SYNTHETIC_PROTOTYPE
MPLADS-SYN-0327,Maharashtra,Ahmednagar,Ahmednagar,Solar Lighting,Solar Lighting development work in Ahmednagar,270000,270000,204170,2026-01-10,2026-06-16,,79,81,Rural Development Agency,Shree Buildcon,15.790347,72.593722,Ongoing,Rural,SYNTHETIC_PROTOTYPE
MPLADS-SYN-0328,Maharashtra,Jalgaon,Jalgaon,Solar Lighting,Solar Lighting development work in Jalgaon,420000,430000,150459,2026-08-21,2027-01-12,,47,39,District Health Office,District Works Cooperative,10.169571,74.012644,Ongoing,Plain,SYNTHETIC_PROTOTYPE
MPLADS-SYN-0329,Rajasthan,Jaipur,Jaipur,School Building,School Building development work in Jaipur,1920000,1960000,1372753,2026-06-25,2026-10-21,,67,77,Rural Development Agency,Shree Buildcon,21.023587,81.773085,Ongoing,Rural,SYNTHETIC_PROTOTYPE
MPLADS-SYN-0330,Gujarat,Vadodara,Vadodara,Solar Lighting,Solar Lighting development work in Vadodara,1180000,1170000,507400,2026-02-19,2026-06-26,,28,43,Education Department,National Infra Services,14.540812,77.908857,Delayed,Hilly,SYNTHETIC_PROTOTYPE
MPLADS-SYN-0331,Madhya Pradesh,Indore,Indore,Solar Lighting,Solar Lighting development work in Indore,710000,720000,401815,2026-01-13,2026-07-12,,54,61,Municipal Corporation,Shree Buildcon,14.914962,72.357731,Ongoing,Semi-urban,SYNTHETIC_PROTOTYPE
MPLADS-SYN-0332,Tamil Nadu,Madurai,Madurai,Solar Lighting,Solar Lighting development work in Madurai,1350000,1340000,929876,2026-03-17,2026-07-27,,71,76,District Health Office,Maharashtra Works Agency,15.653771,83.360489,Ongoing,Rural,SYNTHETIC_PROTOTYPE
MPLADS-SYN-0333,Tamil Nadu,Chennai,Chennai,Sports Facility,Sports Facility development work in Chennai,1550000,1550000,719531,2026-05-03,2026-10-25,,58,49,Education Department,Sai Construction,11.960225,84.704104,Ongoing,Semi-urban,SYNTHETIC_PROTOTYPE
MPLADS-SYN-0334,Maharashtra,Dhule,Dhule,Street Lighting,Street Lighting development work in Dhule,700000,720000,238000,2026-01-01,2026-08-15,,14,34,Education Department,National Infra Services,16.639176,78.082422,Delayed,Rural,SYNTHETIC_PROTOTYPE
MPLADS-SYN-0335,Maharashtra,Dhule,Dhule,Drainage,Drainage development work in Dhule,1870000,1840000,729300,2026-01-17,2026-04-01,,28,39,District Health Office,National Infra Services,22.630115,80.195164,Under Review,Plain,SYNTHETIC_PROTOTYPE
MPLADS-SYN-0336,Rajasthan,Jodhpur,Jodhpur,Community Hall,Community Hall development work in Jodhpur,3320000,3360000,2865306,2026-07-25,2027-03-04,,77,89,Rural Development Agency,National Infra Services,8.394742,84.631355,Ongoing,Plain,SYNTHETIC_PROTOTYPE
MPLADS-SYN-0337,Uttar Pradesh,Kanpur Nagar,Kanpur,Drinking Water,Drinking Water development work in Kanpur Nagar,1820000,1850000,1506099,2026-04-11,2026-08-15,,76,87,Zilla Parishad,Sai Construction,21.334484,79.452221,Ongoing,Rural,SYNTHETIC_PROTOTYPE
MPLADS-SYN-0338,Uttar Pradesh,Varanasi,Varanasi,Library,Library development work in Varanasi,1310000,1300000,1008700,2026-03-16,2026-09-14,,30,77,Public Works Department,Om Civil Works,13.849521,88.28189,Under Review,Plain,SYNTHETIC_PROTOTYPE
MPLADS-SYN-0339,Bihar,Gaya,Gaya,Road,Road development work in Gaya,760000,780000,354781,2026-04-15,2026-11-09,,39,51,Public Works Department,National Infra Services,13.599258,72.372223,Ongoing,Plain,SYNTHETIC_PROTOTYPE
MPLADS-SYN-0340,Rajasthan,Jodhpur,Jodhpur,Library,Library development work in Jodhpur,310000,300000,260400,2026-01-19,2026-07-09,,18,84,District Health Office,Om Civil Works,18.014816,75.820095,Under Review,Hilly,SYNTHETIC_PROTOTYPE
MPLADS-SYN-0341,Bihar,Darbhanga,Darbhanga,Community Hall,Community Hall development work in Darbhanga,1000000,1010000,260000,2026-03-20,2026-08-14,,13,26,District Health Office,Om Civil Works,25.056268,74.630561,Delayed,Rural,SYNTHETIC_PROTOTYPE
MPLADS-SYN-0342,Rajasthan,Udaipur,Udaipur,Community Hall,Community Hall development work in Udaipur,1780000,1760000,1409730,2026-02-16,2026-05-23,,87,83,District Health Office,ABC Infrastructure Pvt Ltd,27.477267,75.99025,Ongoing,Plain,SYNTHETIC_PROTOTYPE
MPLADS-SYN-0343,Bihar,Darbhanga,Darbhanga,Solar Lighting,Solar Lighting development work in Darbhanga,350000,350000,220500,2026-01-16,2026-06-06,,39,63,Zilla Parishad,Maharashtra Works Agency,13.243535,79.814359,Delayed,Plain,SYNTHETIC_PROTOTYPE
MPLADS-SYN-0344,Madhya Pradesh,Ujjain,Ujjain,Street Lighting,Street Lighting development work in Ujjain,1210000,1190000,918806,2026-01-09,2026-08-06,,89,84,District Health Office,ABC Infrastructure Pvt Ltd,18.593095,74.869658,Ongoing,Hilly,SYNTHETIC_PROTOTYPE
MPLADS-SYN-0345,Maharashtra,Palghar,Palghar,Library,Library development work in Palghar,1250000,1230000,657063,2026-07-01,2027-01-11,,52,55,Municipal Corporation,National Infra Services,21.014056,73.754414,Ongoing,Rural,SYNTHETIC_PROTOTYPE
MPLADS-SYN-0346,Maharashtra,Aurangabad,Aurangabad,Drinking Water,Drinking Water development work in Aurangabad,660000,670000,463775,2026-07-01,2026-12-03,,72,78,Public Works Department,ABC Infrastructure Pvt Ltd,24.155785,73.860418,Ongoing,Semi-urban,SYNTHETIC_PROTOTYPE
MPLADS-SYN-0347,Rajasthan,Kota,Kota,Health Facility,Health Facility development work in Kota,1120000,1100000,764290,2026-01-11,2026-06-21,,73,70,Municipal Council,ABC Infrastructure Pvt Ltd,21.768948,87.35787,Ongoing,Semi-urban,SYNTHETIC_PROTOTYPE
MPLADS-SYN-0348,Tamil Nadu,Madurai,Madurai,Sports Facility,Sports Facility development work in Madurai,1820000,1840000,1415999,2026-05-16,2026-11-22,,70,81,Rural Development Agency,Sai Construction,23.527063,85.851877,Ongoing,Semi-urban,SYNTHETIC_PROTOTYPE
MPLADS-SYN-0349,Madhya Pradesh,Jabalpur,Jabalpur,Drinking Water,Drinking Water development work in Jabalpur,1240000,1220000,1016800,2026-06-07,2026-12-02,,55,82,Public Works Department,Om Civil Works,11.55502,83.95578,Under Review,Semi-urban,SYNTHETIC_PROTOTYPE
MPLADS-SYN-0350,Bihar,Darbhanga,Darbhanga,School Building,School Building development work in Darbhanga,3420000,3430000,2570013,2026-06-04,2026-09-07,,89,81,Zilla Parishad,Shree Buildcon,15.407366,85.221447,Ongoing,Hilly,SYNTHETIC_PROTOTYPE
MPLADS-SYN-0351,Uttar Pradesh,Kanpur Nagar,Kanpur,Sports Facility,Sports Facility development work in Kanpur Nagar,1820000,1870000,680906,2026-03-03,2026-09-25,,41,38,Public Works Department,National Infra Services,28.062786,76.450531,Ongoing,Semi-urban,SYNTHETIC_PROTOTYPE
MPLADS-SYN-0352,Karnataka,Mysuru,Mysuru,Library,Library development work in Mysuru,1430000,1410000,721549,2026-06-11,2026-08-15,,58,52,Public Works Department,Sai Construction,20.620576,85.830613,Ongoing,Rural,SYNTHETIC_PROTOTYPE
MPLADS-SYN-0353,Gujarat,Rajkot,Rajkot,Street Lighting,Street Lighting development work in Rajkot,1070000,1090000,674247,2026-06-09,2026-12-08,,68,64,Municipal Council,Shree Buildcon,12.492304,81.660661,Ongoing,Rural,SYNTHETIC_PROTOTYPE
MPLADS-SYN-0354,Gujarat,Surat,Surat,School Building,School Building development work in Surat,4060000,4170000,1583400,2026-03-10,2026-09-26,,17,39,Rural Development Agency,Sai Construction,26.345901,75.898046,Delayed,Plain,SYNTHETIC_PROTOTYPE
MPLADS-SYN-0355,Karnataka,Dharwad,Dharwad,Drinking Water,Drinking Water development work in Dharwad,1430000,1460000,429000,2026-02-23,2026-06-26,,28,30,District Health Office,Shree Buildcon,20.42322,72.697513,Under Review,Hilly,SYNTHETIC_PROTOTYPE
MPLADS-SYN-0356,Rajasthan,Udaipur,Udaipur,Community Hall,Community Hall development work in Udaipur,3170000,3100000,2599400,2026-03-21,2026-08-05,,36,82,Municipal Council,Sai Construction,10.917464,86.858309,Under Review,Rural,SYNTHETIC_PROTOTYPE
MPLADS-SYN-0357,Karnataka,Hubballi,Hubballi,Community Hall,Community Hall development work in Hubballi,880000,850000,331000,2026-03-24,2026-10-13,,36,40,Zilla Parishad,Maharashtra Works Agency,8.506012,75.608448,Ongoing,Rural,SYNTHETIC_PROTOTYPE
MPLADS-SYN-0358,Maharashtra,Ahmednagar,Ahmednagar,Drinking Water,Drinking Water development work in Ahmednagar,1380000,1370000,462576,2026-07-05,2026-12-21,,39,34,Public Works Department,Om Civil Works,13.230532,87.115176,Ongoing,Hilly,SYNTHETIC_PROTOTYPE
MPLADS-SYN-0359,Uttar Pradesh,Lucknow,Lucknow,Solar Lighting,Solar Lighting development work in Lucknow,1030000,1010000,896100,2026-05-04,2026-08-09,,49,87,Municipal Council,Om Civil Works,25.312008,75.612717,Under Review,Semi-urban,SYNTHETIC_PROTOTYPE
MPLADS-SYN-0360,Rajasthan,Udaipur,Udaipur,Health Facility,Health Facility development work in Udaipur,1970000,2000000,540767,2026-03-11,2026-06-19,,40,30,Municipal Corporation,Om Civil Works,20.165644,86.077777,Ongoing,Rural,SYNTHETIC_PROTOTYPE
MPLADS-SYN-0361,Rajasthan,Jodhpur,Jodhpur,Health Facility,Health Facility development work in Jodhpur,3230000,3310000,2573319,2026-05-20,2026-11-30,,89,87,Education Department,ABC Infrastructure Pvt Ltd,20.561108,74.287164,Ongoing,Plain,SYNTHETIC_PROTOTYPE
MPLADS-SYN-0362,Madhya Pradesh,Indore,Indore,School Building,School Building development work in Indore,2480000,2440000,2368925,2026-06-19,2026-10-18,2026-11-24,95,100,Rural Development Agency,National Infra Services,16.924364,74.023205,Completed,Hilly,SYNTHETIC_PROTOTYPE
MPLADS-SYN-0363,Tamil Nadu,Salem,Salem,Drainage,Drainage development work in Salem,2330000,2320000,667406,2026-03-01,2026-06-11,,37,31,Rural Development Agency,Maharashtra Works Agency,9.910935,86.446096,Ongoing,Rural,SYNTHETIC_PROTOTYPE
MPLADS-SYN-0364,Maharashtra,Palghar,Palghar,Solar Lighting,Solar Lighting development work in Palghar,1630000,1650000,994300,2026-08-02,2026-12-12,,35,61,Zilla Parishad,Maharashtra Works Agency,16.350394,82.346205,Delayed,Rural,SYNTHETIC_PROTOTYPE
MPLADS-SYN-0365,Rajasthan,Ajmer,Ajmer,Sports Facility,Sports Facility development work in Ajmer,1050000,1030000,528941,2026-04-13,2026-11-02,,62,54,Municipal Corporation,National Infra Services,11.633353,82.825692,Ongoing,Semi-urban,SYNTHETIC_PROTOTYPE
MPLADS-SYN-0366,Bihar,Darbhanga,Darbhanga,School Building,School Building development work in Darbhanga,3490000,3460000,3156545,2026-05-03,2026-10-01,2026-11-09,95,93,Zilla Parishad,District Works Cooperative,15.241423,78.400031,Completed,Plain,SYNTHETIC_PROTOTYPE
MPLADS-SYN-0367,Maharashtra,Nashik,Nashik,Library,Library development work in Nashik,760000,780000,407381,2026-06-01,2027-01-17,,55,59,District Health Office,Maharashtra Works Agency,14.943875,84.370589,Ongoing,Plain,SYNTHETIC_PROTOTYPE
MPLADS-SYN-0368,Madhya Pradesh,Jabalpur,Jabalpur,Drainage,Drainage development work in Jabalpur,1490000,1450000,610900,2026-06-03,2026-12-07,,40,41,District Health Office,Maharashtra Works Agency,14.146313,72.375082,Under Review,Plain,SYNTHETIC_PROTOTYPE
MPLADS-SYN-0369,Madhya Pradesh,Bhopal,Bhopal,School Building,School Building development work in Bhopal,3890000,4010000,3849164,2026-08-02,2027-01-29,2027-02-13,95,100,Municipal Corporation,District Works Cooperative,16.322768,73.7637,Completed,Plain,SYNTHETIC_PROTOTYPE
MPLADS-SYN-0370,Gujarat,Rajkot,Rajkot,Street Lighting,Street Lighting development work in Rajkot,1430000,1470000,1095491,2026-02-13,2026-09-12,,76,84,District Health Office,Shree Buildcon,13.185192,74.115152,Ongoing,Semi-urban,SYNTHETIC_PROTOTYPE
MPLADS-SYN-0371,Tamil Nadu,Madurai,Madurai,Health Facility,Health Facility development work in Madurai,2760000,2730000,2720839,2026-05-15,2026-12-30,,90,100,Education Department,Shree Buildcon,21.018557,75.411894,Ongoing,Semi-urban,SYNTHETIC_PROTOTYPE
MPLADS-SYN-0372,Gujarat,Kutch,Kutch,Library,Library development work in Kutch,1180000,1190000,544013,2026-04-15,2026-08-04,,45,50,Education Department,National Infra Services,13.650119,79.867781,Ongoing,Semi-urban,SYNTHETIC_PROTOTYPE
MPLADS-SYN-0373,Rajasthan,Ajmer,Ajmer,Solar Lighting,Solar Lighting development work in Ajmer,1750000,1720000,927500,2026-03-21,2026-09-24,,40,53,Zilla Parishad,Om Civil Works,11.056474,72.322906,Delayed,Hilly,SYNTHETIC_PROTOTYPE
MPLADS-SYN-0374,Madhya Pradesh,Indore,Indore,Health Facility,Health Facility development work in Indore,1000000,1020000,414831,2026-07-18,2026-10-04,,49,45,District Health Office,ABC Infrastructure Pvt Ltd,28.290379,81.051373,Ongoing,Plain,SYNTHETIC_PROTOTYPE
MPLADS-SYN-0375,Karnataka,Bengaluru Urban,Bengaluru,Health Facility,Health Facility development work in Bengaluru Urban,4320000,4360000,1339200,2026-06-25,2026-12-17,,56,31,District Health Office,Om Civil Works,11.368034,84.191862,Under Review,Hilly,SYNTHETIC_PROTOTYPE
MPLADS-SYN-0376,Madhya Pradesh,Ujjain,Ujjain,School Building,School Building development work in Ujjain,1450000,1430000,1211301,2026-04-03,2026-07-11,,80,86,Zilla Parishad,Sai Construction,16.909678,83.544844,Ongoing,Hilly,SYNTHETIC_PROTOTYPE
MPLADS-SYN-0377,Madhya Pradesh,Bhopal,Bhopal,Sports Facility,Sports Facility development work in Bhopal,760000,760000,524666,2026-04-05,2026-08-04,,69,76,Public Works Department,ABC Infrastructure Pvt Ltd,25.595215,80.970563,Ongoing,Plain,SYNTHETIC_PROTOTYPE
MPLADS-SYN-0378,Maharashtra,Nashik,Nashik,Road,Road development work in Nashik,700000,710000,413000,2026-02-03,2026-09-27,,39,59,Rural Development Agency,Shree Buildcon,27.538317,73.6213,Delayed,Hilly,SYNTHETIC_PROTOTYPE
MPLADS-SYN-0379,Maharashtra,Nashik,Nashik,Solar Lighting,Solar Lighting development work in Nashik,360000,370000,209923,2026-05-08,2026-10-11,,68,62,District Health Office,Maharashtra Works Agency,15.000527,77.964201,Ongoing,Plain,SYNTHETIC_PROTOTYPE
MPLADS-SYN-0380,Maharashtra,Solapur,Solapur,Sports Facility,Sports Facility development work in Solapur,750000,770000,555094,2026-01-09,2026-03-22,,70,76,Education Department,ABC Infrastructure Pvt Ltd,16.02937,85.775821,Ongoing,Hilly,SYNTHETIC_PROTOTYPE
MPLADS-SYN-0381,Rajasthan,Udaipur,Udaipur,Community Hall,Community Hall development work in Udaipur,2720000,2680000,1568994,2026-07-07,2026-10-01,,59,58,Education Department,Maharashtra Works Agency,13.162924,79.622427,Ongoing,Rural,SYNTHETIC_PROTOTYPE
MPLADS-SYN-0382,Madhya Pradesh,Jabalpur,Jabalpur,Drainage,Drainage development work in Jabalpur,2310000,2250000,789641,2026-08-20,2027-04-15,,38,37,District Health Office,ABC Infrastructure Pvt Ltd,22.109275,72.619426,Ongoing,Semi-urban,SYNTHETIC_PROTOTYPE
MPLADS-SYN-0383,Rajasthan,Udaipur,Udaipur,Drinking Water,Drinking Water development work in Udaipur,640000,640000,574748,2026-06-08,2026-08-17,,83,92,Education Department,Sai Construction,8.712528,73.26787,Ongoing,Rural,SYNTHETIC_PROTOTYPE
MPLADS-SYN-0384,Maharashtra,Aurangabad,Aurangabad,Health Facility,Health Facility development work in Aurangabad,2500000,2500000,1064813,2026-08-09,2026-12-19,,35,44,Public Works Department,District Works Cooperative,10.453869,83.958831,Ongoing,Rural,SYNTHETIC_PROTOTYPE
MPLADS-SYN-0385,Rajasthan,Udaipur,Udaipur,Street Lighting,Street Lighting development work in Udaipur,1040000,1050000,744357,2026-02-03,2026-06-08,,69,72,District Health Office,ABC Infrastructure Pvt Ltd,23.293321,84.056999,Ongoing,Plain,SYNTHETIC_PROTOTYPE
MPLADS-SYN-0386,Rajasthan,Kota,Kota,Health Facility,Health Facility development work in Kota,2900000,2830000,928000,2026-02-25,2026-05-02,,33,32,Municipal Council,Sai Construction,22.040616,73.19921,Under Review,Semi-urban,SYNTHETIC_PROTOTYPE
MPLADS-SYN-0387,Maharashtra,Aurangabad,Aurangabad,Drinking Water,Drinking Water development work in Aurangabad,1940000,1950000,799673,2026-02-02,2026-04-29,,38,44,Municipal Corporation,National Infra Services,17.256445,83.450458,Ongoing,Plain,SYNTHETIC_PROTOTYPE
MPLADS-SYN-0388,Rajasthan,Jodhpur,Jodhpur,Drainage,Drainage development work in Jodhpur,1800000,1840000,688591,2026-01-25,2026-08-01,,46,42,Public Works Department,Maharashtra Works Agency,20.685064,88.085087,Ongoing,Semi-urban,SYNTHETIC_PROTOTYPE
MPLADS-SYN-0389,Maharashtra,Jalgaon,Jalgaon,Health Facility,Health Facility development work in Jalgaon,4090000,4190000,3558300,2026-03-23,2026-10-13,,24,87,Rural Development Agency,Om Civil Works,14.997464,81.062661,Under Review,Hilly,SYNTHETIC_PROTOTYPE
MPLADS-SYN-0390,Maharashtra,Ahmednagar,Ahmednagar,Library,Library development work in Ahmednagar,840000,870000,520800,2026-07-20,2026-12-27,,44,62,Zilla Parishad,Sai Construction,28.468092,73.926935,Under Review,Semi-urban,SYNTHETIC_PROTOTYPE
MPLADS-SYN-0391,Maharashtra,Jalgaon,Jalgaon,Drinking Water,Drinking Water development work in Jalgaon,1900000,1930000,1053328,2026-01-16,2026-07-07,,63,57,Public Works Department,Sai Construction,13.77077,74.678153,Ongoing,Rural,SYNTHETIC_PROTOTYPE
MPLADS-SYN-0392,Gujarat,Surat,Surat,Drainage,Drainage development work in Surat,1330000,1310000,553486,2026-03-07,2026-08-02,,48,43,Zilla Parishad,Sai Construction,17.577452,87.298252,Ongoing,Plain,SYNTHETIC_PROTOTYPE
MPLADS-SYN-0393,Maharashtra,Pune,Pune,Health Facility,Health Facility development work in Pune,2180000,2210000,755754,2026-01-08,2026-07-02,,41,35,District Health Office,Shree Buildcon,13.127582,73.676655,Ongoing,Rural,SYNTHETIC_PROTOTYPE
MPLADS-SYN-0394,Rajasthan,Ajmer,Ajmer,Drinking Water,Drinking Water development work in Ajmer,600000,590000,210000,2026-03-18,2026-11-07,,6,35,Rural Development Agency,Maharashtra Works Agency,8.597718,75.776987,Delayed,Rural,SYNTHETIC_PROTOTYPE
MPLADS-SYN-0395,Gujarat,Vadodara,Vadodara,Health Facility,Health Facility development work in Vadodara,3630000,3710000,2266273,2026-02-17,2026-10-01,,60,64,Municipal Council,District Works Cooperative,9.491442,81.415201,Ongoing,Plain,SYNTHETIC_PROTOTYPE
MPLADS-SYN-0396,Karnataka,Hubballi,Hubballi,Street Lighting,Street Lighting development work in Hubballi,520000,530000,362354,2026-06-24,2027-01-26,,63,73,Public Works Department,Om Civil Works,20.905079,82.679967,Ongoing,Rural,SYNTHETIC_PROTOTYPE
MPLADS-SYN-0397,Madhya Pradesh,Indore,Indore,Drainage,Drainage development work in Indore,1730000,1720000,1189281,2026-08-24,2026-11-01,,76,71,District Health Office,District Works Cooperative,18.908884,83.245785,Ongoing,Semi-urban,SYNTHETIC_PROTOTYPE
MPLADS-SYN-0398,Madhya Pradesh,Jabalpur,Jabalpur,Solar Lighting,Solar Lighting development work in Jabalpur,980000,1000000,460600,2026-04-21,2026-07-24,,19,47,Public Works Department,National Infra Services,23.156891,85.971261,Delayed,Semi-urban,SYNTHETIC_PROTOTYPE
MPLADS-SYN-0399,Karnataka,Dharwad,Dharwad,Sports Facility,Sports Facility development work in Dharwad,1100000,1130000,677471,2026-06-25,2026-12-26,,54,64,District Health Office,District Works Cooperative,13.889747,76.318166,Ongoing,Plain,SYNTHETIC_PROTOTYPE
MPLADS-SYN-0400,Uttar Pradesh,Prayagraj,Prayagraj,Sports Facility,Sports Facility development work in Prayagraj,530000,540000,445200,2026-07-15,2026-12-03,,21,84,Zilla Parishad,ABC Infrastructure Pvt Ltd,27.675904,76.384948,Under Review,Plain,SYNTHETIC_PROTOTYPE
MPLADS-SYN-0401,Karnataka,Hubballi,Hubballi,Drainage,Drainage development work in Hubballi,2280000,2270000,760658,2026-06-11,2027-01-14,,42,34,Municipal Council,Maharashtra Works Agency,18.291639,77.024938,Ongoing,Rural,SYNTHETIC_PROTOTYPE
MPLADS-SYN-0402,Uttar Pradesh,Agra,Agra,Community Hall,Community Hall development work in Agra,1290000,1310000,629767,2026-05-17,2026-11-27,,44,49,Rural Development Agency,Om Civil Works,15.909426,82.229377,Ongoing,Semi-urban,SYNTHETIC_PROTOTYPE
MPLADS-SYN-0403,Gujarat,Surat,Surat,Drinking Water,Drinking Water development work in Surat,450000,460000,162000,2026-03-21,2026-05-21,,10,36,Municipal Corporation,National Infra Services,20.793391,72.973244,Delayed,Semi-urban,SYNTHETIC_PROTOTYPE
MPLADS-SYN-0404,Madhya Pradesh,Ujjain,Ujjain,Community Hall,Community Hall development work in Ujjain,3820000,3720000,2177400,2026-06-05,2027-01-09,,29,57,Public Works Department,ABC Infrastructure Pvt Ltd,24.741694,86.105506,Delayed,Semi-urban,SYNTHETIC_PROTOTYPE
MPLADS-SYN-0405,Madhya Pradesh,Indore,Indore,Community Hall,Community Hall development work in Indore,2480000,2460000,1783591,2026-04-19,2026-11-03,,66,76,Municipal Corporation,Shree Buildcon,19.396855,77.083013,Ongoing,Rural,SYNTHETIC_PROTOTYPE
MPLADS-SYN-0406,Tamil Nadu,Coimbatore,Coimbatore,Solar Lighting,Solar Lighting development work in Coimbatore,1710000,1670000,998216,2026-04-05,2026-07-12,,58,60,Education Department,ABC Infrastructure Pvt Ltd,21.842023,88.039406,Ongoing,Plain,SYNTHETIC_PROTOTYPE
MPLADS-SYN-0407,Tamil Nadu,Chennai,Chennai,Library,Library development work in Chennai,470000,470000,421558,2026-03-07,2026-09-29,,84,92,Zilla Parishad,District Works Cooperative,8.468232,74.462054,Ongoing,Plain,SYNTHETIC_PROTOTYPE
MPLADS-SYN-0408,Madhya Pradesh,Bhopal,Bhopal,Library,Library development work in Bhopal,1340000,1340000,648377,2026-03-02,2026-05-30,,60,53,Education Department,Om Civil Works,23.293432,73.472404,Ongoing,Semi-urban,SYNTHETIC_PROTOTYPE
MPLADS-SYN-0409,Karnataka,Mysuru,Mysuru,School Building,School Building development work in Mysuru,1440000,1460000,511292,2026-07-21,2027-01-31,,43,37,Municipal Corporation,Shree Buildcon,25.626799,81.511088,Ongoing,Rural,SYNTHETIC_PROTOTYPE
MPLADS-SYN-0410,Tamil Nadu,Tiruchirappalli,Tiruchirappalli,Drainage,Drainage development work in Tiruchirappalli,1770000,1780000,1327500,2026-05-25,2026-08-26,,24,75,Education Department,Shree Buildcon,8.554364,87.534959,Under Review,Semi-urban,SYNTHETIC_PROTOTYPE
MPLADS-SYN-0411,Maharashtra,Solapur,Solapur,Drainage,Drainage development work in Solapur,1470000,1430000,1171027,2026-08-12,2027-01-27,,84,85,Municipal Corporation,District Works Cooperative,20.769581,78.119652,Ongoing,Rural,SYNTHETIC_PROTOTYPE
MPLADS-SYN-0412,Tamil Nadu,Salem,Salem,School Building,School Building development work in Salem,1760000,1750000,605523,2026-02-11,2026-10-09,,41,38,Rural Development Agency,ABC Infrastructure Pvt Ltd,9.730917,80.387991,Ongoing,Semi-urban,SYNTHETIC_PROTOTYPE
MPLADS-SYN-0413,Karnataka,Dharwad,Dharwad,Road,Road development work in Dharwad,1000000,1020000,902899,2026-01-11,2026-05-01,,87,91,Education Department,National Infra Services,25.879446,75.306033,Ongoing,Rural,SYNTHETIC_PROTOTYPE
MPLADS-SYN-0414,Bihar,Bhagalpur,Bhagalpur,School Building,School Building development work in Bhagalpur,2230000,2290000,2088400,2026-05-19,2026-09-16,,83,95,Education Department,Om Civil Works,27.30027,73.121088,Ongoing,Hilly,SYNTHETIC_PROTOTYPE
MPLADS-SYN-0415,Uttar Pradesh,Agra,Agra,Sports Facility,Sports Facility development work in Agra,2180000,2210000,1391120,2026-07-13,2026-10-06,,71,69,Municipal Council,Shree Buildcon,17.941586,87.717015,Ongoing,Semi-urban,SYNTHETIC_PROTOTYPE
MPLADS-SYN-0416,Gujarat,Surat,Surat,Drainage,Drainage development work in Surat,2180000,2150000,1802991,2026-08-05,2026-11-01,,75,83,Rural Development Agency,ABC Infrastructure Pvt Ltd,27.731644,84.060786,Ongoing,Plain,SYNTHETIC_PROTOTYPE
MPLADS-SYN-0417,Gujarat,Vadodara,Vadodara,Solar Lighting,Solar Lighting development work in Vadodara,1250000,1280000,955968,2026-02-06,2026-08-15,,77,80,District Health Office,Sai Construction,24.751414,76.461866,Ongoing,Semi-urban,SYNTHETIC_PROTOTYPE
MPLADS-SYN-0418,Rajasthan,Kota,Kota,Health Facility,Health Facility development work in Kota,2550000,2610000,1880249,2026-08-19,2027-04-04,,73,76,District Health Office,National Infra Services,16.162243,76.832023,Ongoing,Hilly,SYNTHETIC_PROTOTYPE
MPLADS-SYN-0419,Karnataka,Hubballi,Hubballi,Health Facility,Health Facility development work in Hubballi,3560000,3520000,2992609,2026-04-20,2026-06-29,,83,89,Municipal Council,Sai Construction,28.192755,78.520611,Ongoing,Plain,SYNTHETIC_PROTOTYPE
MPLADS-SYN-0420,Maharashtra,Dhule,Dhule,Drainage,Drainage development work in Dhule,1820000,1820000,728000,2026-07-11,2027-03-07,,36,40,Municipal Council,ABC Infrastructure Pvt Ltd,15.386482,87.776446,Delayed,Hilly,SYNTHETIC_PROTOTYPE
MPLADS-SYN-0421,Tamil Nadu,Tiruchirappalli,Tiruchirappalli,Community Hall,Community Hall development work in Tiruchirappalli,2830000,2810000,2030636,2026-05-18,2026-11-02,,72,74,District Health Office,Om Civil Works,19.037277,85.278645,Ongoing,Rural,SYNTHETIC_PROTOTYPE
MPLADS-SYN-0422,Rajasthan,Ajmer,Ajmer,Sports Facility,Sports Facility development work in Ajmer,2260000,2220000,1569553,2026-07-07,2026-12-21,,67,75,Municipal Council,Maharashtra Works Agency,16.421187,83.704384,Ongoing,Hilly,SYNTHETIC_PROTOTYPE
MPLADS-SYN-0423,Bihar,Muzaffarpur,Muzaffarpur,Sports Facility,Sports Facility development work in Muzaffarpur,370000,370000,145884,2026-05-25,2026-10-13,,43,40,Municipal Council,Shree Buildcon,24.01582,85.286866,Ongoing,Hilly,SYNTHETIC_PROTOTYPE
MPLADS-SYN-0424,Bihar,Muzaffarpur,Muzaffarpur,Health Facility,Health Facility development work in Muzaffarpur,1500000,1480000,942267,2026-02-13,2026-04-21,,58,64,Zilla Parishad,ABC Infrastructure Pvt Ltd,11.625989,83.700826,Ongoing,Hilly,SYNTHETIC_PROTOTYPE
MPLADS-SYN-0425,Uttar Pradesh,Lucknow,Lucknow,Community Hall,Community Hall development work in Lucknow,1390000,1360000,849116,2026-01-07,2026-07-21,,62,63,Municipal Council,Maharashtra Works Agency,23.076023,86.594216,Ongoing,Rural,SYNTHETIC_PROTOTYPE
MPLADS-SYN-0426,Madhya Pradesh,Ujjain,Ujjain,Street Lighting,Street Lighting development work in Ujjain,1470000,1450000,1245937,2026-02-15,2026-08-06,,76,87,Rural Development Agency,District Works Cooperative,23.665224,76.007787,Ongoing,Rural,SYNTHETIC_PROTOTYPE
MPLADS-SYN-0427,Gujarat,Kutch,Kutch,School Building,School Building development work in Kutch,4760000,4660000,1938179,2026-08-16,2027-02-21,,46,44,Public Works Department,Maharashtra Works Agency,26.552561,85.902243,Ongoing,Hilly,SYNTHETIC_PROTOTYPE
MPLADS-SYN-0428,Uttar Pradesh,Agra,Agra,Sports Facility,Sports Facility development work in Agra,1640000,1610000,1460672,2026-01-10,2026-05-30,,88,92,Public Works Department,Sai Construction,22.41309,85.818922,Ongoing,Hilly,SYNTHETIC_PROTOTYPE
MPLADS-SYN-0429,Gujarat,Ahmedabad,Ahmedabad,Community Hall,Community Hall development work in Ahmedabad,1930000,1970000,1523074,2026-01-01,2026-03-18,,93,83,Public Works Department,National Infra Services,15.911766,79.160514,Ongoing,Rural,SYNTHETIC_PROTOTYPE
MPLADS-SYN-0430,Madhya Pradesh,Indore,Indore,Drainage,Drainage development work in Indore,1180000,1190000,1053079,2026-06-22,2026-09-15,,88,90,Zilla Parishad,ABC Infrastructure Pvt Ltd,12.070393,84.756062,Ongoing,Plain,SYNTHETIC_PROTOTYPE
MPLADS-SYN-0431,Karnataka,Hubballi,Hubballi,Library,Library development work in Hubballi,400000,400000,175431,2026-01-12,2026-08-03,,44,46,Municipal Council,District Works Cooperative,16.812878,81.045874,Ongoing,Rural,SYNTHETIC_PROTOTYPE
MPLADS-SYN-0432,Bihar,Bhagalpur,Bhagalpur,Road,Road development work in Bhagalpur,2280000,2270000,2149300,2026-03-01,2026-05-22,,89,99,Rural Development Agency,Shree Buildcon,26.06418,84.606008,Ongoing,Semi-urban,SYNTHETIC_PROTOTYPE
MPLADS-SYN-0433,Uttar Pradesh,Kanpur Nagar,Kanpur,Health Facility,Health Facility development work in Kanpur Nagar,2120000,2160000,932800,2026-03-20,2026-09-18,,21,44,Public Works Department,Maharashtra Works Agency,20.046515,79.413105,Delayed,Hilly,SYNTHETIC_PROTOTYPE
MPLADS-SYN-0434,Bihar,Gaya,Gaya,Drinking Water,Drinking Water development work in Gaya,630000,640000,472500,2026-08-06,2027-02-10,,32,75,Public Works Department,Shree Buildcon,20.526044,86.642499,Under Review,Plain,SYNTHETIC_PROTOTYPE
MPLADS-SYN-0435,Maharashtra,Solapur,Solapur,Community Hall,Community Hall development work in Solapur,3240000,3170000,1772556,2026-02-22,2026-05-15,,58,55,Municipal Council,Maharashtra Works Agency,16.761775,84.33427,Ongoing,Rural,SYNTHETIC_PROTOTYPE
MPLADS-SYN-0436,Tamil Nadu,Coimbatore,Coimbatore,Solar Lighting,Solar Lighting development work in Coimbatore,890000,900000,587400,2026-08-25,2026-11-22,,37,66,Education Department,Sai Construction,23.0204,87.829047,Delayed,Semi-urban,SYNTHETIC_PROTOTYPE
MPLADS-SYN-0437,Bihar,Gaya,Gaya,Solar Lighting,Solar Lighting development work in Gaya,1620000,1650000,819684,2026-05-10,2026-11-24,,49,51,Municipal Council,Om Civil Works,19.216831,87.966605,Ongoing,Hilly,SYNTHETIC_PROTOTYPE
MPLADS-SYN-0438,Maharashtra,Palghar,Palghar,Street Lighting,Street Lighting development work in Palghar,270000,270000,204553,2026-02-08,2026-05-04,,73,84,Zilla Parishad,ABC Infrastructure Pvt Ltd,17.485344,80.373921,Ongoing,Hilly,SYNTHETIC_PROTOTYPE
MPLADS-SYN-0439,Tamil Nadu,Tiruchirappalli,Tiruchirappalli,Drainage,Drainage development work in Tiruchirappalli,530000,550000,455800,2026-07-25,2027-03-21,,26,86,Zilla Parishad,ABC Infrastructure Pvt Ltd,14.549905,77.5648,Under Review,Hilly,SYNTHETIC_PROTOTYPE
MPLADS-SYN-0440,Gujarat,Ahmedabad,Ahmedabad,Street Lighting,Street Lighting development work in Ahmedabad,1070000,1090000,457740,2026-01-07,2026-06-25,,39,46,Public Works Department,ABC Infrastructure Pvt Ltd,20.537281,88.043015,Ongoing,Plain,SYNTHETIC_PROTOTYPE
MPLADS-SYN-0441,Rajasthan,Udaipur,Udaipur,Sports Facility,Sports Facility development work in Udaipur,990000,980000,491166,2026-03-23,2026-07-16,,58,55,Municipal Council,National Infra Services,19.690658,76.768105,Ongoing,Rural,SYNTHETIC_PROTOTYPE
MPLADS-SYN-0442,Madhya Pradesh,Indore,Indore,Drinking Water,Drinking Water development work in Indore,1070000,1080000,267500,2026-02-03,2026-04-07,,46,25,Education Department,National Infra Services,8.65494,72.657258,Under Review,Hilly,SYNTHETIC_PROTOTYPE
MPLADS-SYN-0443,Bihar,Muzaffarpur,Muzaffarpur,Solar Lighting,Solar Lighting development work in Muzaffarpur,700000,720000,555509,2026-07-10,2026-10-20,,86,81,Zilla Parishad,Sai Construction,12.734376,85.91221,Ongoing,Semi-urban,SYNTHETIC_PROTOTYPE
MPLADS-SYN-0444,Madhya Pradesh,Bhopal,Bhopal,Solar Lighting,Solar Lighting development work in Bhopal,660000,680000,213250,2026-02-17,2026-09-11,,41,34,District Health Office,Sai Construction,8.087656,78.039694,Ongoing,Semi-urban,SYNTHETIC_PROTOTYPE
MPLADS-SYN-0445,Karnataka,Bengaluru Urban,Bengaluru,School Building,School Building development work in Bengaluru Urban,3550000,3630000,2334975,2026-08-06,2026-10-05,,75,72,Municipal Council,ABC Infrastructure Pvt Ltd,19.299597,82.148191,Ongoing,Semi-urban,SYNTHETIC_PROTOTYPE
MPLADS-SYN-0446,Karnataka,Mysuru,Mysuru,Drinking Water,Drinking Water development work in Mysuru,620000,630000,233208,2026-08-16,2027-01-14,,47,38,Municipal Council,District Works Cooperative,22.256778,73.703384,Ongoing,Semi-urban,SYNTHETIC_PROTOTYPE
MPLADS-SYN-0447,Maharashtra,Ahmednagar,Ahmednagar,Solar Lighting,Solar Lighting development work in Ahmednagar,470000,470000,381263,2026-02-16,2026-07-02,,82,88,Education Department,Sai Construction,20.466428,86.19991,Ongoing,Plain,SYNTHETIC_PROTOTYPE
MPLADS-SYN-0448,Maharashtra,Nandurbar,Nandurbar,Drinking Water,Drinking Water development work in Nandurbar,1330000,1300000,1014312,2026-02-19,2026-08-29,,84,82,Rural Development Agency,District Works Cooperative,15.422041,72.997335,Ongoing,Plain,SYNTHETIC_PROTOTYPE
MPLADS-SYN-0449,Tamil Nadu,Madurai,Madurai,Community Hall,Community Hall development work in Madurai,1320000,1310000,660000,2026-01-18,2026-07-23,,29,50,District Health Office,Om Civil Works,20.662835,84.208437,Under Review,Hilly,SYNTHETIC_PROTOTYPE
MPLADS-SYN-0450,Uttar Pradesh,Agra,Agra,Street Lighting,Street Lighting development work in Agra,1460000,1470000,803000,2026-08-13,2027-03-11,,45,55,District Health Office,National Infra Services,24.348496,76.426144,Delayed,Semi-urban,SYNTHETIC_PROTOTYPE
MPLADS-SYN-0451,Bihar,Gaya,Gaya,School Building,School Building development work in Gaya,2160000,2220000,1115688,2026-05-05,2026-09-03,,59,52,Education Department,Maharashtra Works Agency,22.706792,88.290436,Ongoing,Hilly,SYNTHETIC_PROTOTYPE
MPLADS-SYN-0452,Tamil Nadu,Coimbatore,Coimbatore,Community Hall,Community Hall development work in Coimbatore,1370000,1410000,1054900,2026-08-03,2027-02-21,,37,77,Municipal Corporation,Maharashtra Works Agency,11.206577,77.985344,Under Review,Semi-urban,SYNTHETIC_PROTOTYPE
MPLADS-SYN-0453,Tamil Nadu,Coimbatore,Coimbatore,Library,Library development work in Coimbatore,1630000,1670000,684600,2026-06-11,2027-01-23,,50,42,District Health Office,Om Civil Works,28.173712,72.600048,Under Review,Semi-urban,SYNTHETIC_PROTOTYPE
MPLADS-SYN-0454,Uttar Pradesh,Kanpur Nagar,Kanpur,Road,Road development work in Kanpur Nagar,2050000,2030000,1681000,2026-08-08,2027-01-03,,28,82,District Health Office,Shree Buildcon,15.657343,82.153609,Under Review,Semi-urban,SYNTHETIC_PROTOTYPE
MPLADS-SYN-0455,Madhya Pradesh,Ujjain,Ujjain,Solar Lighting,Solar Lighting development work in Ujjain,1550000,1520000,565730,2026-02-25,2026-09-02,,35,40,Municipal Council,District Works Cooperative,25.01018,75.298404,Ongoing,Rural,SYNTHETIC_PROTOTYPE
MPLADS-SYN-0456,Rajasthan,Jodhpur,Jodhpur,Community Hall,Community Hall development work in Jodhpur,1660000,1620000,1291669,2026-01-21,2026-04-18,,77,85,Public Works Department,District Works Cooperative,13.986757,88.452782,Ongoing,Semi-urban,SYNTHETIC_PROTOTYPE
MPLADS-SYN-0457,Maharashtra,Palghar,Palghar,Drainage,Drainage development work in Palghar,1000000,980000,467900,2026-05-25,2026-08-24,,49,51,Public Works Department,National Infra Services,14.641157,72.223609,Ongoing,Plain,SYNTHETIC_PROTOTYPE
MPLADS-SYN-0458,Uttar Pradesh,Varanasi,Varanasi,School Building,School Building development work in Varanasi,1400000,1390000,936571,2026-06-11,2026-11-27,,59,67,Zilla Parishad,Maharashtra Works Agency,19.676297,83.063667,Ongoing,Hilly,SYNTHETIC_PROTOTYPE
MPLADS-SYN-0459,Rajasthan,Ajmer,Ajmer,Drinking Water,Drinking Water development work in Ajmer,1430000,1400000,614900,2026-07-15,2027-01-27,,50,43,District Health Office,Om Civil Works,17.305016,72.599539,Under Review,Plain,SYNTHETIC_PROTOTYPE
MPLADS-SYN-0460,Madhya Pradesh,Indore,Indore,School Building,School Building development work in Indore,1690000,1740000,523900,2026-02-19,2026-05-07,,22,31,Education Department,Maharashtra Works Agency,8.482139,77.76024,Delayed,Rural,SYNTHETIC_PROTOTYPE
MPLADS-SYN-0461,Madhya Pradesh,Ujjain,Ujjain,Library,Library development work in Ujjain,490000,500000,361936,2026-06-05,2026-12-27,,72,76,Rural Development Agency,National Infra Services,12.566173,75.397163,Ongoing,Semi-urban,SYNTHETIC_PROTOTYPE
MPLADS-SYN-0462,Karnataka,Belagavi,Belagavi,Drinking Water,Drinking Water development work in Belagavi,1090000,1080000,750317,2026-02-10,2026-09-14,,73,70,Rural Development Agency,ABC Infrastructure Pvt Ltd,19.672402,81.95743,Ongoing,Hilly,SYNTHETIC_PROTOTYPE
MPLADS-SYN-0463,Gujarat,Surat,Surat,Community Hall,Community Hall development work in Surat,1370000,1330000,732345,2026-08-05,2026-10-19,,55,54,Municipal Council,National Infra Services,10.360442,79.899164,Ongoing,Hilly,SYNTHETIC_PROTOTYPE
MPLADS-SYN-0464,Madhya Pradesh,Jabalpur,Jabalpur,School Building,School Building development work in Jabalpur,1720000,1690000,898739,2026-04-24,2026-10-19,,60,56,Education Department,Maharashtra Works Agency,16.066387,77.877944,Ongoing,Hilly,SYNTHETIC_PROTOTYPE
MPLADS-SYN-0465,Uttar Pradesh,Kanpur Nagar,Kanpur,School Building,School Building development work in Kanpur Nagar,1080000,1090000,976827,2026-08-23,2027-03-19,,85,92,Public Works Department,Sai Construction,23.199756,83.134153,Ongoing,Plain,SYNTHETIC_PROTOTYPE
MPLADS-SYN-0466,Tamil Nadu,Chennai,Chennai,Community Hall,Community Hall development work in Chennai,1650000,1620000,1336500,2026-05-14,2026-10-21,,25,81,Municipal Council,Maharashtra Works Agency,17.193341,77.556773,Under Review,Semi-urban,SYNTHETIC_PROTOTYPE
MPLADS-SYN-0467,Rajasthan,Jaipur,Jaipur,School Building,School Building development work in Jaipur,1930000,1880000,617600,2026-05-16,2026-08-27,,28,32,Zilla Parishad,Shree Buildcon,12.444089,83.826191,Under Review,Semi-urban,SYNTHETIC_PROTOTYPE
MPLADS-SYN-0468,Tamil Nadu,Tiruchirappalli,Tiruchirappalli,Drinking Water,Drinking Water development work in Tiruchirappalli,1710000,1670000,666900,2026-08-05,2027-03-26,,31,39,District Health Office,Sai Construction,11.040928,80.345523,Under Review,Hilly,SYNTHETIC_PROTOTYPE
MPLADS-SYN-0469,Uttar Pradesh,Agra,Agra,Road,Road development work in Agra,2270000,2210000,885300,2026-02-15,2026-04-28,,19,39,Education Department,District Works Cooperative,17.936991,83.444168,Delayed,Semi-urban,SYNTHETIC_PROTOTYPE
MPLADS-SYN-0470,Tamil Nadu,Madurai,Madurai,Solar Lighting,Solar Lighting development work in Madurai,1250000,1220000,716097,2026-04-07,2026-06-06,,54,58,Public Works Department,National Infra Services,24.737306,75.338885,Ongoing,Plain,SYNTHETIC_PROTOTYPE
MPLADS-SYN-0471,Tamil Nadu,Salem,Salem,Drinking Water,Drinking Water development work in Salem,960000,980000,502990,2026-08-16,2027-01-04,,61,53,Municipal Council,District Works Cooperative,11.280368,77.91843,Ongoing,Hilly,SYNTHETIC_PROTOTYPE
MPLADS-SYN-0472,Maharashtra,Nandurbar,Nandurbar,Health Facility,Health Facility development work in Nandurbar,1170000,1180000,798530,2026-05-20,2026-11-27,,81,74,District Health Office,ABC Infrastructure Pvt Ltd,21.710875,77.6041,Ongoing,Plain,SYNTHETIC_PROTOTYPE
MPLADS-SYN-0473,Uttar Pradesh,Agra,Agra,Health Facility,Health Facility development work in Agra,3540000,3540000,1994322,2026-07-10,2026-09-10,,69,60,Education Department,ABC Infrastructure Pvt Ltd,19.948407,80.758832,Ongoing,Hilly,SYNTHETIC_PROTOTYPE
MPLADS-SYN-0474,Madhya Pradesh,Bhopal,Bhopal,Drinking Water,Drinking Water development work in Bhopal,740000,760000,562400,2026-02-02,2026-06-14,,38,76,Public Works Department,Shree Buildcon,13.185181,75.57981,Under Review,Rural,SYNTHETIC_PROTOTYPE
MPLADS-SYN-0475,Madhya Pradesh,Sagar,Sagar,Drainage,Drainage development work in Sagar,890000,890000,854593,2026-04-04,2026-06-03,,91,97,District Health Office,Maharashtra Works Agency,8.951472,85.358616,Ongoing,Plain,SYNTHETIC_PROTOTYPE
MPLADS-SYN-0476,Uttar Pradesh,Kanpur Nagar,Kanpur,Health Facility,Health Facility development work in Kanpur Nagar,3050000,3120000,1739932,2026-07-18,2026-12-03,,67,62,Zilla Parishad,District Works Cooperative,8.01682,73.227362,Ongoing,Semi-urban,SYNTHETIC_PROTOTYPE
MPLADS-SYN-0477,Gujarat,Vadodara,Vadodara,Solar Lighting,Solar Lighting development work in Vadodara,1330000,1320000,954821,2026-04-18,2026-12-11,,80,74,Municipal Corporation,Maharashtra Works Agency,21.545194,74.940219,Ongoing,Rural,SYNTHETIC_PROTOTYPE
MPLADS-SYN-0478,Madhya Pradesh,Sagar,Sagar,Health Facility,Health Facility development work in Sagar,2980000,2960000,2649174,2026-05-03,2026-10-22,,85,94,Public Works Department,Om Civil Works,16.125324,72.356296,Ongoing,Rural,SYNTHETIC_PROTOTYPE
MPLADS-SYN-0479,Uttar Pradesh,Lucknow,Lucknow,Drainage,Drainage development work in Lucknow,810000,830000,606285,2026-01-06,2026-06-17,,92,83,Rural Development Agency,Shree Buildcon,8.801233,78.603544,Ongoing,Semi-urban,SYNTHETIC_PROTOTYPE
MPLADS-SYN-0480,Bihar,Muzaffarpur,Muzaffarpur,Road,Road development work in Muzaffarpur,600000,620000,555739,2026-01-22,2026-06-19,,90,99,Rural Development Agency,National Infra Services,23.575332,78.654401,Ongoing,Semi-urban,SYNTHETIC_PROTOTYPE
MPLADS-SYN-0481,Karnataka,Belagavi,Belagavi,Street Lighting,Street Lighting development work in Belagavi,530000,530000,355100,2026-01-13,2026-07-15,,45,67,District Health Office,Maharashtra Works Agency,15.030354,78.962001,Under Review,Semi-urban,SYNTHETIC_PROTOTYPE
MPLADS-SYN-0482,Uttar Pradesh,Varanasi,Varanasi,Community Hall,Community Hall development work in Varanasi,1320000,1290000,693574,2026-04-18,2026-08-13,,56,57,Zilla Parishad,Maharashtra Works Agency,18.026528,73.350288,Ongoing,Semi-urban,SYNTHETIC_PROTOTYPE
MPLADS-SYN-0483,Madhya Pradesh,Jabalpur,Jabalpur,Community Hall,Community Hall development work in Jabalpur,2340000,2400000,1873038,2026-02-17,2026-07-10,,93,84,Municipal Corporation,Sai Construction,20.60643,79.40234,Ongoing,Plain,SYNTHETIC_PROTOTYPE
MPLADS-SYN-0484,Maharashtra,Aurangabad,Aurangabad,Drinking Water,Drinking Water development work in Aurangabad,610000,610000,451400,2026-07-03,2026-09-18,,31,74,Municipal Council,National Infra Services,12.912742,82.631111,Under Review,Plain,SYNTHETIC_PROTOTYPE
MPLADS-SYN-0485,Rajasthan,Kota,Kota,Street Lighting,Street Lighting development work in Kota,1170000,1170000,549554,2026-08-15,2027-01-18,,54,51,Public Works Department,Shree Buildcon,24.585979,81.716031,Ongoing,Rural,SYNTHETIC_PROTOTYPE
MPLADS-SYN-0486,Uttar Pradesh,Agra,Agra,Street Lighting,Street Lighting development work in Agra,910000,930000,609700,2026-05-13,2026-09-20,,44,67,Public Works Department,National Infra Services,23.917819,76.909423,Delayed,Rural,SYNTHETIC_PROTOTYPE
MPLADS-SYN-0487,Bihar,Patna,Patna,Library,Library development work in Patna,340000,330000,197508,2026-05-09,2026-09-30,,66,61,Zilla Parishad,District Works Cooperative,24.193105,85.114283,Ongoing,Rural,SYNTHETIC_PROTOTYPE
MPLADS-SYN-0488,Uttar Pradesh,Agra,Agra,Drinking Water,Drinking Water development work in Agra,880000,860000,563200,2026-06-03,2027-01-09,,34,64,District Health Office,District Works Cooperative,14.41816,80.325777,Delayed,Plain,SYNTHETIC_PROTOTYPE
MPLADS-SYN-0489,Gujarat,Ahmedabad,Ahmedabad,Street Lighting,Street Lighting development work in Ahmedabad,1000000,1030000,807176,2026-03-10,2026-07-02,,79,85,Rural Development Agency,National Infra Services,12.234974,73.1497,Ongoing,Rural,SYNTHETIC_PROTOTYPE
MPLADS-SYN-0490,Uttar Pradesh,Kanpur Nagar,Kanpur,Solar Lighting,Solar Lighting development work in Kanpur Nagar,1500000,1490000,657649,2026-06-12,2026-09-09,,37,48,Rural Development Agency,ABC Infrastructure Pvt Ltd,13.948635,78.482642,Ongoing,Semi-urban,SYNTHETIC_PROTOTYPE
MPLADS-SYN-0491,Karnataka,Dharwad,Dharwad,Street Lighting,Street Lighting development work in Dharwad,310000,300000,142600,2026-02-02,2026-05-21,,20,46,Public Works Department,National Infra Services,19.21069,74.233587,Under Review,Semi-urban,SYNTHETIC_PROTOTYPE
MPLADS-SYN-0492,Karnataka,Hubballi,Hubballi,Sports Facility,Sports Facility development work in Hubballi,1480000,1460000,917600,2026-06-25,2026-11-21,,39,62,Education Department,ABC Infrastructure Pvt Ltd,22.491693,85.71411,Delayed,Rural,SYNTHETIC_PROTOTYPE
MPLADS-SYN-0493,Uttar Pradesh,Varanasi,Varanasi,Library,Library development work in Varanasi,1410000,1450000,1244364,2026-05-04,2026-08-31,2026-10-10,95,96,Zilla Parishad,National Infra Services,20.403378,82.274363,Completed,Rural,SYNTHETIC_PROTOTYPE
MPLADS-SYN-0494,Gujarat,Ahmedabad,Ahmedabad,Road,Road development work in Ahmedabad,2340000,2310000,1698893,2026-05-04,2026-11-24,,70,80,Municipal Council,Shree Buildcon,13.549813,88.464205,Ongoing,Rural,SYNTHETIC_PROTOTYPE
MPLADS-SYN-0495,Gujarat,Kutch,Kutch,Solar Lighting,Solar Lighting development work in Kutch,370000,380000,177365,2026-05-13,2026-11-23,,44,51,Zilla Parishad,Sai Construction,22.094617,75.549352,Ongoing,Semi-urban,SYNTHETIC_PROTOTYPE
MPLADS-SYN-0496,Maharashtra,Nashik,Nashik,Library,Library development work in Nashik,860000,850000,732210,2026-02-07,2026-04-16,,87,89,Rural Development Agency,National Infra Services,11.519136,73.543149,Ongoing,Rural,SYNTHETIC_PROTOTYPE
MPLADS-SYN-0497,Karnataka,Mysuru,Mysuru,Community Hall,Community Hall development work in Mysuru,2580000,2640000,1109400,2026-07-01,2026-10-05,,14,43,Municipal Council,Maharashtra Works Agency,12.400814,81.697267,Delayed,Plain,SYNTHETIC_PROTOTYPE
MPLADS-SYN-0498,Gujarat,Rajkot,Rajkot,Road,Road development work in Rajkot,810000,830000,541532,2026-02-11,2026-08-27,,60,72,Education Department,Om Civil Works,9.863835,85.289483,Ongoing,Rural,SYNTHETIC_PROTOTYPE
MPLADS-SYN-0499,Maharashtra,Nandurbar,Nandurbar,Solar Lighting,Solar Lighting development work in Nandurbar,1640000,1600000,735368,2026-04-13,2026-11-14,,49,47,District Health Office,National Infra Services,10.62108,75.256778,Ongoing,Rural,SYNTHETIC_PROTOTYPE
MPLADS-SYN-0500,Rajasthan,Jaipur,Jaipur,Road,Road development work in Jaipur,530000,550000,305393,2026-07-08,2026-11-19,,74,64,District Health Office,National Infra Services,28.378311,79.481711,Ongoing,Plain,SYNTHETIC_PROTOTYPE
MPLADS-SYN-0501,Uttar Pradesh,Prayagraj,Prayagraj,Street Lighting,Street Lighting development work in Prayagraj,1170000,1190000,565453,2026-01-01,2026-08-01,,50,53,Education Department,District Works Cooperative,27.935037,80.498325,Ongoing,Plain,SYNTHETIC_PROTOTYPE
MPLADS-SYN-0502,Karnataka,Dharwad,Dharwad,Health Facility,Health Facility development work in Dharwad,3000000,3060000,1612048,2026-01-04,2026-03-19,,43,55,Municipal Council,Om Civil Works,13.47343,82.62538,Ongoing,Plain,SYNTHETIC_PROTOTYPE
MPLADS-SYN-0503,Madhya Pradesh,Jabalpur,Jabalpur,Drainage,Drainage development work in Jabalpur,1790000,1840000,826519,2026-07-04,2026-09-10,,61,51,Rural Development Agency,ABC Infrastructure Pvt Ltd,20.333108,75.614544,Ongoing,Semi-urban,SYNTHETIC_PROTOTYPE
MPLADS-SYN-0504,Uttar Pradesh,Prayagraj,Prayagraj,Drainage,Drainage development work in Prayagraj,1000000,970000,452110,2026-05-10,2026-10-14,,44,48,Zilla Parishad,National Infra Services,27.898223,77.040115,Ongoing,Semi-urban,SYNTHETIC_PROTOTYPE
MPLADS-SYN-0505,Uttar Pradesh,Prayagraj,Prayagraj,Health Facility,Health Facility development work in Prayagraj,2660000,2590000,1707868,2026-07-05,2026-10-06,,61,68,Zilla Parishad,Maharashtra Works Agency,27.60605,82.253119,Ongoing,Hilly,SYNTHETIC_PROTOTYPE
MPLADS-SYN-0506,Karnataka,Dharwad,Dharwad,Health Facility,Health Facility development work in Dharwad,3520000,3600000,2709501,2026-02-05,2026-04-28,,83,84,Education Department,Maharashtra Works Agency,21.062563,85.917364,Ongoing,Hilly,SYNTHETIC_PROTOTYPE
MPLADS-SYN-0507,Uttar Pradesh,Varanasi,Varanasi,Road,Road development work in Varanasi,1410000,1380000,1024479,2026-02-02,2026-05-19,,82,80,Municipal Council,ABC Infrastructure Pvt Ltd,24.71114,78.122654,Ongoing,Semi-urban,SYNTHETIC_PROTOTYPE
MPLADS-SYN-0508,Maharashtra,Pune,Pune,School Building,School Building development work in Pune,2340000,2410000,1682991,2026-01-07,2026-05-23,,82,75,Education Department,Sai Construction,10.393917,73.764474,Ongoing,Rural,SYNTHETIC_PROTOTYPE
MPLADS-SYN-0509,Gujarat,Ahmedabad,Ahmedabad,Library,Library development work in Ahmedabad,720000,720000,347712,2026-08-17,2026-10-16,,49,53,Municipal Council,Sai Construction,23.977487,81.879281,Ongoing,Rural,SYNTHETIC_PROTOTYPE
MPLADS-SYN-0510,Maharashtra,Ahmednagar,Ahmednagar,Street Lighting,Street Lighting development work in Ahmednagar,230000,230000,188204,2026-06-12,2026-12-08,,90,89,Public Works Department,District Works Cooperative,8.645295,74.800321,Ongoing,Semi-urban,SYNTHETIC_PROTOTYPE
MPLADS-SYN-0511,Madhya Pradesh,Ujjain,Ujjain,School Building,School Building development work in Ujjain,1020000,1020000,827432,2026-01-07,2026-04-27,,84,82,Zilla Parishad,Maharashtra Works Agency,28.074115,87.757354,Ongoing,Semi-urban,SYNTHETIC_PROTOTYPE
MPLADS-SYN-0512,Tamil Nadu,Coimbatore,Coimbatore,Street Lighting,Street Lighting development work in Coimbatore,420000,430000,147000,2026-06-01,2026-08-30,,14,35,Municipal Corporation,District Works Cooperative,26.697721,78.940083,Delayed,Rural,SYNTHETIC_PROTOTYPE
MPLADS-SYN-0513,Bihar,Gaya,Gaya,Drinking Water,Drinking Water development work in Gaya,1240000,1280000,1033209,2026-05-10,2026-10-28,,84,88,District Health Office,District Works Cooperative,25.272805,78.101893,Ongoing,Plain,SYNTHETIC_PROTOTYPE
MPLADS-SYN-0514,Bihar,Gaya,Gaya,Health Facility,Health Facility development work in Gaya,1030000,1050000,597400,2026-03-11,2026-07-15,,77,58,Education Department,District Works Cooperative,16.085758,80.713276,Under Review,Semi-urban,SYNTHETIC_PROTOTYPE
MPLADS-SYN-0515,Tamil Nadu,Tiruchirappalli,Tiruchirappalli,Community Hall,Community Hall development work in Tiruchirappalli,1960000,1910000,634213,2026-07-24,2027-01-29,,36,34,Rural Development Agency,District Works Cooperative,20.45132,78.70621,Ongoing,Rural,SYNTHETIC_PROTOTYPE
MPLADS-SYN-0516,Maharashtra,Jalgaon,Jalgaon,Drinking Water,Drinking Water development work in Jalgaon,2000000,1970000,1055034,2026-07-15,2026-09-27,,56,57,Rural Development Agency,National Infra Services,18.253928,86.550292,Ongoing,Rural,SYNTHETIC_PROTOTYPE
MPLADS-SYN-0517,Karnataka,Mysuru,Mysuru,Solar Lighting,Solar Lighting development work in Mysuru,1630000,1640000,713997,2026-05-09,2026-11-26,,41,44,Public Works Department,Sai Construction,19.345909,72.534302,Ongoing,Plain,SYNTHETIC_PROTOTYPE
MPLADS-SYN-0518,Maharashtra,Aurangabad,Aurangabad,School Building,School Building development work in Aurangabad,3120000,3040000,1262884,2026-08-25,2026-11-03,,48,43,District Health Office,Maharashtra Works Agency,8.220996,72.542819,Ongoing,Rural,SYNTHETIC_PROTOTYPE
MPLADS-SYN-0519,Rajasthan,Jodhpur,Jodhpur,Library,Library development work in Jodhpur,720000,700000,619200,2026-08-06,2027-02-20,,29,86,Zilla Parishad,District Works Cooperative,11.281339,81.447767,Under Review,Plain,SYNTHETIC_PROTOTYPE
MPLADS-SYN-0520,Maharashtra,Ahmednagar,Ahmednagar,Road,Road development work in Ahmednagar,1830000,1890000,1061400,2026-02-19,2026-06-02,,69,58,Zilla Parishad,Om Civil Works,11.401031,84.732179,Under Review,Semi-urban,SYNTHETIC_PROTOTYPE
MPLADS-SYN-0521,Karnataka,Mysuru,Mysuru,Solar Lighting,Solar Lighting development work in Mysuru,750000,740000,242843,2026-04-07,2026-07-17,,43,33,Education Department,Maharashtra Works Agency,13.04894,87.165751,Ongoing,Plain,SYNTHETIC_PROTOTYPE
MPLADS-SYN-0522,Karnataka,Hubballi,Hubballi,Drainage,Drainage development work in Hubballi,1090000,1110000,977536,2026-01-13,2026-04-29,,92,96,Education Department,Om Civil Works,25.772767,82.575134,Ongoing,Plain,SYNTHETIC_PROTOTYPE
MPLADS-SYN-0523,Rajasthan,Jaipur,Jaipur,Road,Road development work in Jaipur,1970000,1960000,1476248,2026-05-11,2026-08-14,,79,76,Zilla Parishad,Maharashtra Works Agency,11.916563,83.634984,Ongoing,Hilly,SYNTHETIC_PROTOTYPE
MPLADS-SYN-0524,Karnataka,Mysuru,Mysuru,Community Hall,Community Hall development work in Mysuru,1270000,1270000,582951,2026-04-23,2026-08-26,,42,50,Education Department,National Infra Services,21.84582,83.556798,Ongoing,Plain,SYNTHETIC_PROTOTYPE
MPLADS-SYN-0525,Uttar Pradesh,Varanasi,Varanasi,Road,Road development work in Varanasi,2760000,2760000,2042400,2026-06-24,2027-01-04,,40,74,Municipal Council,Om Civil Works,25.005618,80.934517,Under Review,Rural,SYNTHETIC_PROTOTYPE
MPLADS-SYN-0526,Rajasthan,Ajmer,Ajmer,Street Lighting,Street Lighting development work in Ajmer,670000,660000,160891,2026-02-06,2026-05-18,,35,25,Municipal Corporation,Shree Buildcon,9.787385,81.400571,Ongoing,Rural,SYNTHETIC_PROTOTYPE
MPLADS-SYN-0527,Karnataka,Dharwad,Dharwad,School Building,School Building development work in Dharwad,1480000,1440000,986384,2026-04-13,2026-06-13,,64,69,Zilla Parishad,National Infra Services,16.607376,72.350917,Ongoing,Hilly,SYNTHETIC_PROTOTYPE
MPLADS-SYN-0528,Karnataka,Belagavi,Belagavi,School Building,School Building development work in Belagavi,3180000,3220000,2346400,2026-04-23,2026-07-17,,82,78,Municipal Corporation,Sai Construction,13.658447,85.482601,Ongoing,Rural,SYNTHETIC_PROTOTYPE
MPLADS-SYN-0529,Bihar,Darbhanga,Darbhanga,Solar Lighting,Solar Lighting development work in Darbhanga,1660000,1690000,1235665,2026-05-23,2026-09-06,,84,82,Municipal Council,ABC Infrastructure Pvt Ltd,13.884138,75.616679,Ongoing,Rural,SYNTHETIC_PROTOTYPE
MPLADS-SYN-0530,Maharashtra,Nashik,Nashik,Solar Lighting,Solar Lighting development work in Nashik,1090000,1110000,497849,2026-06-21,2026-11-08,,52,49,District Health Office,Sai Construction,27.343933,74.877288,Ongoing,Plain,SYNTHETIC_PROTOTYPE
MPLADS-SYN-0531,Rajasthan,Udaipur,Udaipur,Sports Facility,Sports Facility development work in Udaipur,2430000,2370000,1778075,2026-02-12,2026-09-28,,73,81,District Health Office,Maharashtra Works Agency,9.786122,78.150656,Ongoing,Plain,SYNTHETIC_PROTOTYPE
MPLADS-SYN-0532,Rajasthan,Udaipur,Udaipur,Street Lighting,Street Lighting development work in Udaipur,1290000,1280000,813415,2026-04-07,2026-06-12,,60,65,Rural Development Agency,Sai Construction,21.214548,82.986886,Ongoing,Plain,SYNTHETIC_PROTOTYPE
MPLADS-SYN-0533,Uttar Pradesh,Kanpur Nagar,Kanpur,Street Lighting,Street Lighting development work in Kanpur Nagar,640000,630000,289874,2026-08-13,2026-10-18,,36,47,Education Department,National Infra Services,14.455708,88.405238,Ongoing,Semi-urban,SYNTHETIC_PROTOTYPE
MPLADS-SYN-0534,Maharashtra,Palghar,Palghar,Drinking Water,Drinking Water development work in Palghar,1790000,1780000,1218217,2026-02-22,2026-09-15,,61,73,Public Works Department,District Works Cooperative,27.075019,80.093878,Ongoing,Semi-urban,SYNTHETIC_PROTOTYPE
MPLADS-SYN-0535,Uttar Pradesh,Prayagraj,Prayagraj,Road,Road development work in Prayagraj,1480000,1470000,1071268,2026-02-20,2026-07-17,,73,79,Public Works Department,District Works Cooperative,17.003379,72.032864,Ongoing,Hilly,SYNTHETIC_PROTOTYPE
MPLADS-SYN-0536,Maharashtra,Pune,Pune,Health Facility,Health Facility development work in Pune,4220000,4130000,1477000,2026-03-21,2026-09-27,,12,35,Municipal Corporation,ABC Infrastructure Pvt Ltd,8.03019,87.501459,Delayed,Plain,SYNTHETIC_PROTOTYPE
MPLADS-SYN-0537,Maharashtra,Nashik,Nashik,Library,Library development work in Nashik,670000,670000,372490,2026-06-19,2026-10-04,,69,59,District Health Office,National Infra Services,17.571997,76.547566,Ongoing,Plain,SYNTHETIC_PROTOTYPE
MPLADS-SYN-0538,Karnataka,Belagavi,Belagavi,Street Lighting,Street Lighting development work in Belagavi,740000,750000,703295,2026-07-21,2027-03-04,,91,96,District Health Office,Shree Buildcon,13.188176,88.472277,Ongoing,Plain,SYNTHETIC_PROTOTYPE
MPLADS-SYN-0539,Uttar Pradesh,Varanasi,Varanasi,Community Hall,Community Hall development work in Varanasi,2300000,2370000,2048999,2026-06-08,2027-02-01,,87,91,Rural Development Agency,District Works Cooperative,13.244765,84.439337,Ongoing,Hilly,SYNTHETIC_PROTOTYPE
MPLADS-SYN-0540,Karnataka,Hubballi,Hubballi,Library,Library development work in Hubballi,720000,740000,441182,2026-01-09,2026-04-26,,74,68,Public Works Department,Om Civil Works,15.932508,74.735462,Ongoing,Rural,SYNTHETIC_PROTOTYPE
MPLADS-SYN-0541,Rajasthan,Kota,Kota,Sports Facility,Sports Facility development work in Kota,720000,740000,601766,2026-05-20,2026-09-20,,83,92,Municipal Corporation,ABC Infrastructure Pvt Ltd,12.102912,80.710023,Ongoing,Semi-urban,SYNTHETIC_PROTOTYPE
MPLADS-SYN-0542,Bihar,Gaya,Gaya,Road,Road development work in Gaya,2020000,2010000,585800,2026-07-21,2026-12-11,,13,29,District Health Office,District Works Cooperative,15.866761,74.636187,Delayed,Plain,SYNTHETIC_PROTOTYPE
MPLADS-SYN-0543,Karnataka,Bengaluru Urban,Bengaluru,Street Lighting,Street Lighting development work in Bengaluru Urban,840000,830000,421969,2026-05-16,2026-09-18,,47,52,District Health Office,ABC Infrastructure Pvt Ltd,11.349019,75.721382,Ongoing,Hilly,SYNTHETIC_PROTOTYPE
MPLADS-SYN-0544,Bihar,Gaya,Gaya,Drinking Water,Drinking Water development work in Gaya,1430000,1470000,1315600,2026-05-24,2026-09-08,,33,92,Municipal Corporation,District Works Cooperative,25.461575,77.123397,Under Review,Plain,SYNTHETIC_PROTOTYPE
MPLADS-SYN-0545,Madhya Pradesh,Sagar,Sagar,Solar Lighting,Solar Lighting development work in Sagar,1100000,1130000,407000,2026-06-13,2026-09-30,,37,37,Zilla Parishad,Maharashtra Works Agency,20.40288,73.21068,Delayed,Hilly,SYNTHETIC_PROTOTYPE
MPLADS-SYN-0546,Maharashtra,Aurangabad,Aurangabad,Solar Lighting,Solar Lighting development work in Aurangabad,1210000,1220000,885422,2026-03-25,2026-06-03,,78,76,Public Works Department,Shree Buildcon,15.620808,85.542667,Ongoing,Plain,SYNTHETIC_PROTOTYPE
MPLADS-SYN-0547,Maharashtra,Nandurbar,Nandurbar,Library,Library development work in Nandurbar,400000,400000,251878,2026-08-02,2027-03-02,,74,66,Zilla Parishad,Shree Buildcon,28.070483,83.808039,Ongoing,Hilly,SYNTHETIC_PROTOTYPE
MPLADS-SYN-0548,Madhya Pradesh,Indore,Indore,Road,Road development work in Indore,1280000,1300000,981517,2026-08-22,2026-10-22,,65,77,Rural Development Agency,Sai Construction,27.515446,77.995415,Ongoing,Plain,SYNTHETIC_PROTOTYPE
MPLADS-SYN-0549,Uttar Pradesh,Kanpur Nagar,Kanpur,Drinking Water,Drinking Water development work in Kanpur Nagar,1140000,1130000,273600,2026-07-01,2026-12-01,,24,24,Zilla Parishad,Shree Buildcon,10.826292,78.34206,Delayed,Semi-urban,SYNTHETIC_PROTOTYPE
MPLADS-SYN-0550,Maharashtra,Solapur,Solapur,Sports Facility,Sports Facility development work in Solapur,1760000,1800000,792000,2026-04-19,2026-06-29,,45,45,Zilla Parishad,Om Civil Works,28.262951,72.968587,Delayed,Semi-urban,SYNTHETIC_PROTOTYPE
MPLADS-SYN-0551,Karnataka,Belagavi,Belagavi,Drainage,Drainage development work in Belagavi,970000,970000,702506,2026-02-18,2026-04-23,,75,76,Public Works Department,National Infra Services,10.4759,81.042396,Ongoing,Hilly,SYNTHETIC_PROTOTYPE
MPLADS-SYN-0552,Tamil Nadu,Tiruchirappalli,Tiruchirappalli,Drainage,Drainage development work in Tiruchirappalli,450000,460000,274500,2026-04-22,2026-06-22,,47,61,Rural Development Agency,ABC Infrastructure Pvt Ltd,12.723189,83.976289,Under Review,Plain,SYNTHETIC_PROTOTYPE
MPLADS-SYN-0553,Bihar,Patna,Patna,Solar Lighting,Solar Lighting development work in Patna,460000,450000,369156,2026-07-14,2026-11-27,,91,84,District Health Office,District Works Cooperative,16.294623,75.544333,Ongoing,Semi-urban,SYNTHETIC_PROTOTYPE
MPLADS-SYN-0554,Madhya Pradesh,Sagar,Sagar,Library,Library development work in Sagar,850000,840000,722500,2026-03-07,2026-09-27,,23,85,Rural Development Agency,District Works Cooperative,13.926464,72.658649,Under Review,Semi-urban,SYNTHETIC_PROTOTYPE
MPLADS-SYN-0555,Madhya Pradesh,Sagar,Sagar,Street Lighting,Street Lighting development work in Sagar,930000,950000,855485,2026-05-16,2026-12-30,,86,97,Public Works Department,ABC Infrastructure Pvt Ltd,20.115288,74.464288,Ongoing,Hilly,SYNTHETIC_PROTOTYPE
MPLADS-SYN-0556,Bihar,Bhagalpur,Bhagalpur,Library,Library development work in Bhagalpur,830000,850000,453099,2026-02-14,2026-08-22,,65,55,Zilla Parishad,National Infra Services,27.576303,78.62985,Ongoing,Rural,SYNTHETIC_PROTOTYPE
MPLADS-SYN-0557,Madhya Pradesh,Ujjain,Ujjain,Library,Library development work in Ujjain,1340000,1370000,1043330,2026-01-14,2026-04-24,,67,78,Education Department,ABC Infrastructure Pvt Ltd,8.820201,83.65871,Ongoing,Rural,SYNTHETIC_PROTOTYPE
MPLADS-SYN-0558,Rajasthan,Ajmer,Ajmer,Street Lighting,Street Lighting development work in Ajmer,1140000,1170000,744497,2026-02-06,2026-08-25,,77,70,District Health Office,Om Civil Works,27.158487,80.805513,Ongoing,Hilly,SYNTHETIC_PROTOTYPE
MPLADS-SYN-0559,Madhya Pradesh,Indore,Indore,Library,Library development work in Indore,1650000,1640000,640036,2026-08-02,2026-12-24,,38,40,Public Works Department,National Infra Services,27.936888,76.787031,Ongoing,Semi-urban,SYNTHETIC_PROTOTYPE
MPLADS-SYN-0560,Bihar,Gaya,Gaya,Drinking Water,Drinking Water development work in Gaya,1330000,1310000,545561,2026-01-18,2026-04-03,,41,44,Municipal Council,Om Civil Works,16.552207,78.339153,Ongoing,Hilly,SYNTHETIC_PROTOTYPE
MPLADS-SYN-0561,Karnataka,Bengaluru Urban,Bengaluru,Drainage,Drainage development work in Bengaluru Urban,580000,580000,250265,2026-06-09,2026-10-30,,39,45,Municipal Council,ABC Infrastructure Pvt Ltd,11.590064,76.235349,Ongoing,Rural,SYNTHETIC_PROTOTYPE
MPLADS-SYN-0562,Karnataka,Mysuru,Mysuru,Drinking Water,Drinking Water development work in Mysuru,1620000,1610000,965530,2026-01-06,2026-03-18,,69,66,District Health Office,District Works Cooperative,14.822083,72.800437,Ongoing,Hilly,SYNTHETIC_PROTOTYPE
MPLADS-SYN-0563,Bihar,Muzaffarpur,Muzaffarpur,Sports Facility,Sports Facility development work in Muzaffarpur,330000,330000,315679,2026-08-21,2027-04-01,,88,98,Public Works Department,Shree Buildcon,13.149903,72.310836,Ongoing,Plain,SYNTHETIC_PROTOTYPE
MPLADS-SYN-0564,Bihar,Bhagalpur,Bhagalpur,Library,Library development work in Bhagalpur,1030000,1030000,556200,2026-08-12,2027-03-16,,67,54,Zilla Parishad,Maharashtra Works Agency,21.454273,73.100446,Under Review,Semi-urban,SYNTHETIC_PROTOTYPE
MPLADS-SYN-0565,Bihar,Gaya,Gaya,Road,Road development work in Gaya,1470000,1480000,1169199,2026-04-22,2026-12-02,,92,84,Zilla Parishad,National Infra Services,15.616375,88.198479,Ongoing,Semi-urban,SYNTHETIC_PROTOTYPE
MPLADS-SYN-0566,Madhya Pradesh,Indore,Indore,Drinking Water,Drinking Water development work in Indore,1520000,1500000,1087399,2026-01-02,2026-06-20,,75,79,Education Department,Maharashtra Works Agency,13.591021,85.190978,Ongoing,Hilly,SYNTHETIC_PROTOTYPE
MPLADS-SYN-0567,Uttar Pradesh,Kanpur Nagar,Kanpur,Health Facility,Health Facility development work in Kanpur Nagar,3550000,3610000,1581568,2026-05-18,2026-11-25,,36,47,Rural Development Agency,Sai Construction,12.209942,72.377093,Ongoing,Plain,SYNTHETIC_PROTOTYPE
MPLADS-SYN-0568,Rajasthan,Jodhpur,Jodhpur,Street Lighting,Street Lighting development work in Jodhpur,1510000,1500000,929618,2026-07-22,2026-12-06,,61,66,Rural Development Agency,Om Civil Works,26.887065,76.003072,Ongoing,Rural,SYNTHETIC_PROTOTYPE
MPLADS-SYN-0569,Karnataka,Belagavi,Belagavi,Road,Road development work in Belagavi,1280000,1290000,1165107,2026-04-04,2026-06-22,,93,100,Zilla Parishad,Maharashtra Works Agency,14.32566,79.976055,Ongoing,Semi-urban,SYNTHETIC_PROTOTYPE
MPLADS-SYN-0570,Rajasthan,Udaipur,Udaipur,Health Facility,Health Facility development work in Udaipur,2360000,2320000,1700163,2026-02-14,2026-06-09,,77,73,Public Works Department,Shree Buildcon,14.545609,75.607392,Ongoing,Hilly,SYNTHETIC_PROTOTYPE
MPLADS-SYN-0571,Karnataka,Hubballi,Hubballi,Drinking Water,Drinking Water development work in Hubballi,1780000,1790000,865728,2026-07-01,2026-12-27,,51,53,Municipal Corporation,Shree Buildcon,13.978558,78.340961,Ongoing,Plain,SYNTHETIC_PROTOTYPE
MPLADS-SYN-0572,Karnataka,Bengaluru Urban,Bengaluru,Drinking Water,Drinking Water development work in Bengaluru Urban,1080000,1060000,702157,2026-08-13,2027-04-08,,66,70,District Health Office,ABC Infrastructure Pvt Ltd,20.111374,85.485424,Ongoing,Semi-urban,SYNTHETIC_PROTOTYPE
MPLADS-SYN-0573,Gujarat,Ahmedabad,Ahmedabad,Community Hall,Community Hall development work in Ahmedabad,2440000,2400000,2191355,2026-04-09,2026-07-22,,78,90,Zilla Parishad,District Works Cooperative,10.755759,86.008989,Ongoing,Hilly,SYNTHETIC_PROTOTYPE
MPLADS-SYN-0574,Uttar Pradesh,Lucknow,Lucknow,School Building,School Building development work in Lucknow,3780000,3810000,2154600,2026-08-25,2026-11-25,,29,57,Municipal Council,Sai Construction,9.36293,81.645183,Delayed,Hilly,SYNTHETIC_PROTOTYPE
MPLADS-SYN-0575,Madhya Pradesh,Indore,Indore,Sports Facility,Sports Facility development work in Indore,1640000,1670000,1115200,2026-01-10,2026-07-09,,37,68,Municipal Council,District Works Cooperative,27.612392,73.090727,Under Review,Plain,SYNTHETIC_PROTOTYPE
MPLADS-SYN-0576,Karnataka,Mysuru,Mysuru,Solar Lighting,Solar Lighting development work in Mysuru,460000,460000,331626,2026-02-09,2026-06-07,,86,76,Rural Development Agency,Sai Construction,18.964644,74.818699,Ongoing,Plain,SYNTHETIC_PROTOTYPE
MPLADS-SYN-0577,Rajasthan,Jaipur,Jaipur,Community Hall,Community Hall development work in Jaipur,3360000,3370000,2822400,2026-06-21,2027-02-12,,25,84,District Health Office,Maharashtra Works Agency,8.386771,77.386275,Under Review,Plain,SYNTHETIC_PROTOTYPE
MPLADS-SYN-0578,Uttar Pradesh,Kanpur Nagar,Kanpur,Road,Road development work in Kanpur Nagar,760000,740000,259486,2026-01-03,2026-04-02,,41,37,Municipal Council,District Works Cooperative,13.248533,77.06133,Ongoing,Semi-urban,SYNTHETIC_PROTOTYPE
MPLADS-SYN-0579,Maharashtra,Solapur,Solapur,Drainage,Drainage development work in Solapur,1030000,1030000,774234,2026-08-21,2027-04-09,,71,78,District Health Office,Sai Construction,26.55067,85.545589,Ongoing,Hilly,SYNTHETIC_PROTOTYPE
MPLADS-SYN-0580,Tamil Nadu,Coimbatore,Coimbatore,Street Lighting,Street Lighting development work in Coimbatore,1350000,1330000,1098777,2026-05-25,2026-11-01,,72,84,District Health Office,Sai Construction,14.514505,75.849866,Ongoing,Rural,SYNTHETIC_PROTOTYPE
MPLADS-SYN-0581,Rajasthan,Ajmer,Ajmer,Road,Road development work in Ajmer,1580000,1550000,1237118,2026-07-24,2027-02-06,,73,80,Municipal Corporation,Shree Buildcon,19.592889,81.738922,Ongoing,Plain,SYNTHETIC_PROTOTYPE
MPLADS-SYN-0582,Uttar Pradesh,Prayagraj,Prayagraj,Sports Facility,Sports Facility development work in Prayagraj,2060000,2120000,1648000,2026-03-13,2026-07-21,,45,80,Municipal Council,Om Civil Works,10.415405,88.157001,Under Review,Semi-urban,SYNTHETIC_PROTOTYPE
MPLADS-SYN-0583,Gujarat,Ahmedabad,Ahmedabad,Community Hall,Community Hall development work in Ahmedabad,2950000,2910000,1652000,2026-07-23,2026-12-04,,21,56,Rural Development Agency,Om Civil Works,9.812839,78.764967,Under Review,Semi-urban,SYNTHETIC_PROTOTYPE
MPLADS-SYN-0584,Gujarat,Vadodara,Vadodara,Road,Road development work in Vadodara,2620000,2610000,1381489,2026-05-03,2026-07-17,,51,58,Education Department,ABC Infrastructure Pvt Ltd,16.900287,81.908175,Ongoing,Rural,SYNTHETIC_PROTOTYPE
MPLADS-SYN-0585,Tamil Nadu,Madurai,Madurai,Sports Facility,Sports Facility development work in Madurai,980000,960000,650716,2026-01-07,2026-05-28,,77,70,Zilla Parishad,Shree Buildcon,16.722076,83.473423,Ongoing,Plain,SYNTHETIC_PROTOTYPE
MPLADS-SYN-0586,Maharashtra,Ahmednagar,Ahmednagar,Sports Facility,Sports Facility development work in Ahmednagar,1750000,1720000,849665,2026-02-10,2026-05-04,,55,49,Municipal Council,ABC Infrastructure Pvt Ltd,25.227846,79.579713,Ongoing,Plain,SYNTHETIC_PROTOTYPE
MPLADS-SYN-0587,Maharashtra,Pune,Pune,Drinking Water,Drinking Water development work in Pune,520000,510000,208525,2026-04-11,2026-06-23,,39,42,Public Works Department,Sai Construction,21.600919,87.935894,Ongoing,Hilly,SYNTHETIC_PROTOTYPE
MPLADS-SYN-0588,Gujarat,Kutch,Kutch,Drainage,Drainage development work in Kutch,1500000,1500000,1335000,2026-07-07,2026-12-07,,26,89,Education Department,Maharashtra Works Agency,18.349748,86.62746,Under Review,Plain,SYNTHETIC_PROTOTYPE
MPLADS-SYN-0589,Bihar,Patna,Patna,Road,Road development work in Patna,510000,500000,178500,2026-07-14,2027-01-28,,11,35,Zilla Parishad,Om Civil Works,21.782474,88.306545,Delayed,Semi-urban,SYNTHETIC_PROTOTYPE
MPLADS-SYN-0590,Karnataka,Bengaluru Urban,Bengaluru,Road,Road development work in Bengaluru Urban,1160000,1190000,422859,2026-05-15,2026-12-15,,42,39,Zilla Parishad,District Works Cooperative,12.677547,86.683463,Ongoing,Plain,SYNTHETIC_PROTOTYPE
MPLADS-SYN-0591,Gujarat,Kutch,Kutch,Drainage,Drainage development work in Kutch,2290000,2340000,2090516,2026-02-21,2026-06-28,,91,100,Rural Development Agency,Maharashtra Works Agency,19.391239,85.197813,Ongoing,Plain,SYNTHETIC_PROTOTYPE
MPLADS-SYN-0592,Rajasthan,Udaipur,Udaipur,Solar Lighting,Solar Lighting development work in Udaipur,1670000,1720000,1179537,2026-06-18,2026-11-07,,84,74,Rural Development Agency,Maharashtra Works Agency,24.077081,81.773882,Ongoing,Hilly,SYNTHETIC_PROTOTYPE
MPLADS-SYN-0593,Maharashtra,Ahmednagar,Ahmednagar,Drainage,Drainage development work in Ahmednagar,970000,960000,530485,2026-05-07,2026-11-05,,60,59,Rural Development Agency,National Infra Services,20.627287,74.652029,Ongoing,Rural,SYNTHETIC_PROTOTYPE
MPLADS-SYN-0594,Gujarat,Vadodara,Vadodara,Sports Facility,Sports Facility development work in Vadodara,1150000,1160000,453186,2026-05-19,2026-07-25,,45,43,Municipal Council,Sai Construction,25.098975,81.291143,Ongoing,Rural,SYNTHETIC_PROTOTYPE
MPLADS-SYN-0595,Gujarat,Rajkot,Rajkot,Community Hall,Community Hall development work in Rajkot,1300000,1300000,1146028,2026-03-20,2026-06-23,,94,89,Municipal Council,District Works Cooperative,8.542078,73.435712,Ongoing,Hilly,SYNTHETIC_PROTOTYPE
MPLADS-SYN-0596,Gujarat,Kutch,Kutch,Drinking Water,Drinking Water development work in Kutch,1910000,1940000,1157710,2026-06-20,2026-10-15,,76,66,Public Works Department,Sai Construction,17.987878,81.961096,Ongoing,Hilly,SYNTHETIC_PROTOTYPE
MPLADS-SYN-0597,Gujarat,Vadodara,Vadodara,Drainage,Drainage development work in Vadodara,1340000,1360000,603000,2026-05-08,2026-10-28,,42,45,Education Department,ABC Infrastructure Pvt Ltd,23.171846,82.146489,Under Review,Plain,SYNTHETIC_PROTOTYPE
MPLADS-SYN-0598,Bihar,Bhagalpur,Bhagalpur,Drinking Water,Drinking Water development work in Bhagalpur,1130000,1150000,499282,2026-03-07,2026-10-28,,43,45,Zilla Parishad,Sai Construction,19.052597,81.665266,Ongoing,Hilly,SYNTHETIC_PROTOTYPE
MPLADS-SYN-0599,Uttar Pradesh,Prayagraj,Prayagraj,Solar Lighting,Solar Lighting development work in Prayagraj,760000,780000,593755,2026-08-25,2027-03-10,,78,83,Municipal Corporation,National Infra Services,10.117271,82.87533,Ongoing,Plain,SYNTHETIC_PROTOTYPE
MPLADS-SYN-0600,Madhya Pradesh,Ujjain,Ujjain,Community Hall,Community Hall development work in Ujjain,2210000,2230000,1768000,2026-06-08,2026-10-09,,44,80,Education Department,Sai Construction,15.491344,78.472156,Under Review,Rural,SYNTHETIC_PROTOTYPE
MPLADS-SYN-0601,Uttar Pradesh,Kanpur Nagar,Kanpur,Library,Library development work in Kanpur Nagar,1380000,1360000,614792,2026-03-20,2026-07-17,,48,46,Municipal Corporation,National Infra Services,22.394144,82.129168,Ongoing,Hilly,SYNTHETIC_PROTOTYPE
MPLADS-SYN-0602,Karnataka,Bengaluru Urban,Bengaluru,Library,Library development work in Bengaluru Urban,350000,360000,276500,2026-03-03,2026-07-15,,29,79,Public Works Department,Sai Construction,21.953003,87.622765,Under Review,Semi-urban,SYNTHETIC_PROTOTYPE
MPLADS-SYN-0603,Uttar Pradesh,Varanasi,Varanasi,Sports Facility,Sports Facility development work in Varanasi,810000,820000,772760,2026-04-14,2026-10-06,2026-10-31,95,100,Public Works Department,National Infra Services,15.811026,87.625444,Completed,Rural,SYNTHETIC_PROTOTYPE
MPLADS-SYN-0604,Maharashtra,Pune,Pune,School Building,School Building development work in Pune,2660000,2690000,1470991,2026-02-16,2026-07-14,,69,60,Public Works Department,District Works Cooperative,22.665602,86.760518,Ongoing,Plain,SYNTHETIC_PROTOTYPE
MPLADS-SYN-0605,Karnataka,Dharwad,Dharwad,Drainage,Drainage development work in Dharwad,1300000,1300000,728000,2026-04-02,2026-11-07,,44,56,Zilla Parishad,National Infra Services,10.113741,78.654712,Under Review,Rural,SYNTHETIC_PROTOTYPE
MPLADS-SYN-0606,Bihar,Patna,Patna,Drainage,Drainage development work in Patna,470000,470000,269135,2026-04-12,2026-07-29,,55,59,Municipal Corporation,Maharashtra Works Agency,21.194288,73.105068,Ongoing,Hilly,SYNTHETIC_PROTOTYPE
MPLADS-SYN-0607,Tamil Nadu,Coimbatore,Coimbatore,Community Hall,Community Hall development work in Coimbatore,3100000,3160000,1966286,2026-07-14,2027-02-10,,58,70,Education Department,Om Civil Works,21.270654,76.208263,Ongoing,Hilly,SYNTHETIC_PROTOTYPE
MPLADS-SYN-0608,Madhya Pradesh,Ujjain,Ujjain,Sports Facility,Sports Facility development work in Ujjain,1270000,1290000,537082,2026-01-01,2026-06-23,,52,46,Municipal Council,ABC Infrastructure Pvt Ltd,9.500259,85.650125,Ongoing,Hilly,SYNTHETIC_PROTOTYPE
MPLADS-SYN-0609,Karnataka,Bengaluru Urban,Bengaluru,Solar Lighting,Solar Lighting development work in Bengaluru Urban,1210000,1210000,529470,2026-04-07,2026-08-18,,45,44,Municipal Corporation,District Works Cooperative,8.329594,82.147389,Ongoing,Rural,SYNTHETIC_PROTOTYPE
MPLADS-SYN-0610,Tamil Nadu,Chennai,Chennai,School Building,School Building development work in Chennai,1190000,1220000,874502,2026-03-14,2026-05-15,,80,76,Public Works Department,ABC Infrastructure Pvt Ltd,8.670282,78.621874,Ongoing,Rural,SYNTHETIC_PROTOTYPE
MPLADS-SYN-0611,Uttar Pradesh,Varanasi,Varanasi,Drinking Water,Drinking Water development work in Varanasi,670000,690000,551261,2026-04-03,2026-10-06,,84,90,Municipal Council,National Infra Services,24.754379,78.726525,Ongoing,Rural,SYNTHETIC_PROTOTYPE
MPLADS-SYN-0612,Tamil Nadu,Madurai,Madurai,Drinking Water,Drinking Water development work in Madurai,660000,660000,198000,2026-02-13,2026-09-27,,20,30,District Health Office,Shree Buildcon,9.168911,82.641917,Delayed,Rural,SYNTHETIC_PROTOTYPE
MPLADS-SYN-0613,Gujarat,Vadodara,Vadodara,Sports Facility,Sports Facility development work in Vadodara,1860000,1830000,672393,2026-01-20,2026-05-18,,40,37,Municipal Corporation,ABC Infrastructure Pvt Ltd,22.478681,82.450394,Ongoing,Rural,SYNTHETIC_PROTOTYPE
MPLADS-SYN-0614,Karnataka,Mysuru,Mysuru,School Building,School Building development work in Mysuru,3870000,3850000,3289500,2026-02-24,2026-07-12,,66,85,District Health Office,Shree Buildcon,16.65491,75.840879,Under Review,Hilly,SYNTHETIC_PROTOTYPE
MPLADS-SYN-0615,Uttar Pradesh,Varanasi,Varanasi,Community Hall,Community Hall development work in Varanasi,1760000,1750000,706957,2026-01-15,2026-05-29,,43,43,Public Works Department,Om Civil Works,12.957669,77.246853,Ongoing,Rural,SYNTHETIC_PROTOTYPE
MPLADS-SYN-0616,Uttar Pradesh,Varanasi,Varanasi,Library,Library development work in Varanasi,1720000,1710000,1140119,2026-02-05,2026-09-04,,69,73,Municipal Corporation,District Works Cooperative,25.781753,77.790161,Ongoing,Plain,SYNTHETIC_PROTOTYPE
MPLADS-SYN-0617,Gujarat,Surat,Surat,Drainage,Drainage development work in Surat,1960000,2020000,1637115,2026-07-21,2026-09-28,,77,87,Municipal Corporation,Sai Construction,11.503765,84.444883,Ongoing,Semi-urban,SYNTHETIC_PROTOTYPE
MPLADS-SYN-0618,Uttar Pradesh,Kanpur Nagar,Kanpur,Street Lighting,Street Lighting development work in Kanpur Nagar,1340000,1350000,1340000,2026-08-24,2027-04-03,,20,100,Zilla Parishad,Maharashtra Works Agency,22.294367,77.389421,Under Review,Hilly,SYNTHETIC_PROTOTYPE
MPLADS-SYN-0619,Rajasthan,Kota,Kota,Sports Facility,Sports Facility development work in Kota,1400000,1390000,645590,2026-07-16,2026-11-08,,36,47,Rural Development Agency,Sai Construction,25.012343,80.540156,Ongoing,Rural,SYNTHETIC_PROTOTYPE
MPLADS-SYN-0620,Maharashtra,Solapur,Solapur,Community Hall,Community Hall development work in Solapur,3470000,3520000,2706600,2026-08-06,2026-10-07,,58,78,Rural Development Agency,ABC Infrastructure Pvt Ltd,12.040011,74.841553,Under Review,Semi-urban,SYNTHETIC_PROTOTYPE
MPLADS-SYN-0621,Madhya Pradesh,Ujjain,Ujjain,Solar Lighting,Solar Lighting development work in Ujjain,940000,920000,633808,2026-04-08,2026-10-10,,81,74,Education Department,Om Civil Works,25.064933,77.455094,Ongoing,Semi-urban,SYNTHETIC_PROTOTYPE
MPLADS-SYN-0622,Gujarat,Vadodara,Vadodara,Health Facility,Health Facility development work in Vadodara,1020000,1000000,663000,2026-02-19,2026-06-18,,42,65,Zilla Parishad,Maharashtra Works Agency,9.607046,82.981776,Under Review,Hilly,SYNTHETIC_PROTOTYPE
MPLADS-SYN-0623,Uttar Pradesh,Varanasi,Varanasi,School Building,School Building development work in Varanasi,1910000,1880000,641035,2026-01-17,2026-05-22,,45,35,Zilla Parishad,Om Civil Works,18.478862,84.928346,Ongoing,Plain,SYNTHETIC_PROTOTYPE
MPLADS-SYN-0624,Maharashtra,Dhule,Dhule,Sports Facility,Sports Facility development work in Dhule,1200000,1180000,468000,2026-02-22,2026-07-06,,30,39,Municipal Council,National Infra Services,9.172278,78.093406,Delayed,Hilly,SYNTHETIC_PROTOTYPE
MPLADS-SYN-0625,Bihar,Bhagalpur,Bhagalpur,School Building,School Building development work in Bhagalpur,4510000,4470000,1623600,2026-06-01,2026-11-12,,58,36,District Health Office,Shree Buildcon,19.983205,87.653942,Under Review,Rural,SYNTHETIC_PROTOTYPE
MPLADS-SYN-0626,Madhya Pradesh,Sagar,Sagar,Sports Facility,Sports Facility development work in Sagar,2030000,2040000,1745800,2026-01-15,2026-08-27,,20,86,Municipal Corporation,Maharashtra Works Agency,25.434075,84.218004,Under Review,Semi-urban,SYNTHETIC_PROTOTYPE
MPLADS-SYN-0627,Uttar Pradesh,Prayagraj,Prayagraj,Drainage,Drainage development work in Prayagraj,1170000,1160000,865455,2026-03-08,2026-08-23,,70,81,Public Works Department,Om Civil Works,9.973294,73.24603,Ongoing,Semi-urban,SYNTHETIC_PROTOTYPE
MPLADS-SYN-0628,Rajasthan,Jaipur,Jaipur,Health Facility,Health Facility development work in Jaipur,3390000,3470000,1684560,2026-07-08,2026-12-21,,40,50,Zilla Parishad,District Works Cooperative,12.86996,81.328115,Ongoing,Rural,SYNTHETIC_PROTOTYPE
MPLADS-SYN-0629,Madhya Pradesh,Indore,Indore,Library,Library development work in Indore,310000,310000,108500,2026-02-25,2026-05-24,,24,35,Public Works Department,District Works Cooperative,23.446235,82.26656,Delayed,Hilly,SYNTHETIC_PROTOTYPE
MPLADS-SYN-0630,Bihar,Gaya,Gaya,Library,Library development work in Gaya,540000,550000,527116,2026-08-24,2027-01-04,,94,100,Zilla Parishad,District Works Cooperative,11.400402,74.306533,Ongoing,Hilly,SYNTHETIC_PROTOTYPE
MPLADS-SYN-0631,Rajasthan,Jaipur,Jaipur,Solar Lighting,Solar Lighting development work in Jaipur,1300000,1260000,939688,2026-07-07,2026-12-20,,69,77,Rural Development Agency,Maharashtra Works Agency,8.55787,76.129157,Ongoing,Rural,SYNTHETIC_PROTOTYPE
MPLADS-SYN-0632,Bihar,Patna,Patna,Health Facility,Health Facility development work in Patna,2490000,2480000,784166,2026-05-03,2026-07-13,,41,33,Zilla Parishad,Maharashtra Works Agency,15.730968,87.454583,Ongoing,Semi-urban,SYNTHETIC_PROTOTYPE
MPLADS-SYN-0633,Karnataka,Hubballi,Hubballi,Solar Lighting,Solar Lighting development work in Hubballi,1400000,1390000,1261019,2026-01-11,2026-04-22,,89,92,Municipal Council,District Works Cooperative,10.182339,74.049941,Ongoing,Rural,SYNTHETIC_PROTOTYPE
MPLADS-SYN-0634,Gujarat,Ahmedabad,Ahmedabad,Solar Lighting,Solar Lighting development work in Ahmedabad,790000,790000,286828,2026-01-13,2026-07-27,,35,40,District Health Office,Shree Buildcon,8.970903,84.599562,Ongoing,Rural,SYNTHETIC_PROTOTYPE
MPLADS-SYN-0635,Bihar,Gaya,Gaya,Solar Lighting,Solar Lighting development work in Gaya,1180000,1160000,531000,2026-06-17,2026-11-09,,75,45,Municipal Council,Om Civil Works,15.005801,78.948117,Under Review,Plain,SYNTHETIC_PROTOTYPE
MPLADS-SYN-0636,Uttar Pradesh,Kanpur Nagar,Kanpur,Road,Road development work in Kanpur Nagar,2010000,2040000,1591933,2026-08-20,2027-01-29,,76,84,District Health Office,Om Civil Works,23.106007,84.790306,Ongoing,Hilly,SYNTHETIC_PROTOTYPE
MPLADS-SYN-0637,Maharashtra,Palghar,Palghar,Community Hall,Community Hall development work in Palghar,1410000,1410000,974568,2026-04-23,2026-09-05,,76,71,District Health Office,ABC Infrastructure Pvt Ltd,26.857574,77.042894,Ongoing,Hilly,SYNTHETIC_PROTOTYPE
MPLADS-SYN-0638,Maharashtra,Ahmednagar,Ahmednagar,Street Lighting,Street Lighting development work in Ahmednagar,840000,820000,294000,2026-06-01,2027-01-25,,25,35,Municipal Corporation,Om Civil Works,17.003974,77.792115,Under Review,Rural,SYNTHETIC_PROTOTYPE
MPLADS-SYN-0639,Madhya Pradesh,Bhopal,Bhopal,Community Hall,Community Hall development work in Bhopal,2030000,2030000,890589,2026-07-14,2027-02-08,,49,46,Rural Development Agency,National Infra Services,20.298942,84.793568,Ongoing,Plain,SYNTHETIC_PROTOTYPE
MPLADS-SYN-0640,Rajasthan,Jodhpur,Jodhpur,Street Lighting,Street Lighting development work in Jodhpur,730000,730000,451250,2026-02-24,2026-09-06,,62,63,Rural Development Agency,Sai Construction,26.501862,76.19763,Ongoing,Semi-urban,SYNTHETIC_PROTOTYPE
MPLADS-SYN-0641,Uttar Pradesh,Varanasi,Varanasi,Drainage,Drainage development work in Varanasi,920000,930000,307641,2026-02-16,2026-07-29,,47,37,Zilla Parishad,Maharashtra Works Agency,13.301592,74.055913,Ongoing,Hilly,SYNTHETIC_PROTOTYPE
MPLADS-SYN-0642,Karnataka,Dharwad,Dharwad,School Building,School Building development work in Dharwad,2700000,2720000,1879356,2026-06-14,2026-12-01,,67,70,Municipal Corporation,National Infra Services,8.001056,77.588657,Ongoing,Plain,SYNTHETIC_PROTOTYPE
MPLADS-SYN-0643,Rajasthan,Udaipur,Udaipur,Drainage,Drainage development work in Udaipur,1160000,1190000,1046020,2026-05-06,2026-11-25,,92,92,Zilla Parishad,Sai Construction,17.668392,83.599631,Ongoing,Plain,SYNTHETIC_PROTOTYPE
MPLADS-SYN-0644,Gujarat,Ahmedabad,Ahmedabad,School Building,School Building development work in Ahmedabad,4800000,4910000,3072000,2026-07-20,2026-12-12,,37,64,Education Department,ABC Infrastructure Pvt Ltd,20.512993,75.438538,Delayed,Hilly,SYNTHETIC_PROTOTYPE
MPLADS-SYN-0645,Maharashtra,Palghar,Palghar,Drinking Water,Drinking Water development work in Palghar,620000,610000,257935,2026-05-09,2026-10-07,,43,45,Rural Development Agency,Sai Construction,26.16591,74.855479,Ongoing,Rural,SYNTHETIC_PROTOTYPE
MPLADS-SYN-0646,Bihar,Bhagalpur,Bhagalpur,Library,Library development work in Bhagalpur,1370000,1370000,624854,2026-05-01,2026-09-05,,57,49,Municipal Council,District Works Cooperative,8.461811,86.29851,Ongoing,Rural,SYNTHETIC_PROTOTYPE
MPLADS-SYN-0647,Karnataka,Belagavi,Belagavi,Drainage,Drainage development work in Belagavi,1020000,1020000,367200,2026-06-21,2027-02-04,,75,36,Municipal Corporation,Sai Construction,13.043037,87.738213,Under Review,Rural,SYNTHETIC_PROTOTYPE
MPLADS-SYN-0648,Gujarat,Vadodara,Vadodara,Sports Facility,Sports Facility development work in Vadodara,860000,850000,703413,2026-08-09,2027-01-18,,94,86,Zilla Parishad,Sai Construction,14.395159,77.055809,Ongoing,Rural,SYNTHETIC_PROTOTYPE
MPLADS-SYN-0649,Maharashtra,Jalgaon,Jalgaon,Street Lighting,Street Lighting development work in Jalgaon,1450000,1430000,1261500,2026-07-06,2026-10-13,,49,87,Municipal Corporation,ABC Infrastructure Pvt Ltd,9.123301,73.10934,Under Review,Rural,SYNTHETIC_PROTOTYPE
MPLADS-SYN-0650,Bihar,Gaya,Gaya,Drainage,Drainage development work in Gaya,610000,610000,271292,2026-07-14,2026-11-30,,48,49,Education Department,District Works Cooperative,18.186462,76.990365,Ongoing,Semi-urban,SYNTHETIC_PROTOTYPE
MPLADS-SYN-0651,Gujarat,Surat,Surat,Sports Facility,Sports Facility development work in Surat,1250000,1260000,982728,2026-02-13,2026-08-09,,89,82,Education Department,Maharashtra Works Agency,20.72709,75.549681,Ongoing,Hilly,SYNTHETIC_PROTOTYPE
MPLADS-SYN-0652,Karnataka,Dharwad,Dharwad,School Building,School Building development work in Dharwad,1970000,2000000,588918,2026-06-21,2026-11-19,,37,33,Municipal Council,Maharashtra Works Agency,25.403985,87.712453,Ongoing,Hilly,SYNTHETIC_PROTOTYPE
MPLADS-SYN-0653,Karnataka,Belagavi,Belagavi,Community Hall,Community Hall development work in Belagavi,1070000,1080000,545700,2026-02-20,2026-05-17,,29,51,Rural Development Agency,ABC Infrastructure Pvt Ltd,27.919829,87.142348,Delayed,Plain,SYNTHETIC_PROTOTYPE
MPLADS-SYN-0654,Rajasthan,Kota,Kota,Library,Library development work in Kota,1790000,1760000,1324600,2026-02-24,2026-04-25,,45,74,Municipal Corporation,ABC Infrastructure Pvt Ltd,19.658413,74.296013,Delayed,Hilly,SYNTHETIC_PROTOTYPE
MPLADS-SYN-0655,Maharashtra,Jalgaon,Jalgaon,Sports Facility,Sports Facility development work in Jalgaon,2370000,2350000,900002,2026-03-21,2026-09-29,,46,41,Zilla Parishad,Sai Construction,24.523279,72.724644,Ongoing,Rural,SYNTHETIC_PROTOTYPE
MPLADS-SYN-0656,Uttar Pradesh,Kanpur Nagar,Kanpur,Drinking Water,Drinking Water development work in Kanpur Nagar,1620000,1610000,1249499,2026-08-24,2027-01-28,,88,85,Rural Development Agency,Maharashtra Works Agency,22.293768,87.036823,Ongoing,Rural,SYNTHETIC_PROTOTYPE
MPLADS-SYN-0657,Tamil Nadu,Coimbatore,Coimbatore,Sports Facility,Sports Facility development work in Coimbatore,750000,730000,232500,2026-05-10,2026-07-27,,8,31,District Health Office,Om Civil Works,23.446455,76.283655,Delayed,Semi-urban,SYNTHETIC_PROTOTYPE
MPLADS-SYN-0658,Maharashtra,Pune,Pune,Sports Facility,Sports Facility development work in Pune,830000,850000,390100,2026-06-07,2026-08-16,,32,47,Public Works Department,Sai Construction,18.541904,79.04705,Delayed,Rural,SYNTHETIC_PROTOTYPE
MPLADS-SYN-0659,Karnataka,Bengaluru Urban,Bengaluru,School Building,School Building development work in Bengaluru Urban,4650000,4610000,1813500,2026-07-22,2026-10-30,,12,39,Rural Development Agency,Sai Construction,14.626226,73.984956,Delayed,Rural,SYNTHETIC_PROTOTYPE
MPLADS-SYN-0660,Madhya Pradesh,Bhopal,Bhopal,School Building,School Building development work in Bhopal,3070000,3020000,1105200,2026-01-03,2026-05-26,,29,36,Rural Development Agency,Om Civil Works,21.370257,74.561357,Under Review,Hilly,SYNTHETIC_PROTOTYPE
MPLADS-SYN-0661,Karnataka,Dharwad,Dharwad,Road,Road development work in Dharwad,1360000,1380000,680000,2026-03-13,2026-05-22,,30,50,Rural Development Agency,Om Civil Works,17.933393,76.410838,Delayed,Semi-urban,SYNTHETIC_PROTOTYPE
MPLADS-SYN-0662,Bihar,Bhagalpur,Bhagalpur,Drainage,Drainage development work in Bhagalpur,1210000,1210000,863213,2026-02-06,2026-07-14,,65,75,Rural Development Agency,Shree Buildcon,13.326343,87.549485,Ongoing,Hilly,SYNTHETIC_PROTOTYPE
MPLADS-SYN-0663,Madhya Pradesh,Jabalpur,Jabalpur,Drinking Water,Drinking Water development work in Jabalpur,550000,550000,403911,2026-05-20,2026-12-04,,76,76,Public Works Department,Shree Buildcon,23.566377,84.53924,Ongoing,Rural,SYNTHETIC_PROTOTYPE
MPLADS-SYN-0664,Tamil Nadu,Salem,Salem,Solar Lighting,Solar Lighting development work in Salem,710000,690000,656110,2026-01-19,2026-05-27,2026-06-03,95,100,Public Works Department,District Works Cooperative,25.601213,72.887175,Completed,Hilly,SYNTHETIC_PROTOTYPE
MPLADS-SYN-0665,Karnataka,Hubballi,Hubballi,Library,Library development work in Hubballi,630000,640000,543935,2026-06-15,2026-12-20,,81,91,Rural Development Agency,Maharashtra Works Agency,13.218529,75.683638,Ongoing,Plain,SYNTHETIC_PROTOTYPE
MPLADS-SYN-0666,Karnataka,Bengaluru Urban,Bengaluru,Drinking Water,Drinking Water development work in Bengaluru Urban,1320000,1350000,483935,2026-04-24,2026-12-07,,41,39,District Health Office,District Works Cooperative,14.19001,72.031036,Ongoing,Rural,SYNTHETIC_PROTOTYPE
MPLADS-SYN-0667,Gujarat,Rajkot,Rajkot,Road,Road development work in Rajkot,2880000,2900000,1728000,2026-05-19,2026-07-26,,40,60,Public Works Department,Sai Construction,16.865761,81.85681,Under Review,Plain,SYNTHETIC_PROTOTYPE
MPLADS-SYN-0668,Rajasthan,Ajmer,Ajmer,Road,Road development work in Ajmer,680000,690000,387600,2026-01-20,2026-07-18,,34,57,Municipal Corporation,District Works Cooperative,11.381854,82.481673,Under Review,Rural,SYNTHETIC_PROTOTYPE
MPLADS-SYN-0669,Karnataka,Bengaluru Urban,Bengaluru,Community Hall,Community Hall development work in Bengaluru Urban,3460000,3390000,2802600,2026-07-14,2027-02-08,,70,81,Zilla Parishad,ABC Infrastructure Pvt Ltd,24.610081,83.091616,Under Review,Semi-urban,SYNTHETIC_PROTOTYPE
MPLADS-SYN-0670,Tamil Nadu,Chennai,Chennai,Drinking Water,Drinking Water development work in Chennai,1300000,1270000,1014000,2026-04-17,2026-06-20,,49,78,Municipal Corporation,National Infra Services,10.959882,75.400279,Under Review,Semi-urban,SYNTHETIC_PROTOTYPE
MPLADS-SYN-0671,Uttar Pradesh,Varanasi,Varanasi,Library,Library development work in Varanasi,1490000,1530000,899258,2026-01-14,2026-08-31,,64,66,Rural Development Agency,National Infra Services,16.927557,88.026849,Ongoing,Hilly,SYNTHETIC_PROTOTYPE
MPLADS-SYN-0672,Gujarat,Rajkot,Rajkot,Road,Road development work in Rajkot,1340000,1320000,469000,2026-04-20,2026-12-10,,7,35,Rural Development Agency,ABC Infrastructure Pvt Ltd,24.084862,76.127849,Delayed,Plain,SYNTHETIC_PROTOTYPE
MPLADS-SYN-0673,Uttar Pradesh,Kanpur Nagar,Kanpur,Drainage,Drainage development work in Kanpur Nagar,830000,830000,674933,2026-01-05,2026-04-19,,80,86,Rural Development Agency,ABC Infrastructure Pvt Ltd,19.713429,87.332167,Ongoing,Hilly,SYNTHETIC_PROTOTYPE
MPLADS-SYN-0674,Madhya Pradesh,Bhopal,Bhopal,Street Lighting,Street Lighting development work in Bhopal,330000,320000,265861,2026-02-05,2026-08-23,,75,83,Municipal Council,Shree Buildcon,9.779001,77.451914,Ongoing,Plain,SYNTHETIC_PROTOTYPE
MPLADS-SYN-0675,Uttar Pradesh,Varanasi,Varanasi,Sports Facility,Sports Facility development work in Varanasi,2330000,2370000,1873058,2026-06-07,2026-10-06,,83,85,Rural Development Agency,Sai Construction,19.451619,73.902505,Ongoing,Rural,SYNTHETIC_PROTOTYPE
MPLADS-SYN-0676,Bihar,Muzaffarpur,Muzaffarpur,Drainage,Drainage development work in Muzaffarpur,700000,690000,686000,2026-05-18,2026-09-26,,43,98,Education Department,Om Civil Works,8.885378,77.007264,Under Review,Semi-urban,SYNTHETIC_PROTOTYPE
MPLADS-SYN-0677,Uttar Pradesh,Agra,Agra,Drinking Water,Drinking Water development work in Agra,1050000,1050000,800387,2026-05-22,2026-07-27,,78,80,Municipal Council,District Works Cooperative,19.889385,82.046109,Ongoing,Hilly,SYNTHETIC_PROTOTYPE
MPLADS-SYN-0678,Uttar Pradesh,Kanpur Nagar,Kanpur,Health Facility,Health Facility development work in Kanpur Nagar,1940000,1940000,902649,2026-03-24,2026-09-13,,50,51,District Health Office,ABC Infrastructure Pvt Ltd,24.099153,72.910373,Ongoing,Rural,SYNTHETIC_PROTOTYPE
MPLADS-SYN-0679,Rajasthan,Jaipur,Jaipur,Health Facility,Health Facility development work in Jaipur,3890000,3930000,1634892,2026-03-07,2026-08-01,,54,46,Public Works Department,Sai Construction,26.039072,77.331459,Ongoing,Hilly,SYNTHETIC_PROTOTYPE
MPLADS-SYN-0680,Madhya Pradesh,Jabalpur,Jabalpur,Drainage,Drainage development work in Jabalpur,2370000,2440000,1344274,2026-07-18,2027-01-29,,49,57,Rural Development Agency,National Infra Services,19.159307,72.452315,Ongoing,Semi-urban,SYNTHETIC_PROTOTYPE
MPLADS-SYN-0681,Uttar Pradesh,Varanasi,Varanasi,Street Lighting,Street Lighting development work in Varanasi,490000,490000,230373,2026-04-07,2026-07-22,,40,52,Public Works Department,Om Civil Works,18.384447,79.771622,Ongoing,Rural,SYNTHETIC_PROTOTYPE
MPLADS-SYN-0682,Gujarat,Ahmedabad,Ahmedabad,Street Lighting,Street Lighting development work in Ahmedabad,1220000,1230000,991212,2026-08-11,2027-03-25,,78,86,Zilla Parishad,National Infra Services,23.988338,77.865943,Ongoing,Hilly,SYNTHETIC_PROTOTYPE
MPLADS-SYN-0683,Bihar,Darbhanga,Darbhanga,Community Hall,Community Hall development work in Darbhanga,1930000,1970000,1373292,2026-08-03,2026-12-09,,75,79,District Health Office,National Infra Services,18.896262,80.252766,Ongoing,Hilly,SYNTHETIC_PROTOTYPE
MPLADS-SYN-0684,Rajasthan,Udaipur,Udaipur,Solar Lighting,Solar Lighting development work in Udaipur,1120000,1120000,922178,2026-02-11,2026-08-27,,88,84,Municipal Corporation,National Infra Services,26.746955,85.374142,Ongoing,Rural,SYNTHETIC_PROTOTYPE
MPLADS-SYN-0685,Rajasthan,Jaipur,Jaipur,Community Hall,Community Hall development work in Jaipur,2350000,2330000,940000,2026-08-24,2027-02-15,,35,40,Education Department,Shree Buildcon,26.942088,79.165014,Delayed,Hilly,SYNTHETIC_PROTOTYPE
MPLADS-SYN-0686,Karnataka,Bengaluru Urban,Bengaluru,Solar Lighting,Solar Lighting development work in Bengaluru Urban,410000,410000,366880,2026-06-16,2026-10-12,,79,91,Rural Development Agency,Sai Construction,10.612618,86.503189,Ongoing,Semi-urban,SYNTHETIC_PROTOTYPE
MPLADS-SYN-0687,Uttar Pradesh,Varanasi,Varanasi,School Building,School Building development work in Varanasi,2320000,2320000,1181932,2026-06-14,2027-01-06,,43,52,Zilla Parishad,District Works Cooperative,26.015441,82.463218,Ongoing,Semi-urban,SYNTHETIC_PROTOTYPE
MPLADS-SYN-0688,Uttar Pradesh,Kanpur Nagar,Kanpur,Street Lighting,Street Lighting development work in Kanpur Nagar,1410000,1390000,848251,2026-04-13,2026-09-03,,71,62,Zilla Parishad,ABC Infrastructure Pvt Ltd,22.75391,74.363617,Ongoing,Plain,SYNTHETIC_PROTOTYPE
MPLADS-SYN-0689,Rajasthan,Ajmer,Ajmer,Health Facility,Health Facility development work in Ajmer,3690000,3800000,2539352,2026-06-07,2027-01-24,,67,72,Education Department,Om Civil Works,11.756106,88.357147,Ongoing,Semi-urban,SYNTHETIC_PROTOTYPE
MPLADS-SYN-0690,Madhya Pradesh,Bhopal,Bhopal,Drinking Water,Drinking Water development work in Bhopal,870000,880000,346309,2026-06-03,2026-11-12,,36,41,Municipal Council,ABC Infrastructure Pvt Ltd,13.095031,74.179139,Ongoing,Hilly,SYNTHETIC_PROTOTYPE
MPLADS-SYN-0691,Bihar,Darbhanga,Darbhanga,School Building,School Building development work in Darbhanga,3900000,4000000,2788793,2026-04-24,2026-09-19,,74,72,Municipal Corporation,ABC Infrastructure Pvt Ltd,22.667685,75.683028,Ongoing,Plain,SYNTHETIC_PROTOTYPE
MPLADS-SYN-0692,Tamil Nadu,Chennai,Chennai,Street Lighting,Street Lighting development work in Chennai,570000,590000,461700,2026-07-17,2026-12-15,,34,81,District Health Office,National Infra Services,16.610552,79.348978,Under Review,Semi-urban,SYNTHETIC_PROTOTYPE
MPLADS-SYN-0693,Maharashtra,Jalgaon,Jalgaon,Road,Road development work in Jalgaon,2200000,2190000,875533,2026-06-13,2027-01-01,,35,40,Education Department,Om Civil Works,11.286399,79.897444,Ongoing,Rural,SYNTHETIC_PROTOTYPE
MPLADS-SYN-0694,Tamil Nadu,Chennai,Chennai,Street Lighting,Street Lighting development work in Chennai,1110000,1080000,676787,2026-04-14,2026-10-09,,62,64,Municipal Corporation,ABC Infrastructure Pvt Ltd,15.944329,76.346685,Ongoing,Rural,SYNTHETIC_PROTOTYPE
MPLADS-SYN-0695,Tamil Nadu,Tiruchirappalli,Tiruchirappalli,Drainage,Drainage development work in Tiruchirappalli,1470000,1490000,600187,2026-04-08,2026-10-05,,41,43,Rural Development Agency,National Infra Services,17.883275,75.992244,Ongoing,Rural,SYNTHETIC_PROTOTYPE
MPLADS-SYN-0696,Maharashtra,Solapur,Solapur,Solar Lighting,Solar Lighting development work in Solapur,1680000,1650000,665659,2026-08-13,2027-03-22,,41,43,Municipal Council,Sai Construction,18.668782,79.892121,Ongoing,Semi-urban,SYNTHETIC_PROTOTYPE
MPLADS-SYN-0697,Uttar Pradesh,Kanpur Nagar,Kanpur,Sports Facility,Sports Facility development work in Kanpur Nagar,1880000,1880000,1140794,2026-04-12,2026-07-06,,63,63,Public Works Department,Om Civil Works,24.368169,74.586577,Ongoing,Plain,SYNTHETIC_PROTOTYPE
MPLADS-SYN-0698,Uttar Pradesh,Lucknow,Lucknow,Sports Facility,Sports Facility development work in Lucknow,2300000,2350000,1745300,2026-03-07,2026-10-01,,75,84,Rural Development Agency,Shree Buildcon,18.80769,76.849563,Ongoing,Rural,SYNTHETIC_PROTOTYPE
MPLADS-SYN-0699,Gujarat,Kutch,Kutch,Road,Road development work in Kutch,2230000,2280000,1302317,2026-07-21,2027-02-16,,50,61,Zilla Parishad,District Works Cooperative,26.861777,85.001773,Ongoing,Plain,SYNTHETIC_PROTOTYPE
MPLADS-SYN-0700,Gujarat,Ahmedabad,Ahmedabad,Sports Facility,Sports Facility development work in Ahmedabad,1870000,1920000,1771852,2026-01-11,2026-04-02,,90,98,District Health Office,National Infra Services,12.744845,77.195237,Ongoing,Hilly,SYNTHETIC_PROTOTYPE
MPLADS-SYN-0701,Bihar,Muzaffarpur,Muzaffarpur,Road,Road development work in Muzaffarpur,1040000,1060000,454971,2026-08-09,2026-12-13,,35,44,District Health Office,Om Civil Works,19.902801,87.198268,Ongoing,Semi-urban,SYNTHETIC_PROTOTYPE
MPLADS-SYN-0702,Bihar,Bhagalpur,Bhagalpur,Drinking Water,Drinking Water development work in Bhagalpur,530000,520000,177866,2026-01-03,2026-03-10,,41,36,Public Works Department,Om Civil Works,16.323951,77.48274,Ongoing,Rural,SYNTHETIC_PROTOTYPE
MPLADS-SYN-0703,Rajasthan,Jodhpur,Jodhpur,Road,Road development work in Jodhpur,1630000,1630000,548597,2026-02-03,2026-07-26,,37,35,Public Works Department,ABC Infrastructure Pvt Ltd,22.421428,78.981548,Ongoing,Semi-urban,SYNTHETIC_PROTOTYPE
MPLADS-SYN-0704,Maharashtra,Dhule,Dhule,Solar Lighting,Solar Lighting development work in Dhule,1750000,1740000,1050000,2026-07-21,2026-12-31,,59,60,Municipal Council,Maharashtra Works Agency,22.746489,83.840945,Under Review,Rural,SYNTHETIC_PROTOTYPE
MPLADS-SYN-0705,Maharashtra,Nandurbar,Nandurbar,Road,Road development work in Nandurbar,1420000,1430000,1235400,2026-02-16,2026-06-14,,22,87,Municipal Corporation,District Works Cooperative,17.481404,74.067374,Under Review,Semi-urban,SYNTHETIC_PROTOTYPE
MPLADS-SYN-0706,Madhya Pradesh,Ujjain,Ujjain,Road,Road development work in Ujjain,500000,510000,260921,2026-02-04,2026-09-22,,61,53,District Health Office,District Works Cooperative,9.135347,85.496608,Ongoing,Rural,SYNTHETIC_PROTOTYPE
MPLADS-SYN-0707,Uttar Pradesh,Prayagraj,Prayagraj,Community Hall,Community Hall development work in Prayagraj,1820000,1800000,1792554,2026-04-03,2026-06-17,2026-07-02,95,99,District Health Office,Maharashtra Works Agency,13.379187,74.060337,Completed,Rural,SYNTHETIC_PROTOTYPE
MPLADS-SYN-0708,Uttar Pradesh,Varanasi,Varanasi,School Building,School Building development work in Varanasi,4560000,4530000,4001002,2026-04-14,2026-10-20,,89,93,Municipal Corporation,Shree Buildcon,26.717748,82.056572,Ongoing,Plain,SYNTHETIC_PROTOTYPE
MPLADS-SYN-0709,Madhya Pradesh,Jabalpur,Jabalpur,Community Hall,Community Hall development work in Jabalpur,3920000,3940000,2273600,2026-05-09,2026-09-23,,45,58,Public Works Department,National Infra Services,13.707633,87.863661,Delayed,Rural,SYNTHETIC_PROTOTYPE
MPLADS-SYN-0710,Uttar Pradesh,Kanpur Nagar,Kanpur,Library,Library development work in Kanpur Nagar,710000,730000,311419,2026-03-24,2026-09-01,,54,46,District Health Office,Sai Construction,8.46099,74.404944,Ongoing,Plain,SYNTHETIC_PROTOTYPE
MPLADS-SYN-0711,Madhya Pradesh,Jabalpur,Jabalpur,Sports Facility,Sports Facility development work in Jabalpur,1050000,1040000,419441,2026-03-07,2026-06-28,,50,41,Education Department,ABC Infrastructure Pvt Ltd,8.295481,72.70886,Ongoing,Semi-urban,SYNTHETIC_PROTOTYPE
MPLADS-SYN-0712,Madhya Pradesh,Indore,Indore,Road,Road development work in Indore,1660000,1700000,1490457,2026-02-20,2026-08-13,,88,99,Zilla Parishad,District Works Cooperative,19.28347,74.272491,Ongoing,Semi-urban,SYNTHETIC_PROTOTYPE
MPLADS-SYN-0713,Bihar,Gaya,Gaya,Community Hall,Community Hall development work in Gaya,2010000,2030000,1429421,2026-03-24,2026-11-06,,78,72,Municipal Council,Om Civil Works,8.057822,86.922841,Ongoing,Hilly,SYNTHETIC_PROTOTYPE
MPLADS-SYN-0714,Maharashtra,Aurangabad,Aurangabad,Drinking Water,Drinking Water development work in Aurangabad,300000,300000,72643,2026-05-09,2026-07-24,,35,25,Rural Development Agency,ABC Infrastructure Pvt Ltd,10.041599,78.450901,Ongoing,Hilly,SYNTHETIC_PROTOTYPE
MPLADS-SYN-0715,Rajasthan,Jaipur,Jaipur,Drainage,Drainage development work in Jaipur,820000,810000,270600,2026-06-06,2027-01-30,,79,33,District Health Office,Shree Buildcon,11.334216,82.900872,Under Review,Hilly,SYNTHETIC_PROTOTYPE
MPLADS-SYN-0716,Madhya Pradesh,Ujjain,Ujjain,Road,Road development work in Ujjain,1030000,1060000,865200,2026-08-09,2027-02-21,,42,84,Zilla Parishad,Om Civil Works,27.872082,72.327889,Under Review,Plain,SYNTHETIC_PROTOTYPE
MPLADS-SYN-0717,Bihar,Darbhanga,Darbhanga,Sports Facility,Sports Facility development work in Darbhanga,840000,870000,726505,2026-05-25,2026-10-16,,84,95,Rural Development Agency,Sai Construction,27.9171,79.295507,Ongoing,Rural,SYNTHETIC_PROTOTYPE
MPLADS-SYN-0718,Rajasthan,Jaipur,Jaipur,Library,Library development work in Jaipur,1000000,1010000,530000,2026-02-24,2026-05-24,,35,53,Municipal Council,National Infra Services,22.975714,81.442042,Delayed,Semi-urban,SYNTHETIC_PROTOTYPE
MPLADS-SYN-0719,Karnataka,Belagavi,Belagavi,Drainage,Drainage development work in Belagavi,1600000,1580000,1293978,2026-05-10,2026-09-17,,88,83,Education Department,ABC Infrastructure Pvt Ltd,27.741721,79.456341,Ongoing,Semi-urban,SYNTHETIC_PROTOTYPE
MPLADS-SYN-0720,Uttar Pradesh,Agra,Agra,School Building,School Building development work in Agra,2930000,2930000,2068300,2026-05-07,2026-09-22,,63,73,Zilla Parishad,National Infra Services,18.020517,87.761545,Ongoing,Rural,SYNTHETIC_PROTOTYPE
MPLADS-SYN-0721,Maharashtra,Ahmednagar,Ahmednagar,Drinking Water,Drinking Water development work in Ahmednagar,530000,520000,415895,2026-03-22,2026-08-29,,80,80,Municipal Council,Maharashtra Works Agency,11.251751,75.925233,Ongoing,Hilly,SYNTHETIC_PROTOTYPE
MPLADS-SYN-0722,Uttar Pradesh,Lucknow,Lucknow,Community Hall,Community Hall development work in Lucknow,1350000,1350000,445500,2026-04-22,2026-11-20,,5,33,District Health Office,ABC Infrastructure Pvt Ltd,11.023236,83.170513,Delayed,Hilly,SYNTHETIC_PROTOTYPE
MPLADS-SYN-0723,Maharashtra,Palghar,Palghar,Library,Library development work in Palghar,1560000,1540000,1272264,2026-05-07,2026-09-03,,81,90,Municipal Council,National Infra Services,18.007252,86.154124,Ongoing,Rural,SYNTHETIC_PROTOTYPE
MPLADS-SYN-0724,Maharashtra,Nandurbar,Nandurbar,Library,Library development work in Nandurbar,370000,360000,310800,2026-02-11,2026-10-02,,31,84,Municipal Council,ABC Infrastructure Pvt Ltd,8.792794,75.418905,Under Review,Plain,SYNTHETIC_PROTOTYPE
MPLADS-SYN-0725,Madhya Pradesh,Indore,Indore,Health Facility,Health Facility development work in Indore,1030000,1010000,719626,2026-03-05,2026-09-11,,84,75,District Health Office,Shree Buildcon,17.497671,84.351862,Ongoing,Hilly,SYNTHETIC_PROTOTYPE
MPLADS-SYN-0726,Karnataka,Dharwad,Dharwad,Health Facility,Health Facility development work in Dharwad,880000,860000,725013,2026-07-23,2026-09-25,,79,89,Rural Development Agency,National Infra Services,26.165389,87.68833,Ongoing,Hilly,SYNTHETIC_PROTOTYPE
MPLADS-SYN-0727,Maharashtra,Solapur,Solapur,Community Hall,Community Hall development work in Solapur,3480000,3420000,1660201,2026-03-13,2026-11-03,,63,53,Zilla Parishad,National Infra Services,22.502597,84.472176,Ongoing,Semi-urban,SYNTHETIC_PROTOTYPE
MPLADS-SYN-0728,Rajasthan,Kota,Kota,Street Lighting,Street Lighting development work in Kota,420000,410000,166521,2026-01-03,2026-07-29,,36,42,Zilla Parishad,Om Civil Works,28.030634,81.180054,Ongoing,Plain,SYNTHETIC_PROTOTYPE
MPLADS-SYN-0729,Bihar,Darbhanga,Darbhanga,Health Facility,Health Facility development work in Darbhanga,3150000,3110000,3001366,2026-05-14,2026-08-03,,88,96,Zilla Parishad,National Infra Services,14.714223,73.111665,Ongoing,Plain,SYNTHETIC_PROTOTYPE
MPLADS-SYN-0730,Tamil Nadu,Tiruchirappalli,Tiruchirappalli,Solar Lighting,Solar Lighting development work in Tiruchirappalli,1440000,1460000,1020122,2026-08-22,2027-04-16,,73,76,District Health Office,National Infra Services,25.631959,77.507085,Ongoing,Rural,SYNTHETIC_PROTOTYPE
MPLADS-SYN-0731,Uttar Pradesh,Agra,Agra,Solar Lighting,Solar Lighting development work in Agra,1380000,1390000,785059,2026-02-24,2026-10-15,,66,58,Education Department,Sai Construction,26.803285,85.818464,Ongoing,Rural,SYNTHETIC_PROTOTYPE
MPLADS-SYN-0732,Tamil Nadu,Salem,Salem,Street Lighting,Street Lighting development work in Salem,860000,870000,576200,2026-07-07,2026-10-21,,67,67,Municipal Corporation,Maharashtra Works Agency,23.679479,77.236076,Under Review,Plain,SYNTHETIC_PROTOTYPE
MPLADS-SYN-0733,Tamil Nadu,Tiruchirappalli,Tiruchirappalli,Library,Library development work in Tiruchirappalli,620000,640000,620000,2026-06-10,2026-12-26,,45,100,Municipal Council,District Works Cooperative,24.864037,80.531187,Under Review,Plain,SYNTHETIC_PROTOTYPE
MPLADS-SYN-0734,Madhya Pradesh,Ujjain,Ujjain,Library,Library development work in Ujjain,1400000,1390000,899396,2026-08-19,2027-03-05,,67,65,Rural Development Agency,Om Civil Works,27.28452,77.455608,Ongoing,Hilly,SYNTHETIC_PROTOTYPE
MPLADS-SYN-0735,Maharashtra,Pune,Pune,Community Hall,Community Hall development work in Pune,2270000,2220000,770348,2026-05-10,2026-11-08,,42,34,Municipal Council,Om Civil Works,16.649613,85.007342,Ongoing,Rural,SYNTHETIC_PROTOTYPE
MPLADS-SYN-0736,Gujarat,Kutch,Kutch,Health Facility,Health Facility development work in Kutch,4090000,4050000,2950013,2026-05-10,2026-11-02,,86,79,Education Department,District Works Cooperative,15.21895,75.102875,Ongoing,Plain,SYNTHETIC_PROTOTYPE
MPLADS-SYN-0737,Karnataka,Bengaluru Urban,Bengaluru,Sports Facility,Sports Facility development work in Bengaluru Urban,360000,370000,227845,2026-03-11,2026-06-14,,62,70,Municipal Council,ABC Infrastructure Pvt Ltd,26.754839,80.634641,Ongoing,Hilly,SYNTHETIC_PROTOTYPE
MPLADS-SYN-0738,Karnataka,Mysuru,Mysuru,Library,Library development work in Mysuru,1530000,1530000,1007937,2026-03-14,2026-09-28,,64,66,District Health Office,National Infra Services,23.944817,75.071518,Ongoing,Semi-urban,SYNTHETIC_PROTOTYPE
MPLADS-SYN-0739,Tamil Nadu,Salem,Salem,Community Hall,Community Hall development work in Salem,1830000,1780000,1061583,2026-03-15,2026-09-18,,56,62,District Health Office,National Infra Services,23.725621,72.922922,Ongoing,Rural,SYNTHETIC_PROTOTYPE
MPLADS-SYN-0740,Bihar,Bhagalpur,Bhagalpur,Road,Road development work in Bhagalpur,1220000,1250000,848607,2026-07-16,2027-02-03,,75,74,Education Department,Om Civil Works,27.563977,77.934804,Ongoing,Rural,SYNTHETIC_PROTOTYPE
MPLADS-SYN-0741,Uttar Pradesh,Kanpur Nagar,Kanpur,Drinking Water,Drinking Water development work in Kanpur Nagar,1840000,1870000,1145690,2026-06-19,2027-01-16,,66,69,Education Department,National Infra Services,13.720472,74.634388,Ongoing,Hilly,SYNTHETIC_PROTOTYPE
MPLADS-SYN-0742,Gujarat,Ahmedabad,Ahmedabad,Sports Facility,Sports Facility development work in Ahmedabad,1960000,2020000,966245,2026-02-12,2026-06-07,,64,54,Rural Development Agency,Shree Buildcon,13.744172,85.333921,Ongoing,Rural,SYNTHETIC_PROTOTYPE
MPLADS-SYN-0743,Gujarat,Rajkot,Rajkot,School Building,School Building development work in Rajkot,2530000,2530000,2328637,2026-05-03,2026-11-22,,82,93,Public Works Department,Shree Buildcon,15.071968,74.647486,Ongoing,Semi-urban,SYNTHETIC_PROTOTYPE
MPLADS-SYN-0744,Karnataka,Dharwad,Dharwad,Drinking Water,Drinking Water development work in Dharwad,360000,360000,257170,2026-03-10,2026-05-23,,81,73,Education Department,Shree Buildcon,22.940027,83.272833,Ongoing,Hilly,SYNTHETIC_PROTOTYPE
MPLADS-SYN-0745,Bihar,Darbhanga,Darbhanga,Street Lighting,Street Lighting development work in Darbhanga,410000,420000,294342,2026-04-05,2026-08-26,,85,78,Rural Development Agency,Maharashtra Works Agency,8.167302,81.135855,Ongoing,Hilly,SYNTHETIC_PROTOTYPE
MPLADS-SYN-0746,Karnataka,Hubballi,Hubballi,Road,Road development work in Hubballi,920000,910000,463383,2026-01-18,2026-08-05,,54,55,Public Works Department,National Infra Services,22.583796,81.543529,Ongoing,Plain,SYNTHETIC_PROTOTYPE
MPLADS-SYN-0747,Madhya Pradesh,Bhopal,Bhopal,Drinking Water,Drinking Water development work in Bhopal,1020000,990000,714000,2026-05-19,2026-10-20,,50,70,Zilla Parishad,Sai Construction,27.642067,73.264117,Under Review,Hilly,SYNTHETIC_PROTOTYPE
MPLADS-SYN-0748,Rajasthan,Ajmer,Ajmer,Solar Lighting,Solar Lighting development work in Ajmer,1250000,1220000,669194,2026-04-02,2026-09-17,,52,54,Education Department,Sai Construction,17.46396,72.22546,Ongoing,Rural,SYNTHETIC_PROTOTYPE
MPLADS-SYN-0749,Bihar,Muzaffarpur,Muzaffarpur,Street Lighting,Street Lighting development work in Muzaffarpur,700000,690000,344782,2026-03-08,2026-09-03,,44,50,Public Works Department,Maharashtra Works Agency,23.010273,85.872038,Ongoing,Hilly,SYNTHETIC_PROTOTYPE
MPLADS-SYN-0750,Rajasthan,Ajmer,Ajmer,Library,Library development work in Ajmer,800000,800000,487366,2026-04-05,2026-08-04,,63,64,Zilla Parishad,Om Civil Works,8.667102,83.46514,Ongoing,Rural,SYNTHETIC_PROTOTYPE
MPLADS-SYN-0751,Karnataka,Bengaluru Urban,Bengaluru,Sports Facility,Sports Facility development work in Bengaluru Urban,550000,560000,309515,2026-05-09,2026-07-28,,48,60,Rural Development Agency,Maharashtra Works Agency,11.654384,73.860207,Ongoing,Plain,SYNTHETIC_PROTOTYPE
MPLADS-SYN-0752,Rajasthan,Udaipur,Udaipur,Sports Facility,Sports Facility development work in Udaipur,2190000,2220000,2080500,2026-04-16,2026-10-08,,32,95,Municipal Corporation,ABC Infrastructure Pvt Ltd,24.542573,75.273676,Under Review,Hilly,SYNTHETIC_PROTOTYPE
MPLADS-SYN-0753,Bihar,Gaya,Gaya,Health Facility,Health Facility development work in Gaya,3450000,3510000,2949791,2026-06-22,2026-09-04,,85,93,Municipal Corporation,Om Civil Works,25.173508,82.411185,Ongoing,Plain,SYNTHETIC_PROTOTYPE
MPLADS-SYN-0754,Karnataka,Hubballi,Hubballi,Health Facility,Health Facility development work in Hubballi,3000000,2990000,1643477,2026-05-05,2026-07-25,,57,60,Education Department,National Infra Services,22.282335,85.902396,Ongoing,Hilly,SYNTHETIC_PROTOTYPE
MPLADS-SYN-0755,Maharashtra,Nashik,Nashik,School Building,School Building development work in Nashik,3170000,3270000,2685551,2026-02-05,2026-09-27,2026-10-12,95,87,Public Works Department,National Infra Services,13.819332,82.825867,Completed,Plain,SYNTHETIC_PROTOTYPE
MPLADS-SYN-0756,Gujarat,Surat,Surat,Road,Road development work in Surat,2790000,2850000,2538900,2026-06-13,2026-10-21,,36,91,Rural Development Agency,National Infra Services,27.487004,79.793826,Under Review,Semi-urban,SYNTHETIC_PROTOTYPE
MPLADS-SYN-0757,Bihar,Muzaffarpur,Muzaffarpur,Street Lighting,Street Lighting development work in Muzaffarpur,650000,640000,492521,2026-05-16,2026-09-07,,76,76,Education Department,National Infra Services,23.777165,80.516975,Ongoing,Semi-urban,SYNTHETIC_PROTOTYPE
MPLADS-SYN-0758,Maharashtra,Thane,Thane,Community Hall,Community Hall development work in Thane,1630000,1640000,840530,2026-01-20,2026-07-03,,58,54,Rural Development Agency,National Infra Services,16.444662,72.322223,Ongoing,Semi-urban,SYNTHETIC_PROTOTYPE
MPLADS-SYN-0759,Uttar Pradesh,Prayagraj,Prayagraj,Solar Lighting,Solar Lighting development work in Prayagraj,800000,820000,498881,2026-08-25,2027-04-22,,67,65,Public Works Department,ABC Infrastructure Pvt Ltd,27.760001,86.686971,Ongoing,Rural,SYNTHETIC_PROTOTYPE
MPLADS-SYN-0760,Gujarat,Kutch,Kutch,Sports Facility,Sports Facility development work in Kutch,710000,710000,312400,2026-08-19,2026-12-26,,22,44,Rural Development Agency,Sai Construction,19.836593,72.057625,Under Review,Hilly,SYNTHETIC_PROTOTYPE
MPLADS-SYN-0761,Maharashtra,Nandurbar,Nandurbar,Drinking Water,Drinking Water development work in Nandurbar,1120000,1150000,467541,2026-06-05,2027-01-16,,43,43,Municipal Corporation,Shree Buildcon,17.532178,84.286422,Ongoing,Semi-urban,SYNTHETIC_PROTOTYPE
MPLADS-SYN-0762,Rajasthan,Udaipur,Udaipur,Community Hall,Community Hall development work in Udaipur,1730000,1750000,346000,2026-04-04,2026-06-12,,8,20,Education Department,Shree Buildcon,12.70327,79.780329,Delayed,Hilly,SYNTHETIC_PROTOTYPE
MPLADS-SYN-0763,Tamil Nadu,Chennai,Chennai,Library,Library development work in Chennai,1380000,1370000,711499,2026-07-18,2026-09-20,,54,53,District Health Office,National Infra Services,15.916333,78.09723,Ongoing,Semi-urban,SYNTHETIC_PROTOTYPE
MPLADS-SYN-0764,Madhya Pradesh,Sagar,Sagar,Sports Facility,Sports Facility development work in Sagar,850000,840000,399500,2026-01-08,2026-08-10,,63,47,Public Works Department,Sai Construction,26.658657,79.73436,Under Review,Semi-urban,SYNTHETIC_PROTOTYPE
MPLADS-SYN-0765,Madhya Pradesh,Sagar,Sagar,Solar Lighting,Solar Lighting development work in Sagar,1180000,1160000,944000,2026-02-24,2026-04-25,,39,80,Public Works Department,Shree Buildcon,14.866456,77.121923,Under Review,Semi-urban,SYNTHETIC_PROTOTYPE
MPLADS-SYN-0766,Bihar,Gaya,Gaya,Health Facility,Health Facility development work in Gaya,4200000,4230000,4116000,2026-03-12,2026-08-18,,25,98,Education Department,National Infra Services,17.454688,83.876971,Under Review,Semi-urban,SYNTHETIC_PROTOTYPE
MPLADS-SYN-0767,Karnataka,Bengaluru Urban,Bengaluru,Library,Library development work in Bengaluru Urban,1420000,1400000,937200,2026-01-20,2026-05-10,,65,66,Zilla Parishad,Sai Construction,26.828372,76.828489,Under Review,Plain,SYNTHETIC_PROTOTYPE
MPLADS-SYN-0768,Rajasthan,Udaipur,Udaipur,Street Lighting,Street Lighting development work in Udaipur,840000,820000,450307,2026-06-02,2027-01-03,,60,55,Rural Development Agency,District Works Cooperative,18.41628,82.212999,Ongoing,Plain,SYNTHETIC_PROTOTYPE
MPLADS-SYN-0769,Maharashtra,Aurangabad,Aurangabad,Drainage,Drainage development work in Aurangabad,1180000,1190000,602025,2026-05-13,2026-10-29,,51,55,Municipal Corporation,ABC Infrastructure Pvt Ltd,20.041812,72.966871,Ongoing,Rural,SYNTHETIC_PROTOTYPE
MPLADS-SYN-0770,Rajasthan,Jodhpur,Jodhpur,Drainage,Drainage development work in Jodhpur,750000,730000,527386,2026-07-23,2027-03-09,,82,72,Zilla Parishad,Sai Construction,10.058552,75.686505,Ongoing,Plain,SYNTHETIC_PROTOTYPE
MPLADS-SYN-0771,Rajasthan,Udaipur,Udaipur,Drainage,Drainage development work in Udaipur,500000,490000,470589,2026-06-04,2026-12-28,,94,100,District Health Office,ABC Infrastructure Pvt Ltd,24.666069,85.37423,Ongoing,Rural,SYNTHETIC_PROTOTYPE
MPLADS-SYN-0772,Tamil Nadu,Coimbatore,Coimbatore,Community Hall,Community Hall development work in Coimbatore,1010000,1010000,949507,2026-05-02,2026-12-18,,94,99,Education Department,ABC Infrastructure Pvt Ltd,12.370547,86.400905,Ongoing,Hilly,SYNTHETIC_PROTOTYPE
MPLADS-SYN-0773,Gujarat,Rajkot,Rajkot,Drainage,Drainage development work in Rajkot,1670000,1650000,1372262,2026-03-04,2026-06-02,,92,85,Rural Development Agency,Om Civil Works,8.985359,82.613132,Ongoing,Semi-urban,SYNTHETIC_PROTOTYPE
MPLADS-SYN-0774,Uttar Pradesh,Lucknow,Lucknow,Solar Lighting,Solar Lighting development work in Lucknow,1310000,1280000,589500,2026-01-10,2026-06-10,,18,45,Municipal Corporation,ABC Infrastructure Pvt Ltd,11.347185,73.074186,Delayed,Rural,SYNTHETIC_PROTOTYPE
MPLADS-SYN-0775,Maharashtra,Nandurbar,Nandurbar,Community Hall,Community Hall development work in Nandurbar,3090000,3130000,772500,2026-07-14,2027-02-11,,42,25,Municipal Council,Om Civil Works,22.027269,82.521689,Under Review,Rural,SYNTHETIC_PROTOTYPE
MPLADS-SYN-0776,Uttar Pradesh,Lucknow,Lucknow,Library,Library development work in Lucknow,1060000,1050000,540541,2026-07-17,2026-12-05,,43,52,Zilla Parishad,Om Civil Works,10.762389,84.908246,Ongoing,Rural,SYNTHETIC_PROTOTYPE
MPLADS-SYN-0777,Bihar,Bhagalpur,Bhagalpur,Street Lighting,Street Lighting development work in Bhagalpur,300000,310000,117686,2026-06-16,2026-09-17,,46,42,Zilla Parishad,Shree Buildcon,22.694369,74.434041,Ongoing,Hilly,SYNTHETIC_PROTOTYPE
MPLADS-SYN-0778,Rajasthan,Kota,Kota,Community Hall,Community Hall development work in Kota,2000000,2040000,960000,2026-02-01,2026-09-03,,76,48,Municipal Council,ABC Infrastructure Pvt Ltd,26.887814,81.547762,Under Review,Plain,SYNTHETIC_PROTOTYPE
MPLADS-SYN-0779,Gujarat,Kutch,Kutch,School Building,School Building development work in Kutch,4210000,4340000,2879913,2026-01-22,2026-08-15,,64,70,Municipal Council,Sai Construction,25.661065,74.68331,Ongoing,Rural,SYNTHETIC_PROTOTYPE
MPLADS-SYN-0780,Madhya Pradesh,Sagar,Sagar,Road,Road development work in Sagar,1300000,1340000,702554,2026-04-09,2026-09-02,,65,60,Municipal Council,Maharashtra Works Agency,19.357388,80.699911,Ongoing,Hilly,SYNTHETIC_PROTOTYPE
MPLADS-SYN-0781,Gujarat,Vadodara,Vadodara,Street Lighting,Street Lighting development work in Vadodara,740000,760000,687321,2026-02-01,2026-07-10,,90,99,Municipal Corporation,ABC Infrastructure Pvt Ltd,26.900497,77.865288,Ongoing,Hilly,SYNTHETIC_PROTOTYPE
MPLADS-SYN-0782,Gujarat,Ahmedabad,Ahmedabad,Road,Road development work in Ahmedabad,2370000,2410000,1860681,2026-05-08,2026-09-20,,79,80,Public Works Department,Maharashtra Works Agency,20.292832,78.010894,Ongoing,Rural,SYNTHETIC_PROTOTYPE
MPLADS-SYN-0783,Rajasthan,Jodhpur,Jodhpur,School Building,School Building development work in Jodhpur,1780000,1820000,1017198,2026-04-20,2026-09-09,,63,59,Public Works Department,Maharashtra Works Agency,8.839623,86.517188,Ongoing,Hilly,SYNTHETIC_PROTOTYPE
MPLADS-SYN-0784,Rajasthan,Ajmer,Ajmer,Health Facility,Health Facility development work in Ajmer,3480000,3550000,1275536,2026-05-25,2026-11-13,,47,37,Rural Development Agency,Shree Buildcon,13.359274,85.042327,Ongoing,Hilly,SYNTHETIC_PROTOTYPE
MPLADS-SYN-0785,Karnataka,Mysuru,Mysuru,School Building,School Building development work in Mysuru,1170000,1140000,881916,2026-04-15,2026-11-03,,80,77,Zilla Parishad,National Infra Services,17.713714,83.67409,Ongoing,Hilly,SYNTHETIC_PROTOTYPE
MPLADS-SYN-0786,Bihar,Bhagalpur,Bhagalpur,Library,Library development work in Bhagalpur,1240000,1230000,772536,2026-06-18,2026-12-03,,73,65,Municipal Council,ABC Infrastructure Pvt Ltd,25.085707,77.091874,Ongoing,Semi-urban,SYNTHETIC_PROTOTYPE
MPLADS-SYN-0787,Maharashtra,Dhule,Dhule,Street Lighting,Street Lighting development work in Dhule,670000,660000,162855,2026-07-09,2027-01-12,,35,27,Municipal Council,Om Civil Works,23.541884,76.31555,Ongoing,Rural,SYNTHETIC_PROTOTYPE
MPLADS-SYN-0788,Rajasthan,Udaipur,Udaipur,Community Hall,Community Hall development work in Udaipur,2970000,3010000,1395900,2026-03-02,2026-08-02,,77,47,Education Department,Om Civil Works,15.932555,81.337417,Under Review,Hilly,SYNTHETIC_PROTOTYPE
MPLADS-SYN-0789,Rajasthan,Kota,Kota,Sports Facility,Sports Facility development work in Kota,1300000,1260000,611000,2026-08-19,2027-01-01,,46,47,Municipal Council,District Works Cooperative,27.452299,87.110794,Under Review,Hilly,SYNTHETIC_PROTOTYPE
MPLADS-SYN-0790,Karnataka,Belagavi,Belagavi,Road,Road development work in Belagavi,2350000,2330000,1796948,2026-05-01,2026-10-01,,81,79,Rural Development Agency,Shree Buildcon,18.150677,81.90851,Ongoing,Rural,SYNTHETIC_PROTOTYPE
MPLADS-SYN-0791,Karnataka,Bengaluru Urban,Bengaluru,Library,Library development work in Bengaluru Urban,860000,860000,659961,2026-01-09,2026-04-01,,80,78,Zilla Parishad,Maharashtra Works Agency,22.79507,78.374343,Ongoing,Hilly,SYNTHETIC_PROTOTYPE
MPLADS-SYN-0792,Tamil Nadu,Tiruchirappalli,Tiruchirappalli,Community Hall,Community Hall development work in Tiruchirappalli,1080000,1070000,915025,2026-05-03,2026-07-15,,86,93,Zilla Parishad,ABC Infrastructure Pvt Ltd,11.670305,80.072345,Ongoing,Hilly,SYNTHETIC_PROTOTYPE
MPLADS-SYN-0793,Madhya Pradesh,Ujjain,Ujjain,Road,Road development work in Ujjain,990000,970000,543788,2026-01-24,2026-07-06,,65,57,Public Works Department,District Works Cooperative,17.642609,79.139767,Ongoing,Plain,SYNTHETIC_PROTOTYPE
MPLADS-SYN-0794,Uttar Pradesh,Varanasi,Varanasi,School Building,School Building development work in Varanasi,1170000,1150000,646767,2026-05-02,2026-11-04,,54,58,Rural Development Agency,ABC Infrastructure Pvt Ltd,18.818061,84.562305,Ongoing,Hilly,SYNTHETIC_PROTOTYPE
MPLADS-SYN-0795,Karnataka,Mysuru,Mysuru,School Building,School Building development work in Mysuru,3190000,3190000,1342117,2026-06-24,2027-01-29,,37,44,Education Department,Om Civil Works,13.47309,76.308025,Ongoing,Hilly,SYNTHETIC_PROTOTYPE
MPLADS-SYN-0796,Uttar Pradesh,Varanasi,Varanasi,Street Lighting,Street Lighting development work in Varanasi,210000,200000,52500,2026-01-15,2026-08-15,,8,25,Public Works Department,National Infra Services,10.405459,77.828123,Delayed,Rural,SYNTHETIC_PROTOTYPE
MPLADS-SYN-0797,Tamil Nadu,Salem,Salem,Library,Library development work in Salem,1470000,1440000,1135425,2026-03-09,2026-07-31,,89,81,District Health Office,National Infra Services,14.712056,80.683401,Ongoing,Rural,SYNTHETIC_PROTOTYPE
MPLADS-SYN-0798,Bihar,Bhagalpur,Bhagalpur,School Building,School Building development work in Bhagalpur,4530000,4450000,4439400,2026-01-23,2026-06-07,,35,98,Public Works Department,Om Civil Works,13.775361,84.200942,Under Review,Plain,SYNTHETIC_PROTOTYPE
MPLADS-SYN-0799,Bihar,Bhagalpur,Bhagalpur,Library,Library development work in Bhagalpur,980000,990000,586575,2026-03-12,2026-07-22,,53,61,Zilla Parishad,National Infra Services,10.586916,80.486188,Ongoing,Semi-urban,SYNTHETIC_PROTOTYPE
MPLADS-SYN-0800,Tamil Nadu,Madurai,Madurai,Solar Lighting,Solar Lighting development work in Madurai,800000,810000,367812,2026-01-06,2026-06-30,,54,47,Rural Development Agency,Sai Construction,13.401902,84.11492,Ongoing,Semi-urban,SYNTHETIC_PROTOTYPE
MPLADS-SYN-0801,Gujarat,Rajkot,Rajkot,Sports Facility,Sports Facility development work in Rajkot,1960000,1990000,1760447,2026-06-22,2026-12-22,,87,96,Education Department,National Infra Services,23.667942,78.84356,Ongoing,Plain,SYNTHETIC_PROTOTYPE
MPLADS-SYN-0802,Uttar Pradesh,Lucknow,Lucknow,Solar Lighting,Solar Lighting development work in Lucknow,890000,870000,225112,2026-07-02,2027-01-12,,36,28,Public Works Department,Om Civil Works,28.158143,81.014307,Ongoing,Hilly,SYNTHETIC_PROTOTYPE
MPLADS-SYN-0803,Maharashtra,Ahmednagar,Ahmednagar,Road,Road development work in Ahmednagar,2220000,2200000,1443000,2026-04-18,2026-11-07,,24,65,Rural Development Agency,National Infra Services,18.634579,87.57001,Under Review,Semi-urban,SYNTHETIC_PROTOTYPE
MPLADS-SYN-0804,Bihar,Darbhanga,Darbhanga,Health Facility,Health Facility development work in Darbhanga,2840000,2880000,2669600,2026-06-17,2026-09-08,,32,94,District Health Office,National Infra Services,19.268156,79.319842,Under Review,Semi-urban,SYNTHETIC_PROTOTYPE
MPLADS-SYN-0805,Uttar Pradesh,Varanasi,Varanasi,Solar Lighting,Solar Lighting development work in Varanasi,1230000,1240000,504300,2026-02-04,2026-09-21,,20,41,Municipal Council,Om Civil Works,25.215535,81.512885,Delayed,Semi-urban,SYNTHETIC_PROTOTYPE
MPLADS-SYN-0806,Bihar,Bhagalpur,Bhagalpur,Drainage,Drainage development work in Bhagalpur,2440000,2450000,2122800,2026-07-18,2027-03-08,,23,87,Zilla Parishad,ABC Infrastructure Pvt Ltd,26.177194,77.565848,Under Review,Rural,SYNTHETIC_PROTOTYPE
MPLADS-SYN-0807,Tamil Nadu,Chennai,Chennai,Drainage,Drainage development work in Chennai,1430000,1440000,666215,2026-02-08,2026-06-05,,51,47,Education Department,Maharashtra Works Agency,19.220268,72.819424,Ongoing,Semi-urban,SYNTHETIC_PROTOTYPE
MPLADS-SYN-0808,Uttar Pradesh,Varanasi,Varanasi,Solar Lighting,Solar Lighting development work in Varanasi,1730000,1780000,653660,2026-03-16,2026-05-19,,42,41,Municipal Council,National Infra Services,15.202617,82.237204,Ongoing,Semi-urban,SYNTHETIC_PROTOTYPE
MPLADS-SYN-0809,Bihar,Gaya,Gaya,Community Hall,Community Hall development work in Gaya,1010000,1020000,588511,2026-02-20,2026-05-23,,61,62,Municipal Corporation,Sai Construction,13.10267,73.435312,Ongoing,Plain,SYNTHETIC_PROTOTYPE
MPLADS-SYN-0810,Bihar,Patna,Patna,Community Hall,Community Hall development work in Patna,3160000,3120000,2591200,2026-02-01,2026-04-03,,55,82,District Health Office,Maharashtra Works Agency,25.331904,87.138832,Under Review,Plain,SYNTHETIC_PROTOTYPE
MPLADS-SYN-0811,Tamil Nadu,Chennai,Chennai,Health Facility,Health Facility development work in Chennai,2490000,2490000,715660,2026-01-15,2026-08-11,,37,31,Municipal Council,Maharashtra Works Agency,10.978245,73.786504,Ongoing,Rural,SYNTHETIC_PROTOTYPE
MPLADS-SYN-0812,Rajasthan,Kota,Kota,Health Facility,Health Facility development work in Kota,2700000,2660000,810000,2026-04-14,2026-08-03,,24,30,Municipal Council,District Works Cooperative,8.13352,79.9529,Delayed,Rural,SYNTHETIC_PROTOTYPE
MPLADS-SYN-0813,Bihar,Bhagalpur,Bhagalpur,Solar Lighting,Solar Lighting development work in Bhagalpur,1370000,1380000,596389,2026-06-20,2026-09-12,,36,48,District Health Office,Sai Construction,12.853471,83.375466,Ongoing,Plain,SYNTHETIC_PROTOTYPE
MPLADS-SYN-0814,Rajasthan,Kota,Kota,Library,Library development work in Kota,350000,350000,326211,2026-07-12,2026-09-11,,91,100,Municipal Corporation,Om Civil Works,16.035131,86.34425,Ongoing,Semi-urban,SYNTHETIC_PROTOTYPE
MPLADS-SYN-0815,Maharashtra,Nashik,Nashik,Drinking Water,Drinking Water development work in Nashik,640000,640000,514723,2026-07-22,2026-11-02,,79,85,Zilla Parishad,Om Civil Works,15.066878,85.926145,Ongoing,Rural,SYNTHETIC_PROTOTYPE
MPLADS-SYN-0816,Uttar Pradesh,Agra,Agra,School Building,School Building development work in Agra,4110000,4030000,2308843,2026-03-02,2026-07-30,,60,57,Education Department,District Works Cooperative,26.482365,73.982086,Ongoing,Rural,SYNTHETIC_PROTOTYPE
MPLADS-SYN-0817,Bihar,Muzaffarpur,Muzaffarpur,Library,Library development work in Muzaffarpur,1460000,1450000,903167,2026-06-20,2027-01-25,,69,66,District Health Office,National Infra Services,27.375029,82.800988,Ongoing,Rural,SYNTHETIC_PROTOTYPE
MPLADS-SYN-0818,Maharashtra,Jalgaon,Jalgaon,Health Facility,Health Facility development work in Jalgaon,3430000,3510000,1053500,2026-08-12,2026-12-09,,38,32,Municipal Corporation,Shree Buildcon,25.283605,74.935944,Ongoing,Hilly,SYNTHETIC_PROTOTYPE
MPLADS-SYN-0819,Uttar Pradesh,Varanasi,Varanasi,Road,Road development work in Varanasi,2490000,2530000,1852143,2026-05-22,2026-11-10,,65,77,Education Department,Maharashtra Works Agency,23.539725,82.698148,Ongoing,Rural,SYNTHETIC_PROTOTYPE
MPLADS-SYN-0820,Rajasthan,Jodhpur,Jodhpur,Solar Lighting,Solar Lighting development work in Jodhpur,500000,500000,373727,2026-07-15,2026-09-14,,83,81,Public Works Department,District Works Cooperative,19.010696,77.354466,Ongoing,Hilly,SYNTHETIC_PROTOTYPE
MPLADS-SYN-0821,Rajasthan,Kota,Kota,Library,Library development work in Kota,1100000,1120000,478577,2026-05-17,2026-12-25,,47,46,Zilla Parishad,ABC Infrastructure Pvt Ltd,9.827627,83.824553,Ongoing,Rural,SYNTHETIC_PROTOTYPE
MPLADS-SYN-0822,Rajasthan,Kota,Kota,Drinking Water,Drinking Water development work in Kota,990000,1000000,504303,2026-01-20,2026-06-16,,61,52,Municipal Corporation,District Works Cooperative,17.681831,72.818192,Ongoing,Semi-urban,SYNTHETIC_PROTOTYPE
MPLADS-SYN-0823,Gujarat,Kutch,Kutch,Drainage,Drainage development work in Kutch,1070000,1090000,681598,2026-04-22,2026-08-10,,56,65,Rural Development Agency,Sai Construction,15.372957,85.259712,Ongoing,Plain,SYNTHETIC_PROTOTYPE
MPLADS-SYN-0824,Karnataka,Hubballi,Hubballi,School Building,School Building development work in Hubballi,2420000,2480000,2318621,2026-01-25,2026-04-16,,92,100,Education Department,Shree Buildcon,18.521203,77.969981,Ongoing,Plain,SYNTHETIC_PROTOTYPE
MPLADS-SYN-0825,Uttar Pradesh,Prayagraj,Prayagraj,Drainage,Drainage development work in Prayagraj,1970000,1990000,1471802,2026-02-23,2026-09-09,,77,79,Rural Development Agency,Shree Buildcon,11.825664,85.188284,Ongoing,Hilly,SYNTHETIC_PROTOTYPE
MPLADS-SYN-0826,Maharashtra,Ahmednagar,Ahmednagar,Community Hall,Community Hall development work in Ahmednagar,2070000,2080000,931500,2026-07-16,2026-10-04,,40,45,Municipal Council,National Infra Services,28.480977,74.608623,Under Review,Hilly,SYNTHETIC_PROTOTYPE
MPLADS-SYN-0827,Karnataka,Bengaluru Urban,Bengaluru,Road,Road development work in Bengaluru Urban,1130000,1110000,1069906,2026-01-12,2026-03-31,,90,95,District Health Office,ABC Infrastructure Pvt Ltd,21.800892,85.26429,Ongoing,Semi-urban,SYNTHETIC_PROTOTYPE
MPLADS-SYN-0828,Madhya Pradesh,Indore,Indore,Sports Facility,Sports Facility development work in Indore,1930000,1980000,1621849,2026-03-17,2026-10-10,,84,88,Rural Development Agency,Shree Buildcon,21.286136,88.009065,Ongoing,Rural,SYNTHETIC_PROTOTYPE
MPLADS-SYN-0829,Bihar,Patna,Patna,Drainage,Drainage development work in Patna,420000,410000,176400,2026-01-16,2026-07-17,,24,42,Zilla Parishad,Maharashtra Works Agency,22.825892,81.101047,Delayed,Hilly,SYNTHETIC_PROTOTYPE
MPLADS-SYN-0830,Rajasthan,Jaipur,Jaipur,Drainage,Drainage development work in Jaipur,1910000,1960000,611200,2026-05-04,2026-11-28,,65,32,Municipal Council,Sai Construction,21.518667,77.84739,Under Review,Plain,SYNTHETIC_PROTOTYPE
MPLADS-SYN-0831,Gujarat,Surat,Surat,Sports Facility,Sports Facility development work in Surat,500000,500000,163270,2026-04-12,2026-08-28,,43,36,Rural Development Agency,National Infra Services,23.205333,86.051551,Ongoing,Semi-urban,SYNTHETIC_PROTOTYPE
MPLADS-SYN-0832,Gujarat,Ahmedabad,Ahmedabad,Road,Road development work in Ahmedabad,810000,830000,533130,2026-03-10,2026-05-28,,68,66,Municipal Corporation,National Infra Services,8.486581,73.439524,Ongoing,Plain,SYNTHETIC_PROTOTYPE
MPLADS-SYN-0833,Maharashtra,Dhule,Dhule,Health Facility,Health Facility development work in Dhule,780000,800000,390000,2026-05-04,2026-08-23,,41,50,Municipal Council,ABC Infrastructure Pvt Ltd,14.892677,77.510308,Delayed,Semi-urban,SYNTHETIC_PROTOTYPE
MPLADS-SYN-0834,Rajasthan,Ajmer,Ajmer,Library,Library development work in Ajmer,690000,710000,479589,2026-08-08,2026-10-16,,67,70,Municipal Corporation,Maharashtra Works Agency,10.396636,76.173059,Ongoing,Plain,SYNTHETIC_PROTOTYPE
MPLADS-SYN-0835,Karnataka,Belagavi,Belagavi,Solar Lighting,Solar Lighting development work in Belagavi,740000,730000,495523,2026-03-15,2026-06-03,,68,68,Public Works Department,National Infra Services,14.482103,72.513096,Ongoing,Rural,SYNTHETIC_PROTOTYPE
MPLADS-SYN-0836,Madhya Pradesh,Indore,Indore,School Building,School Building development work in Indore,5020000,4900000,2660600,2026-01-15,2026-04-20,,44,53,District Health Office,National Infra Services,8.187551,76.574325,Delayed,Rural,SYNTHETIC_PROTOTYPE
MPLADS-SYN-0837,Maharashtra,Pune,Pune,Sports Facility,Sports Facility development work in Pune,1480000,1480000,724151,2026-01-08,2026-05-10,,53,50,Municipal Corporation,Shree Buildcon,17.496501,72.775602,Ongoing,Plain,SYNTHETIC_PROTOTYPE
MPLADS-SYN-0838,Rajasthan,Jaipur,Jaipur,School Building,School Building development work in Jaipur,3590000,3610000,2873891,2026-05-08,2026-08-10,,87,88,Zilla Parishad,Shree Buildcon,24.688467,87.218393,Ongoing,Plain,SYNTHETIC_PROTOTYPE
MPLADS-SYN-0839,Rajasthan,Jaipur,Jaipur,School Building,School Building development work in Jaipur,2680000,2720000,991616,2026-02-04,2026-09-03,,41,38,Zilla Parishad,District Works Cooperative,21.121593,72.458171,Ongoing,Semi-urban,SYNTHETIC_PROTOTYPE
MPLADS-SYN-0840,Madhya Pradesh,Ujjain,Ujjain,School Building,School Building development work in Ujjain,3680000,3730000,1613232,2026-06-11,2026-10-02,,44,46,Education Department,Sai Construction,23.86657,86.485242,Ongoing,Hilly,SYNTHETIC_PROTOTYPE
MPLADS-SYN-0841,Tamil Nadu,Chennai,Chennai,Library,Library development work in Chennai,1070000,1100000,590941,2026-08-23,2027-04-10,,63,59,Zilla Parishad,Om Civil Works,20.011141,86.561574,Ongoing,Hilly,SYNTHETIC_PROTOTYPE
MPLADS-SYN-0842,Rajasthan,Ajmer,Ajmer,Drainage,Drainage development work in Ajmer,2110000,2060000,1227435,2026-07-01,2027-01-26,,64,59,Municipal Council,ABC Infrastructure Pvt Ltd,10.48631,86.618224,Ongoing,Hilly,SYNTHETIC_PROTOTYPE
MPLADS-SYN-0843,Rajasthan,Jodhpur,Jodhpur,Drainage,Drainage development work in Jodhpur,550000,550000,371735,2026-04-24,2026-12-14,,67,73,Education Department,National Infra Services,19.982007,76.067667,Ongoing,Hilly,SYNTHETIC_PROTOTYPE
MPLADS-SYN-0844,Madhya Pradesh,Ujjain,Ujjain,School Building,School Building development work in Ujjain,3640000,3700000,2448924,2026-03-22,2026-07-31,,77,71,Municipal Council,ABC Infrastructure Pvt Ltd,12.372184,87.922349,Ongoing,Plain,SYNTHETIC_PROTOTYPE
MPLADS-SYN-0845,Karnataka,Belagavi,Belagavi,Solar Lighting,Solar Lighting development work in Belagavi,1140000,1160000,707660,2026-03-15,2026-08-29,,55,67,Rural Development Agency,Sai Construction,24.289084,75.012246,Ongoing,Semi-urban,SYNTHETIC_PROTOTYPE
MPLADS-SYN-0846,Uttar Pradesh,Agra,Agra,Health Facility,Health Facility development work in Agra,2510000,2550000,1008636,2026-08-03,2027-01-02,,35,42,Rural Development Agency,Maharashtra Works Agency,13.096841,87.998268,Ongoing,Semi-urban,SYNTHETIC_PROTOTYPE
MPLADS-SYN-0847,Madhya Pradesh,Ujjain,Ujjain,Drainage,Drainage development work in Ujjain,1970000,1950000,693584,2026-01-17,2026-04-25,,44,39,Public Works Department,Sai Construction,22.681727,72.004269,Ongoing,Rural,SYNTHETIC_PROTOTYPE
MPLADS-SYN-0848,Maharashtra,Nandurbar,Nandurbar,Road,Road development work in Nandurbar,2780000,2760000,980884,2026-02-15,2026-07-11,,49,39,Municipal Council,ABC Infrastructure Pvt Ltd,27.572244,84.115045,Ongoing,Rural,SYNTHETIC_PROTOTYPE
MPLADS-SYN-0849,Karnataka,Mysuru,Mysuru,Road,Road development work in Mysuru,1300000,1280000,991657,2026-04-21,2026-11-08,,79,77,Education Department,Maharashtra Works Agency,21.573665,87.069525,Ongoing,Semi-urban,SYNTHETIC_PROTOTYPE
MPLADS-SYN-0850,Uttar Pradesh,Prayagraj,Prayagraj,Community Hall,Community Hall development work in Prayagraj,2950000,2990000,1422431,2026-02-17,2026-08-10,,55,51,Municipal Council,Om Civil Works,21.388935,79.425275,Ongoing,Plain,SYNTHETIC_PROTOTYPE
MPLADS-SYN-0851,Madhya Pradesh,Bhopal,Bhopal,Drinking Water,Drinking Water development work in Bhopal,700000,700000,273000,2026-04-11,2026-10-15,,24,39,Municipal Council,ABC Infrastructure Pvt Ltd,15.46622,86.701927,Under Review,Semi-urban,SYNTHETIC_PROTOTYPE
MPLADS-SYN-0852,Maharashtra,Aurangabad,Aurangabad,Road,Road development work in Aurangabad,1030000,1010000,651018,2026-05-03,2026-09-02,,67,67,District Health Office,District Works Cooperative,16.316077,82.794893,Ongoing,Hilly,SYNTHETIC_PROTOTYPE
MPLADS-SYN-0853,Gujarat,Rajkot,Rajkot,Drinking Water,Drinking Water development work in Rajkot,1620000,1580000,1353928,2026-08-14,2026-11-29,,86,85,Zilla Parishad,District Works Cooperative,26.58418,86.718579,Ongoing,Hilly,SYNTHETIC_PROTOTYPE
MPLADS-SYN-0854,Rajasthan,Ajmer,Ajmer,Solar Lighting,Solar Lighting development work in Ajmer,1630000,1590000,1287700,2026-03-04,2026-07-22,,28,79,Education Department,Om Civil Works,8.488113,79.606929,Under Review,Plain,SYNTHETIC_PROTOTYPE
MPLADS-SYN-0855,Tamil Nadu,Salem,Salem,Health Facility,Health Facility development work in Salem,2750000,2770000,2546190,2026-05-16,2026-10-23,,94,94,Public Works Department,ABC Infrastructure Pvt Ltd,15.232166,72.138941,Ongoing,Semi-urban,SYNTHETIC_PROTOTYPE
MPLADS-SYN-0856,Madhya Pradesh,Sagar,Sagar,Sports Facility,Sports Facility development work in Sagar,1520000,1490000,834498,2026-04-21,2026-11-01,,65,59,Education Department,Sai Construction,22.054208,72.572567,Ongoing,Rural,SYNTHETIC_PROTOTYPE
MPLADS-SYN-0857,Tamil Nadu,Madurai,Madurai,Sports Facility,Sports Facility development work in Madurai,1640000,1660000,730244,2026-08-11,2027-01-13,,56,48,District Health Office,Shree Buildcon,13.935768,74.532415,Ongoing,Rural,SYNTHETIC_PROTOTYPE
MPLADS-SYN-0858,Tamil Nadu,Tiruchirappalli,Tiruchirappalli,Health Facility,Health Facility development work in Tiruchirappalli,4140000,4200000,2030053,2026-08-21,2027-03-05,,42,51,Municipal Corporation,Shree Buildcon,27.363291,78.386729,Ongoing,Plain,SYNTHETIC_PROTOTYPE
MPLADS-SYN-0859,Maharashtra,Pune,Pune,Road,Road development work in Pune,840000,830000,762280,2026-08-03,2027-03-06,,81,92,Zilla Parishad,District Works Cooperative,21.933344,88.447333,Ongoing,Plain,SYNTHETIC_PROTOTYPE
MPLADS-SYN-0860,Gujarat,Rajkot,Rajkot,Drainage,Drainage development work in Rajkot,1470000,1480000,603832,2026-04-20,2026-08-12,,43,45,Municipal Corporation,National Infra Services,8.747626,74.568371,Ongoing,Semi-urban,SYNTHETIC_PROTOTYPE
MPLADS-SYN-0861,Maharashtra,Solapur,Solapur,Solar Lighting,Solar Lighting development work in Solapur,1830000,1800000,1649200,2026-01-05,2026-05-12,,93,100,Zilla Parishad,Maharashtra Works Agency,14.196738,84.997625,Ongoing,Rural,SYNTHETIC_PROTOTYPE
MPLADS-SYN-0862,Uttar Pradesh,Prayagraj,Prayagraj,School Building,School Building development work in Prayagraj,2790000,2730000,1354238,2026-04-19,2026-08-12,,46,50,Education Department,District Works Cooperative,19.830565,86.354369,Ongoing,Semi-urban,SYNTHETIC_PROTOTYPE
MPLADS-SYN-0863,Madhya Pradesh,Sagar,Sagar,Solar Lighting,Solar Lighting development work in Sagar,350000,360000,260821,2026-02-23,2026-09-24,,79,80,Municipal Council,ABC Infrastructure Pvt Ltd,28.221138,77.719517,Ongoing,Plain,SYNTHETIC_PROTOTYPE
MPLADS-SYN-0864,Madhya Pradesh,Indore,Indore,Road,Road development work in Indore,2050000,2110000,935515,2026-03-06,2026-08-26,,38,48,District Health Office,Sai Construction,18.254631,77.265812,Ongoing,Rural,SYNTHETIC_PROTOTYPE
MPLADS-SYN-0865,Gujarat,Rajkot,Rajkot,Community Hall,Community Hall development work in Rajkot,3660000,3630000,1971453,2026-08-21,2026-10-27,,46,58,Municipal Corporation,Shree Buildcon,13.621463,78.949097,Ongoing,Rural,SYNTHETIC_PROTOTYPE
MPLADS-SYN-0866,Tamil Nadu,Tiruchirappalli,Tiruchirappalli,Health Facility,Health Facility development work in Tiruchirappalli,2510000,2470000,1334121,2026-01-02,2026-08-13,,46,54,Municipal Council,District Works Cooperative,22.459452,79.387105,Ongoing,Hilly,SYNTHETIC_PROTOTYPE
MPLADS-SYN-0867,Rajasthan,Jaipur,Jaipur,Community Hall,Community Hall development work in Jaipur,4040000,3960000,1243665,2026-01-18,2026-04-07,,42,32,Education Department,Shree Buildcon,17.977141,74.952475,Ongoing,Semi-urban,SYNTHETIC_PROTOTYPE
MPLADS-SYN-0868,Madhya Pradesh,Jabalpur,Jabalpur,Street Lighting,Street Lighting development work in Jabalpur,1210000,1220000,554805,2026-07-13,2027-02-13,,35,46,District Health Office,Maharashtra Works Agency,19.521168,79.118588,Ongoing,Hilly,SYNTHETIC_PROTOTYPE
MPLADS-SYN-0869,Madhya Pradesh,Ujjain,Ujjain,Drinking Water,Drinking Water development work in Ujjain,1960000,1910000,1063013,2026-07-18,2027-02-18,,64,59,Municipal Council,National Infra Services,17.708321,72.905062,Ongoing,Semi-urban,SYNTHETIC_PROTOTYPE
MPLADS-SYN-0870,Madhya Pradesh,Jabalpur,Jabalpur,Street Lighting,Street Lighting development work in Jabalpur,870000,850000,655429,2026-04-22,2026-12-04,,80,80,Public Works Department,National Infra Services,15.384645,80.582334,Ongoing,Plain,SYNTHETIC_PROTOTYPE
MPLADS-SYN-0871,Rajasthan,Ajmer,Ajmer,Sports Facility,Sports Facility development work in Ajmer,2290000,2360000,573202,2026-03-06,2026-05-12,,36,26,Rural Development Agency,ABC Infrastructure Pvt Ltd,12.408756,80.269375,Ongoing,Semi-urban,SYNTHETIC_PROTOTYPE
MPLADS-SYN-0872,Bihar,Bhagalpur,Bhagalpur,Drainage,Drainage development work in Bhagalpur,1450000,1420000,507500,2026-01-01,2026-08-27,,67,35,District Health Office,ABC Infrastructure Pvt Ltd,10.156576,81.600263,Under Review,Rural,SYNTHETIC_PROTOTYPE
MPLADS-SYN-0873,Madhya Pradesh,Bhopal,Bhopal,Street Lighting,Street Lighting development work in Bhopal,320000,330000,266370,2026-04-22,2026-11-01,,75,87,Education Department,ABC Infrastructure Pvt Ltd,25.826188,87.396018,Ongoing,Plain,SYNTHETIC_PROTOTYPE
MPLADS-SYN-0874,Uttar Pradesh,Prayagraj,Prayagraj,Solar Lighting,Solar Lighting development work in Prayagraj,1150000,1130000,368000,2026-03-17,2026-07-10,,10,32,Rural Development Agency,Shree Buildcon,18.129202,72.438443,Delayed,Rural,SYNTHETIC_PROTOTYPE
MPLADS-SYN-0875,Tamil Nadu,Coimbatore,Coimbatore,Road,Road development work in Coimbatore,1250000,1220000,543223,2026-01-12,2026-05-02,,56,46,Public Works Department,ABC Infrastructure Pvt Ltd,18.699071,84.858554,Ongoing,Hilly,SYNTHETIC_PROTOTYPE
MPLADS-SYN-0876,Maharashtra,Pune,Pune,Library,Library development work in Pune,710000,710000,202744,2026-08-21,2027-03-21,,36,29,Municipal Council,Sai Construction,27.061871,74.269499,Ongoing,Semi-urban,SYNTHETIC_PROTOTYPE
MPLADS-SYN-0877,Bihar,Patna,Patna,School Building,School Building development work in Patna,3260000,3350000,2314600,2026-07-09,2027-01-23,,55,71,Education Department,Maharashtra Works Agency,25.58505,81.351215,Under Review,Semi-urban,SYNTHETIC_PROTOTYPE
MPLADS-SYN-0878,Maharashtra,Pune,Pune,Library,Library development work in Pune,390000,390000,386100,2026-02-15,2026-08-02,,44,99,Municipal Corporation,Maharashtra Works Agency,9.539579,86.841695,Under Review,Plain,SYNTHETIC_PROTOTYPE
MPLADS-SYN-0879,Rajasthan,Jodhpur,Jodhpur,Drainage,Drainage development work in Jodhpur,2190000,2190000,1465289,2026-01-06,2026-09-02,,60,71,Zilla Parishad,Maharashtra Works Agency,26.332736,82.104714,Ongoing,Hilly,SYNTHETIC_PROTOTYPE
MPLADS-SYN-0880,Madhya Pradesh,Ujjain,Ujjain,Drinking Water,Drinking Water development work in Ujjain,1180000,1150000,632785,2026-04-08,2026-08-25,,62,58,Rural Development Agency,ABC Infrastructure Pvt Ltd,20.930759,72.932595,Ongoing,Plain,SYNTHETIC_PROTOTYPE
MPLADS-SYN-0881,Karnataka,Mysuru,Mysuru,Street Lighting,Street Lighting development work in Mysuru,960000,940000,646023,2026-02-03,2026-04-30,,71,71,Municipal Corporation,Sai Construction,13.435324,81.501749,Ongoing,Hilly,SYNTHETIC_PROTOTYPE
MPLADS-SYN-0882,Bihar,Gaya,Gaya,Street Lighting,Street Lighting development work in Gaya,1340000,1320000,884400,2026-06-07,2027-01-19,,41,66,Public Works Department,Om Civil Works,18.830399,80.1814,Delayed,Plain,SYNTHETIC_PROTOTYPE
MPLADS-SYN-0883,Madhya Pradesh,Jabalpur,Jabalpur,Health Facility,Health Facility development work in Jabalpur,2390000,2330000,1099400,2026-04-24,2026-10-23,,39,46,District Health Office,Om Civil Works,21.951367,88.144903,Under Review,Plain,SYNTHETIC_PROTOTYPE
MPLADS-SYN-0884,Uttar Pradesh,Lucknow,Lucknow,Street Lighting,Street Lighting development work in Lucknow,1290000,1320000,603830,2026-01-04,2026-04-01,,61,52,Municipal Corporation,Shree Buildcon,8.045622,83.997929,Ongoing,Hilly,SYNTHETIC_PROTOTYPE
MPLADS-SYN-0885,Bihar,Darbhanga,Darbhanga,Street Lighting,Street Lighting development work in Darbhanga,590000,610000,251579,2026-01-21,2026-04-08,,35,45,Zilla Parishad,Maharashtra Works Agency,13.704424,76.449826,Ongoing,Rural,SYNTHETIC_PROTOTYPE
MPLADS-SYN-0886,Bihar,Bhagalpur,Bhagalpur,Road,Road development work in Bhagalpur,1680000,1700000,738754,2026-02-02,2026-07-06,,55,45,Municipal Council,Om Civil Works,20.407506,84.041094,Ongoing,Semi-urban,SYNTHETIC_PROTOTYPE
MPLADS-SYN-0887,Karnataka,Bengaluru Urban,Bengaluru,Sports Facility,Sports Facility development work in Bengaluru Urban,360000,350000,187200,2026-03-09,2026-08-04,,45,52,Municipal Corporation,Om Civil Works,9.248149,77.759158,Delayed,Hilly,SYNTHETIC_PROTOTYPE
MPLADS-SYN-0888,Tamil Nadu,Coimbatore,Coimbatore,Community Hall,Community Hall development work in Coimbatore,3270000,3250000,1312081,2026-03-20,2026-07-28,,45,41,District Health Office,Om Civil Works,23.596099,88.369077,Ongoing,Rural,SYNTHETIC_PROTOTYPE
MPLADS-SYN-0889,Tamil Nadu,Chennai,Chennai,Drinking Water,Drinking Water development work in Chennai,1890000,1850000,1547566,2026-07-23,2026-11-23,,81,84,Municipal Council,Maharashtra Works Agency,20.608054,78.884305,Ongoing,Plain,SYNTHETIC_PROTOTYPE
MPLADS-SYN-0890,Gujarat,Kutch,Kutch,School Building,School Building development work in Kutch,3370000,3460000,2755598,2026-07-02,2026-11-01,,87,88,Education Department,Shree Buildcon,23.128694,83.176684,Ongoing,Plain,SYNTHETIC_PROTOTYPE
MPLADS-SYN-0891,Bihar,Bhagalpur,Bhagalpur,Drinking Water,Drinking Water development work in Bhagalpur,1350000,1360000,701078,2026-08-13,2026-12-30,,51,57,Municipal Corporation,Maharashtra Works Agency,14.125302,82.18842,Ongoing,Hilly,SYNTHETIC_PROTOTYPE
MPLADS-SYN-0892,Tamil Nadu,Madurai,Madurai,Road,Road development work in Madurai,1630000,1680000,964793,2026-07-09,2026-09-11,,53,65,Municipal Council,Sai Construction,24.405754,78.972672,Ongoing,Plain,SYNTHETIC_PROTOTYPE
MPLADS-SYN-0893,Madhya Pradesh,Bhopal,Bhopal,Community Hall,Community Hall development work in Bhopal,2000000,1970000,982033,2026-06-17,2027-01-21,,46,53,Rural Development Agency,Shree Buildcon,17.472988,73.842334,Ongoing,Plain,SYNTHETIC_PROTOTYPE
MPLADS-SYN-0894,Maharashtra,Pune,Pune,Sports Facility,Sports Facility development work in Pune,1800000,1800000,947564,2026-08-20,2027-04-12,,63,54,Education Department,Maharashtra Works Agency,8.923565,86.73929,Ongoing,Semi-urban,SYNTHETIC_PROTOTYPE
MPLADS-SYN-0895,Maharashtra,Aurangabad,Aurangabad,School Building,School Building development work in Aurangabad,3030000,3110000,2521428,2026-05-01,2026-11-01,,91,89,Public Works Department,Om Civil Works,10.613805,83.306317,Ongoing,Hilly,SYNTHETIC_PROTOTYPE
MPLADS-SYN-0896,Karnataka,Bengaluru Urban,Bengaluru,Solar Lighting,Solar Lighting development work in Bengaluru Urban,860000,860000,437154,2026-04-13,2026-08-15,,42,54,District Health Office,Sai Construction,8.290095,81.383125,Ongoing,Plain,SYNTHETIC_PROTOTYPE
MPLADS-SYN-0897,Uttar Pradesh,Agra,Agra,Library,Library development work in Agra,1690000,1710000,903218,2026-08-19,2027-02-24,,62,59,Public Works Department,National Infra Services,28.303243,84.202176,Ongoing,Semi-urban,SYNTHETIC_PROTOTYPE
MPLADS-SYN-0898,Gujarat,Kutch,Kutch,School Building,School Building development work in Kutch,4000000,3920000,1836903,2026-07-08,2027-01-03,,49,51,District Health Office,National Infra Services,8.348075,80.648729,Ongoing,Semi-urban,SYNTHETIC_PROTOTYPE
MPLADS-SYN-0899,Rajasthan,Jaipur,Jaipur,Drinking Water,Drinking Water development work in Jaipur,610000,620000,176900,2026-03-23,2026-09-12,,25,29,Education Department,Maharashtra Works Agency,22.242665,78.285462,Delayed,Semi-urban,SYNTHETIC_PROTOTYPE
MPLADS-SYN-0900,Bihar,Darbhanga,Darbhanga,Road,Road development work in Darbhanga,2640000,2570000,1505927,2026-07-14,2026-12-19,,65,60,Municipal Council,Sai Construction,16.041799,83.880693,Ongoing,Semi-urban,SYNTHETIC_PROTOTYPE
MPLADS-SYN-0901,Tamil Nadu,Chennai,Chennai,Drinking Water,Drinking Water development work in Chennai,430000,430000,129000,2026-08-18,2026-11-01,,26,30,Education Department,Sai Construction,9.374709,83.566646,Delayed,Hilly,SYNTHETIC_PROTOTYPE
MPLADS-SYN-0902,Madhya Pradesh,Ujjain,Ujjain,School Building,School Building development work in Ujjain,3940000,3900000,2368755,2026-05-23,2026-12-13,,54,61,Education Department,National Infra Services,8.485808,86.147397,Ongoing,Hilly,SYNTHETIC_PROTOTYPE
MPLADS-SYN-0903,Bihar,Darbhanga,Darbhanga,Drinking Water,Drinking Water development work in Darbhanga,680000,660000,512868,2026-06-25,2027-01-22,,84,83,Municipal Council,District Works Cooperative,15.864276,72.251873,Ongoing,Rural,SYNTHETIC_PROTOTYPE
MPLADS-SYN-0904,Karnataka,Hubballi,Hubballi,Drinking Water,Drinking Water development work in Hubballi,1250000,1260000,913449,2026-08-01,2027-01-25,,77,77,Zilla Parishad,National Infra Services,19.875757,83.492571,Ongoing,Hilly,SYNTHETIC_PROTOTYPE
MPLADS-SYN-0905,Maharashtra,Jalgaon,Jalgaon,Sports Facility,Sports Facility development work in Jalgaon,1570000,1580000,756923,2026-02-02,2026-05-14,,46,49,Municipal Council,Maharashtra Works Agency,28.110919,74.253874,Ongoing,Rural,SYNTHETIC_PROTOTYPE
MPLADS-SYN-0906,Maharashtra,Nashik,Nashik,Library,Library development work in Nashik,830000,830000,249000,2026-06-09,2026-11-16,,23,30,Education Department,Sai Construction,22.536426,82.408268,Delayed,Rural,SYNTHETIC_PROTOTYPE
MPLADS-SYN-0907,Tamil Nadu,Tiruchirappalli,Tiruchirappalli,Library,Library development work in Tiruchirappalli,1750000,1800000,1137973,2026-04-25,2026-07-29,,64,66,Public Works Department,Shree Buildcon,19.115949,79.386361,Ongoing,Plain,SYNTHETIC_PROTOTYPE
MPLADS-SYN-0908,Madhya Pradesh,Ujjain,Ujjain,Health Facility,Health Facility development work in Ujjain,2040000,2040000,777775,2026-01-16,2026-04-17,,49,42,Municipal Corporation,Maharashtra Works Agency,19.464429,81.090368,Ongoing,Rural,SYNTHETIC_PROTOTYPE
MPLADS-SYN-0909,Rajasthan,Udaipur,Udaipur,Road,Road development work in Udaipur,1450000,1460000,1210231,2026-08-04,2027-03-04,,94,89,District Health Office,District Works Cooperative,11.479827,84.533776,Ongoing,Hilly,SYNTHETIC_PROTOTYPE
MPLADS-SYN-0910,Tamil Nadu,Coimbatore,Coimbatore,Health Facility,Health Facility development work in Coimbatore,4240000,4150000,1441600,2026-01-23,2026-04-21,,72,34,Public Works Department,District Works Cooperative,15.488657,73.719769,Under Review,Hilly,SYNTHETIC_PROTOTYPE
MPLADS-SYN-0911,Karnataka,Belagavi,Belagavi,Health Facility,Health Facility development work in Belagavi,1850000,1830000,1535500,2026-04-25,2026-11-09,,23,83,Municipal Council,Om Civil Works,13.006302,82.290522,Under Review,Hilly,SYNTHETIC_PROTOTYPE
MPLADS-SYN-0912,Bihar,Muzaffarpur,Muzaffarpur,Library,Library development work in Muzaffarpur,1380000,1360000,752010,2026-03-07,2026-10-14,,52,57,Zilla Parishad,Sai Construction,12.286914,81.182402,Ongoing,Rural,SYNTHETIC_PROTOTYPE
MPLADS-SYN-0913,Karnataka,Belagavi,Belagavi,Drainage,Drainage development work in Belagavi,1080000,1110000,507726,2026-03-11,2026-09-24,,49,50,Municipal Council,Om Civil Works,9.753533,84.636073,Ongoing,Plain,SYNTHETIC_PROTOTYPE
MPLADS-SYN-0914,Uttar Pradesh,Agra,Agra,Drainage,Drainage development work in Agra,1360000,1380000,1088000,2026-04-10,2026-09-29,,49,80,Zilla Parishad,Sai Construction,22.047062,80.64355,Under Review,Semi-urban,SYNTHETIC_PROTOTYPE
MPLADS-SYN-0915,Karnataka,Hubballi,Hubballi,School Building,School Building development work in Hubballi,4130000,4230000,1283713,2026-04-09,2026-11-21,,41,32,Municipal Council,National Infra Services,25.598176,83.2169,Ongoing,Plain,SYNTHETIC_PROTOTYPE
MPLADS-SYN-0916,Madhya Pradesh,Ujjain,Ujjain,Road,Road development work in Ujjain,1240000,1250000,948475,2026-01-21,2026-04-17,,75,84,Municipal Corporation,Sai Construction,20.555905,77.535758,Ongoing,Rural,SYNTHETIC_PROTOTYPE
MPLADS-SYN-0917,Gujarat,Ahmedabad,Ahmedabad,Road,Road development work in Ahmedabad,2250000,2250000,1496967,2026-03-20,2026-09-28,,57,67,Zilla Parishad,Maharashtra Works Agency,11.46308,82.910184,Ongoing,Plain,SYNTHETIC_PROTOTYPE
MPLADS-SYN-0918,Madhya Pradesh,Indore,Indore,Road,Road development work in Indore,2640000,2600000,935644,2026-02-12,2026-09-27,,43,36,Zilla Parishad,Shree Buildcon,18.434727,86.182179,Ongoing,Rural,SYNTHETIC_PROTOTYPE
MPLADS-SYN-0919,Rajasthan,Jaipur,Jaipur,Drinking Water,Drinking Water development work in Jaipur,720000,730000,394427,2026-03-16,2026-07-18,,49,55,Rural Development Agency,Om Civil Works,24.688718,85.007398,Ongoing,Hilly,SYNTHETIC_PROTOTYPE
MPLADS-SYN-0920,Maharashtra,Dhule,Dhule,Sports Facility,Sports Facility development work in Dhule,2480000,2480000,2033600,2026-02-11,2026-09-08,,49,82,Education Department,ABC Infrastructure Pvt Ltd,14.456538,81.192047,Under Review,Semi-urban,SYNTHETIC_PROTOTYPE
MPLADS-SYN-0921,Rajasthan,Udaipur,Udaipur,Street Lighting,Street Lighting development work in Udaipur,920000,910000,494290,2026-07-13,2026-09-12,,53,58,Municipal Council,Sai Construction,12.492,78.244352,Ongoing,Semi-urban,SYNTHETIC_PROTOTYPE
MPLADS-SYN-0922,Tamil Nadu,Salem,Salem,Library,Library development work in Salem,1220000,1250000,463600,2026-07-14,2027-02-02,,32,38,Public Works Department,Maharashtra Works Agency,27.174086,75.580969,Delayed,Rural,SYNTHETIC_PROTOTYPE
MPLADS-SYN-0923,Rajasthan,Jodhpur,Jodhpur,Solar Lighting,Solar Lighting development work in Jodhpur,1710000,1680000,1060200,2026-04-10,2026-12-06,,36,62,Zilla Parishad,District Works Cooperative,9.906339,76.190321,Delayed,Hilly,SYNTHETIC_PROTOTYPE
MPLADS-SYN-0924,Tamil Nadu,Salem,Salem,Drinking Water,Drinking Water development work in Salem,1320000,1320000,821481,2026-02-02,2026-08-13,,66,66,District Health Office,District Works Cooperative,8.41366,85.370907,Ongoing,Hilly,SYNTHETIC_PROTOTYPE
MPLADS-SYN-0925,Gujarat,Surat,Surat,Health Facility,Health Facility development work in Surat,2520000,2470000,2311508,2026-03-18,2026-06-03,,89,94,Municipal Council,Om Civil Works,25.240839,81.682968,Ongoing,Hilly,SYNTHETIC_PROTOTYPE
MPLADS-SYN-0926,Uttar Pradesh,Agra,Agra,Street Lighting,Street Lighting development work in Agra,850000,850000,511920,2026-02-09,2026-06-27,,63,64,Zilla Parishad,ABC Infrastructure Pvt Ltd,9.211752,84.114876,Ongoing,Semi-urban,SYNTHETIC_PROTOTYPE
MPLADS-SYN-0927,Uttar Pradesh,Varanasi,Varanasi,Street Lighting,Street Lighting development work in Varanasi,1360000,1340000,979200,2026-06-17,2026-12-12,,35,72,Public Works Department,District Works Cooperative,22.396051,87.510335,Under Review,Rural,SYNTHETIC_PROTOTYPE
MPLADS-SYN-0928,Maharashtra,Nashik,Nashik,Street Lighting,Street Lighting development work in Nashik,490000,500000,174101,2026-02-14,2026-10-06,,35,39,Education Department,Sai Construction,18.131157,77.810023,Ongoing,Semi-urban,SYNTHETIC_PROTOTYPE
MPLADS-SYN-0929,Tamil Nadu,Madurai,Madurai,Drinking Water,Drinking Water development work in Madurai,480000,480000,408000,2026-04-19,2026-07-05,,23,85,Public Works Department,Maharashtra Works Agency,14.334103,78.946628,Under Review,Rural,SYNTHETIC_PROTOTYPE
MPLADS-SYN-0930,Uttar Pradesh,Prayagraj,Prayagraj,Library,Library development work in Prayagraj,1400000,1410000,1084556,2026-06-10,2027-01-23,,75,85,Municipal Corporation,ABC Infrastructure Pvt Ltd,12.80339,82.476261,Ongoing,Rural,SYNTHETIC_PROTOTYPE
MPLADS-SYN-0931,Uttar Pradesh,Varanasi,Varanasi,Drainage,Drainage development work in Varanasi,1270000,1250000,546100,2026-03-14,2026-06-10,,28,43,Zilla Parishad,Maharashtra Works Agency,8.618534,72.183718,Delayed,Plain,SYNTHETIC_PROTOTYPE
MPLADS-SYN-0932,Bihar,Muzaffarpur,Muzaffarpur,School Building,School Building development work in Muzaffarpur,3920000,3990000,1803200,2026-05-19,2026-10-11,,22,46,Zilla Parishad,Shree Buildcon,25.119774,74.848861,Delayed,Hilly,SYNTHETIC_PROTOTYPE
MPLADS-SYN-0933,Gujarat,Ahmedabad,Ahmedabad,School Building,School Building development work in Ahmedabad,2380000,2380000,2079404,2026-02-06,2026-09-03,,84,91,Rural Development Agency,National Infra Services,9.482185,81.213106,Ongoing,Hilly,SYNTHETIC_PROTOTYPE
MPLADS-SYN-0934,Gujarat,Ahmedabad,Ahmedabad,Drainage,Drainage development work in Ahmedabad,1400000,1360000,602000,2026-04-11,2026-11-21,,42,43,District Health Office,Om Civil Works,24.883838,79.12993,Delayed,Semi-urban,SYNTHETIC_PROTOTYPE
MPLADS-SYN-0935,Uttar Pradesh,Kanpur Nagar,Kanpur,Road,Road development work in Kanpur Nagar,1700000,1670000,1037000,2026-05-20,2026-11-26,,66,61,Public Works Department,District Works Cooperative,24.060137,76.347087,Under Review,Plain,SYNTHETIC_PROTOTYPE
MPLADS-SYN-0936,Uttar Pradesh,Varanasi,Varanasi,School Building,School Building development work in Varanasi,2990000,3030000,2307503,2026-01-17,2026-06-24,,85,79,District Health Office,Shree Buildcon,22.482071,81.298393,Ongoing,Semi-urban,SYNTHETIC_PROTOTYPE
MPLADS-SYN-0937,Rajasthan,Kota,Kota,Road,Road development work in Kota,1790000,1820000,1386130,2026-05-21,2026-09-29,,71,78,Municipal Council,District Works Cooperative,21.844243,79.818131,Ongoing,Plain,SYNTHETIC_PROTOTYPE
MPLADS-SYN-0938,Tamil Nadu,Salem,Salem,Sports Facility,Sports Facility development work in Salem,2440000,2400000,868805,2026-01-06,2026-04-10,,36,39,Zilla Parishad,Om Civil Works,9.802575,79.496779,Ongoing,Hilly,SYNTHETIC_PROTOTYPE
MPLADS-SYN-0939,Uttar Pradesh,Prayagraj,Prayagraj,Solar Lighting,Solar Lighting development work in Prayagraj,380000,370000,188607,2026-07-21,2027-01-21,,38,50,Municipal Corporation,National Infra Services,17.649233,82.657344,Ongoing,Plain,SYNTHETIC_PROTOTYPE
MPLADS-SYN-0940,Bihar,Bhagalpur,Bhagalpur,Library,Library development work in Bhagalpur,760000,760000,555497,2026-05-12,2026-11-02,,68,74,Municipal Corporation,National Infra Services,8.98198,88.41954,Ongoing,Semi-urban,SYNTHETIC_PROTOTYPE
MPLADS-SYN-0941,Karnataka,Dharwad,Dharwad,Library,Library development work in Dharwad,450000,440000,184347,2026-04-22,2026-11-18,,44,44,Public Works Department,Shree Buildcon,14.976827,74.158237,Ongoing,Plain,SYNTHETIC_PROTOTYPE
MPLADS-SYN-0942,Tamil Nadu,Tiruchirappalli,Tiruchirappalli,Community Hall,Community Hall development work in Tiruchirappalli,1100000,1130000,500234,2026-06-24,2026-12-13,,40,49,Municipal Council,Shree Buildcon,27.533511,77.48111,Ongoing,Semi-urban,SYNTHETIC_PROTOTYPE
MPLADS-SYN-0943,Bihar,Muzaffarpur,Muzaffarpur,Solar Lighting,Solar Lighting development work in Muzaffarpur,1090000,1120000,800549,2026-01-19,2026-09-15,,86,76,Rural Development Agency,Sai Construction,10.012176,83.505221,Ongoing,Plain,SYNTHETIC_PROTOTYPE
MPLADS-SYN-0944,Tamil Nadu,Chennai,Chennai,Library,Library development work in Chennai,610000,610000,455184,2026-03-24,2026-08-15,,83,80,Municipal Council,ABC Infrastructure Pvt Ltd,21.376965,86.266644,Ongoing,Rural,SYNTHETIC_PROTOTYPE
MPLADS-SYN-0945,Madhya Pradesh,Sagar,Sagar,Road,Road development work in Sagar,2990000,2940000,2983824,2026-02-22,2026-09-17,,91,100,Zilla Parishad,Om Civil Works,17.86807,76.359307,Ongoing,Rural,SYNTHETIC_PROTOTYPE
MPLADS-SYN-0946,Tamil Nadu,Chennai,Chennai,Library,Library development work in Chennai,1760000,1730000,1076574,2026-01-22,2026-07-28,,64,66,Public Works Department,Shree Buildcon,22.115744,82.765567,Ongoing,Rural,SYNTHETIC_PROTOTYPE
MPLADS-SYN-0947,Tamil Nadu,Salem,Salem,Health Facility,Health Facility development work in Salem,1970000,1910000,610700,2026-01-21,2026-06-30,,8,31,Rural Development Agency,Shree Buildcon,10.974409,87.272083,Delayed,Plain,SYNTHETIC_PROTOTYPE
MPLADS-SYN-0948,Maharashtra,Jalgaon,Jalgaon,Drainage,Drainage development work in Jalgaon,1160000,1160000,713972,2026-01-16,2026-04-08,,73,66,District Health Office,Shree Buildcon,20.050215,81.985067,Ongoing,Semi-urban,SYNTHETIC_PROTOTYPE
MPLADS-SYN-0949,Tamil Nadu,Chennai,Chennai,Solar Lighting,Solar Lighting development work in Chennai,1170000,1150000,876239,2026-02-16,2026-08-06,,79,80,Municipal Corporation,National Infra Services,14.88793,81.900567,Ongoing,Semi-urban,SYNTHETIC_PROTOTYPE
MPLADS-SYN-0950,Uttar Pradesh,Varanasi,Varanasi,Library,Library development work in Varanasi,700000,700000,498802,2026-05-24,2026-11-27,,78,72,Rural Development Agency,Maharashtra Works Agency,13.6781,77.938947,Ongoing,Semi-urban,SYNTHETIC_PROTOTYPE
MPLADS-SYN-0951,Tamil Nadu,Tiruchirappalli,Tiruchirappalli,Road,Road development work in Tiruchirappalli,750000,770000,481773,2026-07-16,2027-02-13,,72,68,Education Department,Sai Construction,27.807085,76.185039,Ongoing,Rural,SYNTHETIC_PROTOTYPE
MPLADS-SYN-0952,Bihar,Muzaffarpur,Muzaffarpur,Drinking Water,Drinking Water development work in Muzaffarpur,1740000,1700000,603414,2026-08-08,2026-12-19,,35,35,Zilla Parishad,Maharashtra Works Agency,14.624212,74.715725,Ongoing,Plain,SYNTHETIC_PROTOTYPE
MPLADS-SYN-0953,Gujarat,Kutch,Kutch,Sports Facility,Sports Facility development work in Kutch,530000,530000,348291,2026-05-16,2026-09-12,,68,69,Rural Development Agency,Sai Construction,15.479193,82.130961,Ongoing,Hilly,SYNTHETIC_PROTOTYPE
MPLADS-SYN-0954,Karnataka,Hubballi,Hubballi,Library,Library development work in Hubballi,1420000,1430000,1037189,2026-02-20,2026-05-11,,66,74,Education Department,Om Civil Works,19.537101,80.565972,Ongoing,Semi-urban,SYNTHETIC_PROTOTYPE
MPLADS-SYN-0955,Rajasthan,Jodhpur,Jodhpur,Road,Road development work in Jodhpur,2550000,2480000,1876258,2026-07-11,2026-11-08,,74,79,Municipal Corporation,Shree Buildcon,25.984279,75.21336,Ongoing,Plain,SYNTHETIC_PROTOTYPE
MPLADS-SYN-0956,Uttar Pradesh,Prayagraj,Prayagraj,Health Facility,Health Facility development work in Prayagraj,930000,930000,474108,2026-08-17,2027-01-07,,53,51,Zilla Parishad,Maharashtra Works Agency,24.214746,84.442325,Ongoing,Plain,SYNTHETIC_PROTOTYPE
MPLADS-SYN-0957,Bihar,Gaya,Gaya,Street Lighting,Street Lighting development work in Gaya,1000000,1000000,494224,2026-08-22,2026-10-29,,55,51,District Health Office,Om Civil Works,18.266693,72.117908,Ongoing,Plain,SYNTHETIC_PROTOTYPE
MPLADS-SYN-0958,Gujarat,Vadodara,Vadodara,Health Facility,Health Facility development work in Vadodara,3540000,3600000,2697942,2026-08-01,2026-11-15,,71,78,Education Department,Sai Construction,27.358972,87.458351,Ongoing,Plain,SYNTHETIC_PROTOTYPE
MPLADS-SYN-0959,Rajasthan,Udaipur,Udaipur,Sports Facility,Sports Facility development work in Udaipur,610000,610000,494100,2026-03-07,2026-09-20,,50,81,Rural Development Agency,Sai Construction,14.887429,78.827097,Under Review,Hilly,SYNTHETIC_PROTOTYPE
MPLADS-SYN-0960,Maharashtra,Dhule,Dhule,School Building,School Building development work in Dhule,2810000,2890000,1234977,2026-08-24,2027-01-08,,42,45,Municipal Council,Om Civil Works,10.397326,78.253089,Ongoing,Plain,SYNTHETIC_PROTOTYPE
MPLADS-SYN-0961,Maharashtra,Nandurbar,Nandurbar,Street Lighting,Street Lighting development work in Nandurbar,990000,980000,950400,2026-06-14,2027-01-26,,17,96,District Health Office,Maharashtra Works Agency,22.268243,86.777959,Under Review,Semi-urban,SYNTHETIC_PROTOTYPE
MPLADS-SYN-0962,Maharashtra,Dhule,Dhule,Sports Facility,Sports Facility development work in Dhule,2250000,2240000,1139432,2026-07-16,2027-02-22,,59,52,Education Department,Shree Buildcon,14.481641,76.976253,Ongoing,Plain,SYNTHETIC_PROTOTYPE
MPLADS-SYN-0963,Bihar,Gaya,Gaya,School Building,School Building development work in Gaya,1830000,1790000,1414853,2026-04-14,2026-07-10,,84,79,Rural Development Agency,Shree Buildcon,16.249912,80.259547,Ongoing,Hilly,SYNTHETIC_PROTOTYPE
MPLADS-SYN-0964,Gujarat,Vadodara,Vadodara,Community Hall,Community Hall development work in Vadodara,2960000,3000000,1539200,2026-06-22,2027-02-05,,43,52,District Health Office,Om Civil Works,20.973881,81.893319,Delayed,Hilly,SYNTHETIC_PROTOTYPE
MPLADS-SYN-0965,Gujarat,Vadodara,Vadodara,Health Facility,Health Facility development work in Vadodara,2170000,2130000,1135177,2026-05-01,2026-08-12,,55,56,District Health Office,Sai Construction,10.541471,77.813013,Ongoing,Plain,SYNTHETIC_PROTOTYPE
MPLADS-SYN-0966,Bihar,Muzaffarpur,Muzaffarpur,Road,Road development work in Muzaffarpur,1430000,1440000,745922,2026-01-17,2026-05-27,,65,57,Public Works Department,National Infra Services,26.914545,83.502542,Ongoing,Semi-urban,SYNTHETIC_PROTOTYPE
MPLADS-SYN-0967,Gujarat,Kutch,Kutch,Street Lighting,Street Lighting development work in Kutch,1180000,1180000,554600,2026-08-21,2027-04-18,,38,47,Education Department,Sai Construction,14.031565,83.318925,Under Review,Semi-urban,SYNTHETIC_PROTOTYPE
MPLADS-SYN-0968,Rajasthan,Ajmer,Ajmer,Sports Facility,Sports Facility development work in Ajmer,840000,860000,339629,2026-02-21,2026-07-12,,41,43,District Health Office,District Works Cooperative,27.298633,84.013451,Ongoing,Plain,SYNTHETIC_PROTOTYPE
MPLADS-SYN-0969,Uttar Pradesh,Lucknow,Lucknow,Sports Facility,Sports Facility development work in Lucknow,1400000,1370000,1284442,2026-04-23,2026-09-27,,93,100,Zilla Parishad,Maharashtra Works Agency,13.938927,72.624912,Ongoing,Semi-urban,SYNTHETIC_PROTOTYPE
MPLADS-SYN-0970,Bihar,Patna,Patna,Health Facility,Health Facility development work in Patna,1510000,1490000,830500,2026-02-02,2026-08-25,,53,55,Rural Development Agency,Om Civil Works,21.172629,75.034935,Under Review,Rural,SYNTHETIC_PROTOTYPE
MPLADS-SYN-0971,Uttar Pradesh,Kanpur Nagar,Kanpur,Health Facility,Health Facility development work in Kanpur Nagar,1000000,1000000,777301,2026-03-21,2026-07-31,,74,80,Municipal Corporation,Sai Construction,18.530151,77.385044,Ongoing,Semi-urban,SYNTHETIC_PROTOTYPE
MPLADS-SYN-0972,Karnataka,Dharwad,Dharwad,Drainage,Drainage development work in Dharwad,1120000,1140000,307765,2026-02-17,2026-09-02,,38,29,Education Department,Sai Construction,14.381365,81.902541,Ongoing,Semi-urban,SYNTHETIC_PROTOTYPE
MPLADS-SYN-0973,Tamil Nadu,Tiruchirappalli,Tiruchirappalli,Sports Facility,Sports Facility development work in Tiruchirappalli,300000,300000,78724,2026-04-08,2026-07-05,,36,29,Education Department,District Works Cooperative,15.682571,78.940161,Ongoing,Hilly,SYNTHETIC_PROTOTYPE
MPLADS-SYN-0974,Maharashtra,Thane,Thane,Community Hall,Community Hall development work in Thane,1730000,1770000,970295,2026-02-16,2026-05-08,,64,62,Rural Development Agency,National Infra Services,10.482056,85.100179,Ongoing,Plain,SYNTHETIC_PROTOTYPE
MPLADS-SYN-0975,Madhya Pradesh,Sagar,Sagar,Health Facility,Health Facility development work in Sagar,3350000,3250000,1589286,2026-01-13,2026-06-28,,47,48,District Health Office,Maharashtra Works Agency,16.680343,74.78077,Ongoing,Rural,SYNTHETIC_PROTOTYPE
MPLADS-SYN-0976,Uttar Pradesh,Agra,Agra,Drinking Water,Drinking Water development work in Agra,550000,550000,350563,2026-02-11,2026-05-11,,53,65,Zilla Parishad,ABC Infrastructure Pvt Ltd,13.290194,83.934761,Ongoing,Hilly,SYNTHETIC_PROTOTYPE
MPLADS-SYN-0977,Bihar,Bhagalpur,Bhagalpur,School Building,School Building development work in Bhagalpur,3270000,3360000,1295741,2026-02-07,2026-09-21,,49,41,Zilla Parishad,ABC Infrastructure Pvt Ltd,10.122339,74.074421,Ongoing,Plain,SYNTHETIC_PROTOTYPE
MPLADS-SYN-0978,Karnataka,Mysuru,Mysuru,Street Lighting,Street Lighting development work in Mysuru,630000,640000,346500,2026-02-04,2026-06-08,,29,55,Municipal Corporation,Sai Construction,25.991827,82.871491,Under Review,Semi-urban,SYNTHETIC_PROTOTYPE
MPLADS-SYN-0979,Karnataka,Hubballi,Hubballi,Drainage,Drainage development work in Hubballi,420000,420000,298200,2026-06-21,2026-11-01,,79,71,Zilla Parishad,ABC Infrastructure Pvt Ltd,22.166121,75.517714,Under Review,Plain,SYNTHETIC_PROTOTYPE
MPLADS-SYN-0980,Karnataka,Belagavi,Belagavi,Library,Library development work in Belagavi,1100000,1080000,793530,2026-04-08,2026-08-14,,73,78,Municipal Council,National Infra Services,15.607948,82.797463,Ongoing,Rural,SYNTHETIC_PROTOTYPE
MPLADS-SYN-0981,Maharashtra,Solapur,Solapur,Drainage,Drainage development work in Solapur,830000,830000,466715,2026-06-24,2027-02-07,,67,59,Zilla Parishad,Maharashtra Works Agency,20.278742,79.971028,Ongoing,Rural,SYNTHETIC_PROTOTYPE
MPLADS-SYN-0982,Madhya Pradesh,Ujjain,Ujjain,Sports Facility,Sports Facility development work in Ujjain,2000000,1950000,460000,2026-01-17,2026-08-01,,10,23,District Health Office,National Infra Services,21.450645,78.49692,Delayed,Semi-urban,SYNTHETIC_PROTOTYPE
MPLADS-SYN-0983,Rajasthan,Kota,Kota,Community Hall,Community Hall development work in Kota,3370000,3340000,1535969,2026-08-07,2026-11-11,,51,46,Municipal Corporation,Shree Buildcon,21.336441,75.836632,Ongoing,Plain,SYNTHETIC_PROTOTYPE
MPLADS-SYN-0984,Tamil Nadu,Madurai,Madurai,Sports Facility,Sports Facility development work in Madurai,1550000,1550000,829105,2026-04-13,2026-08-26,,64,58,Education Department,National Infra Services,11.733767,75.479116,Ongoing,Plain,SYNTHETIC_PROTOTYPE
MPLADS-SYN-0985,Karnataka,Hubballi,Hubballi,Street Lighting,Street Lighting development work in Hubballi,450000,460000,351425,2026-03-24,2026-06-24,,85,82,Municipal Council,Shree Buildcon,25.550093,86.954755,Ongoing,Hilly,SYNTHETIC_PROTOTYPE
MPLADS-SYN-0986,Madhya Pradesh,Indore,Indore,Health Facility,Health Facility development work in Indore,4010000,4120000,3867886,2026-01-20,2026-08-20,,94,98,Rural Development Agency,Shree Buildcon,9.385928,73.760706,Ongoing,Hilly,SYNTHETIC_PROTOTYPE
MPLADS-SYN-0987,Bihar,Patna,Patna,Road,Road development work in Patna,1350000,1320000,965746,2026-06-11,2027-01-23,,81,74,Public Works Department,Om Civil Works,10.668457,75.373659,Ongoing,Plain,SYNTHETIC_PROTOTYPE
MPLADS-SYN-0988,Maharashtra,Palghar,Palghar,Road,Road development work in Palghar,1460000,1470000,700288,2026-08-02,2027-03-15,,41,49,District Health Office,National Infra Services,16.232579,84.631585,Ongoing,Plain,SYNTHETIC_PROTOTYPE
MPLADS-SYN-0989,Rajasthan,Jaipur,Jaipur,Health Facility,Health Facility development work in Jaipur,1310000,1290000,517250,2026-03-02,2026-05-04,,41,43,Municipal Corporation,Maharashtra Works Agency,18.605875,72.743882,Ongoing,Hilly,SYNTHETIC_PROTOTYPE
MPLADS-SYN-0990,Bihar,Darbhanga,Darbhanga,School Building,School Building development work in Darbhanga,1610000,1660000,1352400,2026-08-06,2026-10-13,,21,84,Municipal Corporation,Om Civil Works,17.772062,85.409616,Under Review,Semi-urban,SYNTHETIC_PROTOTYPE
MPLADS-SYN-0991,Uttar Pradesh,Prayagraj,Prayagraj,Street Lighting,Street Lighting development work in Prayagraj,220000,220000,170805,2026-03-02,2026-05-30,,73,84,Rural Development Agency,National Infra Services,21.242767,85.181724,Ongoing,Plain,SYNTHETIC_PROTOTYPE
MPLADS-SYN-0992,Tamil Nadu,Salem,Salem,Road,Road development work in Salem,1260000,1220000,603659,2026-03-10,2026-08-18,,47,53,Municipal Council,Sai Construction,14.483245,78.963855,Ongoing,Rural,SYNTHETIC_PROTOTYPE
MPLADS-SYN-0993,Gujarat,Rajkot,Rajkot,Street Lighting,Street Lighting development work in Rajkot,380000,380000,361000,2026-05-16,2026-11-15,,21,95,Education Department,District Works Cooperative,27.898046,82.911516,Under Review,Plain,SYNTHETIC_PROTOTYPE
MPLADS-SYN-0994,Karnataka,Bengaluru Urban,Bengaluru,Sports Facility,Sports Facility development work in Bengaluru Urban,860000,880000,395600,2026-02-03,2026-06-04,,22,46,Rural Development Agency,District Works Cooperative,20.97066,76.485628,Delayed,Rural,SYNTHETIC_PROTOTYPE
MPLADS-SYN-0995,Karnataka,Hubballi,Hubballi,Library,Library development work in Hubballi,820000,820000,546079,2026-01-11,2026-05-14,,69,73,Education Department,Maharashtra Works Agency,11.03432,73.839995,Ongoing,Semi-urban,SYNTHETIC_PROTOTYPE
MPLADS-SYN-0996,Uttar Pradesh,Prayagraj,Prayagraj,Drainage,Drainage development work in Prayagraj,1830000,1870000,1388594,2026-06-21,2026-12-09,,77,80,Education Department,National Infra Services,12.35742,86.702244,Ongoing,Hilly,SYNTHETIC_PROTOTYPE
MPLADS-SYN-0997,Karnataka,Belagavi,Belagavi,Drainage,Drainage development work in Belagavi,2250000,2270000,786395,2026-08-13,2027-04-02,,46,36,Municipal Council,Sai Construction,12.961529,77.581356,Ongoing,Hilly,SYNTHETIC_PROTOTYPE
MPLADS-SYN-0998,Uttar Pradesh,Prayagraj,Prayagraj,Solar Lighting,Solar Lighting development work in Prayagraj,1580000,1630000,1574061,2026-03-25,2026-09-19,,92,100,District Health Office,Sai Construction,25.940376,76.359347,Ongoing,Hilly,SYNTHETIC_PROTOTYPE
MPLADS-SYN-0999,Bihar,Gaya,Gaya,Drainage,Drainage development work in Gaya,1910000,1950000,1344090,2026-01-04,2026-06-12,,65,74,Zilla Parishad,Om Civil Works,15.148005,82.115309,Ongoing,Semi-urban,SYNTHETIC_PROTOTYPE
MPLADS-SYN-1000,Gujarat,Ahmedabad,Ahmedabad,Community Hall,Community Hall development work in Ahmedabad,3810000,3730000,2329316,2026-07-09,2026-09-17,,73,66,Zilla Parishad,Shree Buildcon,28.313835,80.949593,Ongoing,Hilly,SYNTHETIC_PROTOTYPE
