image_id,project_id,image_path,capture_date,latitude,longitude,image_type,data_source
IMG-0001-1,MPLADS-SYN-0001,images/IMG-0001-1.jpg,2026-06-05,16.648976,72.491447,Progress,SYNTHETIC_METADATA
IMG-0001-2,MPLADS-SYN-0001,images/IMG-0001-2.jpg,2026-08-08,16.649516,72.492016,Progress,SYNTHETIC_METADATA
IMG-0002-1,MPLADS-SYN-0002,images/IMG-0002-1.jpg,2026-06-12,15.792228,79.481515,Progress,SYNTHETIC_METADATA
IMG-0002-2,MPLADS-SYN-0002,images/IMG-0002-2.jpg,2026-07-17,15.792351,79.481355,Progress,SYNTHETIC_METADATA
IMG-0003-1,MPLADS-SYN-0003,images/IMG-0003-1.jpg,2026-04-11,11.133589,74.639711,Progress,SYNTHETIC_METADATA
IMG-0003-2,MPLADS-SYN-0003,images/IMG-0003-2.jpg,2026-03-29,11.1329,74.639966,Progress,SYNTHETIC_METADATA
IMG-0004-1,MPLADS-SYN-0004,images/IMG-0004-1.jpg,2026-07-30,25.998718,87.62472,Progress,SYNTHETIC_METADATA
IMG-0004-2,MPLADS-SYN-0004,images/IMG-0004-2.jpg,2026-08-31,25.998917,87.624237,Progress,SYNTHETIC_METADATA
IMG-0005-1,MPLADS-SYN-0005,images/IMG-0005-1.jpg,2026-06-15,17.95142,80.897303,Progress,SYNTHETIC_METADATA
IMG-0005-2,MPLADS-SYN-0005,images/IMG-0005-2.jpg,2026-06-14,17.951353,80.896958,Progress,SYNTHETIC_METADATA
IMG-0006-1,MPLADS-SYN-0006,images/IMG-0006-1.jpg,2026-10-13,15.768853,88.258038,Progress,SYNTHETIC_METADATA
IMG-0006-2,MPLADS-SYN-0006,images/IMG-0006-2.jpg,2027-01-06,15.768695,88.257691,Progress,SYNTHETIC_METADATA
IMG-0007-1,MPLADS-SYN-0007,images/IMG-0007-1.jpg,2026-12-06,12.893216,78.529974,Progress,SYNTHETIC_METADATA
IMG-0007-2,MPLADS-SYN-0007,images/IMG-0007-2.jpg,2026-12-09,12.893117,78.530898,Progress,SYNTHETIC_METADATA
IMG-0008-1,MPLADS-SYN-0008,images/IMG-0008-1.jpg,2026-07-09,22.711483,75.359828,Progress,SYNTHETIC_METADATA
IMG-0008-2,MPLADS-SYN-0008,images/IMG-0008-2.jpg,2026-03-21,22.711449,75.359066,Progress,SYNTHETIC_METADATA
IMG-0009-1,MPLADS-SYN-0009,images/IMG-0009-1.jpg,2026-08-31,11.33165,85.198603,Progress,SYNTHETIC_METADATA
IMG-0009-2,MPLADS-SYN-0009,images/IMG-0009-2.jpg,2026-08-31,11.331137,85.198145,Progress,SYNTHETIC_METADATA
IMG-0010-1,MPLADS-SYN-0010,images/IMG-0010-1.jpg,2026-06-26,15.086763,84.976468,Progress,SYNTHETIC_METADATA
IMG-0010-2,MPLADS-SYN-0010,images/IMG-0010-2.jpg,2026-07-26,15.086655,84.975971,Progress,SYNTHETIC_METADATA
IMG-0011-1,MPLADS-SYN-0011,images/IMG-0011-1.jpg,2026-07-19,12.381157,79.807291,Progress,SYNTHETIC_METADATA
IMG-0011-2,MPLADS-SYN-0011,images/IMG-0011-2.jpg,2026-11-01,12.380844,79.807629,Progress,SYNTHETIC_METADATA
IMG-0012-1,MPLADS-SYN-0012,images/IMG-0012-1.jpg,2026-10-09,22.745521,80.328924,Progress,SYNTHETIC_METADATA
IMG-0012-2,MPLADS-SYN-0012,images/IMG-0012-2.jpg,2026-07-07,22.745473,80.329106,Progress,SYNTHETIC_METADATA
IMG-0013-1,MPLADS-SYN-0013,images/IMG-0013-1.jpg,2026-10-26,19.19549,81.954119,Progress,SYNTHETIC_METADATA
IMG-0013-2,MPLADS-SYN-0013,images/IMG-0013-2.jpg,2026-11-05,19.195464,81.95325,Progress,SYNTHETIC_METADATA
IMG-0014-1,MPLADS-SYN-0014,images/IMG-0014-1.jpg,2026-08-02,8.636306,76.080302,Progress,SYNTHETIC_METADATA
IMG-0014-2,MPLADS-SYN-0014,images/IMG-0014-2.jpg,2026-03-30,8.636312,76.079977,Progress,SYNTHETIC_METADATA
IMG-0015-1,MPLADS-SYN-0015,images/IMG-0015-1.jpg,2026-09-01,8.259051,78.930681,Progress,SYNTHETIC_METADATA
IMG-0015-2,MPLADS-SYN-0015,images/IMG-0015-2.jpg,2026-08-15,8.259209,78.931349,Progress,SYNTHETIC_METADATA
IMG-0016-1,MPLADS-SYN-0016,images/IMG-0016-1.jpg,2026-07-02,23.542826,83.395244,Progress,SYNTHETIC_METADATA
IMG-0016-2,MPLADS-SYN-0016,images/IMG-0016-2.jpg,2026-04-05,23.542091,83.395038,Progress,SYNTHETIC_METADATA
IMG-0017-1,MPLADS-SYN-0017,images/IMG-0017-1.jpg,2026-03-21,10.595028,72.751195,Progress,SYNTHETIC_METADATA
IMG-0017-2,MPLADS-SYN-0017,images/IMG-0017-2.jpg,2026-03-26,10.5946,72.751072,Progress,SYNTHETIC_METADATA
IMG-0018-1,MPLADS-SYN-0018,images/IMG-0018-1.jpg,2027-01-19,12.62668,80.622238,Progress,SYNTHETIC_METADATA
IMG-0018-2,MPLADS-SYN-0018,images/IMG-0018-2.jpg,2026-09-24,12.626374,80.62223,Progress,SYNTHETIC_METADATA
IMG-0019-1,MPLADS-SYN-0019,images/IMG-0019-1.jpg,2026-06-22,21.276981,86.988759,Progress,SYNTHETIC_METADATA
IMG-0019-2,MPLADS-SYN-0019,images/IMG-0019-2.jpg,2026-06-12,21.276345,86.988959,Progress,SYNTHETIC_METADATA
IMG-0020-1,MPLADS-SYN-0020,images/IMG-0020-1.jpg,2026-08-04,9.805278,76.164174,Progress,SYNTHETIC_METADATA
IMG-0020-2,MPLADS-SYN-0020,images/IMG-0020-2.jpg,2026-08-30,9.805187,76.164198,Progress,SYNTHETIC_METADATA
IMG-0021-1,MPLADS-SYN-0021,images/IMG-0021-1.jpg,2027-01-08,19.301226,78.329321,Progress,SYNTHETIC_METADATA
IMG-0021-2,MPLADS-SYN-0021,images/IMG-0021-2.jpg,2026-08-30,19.300929,78.328706,Progress,SYNTHETIC_METADATA
IMG-0022-1,MPLADS-SYN-0022,images/IMG-0022-1.jpg,2026-10-28,21.423221,74.546561,Progress,SYNTHETIC_METADATA
IMG-0022-2,MPLADS-SYN-0022,images/IMG-0022-2.jpg,2026-08-29,21.423211,74.547363,Progress,SYNTHETIC_METADATA
IMG-0023-1,MPLADS-SYN-0023,images/IMG-0023-1.jpg,2026-08-30,19.601878,85.076178,Progress,SYNTHETIC_METADATA
IMG-0023-2,MPLADS-SYN-0023,images/IMG-0023-2.jpg,2026-08-29,19.601597,85.076646,Progress,SYNTHETIC_METADATA
IMG-0024-1,MPLADS-SYN-0024,images/IMG-0024-1.jpg,2026-02-25,23.902658,75.796528,Progress,SYNTHETIC_METADATA
IMG-0024-2,MPLADS-SYN-0024,images/IMG-0024-2.jpg,2026-03-25,23.90305,75.797177,Progress,SYNTHETIC_METADATA
IMG-0025-1,MPLADS-SYN-0025,images/IMG-0025-1.jpg,2026-07-25,15.556202,84.358731,Progress,SYNTHETIC_METADATA
IMG-0025-2,MPLADS-SYN-0025,images/IMG-0025-2.jpg,2026-06-15,15.556248,84.358346,Progress,SYNTHETIC_METADATA
IMG-0026-1,MPLADS-SYN-0026,images/IMG-0026-1.jpg,2026-08-01,17.089627,87.684449,Progress,SYNTHETIC_METADATA
IMG-0026-2,MPLADS-SYN-0026,images/IMG-0026-2.jpg,2026-10-08,17.088856,87.684518,Progress,SYNTHETIC_METADATA
IMG-0027-1,MPLADS-SYN-0027,images/IMG-0027-1.jpg,2026-03-02,15.343528,85.009099,Progress,SYNTHETIC_METADATA
IMG-0027-2,MPLADS-SYN-0027,images/IMG-0027-2.jpg,2026-03-26,15.343893,85.008728,Progress,SYNTHETIC_METADATA
IMG-0028-1,MPLADS-SYN-0028,images/IMG-0028-1.jpg,2026-05-26,19.999606,83.750081,Progress,SYNTHETIC_METADATA
IMG-0028-2,MPLADS-SYN-0028,images/IMG-0028-2.jpg,2026-06-14,20.000038,83.750351,Progress,SYNTHETIC_METADATA
IMG-0029-1,MPLADS-SYN-0029,images/IMG-0029-1.jpg,2026-09-08,14.405624,73.70926,Progress,SYNTHETIC_METADATA
IMG-0029-2,MPLADS-SYN-0029,images/IMG-0029-2.jpg,2026-08-23,14.405572,73.709475,Progress,SYNTHETIC_METADATA
IMG-0030-1,MPLADS-SYN-0030,images/IMG-0030-1.jpg,2026-05-04,11.226398,77.141818,Progress,SYNTHETIC_METADATA
IMG-0030-2,MPLADS-SYN-0030,images/IMG-0030-2.jpg,2026-06-13,11.227157,77.142281,Progress,SYNTHETIC_METADATA
IMG-0031-1,MPLADS-SYN-0031,images/IMG-0031-1.jpg,2026-08-24,22.42554,80.253905,Progress,SYNTHETIC_METADATA
IMG-0031-2,MPLADS-SYN-0031,images/IMG-0031-2.jpg,2026-10-02,22.424875,80.254339,Progress,SYNTHETIC_METADATA
IMG-0032-1,MPLADS-SYN-0032,images/IMG-0032-1.jpg,2026-07-31,23.584508,82.815783,Progress,SYNTHETIC_METADATA
IMG-0032-2,MPLADS-SYN-0032,images/IMG-0032-2.jpg,2026-07-27,23.584468,82.816191,Progress,SYNTHETIC_METADATA
IMG-0033-1,MPLADS-SYN-0033,images/IMG-0033-1.jpg,2026-11-18,10.121675,86.835345,Progress,SYNTHETIC_METADATA
IMG-0033-2,MPLADS-SYN-0033,images/IMG-0033-2.jpg,2026-11-16,10.122252,86.835696,Progress,SYNTHETIC_METADATA
IMG-0034-1,MPLADS-SYN-0034,images/IMG-0034-1.jpg,2026-07-20,16.035236,81.817834,Progress,SYNTHETIC_METADATA
IMG-0034-2,MPLADS-SYN-0034,images/IMG-0034-2.jpg,2026-08-02,16.03547,81.818451,Progress,SYNTHETIC_METADATA
IMG-0035-1,MPLADS-SYN-0035,images/IMG-0035-1.jpg,2026-09-01,23.34535,79.407096,Progress,SYNTHETIC_METADATA
IMG-0035-2,MPLADS-SYN-0035,images/IMG-0035-2.jpg,2026-11-03,23.344659,79.40726,Progress,SYNTHETIC_METADATA
IMG-0036-1,MPLADS-SYN-0036,images/IMG-0036-1.jpg,2026-07-09,18.290694,75.890258,Progress,SYNTHETIC_METADATA
IMG-0036-2,MPLADS-SYN-0036,images/IMG-0036-2.jpg,2026-11-14,18.291103,75.889949,Progress,SYNTHETIC_METADATA
IMG-0037-1,MPLADS-SYN-0037,images/IMG-0037-1.jpg,2026-06-13,8.03181,77.821622,Progress,SYNTHETIC_METADATA
IMG-0037-2,MPLADS-SYN-0037,images/IMG-0037-2.jpg,2026-05-13,8.032341,77.8217,Progress,SYNTHETIC_METADATA
IMG-0038-1,MPLADS-SYN-0038,images/IMG-0038-1.jpg,2026-07-12,17.810132,75.007982,Progress,SYNTHETIC_METADATA
IMG-0038-2,MPLADS-SYN-0038,images/IMG-0038-2.jpg,2026-07-08,17.809728,75.007274,Progress,SYNTHETIC_METADATA
IMG-0039-1,MPLADS-SYN-0039,images/IMG-0039-1.jpg,2026-11-02,11.699807,76.847018,Progress,SYNTHETIC_METADATA
IMG-0039-2,MPLADS-SYN-0039,images/IMG-0039-2.jpg,2026-07-29,11.699432,76.847175,Progress,SYNTHETIC_METADATA
IMG-0040-1,MPLADS-SYN-0040,images/IMG-0040-1.jpg,2026-02-25,15.933533,81.267337,Progress,SYNTHETIC_METADATA
IMG-0040-2,MPLADS-SYN-0040,images/IMG-0040-2.jpg,2026-04-04,15.932767,81.267654,Progress,SYNTHETIC_METADATA
IMG-0041-1,MPLADS-SYN-0041,images/IMG-0041-1.jpg,2026-04-23,22.737174,80.673729,Progress,SYNTHETIC_METADATA
IMG-0041-2,MPLADS-SYN-0041,images/IMG-0041-2.jpg,2026-04-21,22.736453,80.673781,Progress,SYNTHETIC_METADATA
IMG-0042-1,MPLADS-SYN-0042,images/IMG-0042-1.jpg,2026-10-19,26.491236,77.570957,Progress,SYNTHETIC_METADATA
IMG-0042-2,MPLADS-SYN-0042,images/IMG-0042-2.jpg,2026-10-19,26.490863,77.570622,Progress,SYNTHETIC_METADATA
IMG-0043-1,MPLADS-SYN-0043,images/IMG-0043-1.jpg,2026-11-12,10.887858,72.83489,Progress,SYNTHETIC_METADATA
IMG-0043-2,MPLADS-SYN-0043,images/IMG-0043-2.jpg,2026-08-16,10.887893,72.835057,Progress,SYNTHETIC_METADATA
IMG-0044-1,MPLADS-SYN-0044,images/IMG-0044-1.jpg,2027-01-10,28.275999,83.227009,Progress,SYNTHETIC_METADATA
IMG-0044-2,MPLADS-SYN-0044,images/IMG-0044-2.jpg,2026-11-21,28.276022,83.227069,Progress,SYNTHETIC_METADATA
IMG-0045-1,MPLADS-SYN-0045,images/IMG-0045-1.jpg,2027-03-06,24.723078,78.07811,Progress,SYNTHETIC_METADATA
IMG-0045-2,MPLADS-SYN-0045,images/IMG-0045-2.jpg,2027-01-09,24.722558,78.077729,Progress,SYNTHETIC_METADATA
IMG-0046-1,MPLADS-SYN-0046,images/IMG-0046-1.jpg,2026-12-04,21.855624,86.316753,Progress,SYNTHETIC_METADATA
IMG-0046-2,MPLADS-SYN-0046,images/IMG-0046-2.jpg,2026-10-01,21.855096,86.316086,Progress,SYNTHETIC_METADATA
IMG-0047-1,MPLADS-SYN-0047,images/IMG-0047-1.jpg,2026-06-26,22.271333,74.26515,Progress,SYNTHETIC_METADATA
IMG-0047-2,MPLADS-SYN-0047,images/IMG-0047-2.jpg,2026-05-06,22.271664,74.264736,Progress,SYNTHETIC_METADATA
IMG-0048-1,MPLADS-SYN-0048,images/IMG-0048-1.jpg,2026-05-02,27.723862,87.27934,Progress,SYNTHETIC_METADATA
IMG-0048-2,MPLADS-SYN-0048,images/IMG-0048-2.jpg,2026-02-24,27.72367,87.280091,Progress,SYNTHETIC_METADATA
IMG-0049-1,MPLADS-SYN-0049,images/IMG-0049-1.jpg,2026-06-07,19.744012,76.315655,Progress,SYNTHETIC_METADATA
IMG-0049-2,MPLADS-SYN-0049,images/IMG-0049-2.jpg,2026-08-18,19.743564,76.315691,Progress,SYNTHETIC_METADATA
IMG-0050-1,MPLADS-SYN-0050,images/IMG-0050-1.jpg,2026-07-11,17.057263,83.22478,Progress,SYNTHETIC_METADATA
IMG-0050-2,MPLADS-SYN-0050,images/IMG-0050-2.jpg,2026-04-16,17.057997,83.225349,Progress,SYNTHETIC_METADATA
IMG-0051-1,MPLADS-SYN-0051,images/IMG-0051-1.jpg,2026-08-20,25.928592,74.194234,Progress,SYNTHETIC_METADATA
IMG-0051-2,MPLADS-SYN-0051,images/IMG-0051-2.jpg,2026-08-18,25.928391,74.194586,Progress,SYNTHETIC_METADATA
IMG-0052-1,MPLADS-SYN-0052,images/IMG-0052-1.jpg,2026-10-25,24.776582,75.908642,Progress,SYNTHETIC_METADATA
IMG-0052-2,MPLADS-SYN-0052,images/IMG-0052-2.jpg,2026-12-24,24.776485,75.90888,Progress,SYNTHETIC_METADATA
IMG-0053-1,MPLADS-SYN-0053,images/IMG-0053-1.jpg,2026-06-24,14.77037,73.304405,Progress,SYNTHETIC_METADATA
IMG-0053-2,MPLADS-SYN-0053,images/IMG-0053-2.jpg,2026-06-05,14.770595,73.304559,Progress,SYNTHETIC_METADATA
IMG-0054-1,MPLADS-SYN-0054,images/IMG-0054-1.jpg,2027-03-23,13.362002,80.461697,Progress,SYNTHETIC_METADATA
IMG-0054-2,MPLADS-SYN-0054,images/IMG-0054-2.jpg,2027-03-02,13.362004,80.461141,Progress,SYNTHETIC_METADATA
IMG-0055-1,MPLADS-SYN-0055,images/IMG-0055-1.jpg,2026-03-23,9.523452,85.497351,Progress,SYNTHETIC_METADATA
IMG-0055-2,MPLADS-SYN-0055,images/IMG-0055-2.jpg,2026-02-26,9.523422,85.496625,Progress,SYNTHETIC_METADATA
IMG-0056-1,MPLADS-SYN-0056,images/IMG-0056-1.jpg,2026-10-31,12.630503,83.286486,Progress,SYNTHETIC_METADATA
IMG-0056-2,MPLADS-SYN-0056,images/IMG-0056-2.jpg,2026-12-13,12.629814,83.287022,Progress,SYNTHETIC_METADATA
IMG-0057-1,MPLADS-SYN-0057,images/IMG-0057-1.jpg,2026-03-30,27.974071,72.885936,Progress,SYNTHETIC_METADATA
IMG-0057-2,MPLADS-SYN-0057,images/IMG-0057-2.jpg,2026-05-03,27.97323,72.885578,Progress,SYNTHETIC_METADATA
IMG-0058-1,MPLADS-SYN-0058,images/IMG-0058-1.jpg,2026-04-12,9.907911,81.867419,Progress,SYNTHETIC_METADATA
IMG-0058-2,MPLADS-SYN-0058,images/IMG-0058-2.jpg,2026-02-21,9.907452,81.86723,Progress,SYNTHETIC_METADATA
IMG-0059-1,MPLADS-SYN-0059,images/IMG-0059-1.jpg,2026-10-04,24.882645,82.741747,Progress,SYNTHETIC_METADATA
IMG-0059-2,MPLADS-SYN-0059,images/IMG-0059-2.jpg,2026-09-07,24.882214,82.742267,Progress,SYNTHETIC_METADATA
IMG-0060-1,MPLADS-SYN-0060,images/IMG-0060-1.jpg,2026-11-09,26.931579,86.349418,Progress,SYNTHETIC_METADATA
IMG-0060-2,MPLADS-SYN-0060,images/IMG-0060-2.jpg,2026-09-24,26.931994,86.349186,Progress,SYNTHETIC_METADATA
IMG-0061-1,MPLADS-SYN-0061,images/IMG-0061-1.jpg,2026-09-04,22.800953,79.465679,Progress,SYNTHETIC_METADATA
IMG-0061-2,MPLADS-SYN-0061,images/IMG-0061-2.jpg,2027-01-03,22.800563,79.465205,Progress,SYNTHETIC_METADATA
IMG-0062-1,MPLADS-SYN-0062,images/IMG-0062-1.jpg,2026-07-10,20.033963,77.741209,Progress,SYNTHETIC_METADATA
IMG-0062-2,MPLADS-SYN-0062,images/IMG-0062-2.jpg,2026-10-29,20.033234,77.741072,Progress,SYNTHETIC_METADATA
IMG-0063-1,MPLADS-SYN-0063,images/IMG-0063-1.jpg,2026-10-06,8.633006,84.557021,Progress,SYNTHETIC_METADATA
IMG-0063-2,MPLADS-SYN-0063,images/IMG-0063-2.jpg,2026-09-07,8.63292,84.557171,Progress,SYNTHETIC_METADATA
IMG-0064-1,MPLADS-SYN-0064,images/IMG-0064-1.jpg,2026-06-11,18.912206,81.847979,Progress,SYNTHETIC_METADATA
IMG-0064-2,MPLADS-SYN-0064,images/IMG-0064-2.jpg,2026-04-14,18.912125,81.848499,Progress,SYNTHETIC_METADATA
IMG-0065-1,MPLADS-SYN-0065,images/IMG-0065-1.jpg,2026-09-06,18.141633,77.326908,Progress,SYNTHETIC_METADATA
IMG-0065-2,MPLADS-SYN-0065,images/IMG-0065-2.jpg,2026-09-09,18.141675,77.32722,Progress,SYNTHETIC_METADATA
IMG-0066-1,MPLADS-SYN-0066,images/IMG-0066-1.jpg,2026-09-28,22.980501,73.689977,Progress,SYNTHETIC_METADATA
IMG-0066-2,MPLADS-SYN-0066,images/IMG-0066-2.jpg,2026-11-19,22.980289,73.689825,Progress,SYNTHETIC_METADATA
IMG-0067-1,MPLADS-SYN-0067,images/IMG-0067-1.jpg,2027-01-01,25.365003,86.451014,Progress,SYNTHETIC_METADATA
IMG-0067-2,MPLADS-SYN-0067,images/IMG-0067-2.jpg,2026-11-22,25.364608,86.45112,Progress,SYNTHETIC_METADATA
IMG-0068-1,MPLADS-SYN-0068,images/IMG-0068-1.jpg,2026-05-01,18.385136,82.371624,Progress,SYNTHETIC_METADATA
IMG-0068-2,MPLADS-SYN-0068,images/IMG-0068-2.jpg,2026-04-10,18.385181,82.371869,Progress,SYNTHETIC_METADATA
IMG-0069-1,MPLADS-SYN-0069,images/IMG-0069-1.jpg,2026-06-19,14.867405,79.084315,Progress,SYNTHETIC_METADATA
IMG-0069-2,MPLADS-SYN-0069,images/IMG-0069-2.jpg,2026-06-04,14.867779,79.084269,Progress,SYNTHETIC_METADATA
IMG-0070-1,MPLADS-SYN-0070,images/IMG-0070-1.jpg,2026-06-19,10.447452,83.10972,Progress,SYNTHETIC_METADATA
IMG-0070-2,MPLADS-SYN-0070,images/IMG-0070-2.jpg,2026-06-17,10.44817,83.109375,Progress,SYNTHETIC_METADATA
IMG-0071-1,MPLADS-SYN-0071,images/IMG-0071-1.jpg,2026-06-11,22.588512,73.53521,Progress,SYNTHETIC_METADATA
IMG-0071-2,MPLADS-SYN-0071,images/IMG-0071-2.jpg,2026-05-18,22.588531,73.534604,Progress,SYNTHETIC_METADATA
IMG-0072-1,MPLADS-SYN-0072,images/IMG-0072-1.jpg,2026-05-13,25.475967,73.491704,Progress,SYNTHETIC_METADATA
IMG-0072-2,MPLADS-SYN-0072,images/IMG-0072-2.jpg,2026-05-11,25.475407,73.491509,Progress,SYNTHETIC_METADATA
IMG-0073-1,MPLADS-SYN-0073,images/IMG-0073-1.jpg,2026-10-10,24.844395,78.517544,Progress,SYNTHETIC_METADATA
IMG-0073-2,MPLADS-SYN-0073,images/IMG-0073-2.jpg,2026-09-19,24.844439,78.517158,Progress,SYNTHETIC_METADATA
IMG-0074-1,MPLADS-SYN-0074,images/IMG-0074-1.jpg,2026-06-01,23.71982,88.493597,Progress,SYNTHETIC_METADATA
IMG-0074-2,MPLADS-SYN-0074,images/IMG-0074-2.jpg,2026-05-14,23.72029,88.492996,Progress,SYNTHETIC_METADATA
IMG-0075-1,MPLADS-SYN-0075,images/IMG-0075-1.jpg,2026-07-28,22.44674,74.336801,Progress,SYNTHETIC_METADATA
IMG-0075-2,MPLADS-SYN-0075,images/IMG-0075-2.jpg,2026-07-17,22.446093,74.337578,Progress,SYNTHETIC_METADATA
IMG-0076-1,MPLADS-SYN-0076,images/IMG-0076-1.jpg,2026-03-12,21.042158,87.891103,Progress,SYNTHETIC_METADATA
IMG-0076-2,MPLADS-SYN-0076,images/IMG-0076-2.jpg,2026-04-13,21.041492,87.890388,Progress,SYNTHETIC_METADATA
IMG-0077-1,MPLADS-SYN-0077,images/IMG-0077-1.jpg,2026-03-04,11.298337,73.237702,Progress,SYNTHETIC_METADATA
IMG-0077-2,MPLADS-SYN-0077,images/IMG-0077-2.jpg,2026-06-12,11.298242,73.237066,Progress,SYNTHETIC_METADATA
IMG-0078-1,MPLADS-SYN-0078,images/IMG-0078-1.jpg,2026-08-27,13.432908,82.590714,Progress,SYNTHETIC_METADATA
IMG-0078-2,MPLADS-SYN-0078,images/IMG-0078-2.jpg,2026-10-04,13.432777,82.591231,Progress,SYNTHETIC_METADATA
IMG-0079-1,MPLADS-SYN-0079,images/IMG-0079-1.jpg,2026-04-04,19.715471,88.215871,Progress,SYNTHETIC_METADATA
IMG-0079-2,MPLADS-SYN-0079,images/IMG-0079-2.jpg,2026-01-27,19.715738,88.215577,Progress,SYNTHETIC_METADATA
IMG-0080-1,MPLADS-SYN-0080,images/IMG-0080-1.jpg,2026-05-04,24.107554,86.313259,Progress,SYNTHETIC_METADATA
IMG-0080-2,MPLADS-SYN-0080,images/IMG-0080-2.jpg,2026-07-26,24.107374,86.313284,Progress,SYNTHETIC_METADATA
IMG-0081-1,MPLADS-SYN-0081,images/IMG-0081-1.jpg,2026-04-20,16.269749,84.878801,Progress,SYNTHETIC_METADATA
IMG-0081-2,MPLADS-SYN-0081,images/IMG-0081-2.jpg,2026-05-03,16.269752,84.878668,Progress,SYNTHETIC_METADATA
IMG-0082-1,MPLADS-SYN-0082,images/IMG-0082-1.jpg,2026-04-16,20.323209,72.139301,Progress,SYNTHETIC_METADATA
IMG-0082-2,MPLADS-SYN-0082,images/IMG-0082-2.jpg,2026-02-22,20.32381,72.139956,Progress,SYNTHETIC_METADATA
IMG-0083-1,MPLADS-SYN-0083,images/IMG-0083-1.jpg,2026-08-19,23.102769,81.619685,Progress,SYNTHETIC_METADATA
IMG-0083-2,MPLADS-SYN-0083,images/IMG-0083-2.jpg,2026-06-15,23.102979,81.620257,Progress,SYNTHETIC_METADATA
IMG-0084-1,MPLADS-SYN-0084,images/IMG-0084-1.jpg,2026-11-12,25.852541,74.487747,Progress,SYNTHETIC_METADATA
IMG-0084-2,MPLADS-SYN-0084,images/IMG-0084-2.jpg,2026-11-23,25.852291,74.487382,Progress,SYNTHETIC_METADATA
IMG-0085-1,MPLADS-SYN-0085,images/IMG-0085-1.jpg,2026-05-09,23.038733,75.733535,Progress,SYNTHETIC_METADATA
IMG-0085-2,MPLADS-SYN-0085,images/IMG-0085-2.jpg,2026-04-17,23.038741,75.733524,Progress,SYNTHETIC_METADATA
IMG-0086-1,MPLADS-SYN-0086,images/IMG-0086-1.jpg,2026-07-27,17.108206,74.039342,Progress,SYNTHETIC_METADATA
IMG-0086-2,MPLADS-SYN-0086,images/IMG-0086-2.jpg,2026-03-01,17.108301,74.039229,Progress,SYNTHETIC_METADATA
IMG-0087-1,MPLADS-SYN-0087,images/IMG-0087-1.jpg,2026-09-29,21.768337,86.963459,Progress,SYNTHETIC_METADATA
IMG-0087-2,MPLADS-SYN-0087,images/IMG-0087-2.jpg,2026-11-05,21.768247,86.963754,Progress,SYNTHETIC_METADATA
IMG-0088-1,MPLADS-SYN-0088,images/IMG-0088-1.jpg,2026-11-12,17.804187,78.958848,Progress,SYNTHETIC_METADATA
IMG-0088-2,MPLADS-SYN-0088,images/IMG-0088-2.jpg,2026-09-23,17.804362,78.958765,Progress,SYNTHETIC_METADATA
IMG-0089-1,MPLADS-SYN-0089,images/IMG-0089-1.jpg,2026-08-19,14.57331,77.460109,Progress,SYNTHETIC_METADATA
IMG-0089-2,MPLADS-SYN-0089,images/IMG-0089-2.jpg,2026-09-24,14.573053,77.459885,Progress,SYNTHETIC_METADATA
IMG-0090-1,MPLADS-SYN-0090,images/IMG-0090-1.jpg,2026-04-20,20.990107,85.198493,Progress,SYNTHETIC_METADATA
IMG-0090-2,MPLADS-SYN-0090,images/IMG-0090-2.jpg,2026-08-09,20.990478,85.198841,Progress,SYNTHETIC_METADATA
IMG-0091-1,MPLADS-SYN-0091,images/IMG-0091-1.jpg,2026-09-22,26.776222,84.579265,Progress,SYNTHETIC_METADATA
IMG-0091-2,MPLADS-SYN-0091,images/IMG-0091-2.jpg,2026-10-08,26.776334,84.579576,Progress,SYNTHETIC_METADATA
IMG-0092-1,MPLADS-SYN-0092,images/IMG-0092-1.jpg,2026-08-28,12.098255,84.3781,Progress,SYNTHETIC_METADATA
IMG-0092-2,MPLADS-SYN-0092,images/IMG-0092-2.jpg,2026-08-06,12.098276,84.378517,Progress,SYNTHETIC_METADATA
IMG-0093-1,MPLADS-SYN-0093,images/IMG-0093-1.jpg,2026-08-15,8.832905,76.605201,Progress,SYNTHETIC_METADATA
IMG-0093-2,MPLADS-SYN-0093,images/IMG-0093-2.jpg,2026-05-24,8.833165,76.605183,Progress,SYNTHETIC_METADATA
IMG-0094-1,MPLADS-SYN-0094,images/IMG-0094-1.jpg,2026-04-29,12.927467,82.597068,Progress,SYNTHETIC_METADATA
IMG-0094-2,MPLADS-SYN-0094,images/IMG-0094-2.jpg,2026-08-11,12.927334,82.597838,Progress,SYNTHETIC_METADATA
IMG-0095-1,MPLADS-SYN-0095,images/IMG-0095-1.jpg,2026-06-22,11.648629,76.156668,Progress,SYNTHETIC_METADATA
IMG-0095-2,MPLADS-SYN-0095,images/IMG-0095-2.jpg,2026-06-20,11.648621,76.156909,Progress,SYNTHETIC_METADATA
IMG-0096-1,MPLADS-SYN-0096,images/IMG-0096-1.jpg,2026-06-07,25.414199,76.866898,Progress,SYNTHETIC_METADATA
IMG-0096-2,MPLADS-SYN-0096,images/IMG-0096-2.jpg,2026-05-11,25.413763,76.867445,Progress,SYNTHETIC_METADATA
IMG-0097-1,MPLADS-SYN-0097,images/IMG-0097-1.jpg,2026-03-30,19.902589,87.700371,Progress,SYNTHETIC_METADATA
IMG-0097-2,MPLADS-SYN-0097,images/IMG-0097-2.jpg,2026-04-02,19.902486,87.700395,Progress,SYNTHETIC_METADATA
IMG-0098-1,MPLADS-SYN-0098,images/IMG-0098-1.jpg,2026-04-16,26.169951,73.261695,Progress,SYNTHETIC_METADATA
IMG-0098-2,MPLADS-SYN-0098,images/IMG-0098-2.jpg,2026-04-12,26.170121,73.261613,Progress,SYNTHETIC_METADATA
IMG-0099-1,MPLADS-SYN-0099,images/IMG-0099-1.jpg,2026-06-16,12.238885,86.977334,Progress,SYNTHETIC_METADATA
IMG-0099-2,MPLADS-SYN-0099,images/IMG-0099-2.jpg,2026-09-07,12.238714,86.977774,Progress,SYNTHETIC_METADATA
IMG-0100-1,MPLADS-SYN-0100,images/IMG-0100-1.jpg,2026-08-27,11.080156,74.596717,Progress,SYNTHETIC_METADATA
IMG-0100-2,MPLADS-SYN-0100,images/IMG-0100-2.jpg,2026-03-17,11.079645,74.596503,Progress,SYNTHETIC_METADATA
IMG-0101-1,MPLADS-SYN-0101,images/IMG-0101-1.jpg,2026-07-03,18.47168,74.767339,Progress,SYNTHETIC_METADATA
IMG-0101-2,MPLADS-SYN-0101,images/IMG-0101-2.jpg,2026-05-18,18.471371,74.766951,Progress,SYNTHETIC_METADATA
IMG-0102-1,MPLADS-SYN-0102,images/IMG-0102-1.jpg,2026-04-30,23.700031,87.016274,Progress,SYNTHETIC_METADATA
IMG-0102-2,MPLADS-SYN-0102,images/IMG-0102-2.jpg,2026-03-28,23.700599,87.016305,Progress,SYNTHETIC_METADATA
IMG-0103-1,MPLADS-SYN-0103,images/IMG-0103-1.jpg,2026-08-19,13.202377,77.05934,Progress,SYNTHETIC_METADATA
IMG-0103-2,MPLADS-SYN-0103,images/IMG-0103-2.jpg,2026-05-14,13.202313,77.059885,Progress,SYNTHETIC_METADATA
IMG-0104-1,MPLADS-SYN-0104,images/IMG-0104-1.jpg,2026-03-24,16.999013,75.328188,Progress,SYNTHETIC_METADATA
IMG-0104-2,MPLADS-SYN-0104,images/IMG-0104-2.jpg,2026-05-06,16.999131,75.328589,Progress,SYNTHETIC_METADATA
IMG-0105-1,MPLADS-SYN-0105,images/IMG-0105-1.jpg,2026-09-24,27.05917,81.486162,Progress,SYNTHETIC_METADATA
IMG-0105-2,MPLADS-SYN-0105,images/IMG-0105-2.jpg,2026-07-21,27.058882,81.485554,Progress,SYNTHETIC_METADATA
IMG-0106-1,MPLADS-SYN-0106,images/IMG-0106-1.jpg,2026-08-23,27.415912,83.271755,Progress,SYNTHETIC_METADATA
IMG-0106-2,MPLADS-SYN-0106,images/IMG-0106-2.jpg,2026-10-22,27.415701,83.270993,Progress,SYNTHETIC_METADATA
IMG-0107-1,MPLADS-SYN-0107,images/IMG-0107-1.jpg,2026-03-23,22.070256,74.884427,Progress,SYNTHETIC_METADATA
IMG-0107-2,MPLADS-SYN-0107,images/IMG-0107-2.jpg,2026-03-25,22.069997,74.884562,Progress,SYNTHETIC_METADATA
IMG-0108-1,MPLADS-SYN-0108,images/IMG-0108-1.jpg,2026-05-25,20.92821,80.810625,Progress,SYNTHETIC_METADATA
IMG-0108-2,MPLADS-SYN-0108,images/IMG-0108-2.jpg,2026-06-18,20.928733,80.811176,Progress,SYNTHETIC_METADATA
IMG-0109-1,MPLADS-SYN-0109,images/IMG-0109-1.jpg,2026-06-20,17.99385,84.152844,Progress,SYNTHETIC_METADATA
IMG-0109-2,MPLADS-SYN-0109,images/IMG-0109-2.jpg,2026-06-08,17.993333,84.152579,Progress,SYNTHETIC_METADATA
IMG-0110-1,MPLADS-SYN-0110,images/IMG-0110-1.jpg,2026-09-01,20.670961,73.390896,Progress,SYNTHETIC_METADATA
IMG-0110-2,MPLADS-SYN-0110,images/IMG-0110-2.jpg,2026-08-31,20.670606,73.391159,Progress,SYNTHETIC_METADATA
IMG-0111-1,MPLADS-SYN-0111,images/IMG-0111-1.jpg,2026-10-17,23.699956,85.166029,Progress,SYNTHETIC_METADATA
IMG-0111-2,MPLADS-SYN-0111,images/IMG-0111-2.jpg,2026-12-26,23.700437,85.166191,Progress,SYNTHETIC_METADATA
IMG-0112-1,MPLADS-SYN-0112,images/IMG-0112-1.jpg,2026-01-28,10.563779,79.234089,Progress,SYNTHETIC_METADATA
IMG-0112-2,MPLADS-SYN-0112,images/IMG-0112-2.jpg,2026-03-03,10.563575,79.233817,Progress,SYNTHETIC_METADATA
IMG-0113-1,MPLADS-SYN-0113,images/IMG-0113-1.jpg,2026-06-25,27.192071,74.61668,Progress,SYNTHETIC_METADATA
IMG-0113-2,MPLADS-SYN-0113,images/IMG-0113-2.jpg,2026-07-18,27.192844,74.617586,Progress,SYNTHETIC_METADATA
IMG-0114-1,MPLADS-SYN-0114,images/IMG-0114-1.jpg,2026-05-16,28.124306,85.011546,Progress,SYNTHETIC_METADATA
IMG-0114-2,MPLADS-SYN-0114,images/IMG-0114-2.jpg,2026-06-21,28.124231,85.010956,Progress,SYNTHETIC_METADATA
IMG-0115-1,MPLADS-SYN-0115,images/IMG-0115-1.jpg,2026-09-06,24.790644,75.132936,Progress,SYNTHETIC_METADATA
IMG-0115-2,MPLADS-SYN-0115,images/IMG-0115-2.jpg,2026-07-07,24.790386,75.132952,Progress,SYNTHETIC_METADATA
IMG-0116-1,MPLADS-SYN-0116,images/IMG-0116-1.jpg,2026-04-26,19.439478,87.481472,Progress,SYNTHETIC_METADATA
IMG-0116-2,MPLADS-SYN-0116,images/IMG-0116-2.jpg,2026-07-14,19.439657,87.480939,Progress,SYNTHETIC_METADATA
IMG-0117-1,MPLADS-SYN-0117,images/IMG-0117-1.jpg,2026-07-11,19.274518,80.327914,Progress,SYNTHETIC_METADATA
IMG-0117-2,MPLADS-SYN-0117,images/IMG-0117-2.jpg,2026-09-25,19.273808,80.327066,Progress,SYNTHETIC_METADATA
IMG-0118-1,MPLADS-SYN-0118,images/IMG-0118-1.jpg,2026-08-23,26.841335,80.436288,Progress,SYNTHETIC_METADATA
IMG-0118-2,MPLADS-SYN-0118,images/IMG-0118-2.jpg,2026-09-13,26.841376,80.435536,Progress,SYNTHETIC_METADATA
IMG-0119-1,MPLADS-SYN-0119,images/IMG-0119-1.jpg,2026-04-24,25.414304,87.323051,Progress,SYNTHETIC_METADATA
IMG-0119-2,MPLADS-SYN-0119,images/IMG-0119-2.jpg,2026-03-20,25.414564,87.322758,Progress,SYNTHETIC_METADATA
IMG-0120-1,MPLADS-SYN-0120,images/IMG-0120-1.jpg,2026-06-22,16.816059,83.298223,Progress,SYNTHETIC_METADATA
IMG-0120-2,MPLADS-SYN-0120,images/IMG-0120-2.jpg,2026-05-18,16.816396,83.2983,Progress,SYNTHETIC_METADATA
IMG-0121-1,MPLADS-SYN-0121,images/IMG-0121-1.jpg,2026-02-24,12.114103,83.492583,Progress,SYNTHETIC_METADATA
IMG-0121-2,MPLADS-SYN-0121,images/IMG-0121-2.jpg,2026-02-05,12.113787,83.492874,Progress,SYNTHETIC_METADATA
IMG-0122-1,MPLADS-SYN-0122,images/IMG-0122-1.jpg,2026-05-23,28.302437,87.577891,Progress,SYNTHETIC_METADATA
IMG-0122-2,MPLADS-SYN-0122,images/IMG-0122-2.jpg,2026-05-24,28.302889,87.577901,Progress,SYNTHETIC_METADATA
IMG-0123-1,MPLADS-SYN-0123,images/IMG-0123-1.jpg,2026-03-26,22.904823,84.62921,Progress,SYNTHETIC_METADATA
IMG-0123-2,MPLADS-SYN-0123,images/IMG-0123-2.jpg,2026-02-16,22.905555,84.630128,Progress,SYNTHETIC_METADATA
IMG-0124-1,MPLADS-SYN-0124,images/IMG-0124-1.jpg,2026-12-13,25.76868,86.645603,Progress,SYNTHETIC_METADATA
IMG-0124-2,MPLADS-SYN-0124,images/IMG-0124-2.jpg,2027-02-19,25.768903,86.644826,Progress,SYNTHETIC_METADATA
IMG-0125-1,MPLADS-SYN-0125,images/IMG-0125-1.jpg,2026-06-01,8.510824,79.48535,Progress,SYNTHETIC_METADATA
IMG-0125-2,MPLADS-SYN-0125,images/IMG-0125-2.jpg,2026-04-22,8.511158,79.485236,Progress,SYNTHETIC_METADATA
IMG-0126-1,MPLADS-SYN-0126,images/IMG-0126-1.jpg,2026-07-23,20.071878,79.84932,Progress,SYNTHETIC_METADATA
IMG-0126-2,MPLADS-SYN-0126,images/IMG-0126-2.jpg,2026-06-19,20.071355,79.849203,Progress,SYNTHETIC_METADATA
IMG-0127-1,MPLADS-SYN-0127,images/IMG-0127-1.jpg,2026-08-04,25.288274,73.071391,Progress,SYNTHETIC_METADATA
IMG-0127-2,MPLADS-SYN-0127,images/IMG-0127-2.jpg,2026-08-22,25.287867,73.071409,Progress,SYNTHETIC_METADATA
IMG-0128-1,MPLADS-SYN-0128,images/IMG-0128-1.jpg,2026-04-30,20.821639,73.946108,Progress,SYNTHETIC_METADATA
IMG-0128-2,MPLADS-SYN-0128,images/IMG-0128-2.jpg,2026-06-08,20.822361,73.946071,Progress,SYNTHETIC_METADATA
IMG-0129-1,MPLADS-SYN-0129,images/IMG-0129-1.jpg,2026-08-16,25.119693,76.938847,Progress,SYNTHETIC_METADATA
IMG-0129-2,MPLADS-SYN-0129,images/IMG-0129-2.jpg,2026-09-25,25.119953,76.93945,Progress,SYNTHETIC_METADATA
IMG-0130-1,MPLADS-SYN-0130,images/IMG-0130-1.jpg,2026-06-03,25.914794,77.12109,Progress,SYNTHETIC_METADATA
IMG-0130-2,MPLADS-SYN-0130,images/IMG-0130-2.jpg,2026-05-22,25.91417,77.120693,Progress,SYNTHETIC_METADATA
IMG-0131-1,MPLADS-SYN-0131,images/IMG-0131-1.jpg,2026-08-14,27.337408,85.266218,Progress,SYNTHETIC_METADATA
IMG-0131-2,MPLADS-SYN-0131,images/IMG-0131-2.jpg,2026-07-15,27.337669,85.266303,Progress,SYNTHETIC_METADATA
IMG-0132-1,MPLADS-SYN-0132,images/IMG-0132-1.jpg,2026-12-25,21.210543,84.647234,Progress,SYNTHETIC_METADATA
IMG-0132-2,MPLADS-SYN-0132,images/IMG-0132-2.jpg,2026-10-11,21.210703,84.647191,Progress,SYNTHETIC_METADATA
IMG-0133-1,MPLADS-SYN-0133,images/IMG-0133-1.jpg,2026-08-05,19.162392,75.896863,Progress,SYNTHETIC_METADATA
IMG-0133-2,MPLADS-SYN-0133,images/IMG-0133-2.jpg,2026-12-16,19.163204,75.896682,Progress,SYNTHETIC_METADATA
IMG-0134-1,MPLADS-SYN-0134,images/IMG-0134-1.jpg,2027-01-25,12.215947,86.4774,Progress,SYNTHETIC_METADATA
IMG-0134-2,MPLADS-SYN-0134,images/IMG-0134-2.jpg,2026-12-13,12.215775,86.477191,Progress,SYNTHETIC_METADATA
IMG-0135-1,MPLADS-SYN-0135,images/IMG-0135-1.jpg,2026-09-17,21.735935,74.215808,Progress,SYNTHETIC_METADATA
IMG-0135-2,MPLADS-SYN-0135,images/IMG-0135-2.jpg,2026-08-27,21.736839,74.216062,Progress,SYNTHETIC_METADATA
IMG-0136-1,MPLADS-SYN-0136,images/IMG-0136-1.jpg,2026-07-11,21.606159,83.034323,Progress,SYNTHETIC_METADATA
IMG-0136-2,MPLADS-SYN-0136,images/IMG-0136-2.jpg,2026-07-24,21.606134,83.033818,Progress,SYNTHETIC_METADATA
IMG-0137-1,MPLADS-SYN-0137,images/IMG-0137-1.jpg,2026-08-17,10.287105,74.880682,Progress,SYNTHETIC_METADATA
IMG-0137-2,MPLADS-SYN-0137,images/IMG-0137-2.jpg,2026-06-18,10.287018,74.880744,Progress,SYNTHETIC_METADATA
IMG-0138-1,MPLADS-SYN-0138,images/IMG-0138-1.jpg,2026-11-18,17.728654,74.394883,Progress,SYNTHETIC_METADATA
IMG-0138-2,MPLADS-SYN-0138,images/IMG-0138-2.jpg,2026-09-01,17.72869,74.394918,Progress,SYNTHETIC_METADATA
IMG-0139-1,MPLADS-SYN-0139,images/IMG-0139-1.jpg,2026-04-16,12.445363,81.889617,Progress,SYNTHETIC_METADATA
IMG-0139-2,MPLADS-SYN-0139,images/IMG-0139-2.jpg,2026-06-01,12.444476,81.890331,Progress,SYNTHETIC_METADATA
IMG-0140-1,MPLADS-SYN-0140,images/IMG-0140-1.jpg,2026-06-14,12.476859,82.615424,Progress,SYNTHETIC_METADATA
IMG-0140-2,MPLADS-SYN-0140,images/IMG-0140-2.jpg,2026-03-01,12.476963,82.614583,Progress,SYNTHETIC_METADATA
IMG-0141-1,MPLADS-SYN-0141,images/IMG-0141-1.jpg,2026-07-23,9.131027,88.450286,Progress,SYNTHETIC_METADATA
IMG-0141-2,MPLADS-SYN-0141,images/IMG-0141-2.jpg,2026-11-16,9.131229,88.45065,Progress,SYNTHETIC_METADATA
IMG-0142-1,MPLADS-SYN-0142,images/IMG-0142-1.jpg,2026-01-21,24.149865,72.706761,Progress,SYNTHETIC_METADATA
IMG-0142-2,MPLADS-SYN-0142,images/IMG-0142-2.jpg,2026-02-02,24.149416,72.706111,Progress,SYNTHETIC_METADATA
IMG-0143-1,MPLADS-SYN-0143,images/IMG-0143-1.jpg,2026-07-07,24.635808,88.205823,Progress,SYNTHETIC_METADATA
IMG-0143-2,MPLADS-SYN-0143,images/IMG-0143-2.jpg,2026-05-14,24.636204,88.206092,Progress,SYNTHETIC_METADATA
IMG-0144-1,MPLADS-SYN-0144,images/IMG-0144-1.jpg,2026-10-21,24.042703,77.739701,Progress,SYNTHETIC_METADATA
IMG-0144-2,MPLADS-SYN-0144,images/IMG-0144-2.jpg,2026-10-24,24.042495,77.739824,Progress,SYNTHETIC_METADATA
IMG-0145-1,MPLADS-SYN-0145,images/IMG-0145-1.jpg,2026-02-23,14.682624,75.278958,Progress,SYNTHETIC_METADATA
IMG-0145-2,MPLADS-SYN-0145,images/IMG-0145-2.jpg,2026-03-21,14.682043,75.279364,Progress,SYNTHETIC_METADATA
IMG-0146-1,MPLADS-SYN-0146,images/IMG-0146-1.jpg,2026-10-18,27.887982,86.107164,Progress,SYNTHETIC_METADATA
IMG-0146-2,MPLADS-SYN-0146,images/IMG-0146-2.jpg,2026-08-01,27.887526,86.107624,Progress,SYNTHETIC_METADATA
IMG-0147-1,MPLADS-SYN-0147,images/IMG-0147-1.jpg,2026-07-06,21.715305,74.669454,Progress,SYNTHETIC_METADATA
IMG-0147-2,MPLADS-SYN-0147,images/IMG-0147-2.jpg,2026-05-08,21.71535,74.669583,Progress,SYNTHETIC_METADATA
IMG-0148-1,MPLADS-SYN-0148,images/IMG-0148-1.jpg,2026-09-24,15.512176,82.695294,Progress,SYNTHETIC_METADATA
IMG-0148-2,MPLADS-SYN-0148,images/IMG-0148-2.jpg,2027-01-15,15.512354,82.695232,Progress,SYNTHETIC_METADATA
IMG-0149-1,MPLADS-SYN-0149,images/IMG-0149-1.jpg,2026-04-29,13.656982,83.502142,Progress,SYNTHETIC_METADATA
IMG-0149-2,MPLADS-SYN-0149,images/IMG-0149-2.jpg,2026-05-18,13.656919,83.502052,Progress,SYNTHETIC_METADATA
IMG-0150-1,MPLADS-SYN-0150,images/IMG-0150-1.jpg,2026-06-26,15.623645,76.754362,Progress,SYNTHETIC_METADATA
IMG-0150-2,MPLADS-SYN-0150,images/IMG-0150-2.jpg,2026-06-02,15.624031,76.754035,Progress,SYNTHETIC_METADATA
IMG-0151-1,MPLADS-SYN-0151,images/IMG-0151-1.jpg,2026-07-31,27.999599,77.465654,Progress,SYNTHETIC_METADATA
IMG-0151-2,MPLADS-SYN-0151,images/IMG-0151-2.jpg,2026-07-16,28.00017,77.466308,Progress,SYNTHETIC_METADATA
IMG-0152-1,MPLADS-SYN-0152,images/IMG-0152-1.jpg,2026-06-12,22.677744,79.055634,Progress,SYNTHETIC_METADATA
IMG-0152-2,MPLADS-SYN-0152,images/IMG-0152-2.jpg,2026-05-05,22.676845,79.055977,Progress,SYNTHETIC_METADATA
IMG-0153-1,MPLADS-SYN-0153,images/IMG-0153-1.jpg,2026-05-25,13.933931,80.094421,Progress,SYNTHETIC_METADATA
IMG-0153-2,MPLADS-SYN-0153,images/IMG-0153-2.jpg,2026-06-09,13.933971,80.094857,Progress,SYNTHETIC_METADATA
IMG-0154-1,MPLADS-SYN-0154,images/IMG-0154-1.jpg,2026-10-08,14.553315,86.491879,Progress,SYNTHETIC_METADATA
IMG-0154-2,MPLADS-SYN-0154,images/IMG-0154-2.jpg,2026-06-17,14.553481,86.492108,Progress,SYNTHETIC_METADATA
IMG-0155-1,MPLADS-SYN-0155,images/IMG-0155-1.jpg,2026-05-02,24.299313,81.217441,Progress,SYNTHETIC_METADATA
IMG-0155-2,MPLADS-SYN-0155,images/IMG-0155-2.jpg,2026-04-03,24.299613,81.218074,Progress,SYNTHETIC_METADATA
IMG-0156-1,MPLADS-SYN-0156,images/IMG-0156-1.jpg,2026-09-21,24.257894,80.472436,Progress,SYNTHETIC_METADATA
IMG-0156-2,MPLADS-SYN-0156,images/IMG-0156-2.jpg,2026-10-08,24.257323,80.472189,Progress,SYNTHETIC_METADATA
IMG-0157-1,MPLADS-SYN-0157,images/IMG-0157-1.jpg,2026-12-01,17.01294,87.803193,Progress,SYNTHETIC_METADATA
IMG-0157-2,MPLADS-SYN-0157,images/IMG-0157-2.jpg,2026-10-06,17.013506,87.803233,Progress,SYNTHETIC_METADATA
IMG-0158-1,MPLADS-SYN-0158,images/IMG-0158-1.jpg,2026-10-31,18.71431,83.163,Progress,SYNTHETIC_METADATA
IMG-0158-2,MPLADS-SYN-0158,images/IMG-0158-2.jpg,2026-09-01,18.714179,83.162111,Progress,SYNTHETIC_METADATA
IMG-0159-1,MPLADS-SYN-0159,images/IMG-0159-1.jpg,2026-08-28,9.975224,73.262199,Progress,SYNTHETIC_METADATA
IMG-0159-2,MPLADS-SYN-0159,images/IMG-0159-2.jpg,2026-09-30,9.974473,73.262751,Progress,SYNTHETIC_METADATA
IMG-0160-1,MPLADS-SYN-0160,images/IMG-0160-1.jpg,2027-02-15,18.386609,78.457655,Progress,SYNTHETIC_METADATA
IMG-0160-2,MPLADS-SYN-0160,images/IMG-0160-2.jpg,2026-11-17,18.386713,78.457888,Progress,SYNTHETIC_METADATA
IMG-0161-1,MPLADS-SYN-0161,images/IMG-0161-1.jpg,2026-09-08,20.053857,88.265211,Progress,SYNTHETIC_METADATA
IMG-0161-2,MPLADS-SYN-0161,images/IMG-0161-2.jpg,2026-08-02,20.053346,88.26542,Progress,SYNTHETIC_METADATA
IMG-0162-1,MPLADS-SYN-0162,images/IMG-0162-1.jpg,2026-09-06,19.068692,75.301057,Progress,SYNTHETIC_METADATA
IMG-0162-2,MPLADS-SYN-0162,images/IMG-0162-2.jpg,2026-07-04,19.068681,75.301371,Progress,SYNTHETIC_METADATA
IMG-0163-1,MPLADS-SYN-0163,images/IMG-0163-1.jpg,2026-05-22,28.321245,78.963387,Progress,SYNTHETIC_METADATA
IMG-0163-2,MPLADS-SYN-0163,images/IMG-0163-2.jpg,2026-08-23,28.321942,78.963338,Progress,SYNTHETIC_METADATA
IMG-0164-1,MPLADS-SYN-0164,images/IMG-0164-1.jpg,2026-12-11,24.52017,84.275495,Progress,SYNTHETIC_METADATA
IMG-0164-2,MPLADS-SYN-0164,images/IMG-0164-2.jpg,2026-08-21,24.519806,84.275132,Progress,SYNTHETIC_METADATA
IMG-0165-1,MPLADS-SYN-0165,images/IMG-0165-1.jpg,2026-08-11,9.849635,85.574377,Progress,SYNTHETIC_METADATA
IMG-0165-2,MPLADS-SYN-0165,images/IMG-0165-2.jpg,2026-09-24,9.849946,85.574259,Progress,SYNTHETIC_METADATA
IMG-0166-1,MPLADS-SYN-0166,images/IMG-0166-1.jpg,2026-05-09,27.258521,79.4492,Progress,SYNTHETIC_METADATA
IMG-0166-2,MPLADS-SYN-0166,images/IMG-0166-2.jpg,2026-09-26,27.2581,79.449856,Progress,SYNTHETIC_METADATA
IMG-0167-1,MPLADS-SYN-0167,images/IMG-0167-1.jpg,2026-05-18,15.83208,79.116649,Progress,SYNTHETIC_METADATA
IMG-0167-2,MPLADS-SYN-0167,images/IMG-0167-2.jpg,2026-04-22,15.83234,79.116327,Progress,SYNTHETIC_METADATA
IMG-0168-1,MPLADS-SYN-0168,images/IMG-0168-1.jpg,2026-08-28,10.7107,86.722223,Progress,SYNTHETIC_METADATA
IMG-0168-2,MPLADS-SYN-0168,images/IMG-0168-2.jpg,2026-08-24,10.71094,86.722151,Progress,SYNTHETIC_METADATA
IMG-0169-1,MPLADS-SYN-0169,images/IMG-0169-1.jpg,2026-08-02,22.47192,79.201513,Progress,SYNTHETIC_METADATA
IMG-0169-2,MPLADS-SYN-0169,images/IMG-0169-2.jpg,2026-05-11,22.472507,79.20127,Progress,SYNTHETIC_METADATA
IMG-0170-1,MPLADS-SYN-0170,images/IMG-0170-1.jpg,2026-03-16,17.434443,83.677439,Progress,SYNTHETIC_METADATA
IMG-0170-2,MPLADS-SYN-0170,images/IMG-0170-2.jpg,2026-03-26,17.434927,83.677614,Progress,SYNTHETIC_METADATA
IMG-0171-1,MPLADS-SYN-0171,images/IMG-0171-1.jpg,2026-12-20,21.643144,85.728521,Progress,SYNTHETIC_METADATA
IMG-0171-2,MPLADS-SYN-0171,images/IMG-0171-2.jpg,2026-06-30,21.64335,85.728672,Progress,SYNTHETIC_METADATA
IMG-0172-1,MPLADS-SYN-0172,images/IMG-0172-1.jpg,2026-07-13,16.710486,73.559165,Progress,SYNTHETIC_METADATA
IMG-0172-2,MPLADS-SYN-0172,images/IMG-0172-2.jpg,2026-05-31,16.710761,73.558498,Progress,SYNTHETIC_METADATA
IMG-0173-1,MPLADS-SYN-0173,images/IMG-0173-1.jpg,2027-02-11,14.207363,85.41666,Progress,SYNTHETIC_METADATA
IMG-0173-2,MPLADS-SYN-0173,images/IMG-0173-2.jpg,2026-08-03,14.207016,85.417088,Progress,SYNTHETIC_METADATA
IMG-0174-1,MPLADS-SYN-0174,images/IMG-0174-1.jpg,2026-08-03,25.093211,72.840004,Progress,SYNTHETIC_METADATA
IMG-0174-2,MPLADS-SYN-0174,images/IMG-0174-2.jpg,2026-06-02,25.093659,72.840154,Progress,SYNTHETIC_METADATA
IMG-0175-1,MPLADS-SYN-0175,images/IMG-0175-1.jpg,2026-10-08,16.002596,78.878702,Progress,SYNTHETIC_METADATA
IMG-0175-2,MPLADS-SYN-0175,images/IMG-0175-2.jpg,2026-11-10,16.002879,78.878478,Progress,SYNTHETIC_METADATA
IMG-0176-1,MPLADS-SYN-0176,images/IMG-0176-1.jpg,2026-05-31,10.273753,73.746982,Progress,SYNTHETIC_METADATA
IMG-0176-2,MPLADS-SYN-0176,images/IMG-0176-2.jpg,2026-05-08,10.273943,73.747381,Progress,SYNTHETIC_METADATA
IMG-0177-1,MPLADS-SYN-0177,images/IMG-0177-1.jpg,2026-12-07,18.581308,83.256396,Progress,SYNTHETIC_METADATA
IMG-0177-2,MPLADS-SYN-0177,images/IMG-0177-2.jpg,2026-11-11,18.581381,83.256666,Progress,SYNTHETIC_METADATA
IMG-0178-1,MPLADS-SYN-0178,images/IMG-0178-1.jpg,2026-07-05,13.82047,73.531595,Progress,SYNTHETIC_METADATA
IMG-0178-2,MPLADS-SYN-0178,images/IMG-0178-2.jpg,2026-06-20,13.820474,73.532006,Progress,SYNTHETIC_METADATA
IMG-0179-1,MPLADS-SYN-0179,images/IMG-0179-1.jpg,2026-08-01,13.076694,77.409104,Progress,SYNTHETIC_METADATA
IMG-0179-2,MPLADS-SYN-0179,images/IMG-0179-2.jpg,2026-08-08,13.076846,77.409093,Progress,SYNTHETIC_METADATA
IMG-0180-1,MPLADS-SYN-0180,images/IMG-0180-1.jpg,2026-08-29,10.261957,78.098568,Progress,SYNTHETIC_METADATA
IMG-0180-2,MPLADS-SYN-0180,images/IMG-0180-2.jpg,2026-12-28,10.261768,78.098502,Progress,SYNTHETIC_METADATA
IMG-0181-1,MPLADS-SYN-0181,images/IMG-0181-1.jpg,2027-02-03,22.921257,73.473955,Progress,SYNTHETIC_METADATA
IMG-0181-2,MPLADS-SYN-0181,images/IMG-0181-2.jpg,2027-01-21,22.921237,73.473948,Progress,SYNTHETIC_METADATA
IMG-0182-1,MPLADS-SYN-0182,images/IMG-0182-1.jpg,2026-08-13,25.197367,81.56251,Progress,SYNTHETIC_METADATA
IMG-0182-2,MPLADS-SYN-0182,images/IMG-0182-2.jpg,2026-06-23,25.19745,81.563013,Progress,SYNTHETIC_METADATA
IMG-0183-1,MPLADS-SYN-0183,images/IMG-0183-1.jpg,2026-06-05,15.89378,73.898881,Progress,SYNTHETIC_METADATA
IMG-0183-2,MPLADS-SYN-0183,images/IMG-0183-2.jpg,2026-08-09,15.893959,73.898898,Progress,SYNTHETIC_METADATA
IMG-0184-1,MPLADS-SYN-0184,images/IMG-0184-1.jpg,2026-04-20,20.256424,85.852027,Progress,SYNTHETIC_METADATA
IMG-0184-2,MPLADS-SYN-0184,images/IMG-0184-2.jpg,2026-05-04,20.256062,85.851709,Progress,SYNTHETIC_METADATA
IMG-0185-1,MPLADS-SYN-0185,images/IMG-0185-1.jpg,2026-12-06,26.906143,82.044571,Progress,SYNTHETIC_METADATA
IMG-0185-2,MPLADS-SYN-0185,images/IMG-0185-2.jpg,2026-11-12,26.90641,82.045289,Progress,SYNTHETIC_METADATA
IMG-0186-1,MPLADS-SYN-0186,images/IMG-0186-1.jpg,2027-04-13,8.14623,88.240786,Progress,SYNTHETIC_METADATA
IMG-0186-2,MPLADS-SYN-0186,images/IMG-0186-2.jpg,2027-02-10,8.146449,88.240498,Progress,SYNTHETIC_METADATA
IMG-0187-1,MPLADS-SYN-0187,images/IMG-0187-1.jpg,2026-10-23,8.891485,83.900468,Progress,SYNTHETIC_METADATA
IMG-0187-2,MPLADS-SYN-0187,images/IMG-0187-2.jpg,2026-11-16,8.891046,83.899872,Progress,SYNTHETIC_METADATA
IMG-0188-1,MPLADS-SYN-0188,images/IMG-0188-1.jpg,2026-11-13,26.792764,78.22686,Progress,SYNTHETIC_METADATA
IMG-0188-2,MPLADS-SYN-0188,images/IMG-0188-2.jpg,2026-08-29,26.792599,78.226848,Progress,SYNTHETIC_METADATA
IMG-0189-1,MPLADS-SYN-0189,images/IMG-0189-1.jpg,2026-05-08,21.066316,76.228643,Progress,SYNTHETIC_METADATA
IMG-0189-2,MPLADS-SYN-0189,images/IMG-0189-2.jpg,2026-03-23,21.066434,76.228862,Progress,SYNTHETIC_METADATA
IMG-0190-1,MPLADS-SYN-0190,images/IMG-0190-1.jpg,2026-08-28,19.857283,87.890145,Progress,SYNTHETIC_METADATA
IMG-0190-2,MPLADS-SYN-0190,images/IMG-0190-2.jpg,2026-09-03,19.857475,87.890213,Progress,SYNTHETIC_METADATA
IMG-0191-1,MPLADS-SYN-0191,images/IMG-0191-1.jpg,2026-03-02,12.488534,76.323422,Progress,SYNTHETIC_METADATA
IMG-0191-2,MPLADS-SYN-0191,images/IMG-0191-2.jpg,2026-04-26,12.488871,76.323363,Progress,SYNTHETIC_METADATA
IMG-0192-1,MPLADS-SYN-0192,images/IMG-0192-1.jpg,2026-08-26,14.518224,79.087408,Progress,SYNTHETIC_METADATA
IMG-0192-2,MPLADS-SYN-0192,images/IMG-0192-2.jpg,2026-07-02,14.518089,79.087551,Progress,SYNTHETIC_METADATA
IMG-0193-1,MPLADS-SYN-0193,images/IMG-0193-1.jpg,2026-06-24,26.21858,81.427189,Progress,SYNTHETIC_METADATA
IMG-0193-2,MPLADS-SYN-0193,images/IMG-0193-2.jpg,2026-05-25,26.21896,81.427209,Progress,SYNTHETIC_METADATA
IMG-0194-1,MPLADS-SYN-0194,images/IMG-0194-1.jpg,2026-08-26,23.277056,84.679928,Progress,SYNTHETIC_METADATA
IMG-0194-2,MPLADS-SYN-0194,images/IMG-0194-2.jpg,2026-05-20,23.276646,84.679655,Progress,SYNTHETIC_METADATA
IMG-0195-1,MPLADS-SYN-0195,images/IMG-0195-1.jpg,2026-02-14,10.631535,87.564905,Progress,SYNTHETIC_METADATA
IMG-0195-2,MPLADS-SYN-0195,images/IMG-0195-2.jpg,2026-03-09,10.630774,87.56495,Progress,SYNTHETIC_METADATA
IMG-0196-1,MPLADS-SYN-0196,images/IMG-0196-1.jpg,2026-04-11,8.550559,75.283289,Progress,SYNTHETIC_METADATA
IMG-0196-2,MPLADS-SYN-0196,images/IMG-0196-2.jpg,2026-10-04,8.550399,75.283454,Progress,SYNTHETIC_METADATA
IMG-0197-1,MPLADS-SYN-0197,images/IMG-0197-1.jpg,2026-08-21,17.137237,85.605984,Progress,SYNTHETIC_METADATA
IMG-0197-2,MPLADS-SYN-0197,images/IMG-0197-2.jpg,2026-09-20,17.13788,85.605651,Progress,SYNTHETIC_METADATA
IMG-0198-1,MPLADS-SYN-0198,images/IMG-0198-1.jpg,2026-02-27,18.339677,84.862083,Progress,SYNTHETIC_METADATA
IMG-0198-2,MPLADS-SYN-0198,images/IMG-0198-2.jpg,2026-04-16,18.339734,84.862246,Progress,SYNTHETIC_METADATA
IMG-0199-1,MPLADS-SYN-0199,images/IMG-0199-1.jpg,2026-05-15,11.453216,83.07846,Progress,SYNTHETIC_METADATA
IMG-0199-2,MPLADS-SYN-0199,images/IMG-0199-2.jpg,2026-08-05,11.453615,83.078151,Progress,SYNTHETIC_METADATA
IMG-0200-1,MPLADS-SYN-0200,images/IMG-0200-1.jpg,2026-04-04,24.720512,77.324504,Progress,SYNTHETIC_METADATA
IMG-0200-2,MPLADS-SYN-0200,images/IMG-0200-2.jpg,2026-08-01,24.71997,77.324672,Progress,SYNTHETIC_METADATA
IMG-0201-1,MPLADS-SYN-0201,images/IMG-0201-1.jpg,2026-08-20,8.361942,87.049442,Progress,SYNTHETIC_METADATA
IMG-0201-2,MPLADS-SYN-0201,images/IMG-0201-2.jpg,2026-11-29,8.362289,87.049648,Progress,SYNTHETIC_METADATA
IMG-0202-1,MPLADS-SYN-0202,images/IMG-0202-1.jpg,2026-03-25,13.913337,72.390866,Progress,SYNTHETIC_METADATA
IMG-0202-2,MPLADS-SYN-0202,images/IMG-0202-2.jpg,2026-05-23,13.913141,72.391162,Progress,SYNTHETIC_METADATA
IMG-0203-1,MPLADS-SYN-0203,images/IMG-0203-1.jpg,2026-09-21,13.572952,84.89105,Progress,SYNTHETIC_METADATA
IMG-0203-2,MPLADS-SYN-0203,images/IMG-0203-2.jpg,2026-10-16,13.573252,84.890839,Progress,SYNTHETIC_METADATA
IMG-0204-1,MPLADS-SYN-0204,images/IMG-0204-1.jpg,2026-02-14,15.672039,78.675264,Progress,SYNTHETIC_METADATA
IMG-0204-2,MPLADS-SYN-0204,images/IMG-0204-2.jpg,2026-06-26,15.672627,78.674674,Progress,SYNTHETIC_METADATA
IMG-0205-1,MPLADS-SYN-0205,images/IMG-0205-1.jpg,2026-04-12,25.009552,76.172009,Progress,SYNTHETIC_METADATA
IMG-0205-2,MPLADS-SYN-0205,images/IMG-0205-2.jpg,2026-04-27,25.009548,76.172823,Progress,SYNTHETIC_METADATA
IMG-0206-1,MPLADS-SYN-0206,images/IMG-0206-1.jpg,2026-05-31,16.380501,82.342921,Progress,SYNTHETIC_METADATA
IMG-0206-2,MPLADS-SYN-0206,images/IMG-0206-2.jpg,2026-05-14,16.380115,82.343207,Progress,SYNTHETIC_METADATA
IMG-0207-1,MPLADS-SYN-0207,images/IMG-0207-1.jpg,2026-05-01,8.063475,86.364229,Progress,SYNTHETIC_METADATA
IMG-0207-2,MPLADS-SYN-0207,images/IMG-0207-2.jpg,2026-04-18,8.063164,86.364366,Progress,SYNTHETIC_METADATA
IMG-0208-1,MPLADS-SYN-0208,images/IMG-0208-1.jpg,2026-10-06,22.691425,72.524024,Progress,SYNTHETIC_METADATA
IMG-0208-2,MPLADS-SYN-0208,images/IMG-0208-2.jpg,2026-09-10,22.691621,72.524203,Progress,SYNTHETIC_METADATA
IMG-0209-1,MPLADS-SYN-0209,images/IMG-0209-1.jpg,2026-06-07,27.101566,84.644069,Progress,SYNTHETIC_METADATA
IMG-0209-2,MPLADS-SYN-0209,images/IMG-0209-2.jpg,2026-03-17,27.101579,84.644257,Progress,SYNTHETIC_METADATA
IMG-0210-1,MPLADS-SYN-0210,images/IMG-0210-1.jpg,2026-05-18,12.553897,78.522858,Progress,SYNTHETIC_METADATA
IMG-0210-2,MPLADS-SYN-0210,images/IMG-0210-2.jpg,2026-06-28,12.553461,78.522964,Progress,SYNTHETIC_METADATA
IMG-0211-1,MPLADS-SYN-0211,images/IMG-0211-1.jpg,2026-05-15,21.514349,86.000799,Progress,SYNTHETIC_METADATA
IMG-0211-2,MPLADS-SYN-0211,images/IMG-0211-2.jpg,2026-03-25,21.514493,86.000907,Progress,SYNTHETIC_METADATA
IMG-0212-1,MPLADS-SYN-0212,images/IMG-0212-1.jpg,2026-05-13,11.682199,72.865877,Progress,SYNTHETIC_METADATA
IMG-0212-2,MPLADS-SYN-0212,images/IMG-0212-2.jpg,2026-05-21,11.682453,72.865984,Progress,SYNTHETIC_METADATA
IMG-0213-1,MPLADS-SYN-0213,images/IMG-0213-1.jpg,2026-12-11,14.6669,83.776835,Progress,SYNTHETIC_METADATA
IMG-0213-2,MPLADS-SYN-0213,images/IMG-0213-2.jpg,2026-12-07,14.666951,83.777427,Progress,SYNTHETIC_METADATA
IMG-0214-1,MPLADS-SYN-0214,images/IMG-0214-1.jpg,2026-10-26,14.162633,87.612998,Progress,SYNTHETIC_METADATA
IMG-0214-2,MPLADS-SYN-0214,images/IMG-0214-2.jpg,2026-08-22,14.162352,87.612633,Progress,SYNTHETIC_METADATA
IMG-0215-1,MPLADS-SYN-0215,images/IMG-0215-1.jpg,2026-10-03,16.201124,73.373521,Progress,SYNTHETIC_METADATA
IMG-0215-2,MPLADS-SYN-0215,images/IMG-0215-2.jpg,2026-06-07,16.20108,73.373526,Progress,SYNTHETIC_METADATA
IMG-0216-1,MPLADS-SYN-0216,images/IMG-0216-1.jpg,2026-10-17,26.975743,74.899317,Progress,SYNTHETIC_METADATA
IMG-0216-2,MPLADS-SYN-0216,images/IMG-0216-2.jpg,2026-10-30,26.975742,74.899251,Progress,SYNTHETIC_METADATA
IMG-0217-1,MPLADS-SYN-0217,images/IMG-0217-1.jpg,2026-10-18,25.587778,87.6332,Progress,SYNTHETIC_METADATA
IMG-0217-2,MPLADS-SYN-0217,images/IMG-0217-2.jpg,2026-09-13,25.586904,87.632692,Progress,SYNTHETIC_METADATA
IMG-0218-1,MPLADS-SYN-0218,images/IMG-0218-1.jpg,2026-05-07,27.068517,84.601027,Progress,SYNTHETIC_METADATA
IMG-0218-2,MPLADS-SYN-0218,images/IMG-0218-2.jpg,2026-07-10,27.068816,84.601615,Progress,SYNTHETIC_METADATA
IMG-0219-1,MPLADS-SYN-0219,images/IMG-0219-1.jpg,2026-10-25,8.105274,86.688178,Progress,SYNTHETIC_METADATA
IMG-0219-2,MPLADS-SYN-0219,images/IMG-0219-2.jpg,2026-12-08,8.105327,86.688093,Progress,SYNTHETIC_METADATA
IMG-0220-1,MPLADS-SYN-0220,images/IMG-0220-1.jpg,2026-05-24,16.631425,77.464606,Progress,SYNTHETIC_METADATA
IMG-0220-2,MPLADS-SYN-0220,images/IMG-0220-2.jpg,2026-06-10,16.631391,77.464675,Progress,SYNTHETIC_METADATA
IMG-0221-1,MPLADS-SYN-0221,images/IMG-0221-1.jpg,2026-10-08,22.482928,85.363938,Progress,SYNTHETIC_METADATA
IMG-0221-2,MPLADS-SYN-0221,images/IMG-0221-2.jpg,2026-08-16,22.482427,85.364226,Progress,SYNTHETIC_METADATA
IMG-0222-1,MPLADS-SYN-0222,images/IMG-0222-1.jpg,2026-09-30,26.349921,74.998991,Progress,SYNTHETIC_METADATA
IMG-0222-2,MPLADS-SYN-0222,images/IMG-0222-2.jpg,2026-12-01,26.34955,74.999052,Progress,SYNTHETIC_METADATA
IMG-0223-1,MPLADS-SYN-0223,images/IMG-0223-1.jpg,2026-04-27,20.024921,87.050486,Progress,SYNTHETIC_METADATA
IMG-0223-2,MPLADS-SYN-0223,images/IMG-0223-2.jpg,2026-07-13,20.024534,87.05137,Progress,SYNTHETIC_METADATA
IMG-0224-1,MPLADS-SYN-0224,images/IMG-0224-1.jpg,2026-04-14,24.284549,83.447493,Progress,SYNTHETIC_METADATA
IMG-0224-2,MPLADS-SYN-0224,images/IMG-0224-2.jpg,2026-03-22,24.285143,83.448197,Progress,SYNTHETIC_METADATA
IMG-0225-1,MPLADS-SYN-0225,images/IMG-0225-1.jpg,2026-05-23,21.297179,82.439498,Progress,SYNTHETIC_METADATA
IMG-0225-2,MPLADS-SYN-0225,images/IMG-0225-2.jpg,2026-08-03,21.297102,82.43967,Progress,SYNTHETIC_METADATA
IMG-0226-1,MPLADS-SYN-0226,images/IMG-0226-1.jpg,2026-09-27,11.69792,76.653373,Progress,SYNTHETIC_METADATA
IMG-0226-2,MPLADS-SYN-0226,images/IMG-0226-2.jpg,2026-08-21,11.698436,76.654022,Progress,SYNTHETIC_METADATA
IMG-0227-1,MPLADS-SYN-0227,images/IMG-0227-1.jpg,2026-05-12,19.538335,79.331766,Progress,SYNTHETIC_METADATA
IMG-0227-2,MPLADS-SYN-0227,images/IMG-0227-2.jpg,2026-02-28,19.538442,79.331873,Progress,SYNTHETIC_METADATA
IMG-0228-1,MPLADS-SYN-0228,images/IMG-0228-1.jpg,2026-10-11,20.392696,74.937731,Progress,SYNTHETIC_METADATA
IMG-0228-2,MPLADS-SYN-0228,images/IMG-0228-2.jpg,2026-09-28,20.392841,74.937896,Progress,SYNTHETIC_METADATA
IMG-0229-1,MPLADS-SYN-0229,images/IMG-0229-1.jpg,2026-07-16,22.214687,78.829931,Progress,SYNTHETIC_METADATA
IMG-0229-2,MPLADS-SYN-0229,images/IMG-0229-2.jpg,2026-07-23,22.214922,78.829726,Progress,SYNTHETIC_METADATA
IMG-0230-1,MPLADS-SYN-0230,images/IMG-0230-1.jpg,2026-09-27,15.738091,72.434237,Progress,SYNTHETIC_METADATA
IMG-0230-2,MPLADS-SYN-0230,images/IMG-0230-2.jpg,2026-04-08,15.737602,72.435105,Progress,SYNTHETIC_METADATA
IMG-0231-1,MPLADS-SYN-0231,images/IMG-0231-1.jpg,2027-01-04,22.583981,76.258224,Progress,SYNTHETIC_METADATA
IMG-0231-2,MPLADS-SYN-0231,images/IMG-0231-2.jpg,2026-09-01,22.583394,76.257768,Progress,SYNTHETIC_METADATA
IMG-0232-1,MPLADS-SYN-0232,images/IMG-0232-1.jpg,2026-11-02,13.784843,80.936178,Progress,SYNTHETIC_METADATA
IMG-0232-2,MPLADS-SYN-0232,images/IMG-0232-2.jpg,2026-08-04,13.784766,80.936167,Progress,SYNTHETIC_METADATA
IMG-0233-1,MPLADS-SYN-0233,images/IMG-0233-1.jpg,2026-09-22,12.747621,75.55784,Progress,SYNTHETIC_METADATA
IMG-0233-2,MPLADS-SYN-0233,images/IMG-0233-2.jpg,2026-10-20,12.747264,75.558032,Progress,SYNTHETIC_METADATA
IMG-0234-1,MPLADS-SYN-0234,images/IMG-0234-1.jpg,2026-06-19,27.266227,88.033105,Progress,SYNTHETIC_METADATA
IMG-0234-2,MPLADS-SYN-0234,images/IMG-0234-2.jpg,2026-06-24,27.266353,88.032699,Progress,SYNTHETIC_METADATA
IMG-0235-1,MPLADS-SYN-0235,images/IMG-0235-1.jpg,2026-10-04,14.738909,77.234784,Progress,SYNTHETIC_METADATA
IMG-0235-2,MPLADS-SYN-0235,images/IMG-0235-2.jpg,2026-08-18,14.738547,77.234782,Progress,SYNTHETIC_METADATA
IMG-0236-1,MPLADS-SYN-0236,images/IMG-0236-1.jpg,2026-07-04,15.011156,84.427627,Progress,SYNTHETIC_METADATA
IMG-0236-2,MPLADS-SYN-0236,images/IMG-0236-2.jpg,2026-07-09,15.011836,84.427762,Progress,SYNTHETIC_METADATA
IMG-0237-1,MPLADS-SYN-0237,images/IMG-0237-1.jpg,2026-11-23,11.405231,78.229863,Progress,SYNTHETIC_METADATA
IMG-0237-2,MPLADS-SYN-0237,images/IMG-0237-2.jpg,2026-09-30,11.404854,78.229803,Progress,SYNTHETIC_METADATA
IMG-0238-1,MPLADS-SYN-0238,images/IMG-0238-1.jpg,2026-10-25,20.7886,80.987611,Progress,SYNTHETIC_METADATA
IMG-0238-2,MPLADS-SYN-0238,images/IMG-0238-2.jpg,2026-10-25,20.78796,80.987633,Progress,SYNTHETIC_METADATA
IMG-0239-1,MPLADS-SYN-0239,images/IMG-0239-1.jpg,2026-09-05,20.633085,78.489269,Progress,SYNTHETIC_METADATA
IMG-0239-2,MPLADS-SYN-0239,images/IMG-0239-2.jpg,2026-07-17,20.633621,78.489836,Progress,SYNTHETIC_METADATA
IMG-0240-1,MPLADS-SYN-0240,images/IMG-0240-1.jpg,2026-02-23,20.94538,77.908996,Progress,SYNTHETIC_METADATA
IMG-0240-2,MPLADS-SYN-0240,images/IMG-0240-2.jpg,2026-03-18,20.9462,77.90871,Progress,SYNTHETIC_METADATA
IMG-0241-1,MPLADS-SYN-0241,images/IMG-0241-1.jpg,2026-04-11,26.23871,82.453797,Progress,SYNTHETIC_METADATA
IMG-0241-2,MPLADS-SYN-0241,images/IMG-0241-2.jpg,2026-03-18,26.238895,82.453587,Progress,SYNTHETIC_METADATA
IMG-0242-1,MPLADS-SYN-0242,images/IMG-0242-1.jpg,2026-10-24,13.126997,75.264754,Progress,SYNTHETIC_METADATA
IMG-0242-2,MPLADS-SYN-0242,images/IMG-0242-2.jpg,2027-02-02,13.12736,75.264991,Progress,SYNTHETIC_METADATA
IMG-0243-1,MPLADS-SYN-0243,images/IMG-0243-1.jpg,2026-09-01,12.410972,78.132698,Progress,SYNTHETIC_METADATA
IMG-0243-2,MPLADS-SYN-0243,images/IMG-0243-2.jpg,2026-11-17,12.410822,78.132169,Progress,SYNTHETIC_METADATA
IMG-0244-1,MPLADS-SYN-0244,images/IMG-0244-1.jpg,2026-10-25,8.365224,84.924818,Progress,SYNTHETIC_METADATA
IMG-0244-2,MPLADS-SYN-0244,images/IMG-0244-2.jpg,2026-11-18,8.365756,84.924436,Progress,SYNTHETIC_METADATA
IMG-0245-1,MPLADS-SYN-0245,images/IMG-0245-1.jpg,2026-05-27,8.213585,73.734652,Progress,SYNTHETIC_METADATA
IMG-0245-2,MPLADS-SYN-0245,images/IMG-0245-2.jpg,2026-04-06,8.213287,73.734761,Progress,SYNTHETIC_METADATA
IMG-0246-1,MPLADS-SYN-0246,images/IMG-0246-1.jpg,2026-11-08,13.407753,76.887494,Progress,SYNTHETIC_METADATA
IMG-0246-2,MPLADS-SYN-0246,images/IMG-0246-2.jpg,2026-10-03,13.408033,76.887816,Progress,SYNTHETIC_METADATA
IMG-0247-1,MPLADS-SYN-0247,images/IMG-0247-1.jpg,2026-05-17,21.291645,74.430184,Progress,SYNTHETIC_METADATA
IMG-0247-2,MPLADS-SYN-0247,images/IMG-0247-2.jpg,2026-06-07,21.291881,74.430275,Progress,SYNTHETIC_METADATA
IMG-0248-1,MPLADS-SYN-0248,images/IMG-0248-1.jpg,2026-02-23,19.791892,75.93949,Progress,SYNTHETIC_METADATA
IMG-0248-2,MPLADS-SYN-0248,images/IMG-0248-2.jpg,2026-04-14,19.791867,75.939171,Progress,SYNTHETIC_METADATA
IMG-0249-1,MPLADS-SYN-0249,images/IMG-0249-1.jpg,2026-06-17,25.488548,81.801476,Progress,SYNTHETIC_METADATA
IMG-0249-2,MPLADS-SYN-0249,images/IMG-0249-2.jpg,2026-08-02,25.488695,81.801487,Progress,SYNTHETIC_METADATA
IMG-0250-1,MPLADS-SYN-0250,images/IMG-0250-1.jpg,2026-12-07,18.206029,76.032361,Progress,SYNTHETIC_METADATA
IMG-0250-2,MPLADS-SYN-0250,images/IMG-0250-2.jpg,2026-09-26,18.205171,76.031577,Progress,SYNTHETIC_METADATA
IMG-0251-1,MPLADS-SYN-0251,images/IMG-0251-1.jpg,2026-03-25,24.395567,72.25713,Progress,SYNTHETIC_METADATA
IMG-0251-2,MPLADS-SYN-0251,images/IMG-0251-2.jpg,2026-09-06,24.395731,72.257198,Progress,SYNTHETIC_METADATA
IMG-0252-1,MPLADS-SYN-0252,images/IMG-0252-1.jpg,2026-08-04,10.853572,84.666317,Progress,SYNTHETIC_METADATA
IMG-0252-2,MPLADS-SYN-0252,images/IMG-0252-2.jpg,2026-09-02,10.85323,84.666198,Progress,SYNTHETIC_METADATA
IMG-0253-1,MPLADS-SYN-0253,images/IMG-0253-1.jpg,2026-06-07,21.736191,79.635982,Progress,SYNTHETIC_METADATA
IMG-0253-2,MPLADS-SYN-0253,images/IMG-0253-2.jpg,2026-06-08,21.736644,79.636076,Progress,SYNTHETIC_METADATA
IMG-0254-1,MPLADS-SYN-0254,images/IMG-0254-1.jpg,2026-07-22,17.916214,75.037038,Progress,SYNTHETIC_METADATA
IMG-0254-2,MPLADS-SYN-0254,images/IMG-0254-2.jpg,2026-07-27,17.915778,75.036682,Progress,SYNTHETIC_METADATA
IMG-0255-1,MPLADS-SYN-0255,images/IMG-0255-1.jpg,2026-12-16,26.089971,79.562803,Progress,SYNTHETIC_METADATA
IMG-0255-2,MPLADS-SYN-0255,images/IMG-0255-2.jpg,2026-09-11,26.089894,79.562867,Progress,SYNTHETIC_METADATA
IMG-0256-1,MPLADS-SYN-0256,images/IMG-0256-1.jpg,2026-03-13,21.637458,80.240609,Progress,SYNTHETIC_METADATA
IMG-0256-2,MPLADS-SYN-0256,images/IMG-0256-2.jpg,2026-02-17,21.638339,80.240733,Progress,SYNTHETIC_METADATA
IMG-0257-1,MPLADS-SYN-0257,images/IMG-0257-1.jpg,2026-06-22,16.897893,80.720735,Progress,SYNTHETIC_METADATA
IMG-0257-2,MPLADS-SYN-0257,images/IMG-0257-2.jpg,2026-05-21,16.898393,80.720567,Progress,SYNTHETIC_METADATA
IMG-0258-1,MPLADS-SYN-0258,images/IMG-0258-1.jpg,2026-03-19,19.795018,86.077325,Progress,SYNTHETIC_METADATA
IMG-0258-2,MPLADS-SYN-0258,images/IMG-0258-2.jpg,2026-04-17,19.794803,86.077871,Progress,SYNTHETIC_METADATA
IMG-0259-1,MPLADS-SYN-0259,images/IMG-0259-1.jpg,2026-02-06,25.63595,83.252283,Progress,SYNTHETIC_METADATA
IMG-0259-2,MPLADS-SYN-0259,images/IMG-0259-2.jpg,2026-04-21,25.63633,83.252098,Progress,SYNTHETIC_METADATA
IMG-0260-1,MPLADS-SYN-0260,images/IMG-0260-1.jpg,2026-11-11,15.168634,82.810934,Progress,SYNTHETIC_METADATA
IMG-0260-2,MPLADS-SYN-0260,images/IMG-0260-2.jpg,2026-08-23,15.167887,82.810585,Progress,SYNTHETIC_METADATA
IMG-0261-1,MPLADS-SYN-0261,images/IMG-0261-1.jpg,2026-05-23,21.322833,79.486616,Progress,SYNTHETIC_METADATA
IMG-0261-2,MPLADS-SYN-0261,images/IMG-0261-2.jpg,2026-06-09,21.323445,79.487023,Progress,SYNTHETIC_METADATA
IMG-0262-1,MPLADS-SYN-0262,images/IMG-0262-1.jpg,2026-09-21,22.743551,84.688563,Progress,SYNTHETIC_METADATA
IMG-0262-2,MPLADS-SYN-0262,images/IMG-0262-2.jpg,2026-11-04,22.744358,84.688422,Progress,SYNTHETIC_METADATA
IMG-0263-1,MPLADS-SYN-0263,images/IMG-0263-1.jpg,2026-08-09,23.702229,76.556452,Progress,SYNTHETIC_METADATA
IMG-0263-2,MPLADS-SYN-0263,images/IMG-0263-2.jpg,2026-09-24,23.702096,76.556308,Progress,SYNTHETIC_METADATA
IMG-0264-1,MPLADS-SYN-0264,images/IMG-0264-1.jpg,2026-08-06,17.649379,88.062563,Progress,SYNTHETIC_METADATA
IMG-0264-2,MPLADS-SYN-0264,images/IMG-0264-2.jpg,2026-08-19,17.648872,88.063069,Progress,SYNTHETIC_METADATA
IMG-0265-1,MPLADS-SYN-0265,images/IMG-0265-1.jpg,2026-06-08,27.630673,78.763456,Progress,SYNTHETIC_METADATA
IMG-0265-2,MPLADS-SYN-0265,images/IMG-0265-2.jpg,2026-04-29,27.630491,78.763397,Progress,SYNTHETIC_METADATA
IMG-0266-1,MPLADS-SYN-0266,images/IMG-0266-1.jpg,2026-02-01,28.29386,74.184323,Progress,SYNTHETIC_METADATA
IMG-0266-2,MPLADS-SYN-0266,images/IMG-0266-2.jpg,2026-03-14,28.294073,74.183817,Progress,SYNTHETIC_METADATA
IMG-0267-1,MPLADS-SYN-0267,images/IMG-0267-1.jpg,2026-11-01,18.428116,81.703093,Progress,SYNTHETIC_METADATA
IMG-0267-2,MPLADS-SYN-0267,images/IMG-0267-2.jpg,2026-09-16,18.428102,81.7035,Progress,SYNTHETIC_METADATA
IMG-0268-1,MPLADS-SYN-0268,images/IMG-0268-1.jpg,2026-08-16,19.027512,75.219861,Progress,SYNTHETIC_METADATA
IMG-0268-2,MPLADS-SYN-0268,images/IMG-0268-2.jpg,2026-03-26,19.027483,75.219504,Progress,SYNTHETIC_METADATA
IMG-0269-1,MPLADS-SYN-0269,images/IMG-0269-1.jpg,2026-06-23,25.990175,72.58776,Progress,SYNTHETIC_METADATA
IMG-0269-2,MPLADS-SYN-0269,images/IMG-0269-2.jpg,2026-09-19,25.990388,72.587732,Progress,SYNTHETIC_METADATA
IMG-0270-1,MPLADS-SYN-0270,images/IMG-0270-1.jpg,2026-07-09,18.049941,82.395737,Progress,SYNTHETIC_METADATA
IMG-0270-2,MPLADS-SYN-0270,images/IMG-0270-2.jpg,2026-05-30,18.049613,82.395277,Progress,SYNTHETIC_METADATA
IMG-0271-1,MPLADS-SYN-0271,images/IMG-0271-1.jpg,2026-07-18,12.488001,82.497941,Progress,SYNTHETIC_METADATA
IMG-0271-2,MPLADS-SYN-0271,images/IMG-0271-2.jpg,2026-06-04,12.4883,82.49809,Progress,SYNTHETIC_METADATA
IMG-0272-1,MPLADS-SYN-0272,images/IMG-0272-1.jpg,2026-04-12,19.335735,76.103905,Progress,SYNTHETIC_METADATA
IMG-0272-2,MPLADS-SYN-0272,images/IMG-0272-2.jpg,2026-05-07,19.33583,76.103971,Progress,SYNTHETIC_METADATA
IMG-0273-1,MPLADS-SYN-0273,images/IMG-0273-1.jpg,2026-09-02,27.870009,81.506903,Progress,SYNTHETIC_METADATA
IMG-0273-2,MPLADS-SYN-0273,images/IMG-0273-2.jpg,2026-08-01,27.869548,81.507684,Progress,SYNTHETIC_METADATA
IMG-0274-1,MPLADS-SYN-0274,images/IMG-0274-1.jpg,2026-10-04,9.208146,80.141014,Progress,SYNTHETIC_METADATA
IMG-0274-2,MPLADS-SYN-0274,images/IMG-0274-2.jpg,2026-10-13,9.208064,80.141865,Progress,SYNTHETIC_METADATA
IMG-0275-1,MPLADS-SYN-0275,images/IMG-0275-1.jpg,2026-11-01,8.189716,73.939774,Progress,SYNTHETIC_METADATA
IMG-0275-2,MPLADS-SYN-0275,images/IMG-0275-2.jpg,2026-08-29,8.190293,73.93963,Progress,SYNTHETIC_METADATA
IMG-0276-1,MPLADS-SYN-0276,images/IMG-0276-1.jpg,2026-06-22,11.207374,77.782737,Progress,SYNTHETIC_METADATA
IMG-0276-2,MPLADS-SYN-0276,images/IMG-0276-2.jpg,2026-05-04,11.207363,77.782824,Progress,SYNTHETIC_METADATA
IMG-0277-1,MPLADS-SYN-0277,images/IMG-0277-1.jpg,2026-05-02,11.003419,74.719563,Progress,SYNTHETIC_METADATA
IMG-0277-2,MPLADS-SYN-0277,images/IMG-0277-2.jpg,2026-06-15,11.003274,74.719254,Progress,SYNTHETIC_METADATA
IMG-0278-1,MPLADS-SYN-0278,images/IMG-0278-1.jpg,2026-03-30,15.092952,78.997757,Progress,SYNTHETIC_METADATA
IMG-0278-2,MPLADS-SYN-0278,images/IMG-0278-2.jpg,2026-01-26,15.09319,78.997714,Progress,SYNTHETIC_METADATA
IMG-0279-1,MPLADS-SYN-0279,images/IMG-0279-1.jpg,2026-03-18,26.332664,74.527248,Progress,SYNTHETIC_METADATA
IMG-0279-2,MPLADS-SYN-0279,images/IMG-0279-2.jpg,2026-06-02,26.33198,74.527773,Progress,SYNTHETIC_METADATA
IMG-0280-1,MPLADS-SYN-0280,images/IMG-0280-1.jpg,2026-08-01,25.139842,73.420366,Progress,SYNTHETIC_METADATA
IMG-0280-2,MPLADS-SYN-0280,images/IMG-0280-2.jpg,2026-10-01,25.13993,73.420561,Progress,SYNTHETIC_METADATA
IMG-0281-1,MPLADS-SYN-0281,images/IMG-0281-1.jpg,2026-05-30,19.027822,75.475814,Progress,SYNTHETIC_METADATA
IMG-0281-2,MPLADS-SYN-0281,images/IMG-0281-2.jpg,2026-08-06,19.028351,75.475758,Progress,SYNTHETIC_METADATA
IMG-0282-1,MPLADS-SYN-0282,images/IMG-0282-1.jpg,2026-11-10,26.719803,77.053178,Progress,SYNTHETIC_METADATA
IMG-0282-2,MPLADS-SYN-0282,images/IMG-0282-2.jpg,2026-09-11,26.71984,77.053102,Progress,SYNTHETIC_METADATA
IMG-0283-1,MPLADS-SYN-0283,images/IMG-0283-1.jpg,2026-05-03,12.10821,74.839092,Progress,SYNTHETIC_METADATA
IMG-0283-2,MPLADS-SYN-0283,images/IMG-0283-2.jpg,2026-04-06,12.108597,74.838725,Progress,SYNTHETIC_METADATA
IMG-0284-1,MPLADS-SYN-0284,images/IMG-0284-1.jpg,2026-09-14,18.949012,77.72312,Progress,SYNTHETIC_METADATA
IMG-0284-2,MPLADS-SYN-0284,images/IMG-0284-2.jpg,2026-09-29,18.948896,77.723768,Progress,SYNTHETIC_METADATA
IMG-0285-1,MPLADS-SYN-0285,images/IMG-0285-1.jpg,2026-04-12,23.020118,82.821412,Progress,SYNTHETIC_METADATA
IMG-0285-2,MPLADS-SYN-0285,images/IMG-0285-2.jpg,2026-02-22,23.019585,82.822266,Progress,SYNTHETIC_METADATA
IMG-0286-1,MPLADS-SYN-0286,images/IMG-0286-1.jpg,2026-09-02,8.816437,86.319941,Progress,SYNTHETIC_METADATA
IMG-0286-2,MPLADS-SYN-0286,images/IMG-0286-2.jpg,2026-10-23,8.816742,86.320071,Progress,SYNTHETIC_METADATA
IMG-0287-1,MPLADS-SYN-0287,images/IMG-0287-1.jpg,2026-01-22,11.008258,88.117888,Progress,SYNTHETIC_METADATA
IMG-0287-2,MPLADS-SYN-0287,images/IMG-0287-2.jpg,2026-05-01,11.008159,88.118104,Progress,SYNTHETIC_METADATA
IMG-0288-1,MPLADS-SYN-0288,images/IMG-0288-1.jpg,2026-09-04,8.103579,75.41742,Progress,SYNTHETIC_METADATA
IMG-0288-2,MPLADS-SYN-0288,images/IMG-0288-2.jpg,2026-10-20,8.103303,75.417282,Progress,SYNTHETIC_METADATA
IMG-0289-1,MPLADS-SYN-0289,images/IMG-0289-1.jpg,2026-08-11,17.255651,79.711871,Progress,SYNTHETIC_METADATA
IMG-0289-2,MPLADS-SYN-0289,images/IMG-0289-2.jpg,2026-09-06,17.256003,79.711902,Progress,SYNTHETIC_METADATA
IMG-0290-1,MPLADS-SYN-0290,images/IMG-0290-1.jpg,2026-08-15,26.953734,74.589492,Progress,SYNTHETIC_METADATA
IMG-0290-2,MPLADS-SYN-0290,images/IMG-0290-2.jpg,2026-12-23,26.953666,74.590123,Progress,SYNTHETIC_METADATA
IMG-0291-1,MPLADS-SYN-0291,images/IMG-0291-1.jpg,2026-04-19,14.615785,76.83453,Progress,SYNTHETIC_METADATA
IMG-0291-2,MPLADS-SYN-0291,images/IMG-0291-2.jpg,2026-04-28,14.615639,76.8341,Progress,SYNTHETIC_METADATA
IMG-0292-1,MPLADS-SYN-0292,images/IMG-0292-1.jpg,2026-10-16,25.364774,84.505967,Progress,SYNTHETIC_METADATA
IMG-0292-2,MPLADS-SYN-0292,images/IMG-0292-2.jpg,2026-09-23,25.365011,84.506111,Progress,SYNTHETIC_METADATA
IMG-0293-1,MPLADS-SYN-0293,images/IMG-0293-1.jpg,2026-09-30,14.286951,83.81129,Progress,SYNTHETIC_METADATA
IMG-0293-2,MPLADS-SYN-0293,images/IMG-0293-2.jpg,2026-08-08,14.286957,83.811287,Progress,SYNTHETIC_METADATA
IMG-0294-1,MPLADS-SYN-0294,images/IMG-0294-1.jpg,2026-08-17,11.07656,82.042877,Progress,SYNTHETIC_METADATA
IMG-0294-2,MPLADS-SYN-0294,images/IMG-0294-2.jpg,2026-07-31,11.077005,82.042731,Progress,SYNTHETIC_METADATA
IMG-0295-1,MPLADS-SYN-0295,images/IMG-0295-1.jpg,2026-08-02,11.895379,85.706522,Progress,SYNTHETIC_METADATA
IMG-0295-2,MPLADS-SYN-0295,images/IMG-0295-2.jpg,2026-07-02,11.895359,85.706506,Progress,SYNTHETIC_METADATA
IMG-0296-1,MPLADS-SYN-0296,images/IMG-0296-1.jpg,2026-11-03,20.327799,80.127668,Progress,SYNTHETIC_METADATA
IMG-0296-2,MPLADS-SYN-0296,images/IMG-0296-2.jpg,2026-11-15,20.327369,80.127717,Progress,SYNTHETIC_METADATA
IMG-0297-1,MPLADS-SYN-0297,images/IMG-0297-1.jpg,2027-02-23,12.310758,83.086458,Progress,SYNTHETIC_METADATA
IMG-0297-2,MPLADS-SYN-0297,images/IMG-0297-2.jpg,2026-10-01,12.310693,83.086356,Progress,SYNTHETIC_METADATA
IMG-0298-1,MPLADS-SYN-0298,images/IMG-0298-1.jpg,2027-01-25,12.088343,75.547645,Progress,SYNTHETIC_METADATA
IMG-0298-2,MPLADS-SYN-0298,images/IMG-0298-2.jpg,2027-01-21,12.088683,75.54682,Progress,SYNTHETIC_METADATA
IMG-0299-1,MPLADS-SYN-0299,images/IMG-0299-1.jpg,2026-12-28,23.636697,76.302356,Progress,SYNTHETIC_METADATA
IMG-0299-2,MPLADS-SYN-0299,images/IMG-0299-2.jpg,2026-11-18,23.636653,76.301803,Progress,SYNTHETIC_METADATA
IMG-0300-1,MPLADS-SYN-0300,images/IMG-0300-1.jpg,2026-08-17,23.055925,81.327716,Progress,SYNTHETIC_METADATA
IMG-0300-2,MPLADS-SYN-0300,images/IMG-0300-2.jpg,2026-07-16,23.056163,81.327636,Progress,SYNTHETIC_METADATA
IMG-0301-1,MPLADS-SYN-0301,images/IMG-0301-1.jpg,2026-07-21,18.935506,87.583872,Progress,SYNTHETIC_METADATA
IMG-0301-2,MPLADS-SYN-0301,images/IMG-0301-2.jpg,2026-04-23,18.935099,87.584062,Progress,SYNTHETIC_METADATA
IMG-0302-1,MPLADS-SYN-0302,images/IMG-0302-1.jpg,2026-04-18,10.494782,84.484451,Progress,SYNTHETIC_METADATA
IMG-0302-2,MPLADS-SYN-0302,images/IMG-0302-2.jpg,2026-04-09,10.494861,84.484353,Progress,SYNTHETIC_METADATA
IMG-0303-1,MPLADS-SYN-0303,images/IMG-0303-1.jpg,2026-08-17,21.270997,77.334379,Progress,SYNTHETIC_METADATA
IMG-0303-2,MPLADS-SYN-0303,images/IMG-0303-2.jpg,2026-08-08,21.270994,77.333498,Progress,SYNTHETIC_METADATA
IMG-0304-1,MPLADS-SYN-0304,images/IMG-0304-1.jpg,2026-05-06,23.631754,83.921793,Progress,SYNTHETIC_METADATA
IMG-0304-2,MPLADS-SYN-0304,images/IMG-0304-2.jpg,2026-04-02,23.631275,83.921874,Progress,SYNTHETIC_METADATA
IMG-0305-1,MPLADS-SYN-0305,images/IMG-0305-1.jpg,2026-03-23,9.943513,78.663074,Progress,SYNTHETIC_METADATA
IMG-0305-2,MPLADS-SYN-0305,images/IMG-0305-2.jpg,2026-06-24,9.943001,78.663408,Progress,SYNTHETIC_METADATA
IMG-0306-1,MPLADS-SYN-0306,images/IMG-0306-1.jpg,2026-09-15,13.387548,79.258179,Progress,SYNTHETIC_METADATA
IMG-0306-2,MPLADS-SYN-0306,images/IMG-0306-2.jpg,2026-09-24,13.387178,79.258059,Progress,SYNTHETIC_METADATA
IMG-0307-1,MPLADS-SYN-0307,images/IMG-0307-1.jpg,2026-07-11,19.538661,80.754175,Progress,SYNTHETIC_METADATA
IMG-0307-2,MPLADS-SYN-0307,images/IMG-0307-2.jpg,2026-07-30,19.539083,80.753925,Progress,SYNTHETIC_METADATA
IMG-0308-1,MPLADS-SYN-0308,images/IMG-0308-1.jpg,2026-07-11,27.749201,76.558044,Progress,SYNTHETIC_METADATA
IMG-0308-2,MPLADS-SYN-0308,images/IMG-0308-2.jpg,2026-04-25,27.748708,76.557986,Progress,SYNTHETIC_METADATA
IMG-0309-1,MPLADS-SYN-0309,images/IMG-0309-1.jpg,2026-12-21,10.112694,88.460092,Progress,SYNTHETIC_METADATA
IMG-0309-2,MPLADS-SYN-0309,images/IMG-0309-2.jpg,2027-01-03,10.112589,88.460825,Progress,SYNTHETIC_METADATA
IMG-0310-1,MPLADS-SYN-0310,images/IMG-0310-1.jpg,2026-04-30,9.945505,87.951322,Progress,SYNTHETIC_METADATA
IMG-0310-2,MPLADS-SYN-0310,images/IMG-0310-2.jpg,2026-05-20,9.945686,87.951529,Progress,SYNTHETIC_METADATA
IMG-0311-1,MPLADS-SYN-0311,images/IMG-0311-1.jpg,2026-07-29,24.009539,74.838768,Progress,SYNTHETIC_METADATA
IMG-0311-2,MPLADS-SYN-0311,images/IMG-0311-2.jpg,2026-11-07,24.010049,74.839017,Progress,SYNTHETIC_METADATA
IMG-0312-1,MPLADS-SYN-0312,images/IMG-0312-1.jpg,2026-04-26,25.469926,74.404927,Progress,SYNTHETIC_METADATA
IMG-0312-2,MPLADS-SYN-0312,images/IMG-0312-2.jpg,2026-03-07,25.470639,74.405113,Progress,SYNTHETIC_METADATA
IMG-0313-1,MPLADS-SYN-0313,images/IMG-0313-1.jpg,2026-07-20,19.908336,82.349522,Progress,SYNTHETIC_METADATA
IMG-0313-2,MPLADS-SYN-0313,images/IMG-0313-2.jpg,2026-07-07,19.908088,82.349557,Progress,SYNTHETIC_METADATA
IMG-0314-1,MPLADS-SYN-0314,images/IMG-0314-1.jpg,2026-10-17,27.540024,74.826939,Progress,SYNTHETIC_METADATA
IMG-0314-2,MPLADS-SYN-0314,images/IMG-0314-2.jpg,2027-02-17,27.540037,74.82696,Progress,SYNTHETIC_METADATA
IMG-0315-1,MPLADS-SYN-0315,images/IMG-0315-1.jpg,2026-03-13,15.345842,73.974706,Progress,SYNTHETIC_METADATA
IMG-0315-2,MPLADS-SYN-0315,images/IMG-0315-2.jpg,2026-02-28,15.346165,73.974461,Progress,SYNTHETIC_METADATA
IMG-0316-1,MPLADS-SYN-0316,images/IMG-0316-1.jpg,2026-06-10,18.739485,72.336993,Progress,SYNTHETIC_METADATA
IMG-0316-2,MPLADS-SYN-0316,images/IMG-0316-2.jpg,2026-04-04,18.739286,72.336927,Progress,SYNTHETIC_METADATA
IMG-0317-1,MPLADS-SYN-0317,images/IMG-0317-1.jpg,2026-03-14,22.002505,81.736345,Progress,SYNTHETIC_METADATA
IMG-0317-2,MPLADS-SYN-0317,images/IMG-0317-2.jpg,2026-05-10,22.002569,81.736817,Progress,SYNTHETIC_METADATA
IMG-0318-1,MPLADS-SYN-0318,images/IMG-0318-1.jpg,2026-11-08,16.739096,79.180116,Progress,SYNTHETIC_METADATA
IMG-0318-2,MPLADS-SYN-0318,images/IMG-0318-2.jpg,2026-10-26,16.739783,79.179815,Progress,SYNTHETIC_METADATA
IMG-0319-1,MPLADS-SYN-0319,images/IMG-0319-1.jpg,2026-04-13,22.604333,73.203811,Progress,SYNTHETIC_METADATA
IMG-0319-2,MPLADS-SYN-0319,images/IMG-0319-2.jpg,2026-06-21,22.60476,73.203586,Progress,SYNTHETIC_METADATA
IMG-0320-1,MPLADS-SYN-0320,images/IMG-0320-1.jpg,2026-11-18,10.642705,83.376709,Progress,SYNTHETIC_METADATA
IMG-0320-2,MPLADS-SYN-0320,images/IMG-0320-2.jpg,2026-08-05,10.64182,83.376278,Progress,SYNTHETIC_METADATA
IMG-0321-1,MPLADS-SYN-0321,images/IMG-0321-1.jpg,2026-07-19,16.981255,74.355576,Progress,SYNTHETIC_METADATA
IMG-0321-2,MPLADS-SYN-0321,images/IMG-0321-2.jpg,2026-03-23,16.981273,74.355337,Progress,SYNTHETIC_METADATA
IMG-0322-1,MPLADS-SYN-0322,images/IMG-0322-1.jpg,2026-05-14,10.941936,73.712466,Progress,SYNTHETIC_METADATA
IMG-0322-2,MPLADS-SYN-0322,images/IMG-0322-2.jpg,2026-06-04,10.941855,73.712446,Progress,SYNTHETIC_METADATA
IMG-0323-1,MPLADS-SYN-0323,images/IMG-0323-1.jpg,2026-09-04,28.243502,74.062943,Progress,SYNTHETIC_METADATA
IMG-0323-2,MPLADS-SYN-0323,images/IMG-0323-2.jpg,2026-11-22,28.243332,74.063233,Progress,SYNTHETIC_METADATA
IMG-0324-1,MPLADS-SYN-0324,images/IMG-0324-1.jpg,2026-03-31,11.696882,79.309545,Progress,SYNTHETIC_METADATA
IMG-0324-2,MPLADS-SYN-0324,images/IMG-0324-2.jpg,2026-06-21,11.696815,79.308989,Progress,SYNTHETIC_METADATA
IMG-0325-1,MPLADS-SYN-0325,images/IMG-0325-1.jpg,2026-02-24,26.542646,79.369669,Progress,SYNTHETIC_METADATA
IMG-0325-2,MPLADS-SYN-0325,images/IMG-0325-2.jpg,2026-05-22,26.542991,79.369266,Progress,SYNTHETIC_METADATA
IMG-0326-1,MPLADS-SYN-0326,images/IMG-0326-1.jpg,2026-07-22,11.633577,82.296773,Progress,SYNTHETIC_METADATA
IMG-0326-2,MPLADS-SYN-0326,images/IMG-0326-2.jpg,2026-08-15,11.633486,82.296346,Progress,SYNTHETIC_METADATA
IMG-0327-1,MPLADS-SYN-0327,images/IMG-0327-1.jpg,2026-02-02,15.790001,72.594023,Progress,SYNTHETIC_METADATA
IMG-0327-2,MPLADS-SYN-0327,images/IMG-0327-2.jpg,2026-02-08,15.790711,72.593232,Progress,SYNTHETIC_METADATA
IMG-0328-1,MPLADS-SYN-0328,images/IMG-0328-1.jpg,2027-01-04,10.169077,74.01232,Progress,SYNTHETIC_METADATA
IMG-0328-2,MPLADS-SYN-0328,images/IMG-0328-2.jpg,2026-10-17,10.169334,74.013022,Progress,SYNTHETIC_METADATA
IMG-0329-1,MPLADS-SYN-0329,images/IMG-0329-1.jpg,2026-10-14,21.023517,81.773259,Progress,SYNTHETIC_METADATA
IMG-0329-2,MPLADS-SYN-0329,images/IMG-0329-2.jpg,2026-10-01,21.023533,81.773562,Progress,SYNTHETIC_METADATA
IMG-0330-1,MPLADS-SYN-0330,images/IMG-0330-1.jpg,2026-04-15,14.541302,77.908989,Progress,SYNTHETIC_METADATA
IMG-0330-2,MPLADS-SYN-0330,images/IMG-0330-2.jpg,2026-04-18,14.540678,77.908791,Progress,SYNTHETIC_METADATA
IMG-0331-1,MPLADS-SYN-0331,images/IMG-0331-1.jpg,2026-05-26,14.915266,72.357647,Progress,SYNTHETIC_METADATA
IMG-0331-2,MPLADS-SYN-0331,images/IMG-0331-2.jpg,2026-01-23,14.915419,72.357863,Progress,SYNTHETIC_METADATA
IMG-0332-1,MPLADS-SYN-0332,images/IMG-0332-1.jpg,2026-05-23,15.654162,83.360302,Progress,SYNTHETIC_METADATA
IMG-0332-2,MPLADS-SYN-0332,images/IMG-0332-2.jpg,2026-07-14,15.653367,83.360739,Progress,SYNTHETIC_METADATA
IMG-0333-1,MPLADS-SYN-0333,images/IMG-0333-1.jpg,2026-06-28,11.960249,84.704108,Progress,SYNTHETIC_METADATA
IMG-0333-2,MPLADS-SYN-0333,images/IMG-0333-2.jpg,2026-07-12,11.960516,84.704027,Progress,SYNTHETIC_METADATA
IMG-0334-1,MPLADS-SYN-0334,images/IMG-0334-1.jpg,2026-04-14,16.639226,78.082551,Progress,SYNTHETIC_METADATA
IMG-0334-2,MPLADS-SYN-0334,images/IMG-0334-2.jpg,2026-06-22,16.639,78.0821,Progress,SYNTHETIC_METADATA
IMG-0335-1,MPLADS-SYN-0335,images/IMG-0335-1.jpg,2026-01-27,22.629667,80.195507,Progress,SYNTHETIC_METADATA
IMG-0335-2,MPLADS-SYN-0335,images/IMG-0335-2.jpg,2026-02-21,22.630094,80.194706,Progress,SYNTHETIC_METADATA
IMG-0336-1,MPLADS-SYN-0336,images/IMG-0336-1.jpg,2026-08-02,8.395157,84.631599,Progress,SYNTHETIC_METADATA
IMG-0336-2,MPLADS-SYN-0336,images/IMG-0336-2.jpg,2026-10-12,8.394508,84.631229,Progress,SYNTHETIC_METADATA
IMG-0337-1,MPLADS-SYN-0337,images/IMG-0337-1.jpg,2026-04-21,21.334294,79.451937,Progress,SYNTHETIC_METADATA
IMG-0337-2,MPLADS-SYN-0337,images/IMG-0337-2.jpg,2026-05-11,21.334844,79.451927,Progress,SYNTHETIC_METADATA
IMG-0338-1,MPLADS-SYN-0338,images/IMG-0338-1.jpg,2026-04-22,13.84994,88.282134,Progress,SYNTHETIC_METADATA
IMG-0338-2,MPLADS-SYN-0338,images/IMG-0338-2.jpg,2026-09-13,13.849814,88.28227,Progress,SYNTHETIC_METADATA
IMG-0339-1,MPLADS-SYN-0339,images/IMG-0339-1.jpg,2026-10-23,13.599237,72.372525,Progress,SYNTHETIC_METADATA
IMG-0339-2,MPLADS-SYN-0339,images/IMG-0339-2.jpg,2026-04-28,13.599429,72.372686,Progress,SYNTHETIC_METADATA
IMG-0340-1,MPLADS-SYN-0340,images/IMG-0340-1.jpg,2026-02-17,18.014918,75.82048,Progress,SYNTHETIC_METADATA
IMG-0340-2,MPLADS-SYN-0340,images/IMG-0340-2.jpg,2026-04-21,18.015241,75.82024,Progress,SYNTHETIC_METADATA
IMG-0341-1,MPLADS-SYN-0341,images/IMG-0341-1.jpg,2026-07-05,25.055987,74.630412,Progress,SYNTHETIC_METADATA
IMG-0341-2,MPLADS-SYN-0341,images/IMG-0341-2.jpg,2026-07-09,25.056456,74.631049,Progress,SYNTHETIC_METADATA
IMG-0342-1,MPLADS-SYN-0342,images/IMG-0342-1.jpg,2026-02-24,27.477465,75.99005,Progress,SYNTHETIC_METADATA
IMG-0342-2,MPLADS-SYN-0342,images/IMG-0342-2.jpg,2026-04-13,27.477142,75.990054,Progress,SYNTHETIC_METADATA
IMG-0343-1,MPLADS-SYN-0343,images/IMG-0343-1.jpg,2026-02-24,13.243628,79.814534,Progress,SYNTHETIC_METADATA
IMG-0343-2,MPLADS-SYN-0343,images/IMG-0343-2.jpg,2026-01-30,13.243971,79.814303,Progress,SYNTHETIC_METADATA
IMG-0344-1,MPLADS-SYN-0344,images/IMG-0344-1.jpg,2026-03-15,18.593309,74.869966,Progress,SYNTHETIC_METADATA
IMG-0344-2,MPLADS-SYN-0344,images/IMG-0344-2.jpg,2026-02-14,18.592697,74.869297,Progress,SYNTHETIC_METADATA
IMG-0345-1,MPLADS-SYN-0345,images/IMG-0345-1.jpg,2026-11-07,21.013623,73.754704,Progress,SYNTHETIC_METADATA
IMG-0345-2,MPLADS-SYN-0345,images/IMG-0345-2.jpg,2026-08-24,21.014138,73.75403,Progress,SYNTHETIC_METADATA
IMG-0346-1,MPLADS-SYN-0346,images/IMG-0346-1.jpg,2026-07-26,24.155851,73.860165,Progress,SYNTHETIC_METADATA
IMG-0346-2,MPLADS-SYN-0346,images/IMG-0346-2.jpg,2026-10-21,24.156125,73.86028,Progress,SYNTHETIC_METADATA
IMG-0347-1,MPLADS-SYN-0347,images/IMG-0347-1.jpg,2026-02-24,21.769221,87.35741,Progress,SYNTHETIC_METADATA
IMG-0347-2,MPLADS-SYN-0347,images/IMG-0347-2.jpg,2026-03-30,21.768841,87.357835,Progress,SYNTHETIC_METADATA
IMG-0348-1,MPLADS-SYN-0348,images/IMG-0348-1.jpg,2026-09-05,23.526842,85.851975,Progress,SYNTHETIC_METADATA
IMG-0348-2,MPLADS-SYN-0348,images/IMG-0348-2.jpg,2026-11-10,23.527222,85.852145,Progress,SYNTHETIC_METADATA
IMG-0349-1,MPLADS-SYN-0349,images/IMG-0349-1.jpg,2026-08-23,11.555031,83.9557,Progress,SYNTHETIC_METADATA
IMG-0349-2,MPLADS-SYN-0349,images/IMG-0349-2.jpg,2026-08-21,11.554571,83.955708,Progress,SYNTHETIC_METADATA
IMG-0350-1,MPLADS-SYN-0350,images/IMG-0350-1.jpg,2026-06-30,15.406889,85.221531,Progress,SYNTHETIC_METADATA
IMG-0350-2,MPLADS-SYN-0350,images/IMG-0350-2.jpg,2026-07-09,15.407038,85.221913,Progress,SYNTHETIC_METADATA
IMG-0351-1,MPLADS-SYN-0351,images/IMG-0351-1.jpg,2026-07-01,28.062436,76.450919,Progress,SYNTHETIC_METADATA
IMG-0351-2,MPLADS-SYN-0351,images/IMG-0351-2.jpg,2026-08-14,28.063037,76.450054,Progress,SYNTHETIC_METADATA
IMG-0352-1,MPLADS-SYN-0352,images/IMG-0352-1.jpg,2026-07-10,20.620436,85.830133,Progress,SYNTHETIC_METADATA
IMG-0352-2,MPLADS-SYN-0352,images/IMG-0352-2.jpg,2026-07-15,20.6208,85.831022,Progress,SYNTHETIC_METADATA
IMG-0353-1,MPLADS-SYN-0353,images/IMG-0353-1.jpg,2026-10-05,12.492083,81.661077,Progress,SYNTHETIC_METADATA
IMG-0353-2,MPLADS-SYN-0353,images/IMG-0353-2.jpg,2026-08-13,12.492213,81.660328,Progress,SYNTHETIC_METADATA
IMG-0354-1,MPLADS-SYN-0354,images/IMG-0354-1.jpg,2026-04-25,26.346248,75.897788,Progress,SYNTHETIC_METADATA
IMG-0354-2,MPLADS-SYN-0354,images/IMG-0354-2.jpg,2026-08-19,26.346235,75.89812,Progress,SYNTHETIC_METADATA
IMG-0355-1,MPLADS-SYN-0355,images/IMG-0355-1.jpg,2026-04-19,20.423096,72.697387,Progress,SYNTHETIC_METADATA
IMG-0355-2,MPLADS-SYN-0355,images/IMG-0355-2.jpg,2026-04-11,20.423207,72.697763,Progress,SYNTHETIC_METADATA
IMG-0356-1,MPLADS-SYN-0356,images/IMG-0356-1.jpg,2026-04-07,10.917898,86.858678,Progress,SYNTHETIC_METADATA
IMG-0356-2,MPLADS-SYN-0356,images/IMG-0356-2.jpg,2026-07-28,10.917032,86.85814,Progress,SYNTHETIC_METADATA
IMG-0357-1,MPLADS-SYN-0357,images/IMG-0357-1.jpg,2026-05-20,8.505605,75.608332,Progress,SYNTHETIC_METADATA
IMG-0357-2,MPLADS-SYN-0357,images/IMG-0357-2.jpg,2026-07-09,8.505732,75.607992,Progress,SYNTHETIC_METADATA
IMG-0358-1,MPLADS-SYN-0358,images/IMG-0358-1.jpg,2026-07-17,13.230466,87.114948,Progress,SYNTHETIC_METADATA
IMG-0358-2,MPLADS-SYN-0358,images/IMG-0358-2.jpg,2026-11-19,13.230333,87.115649,Progress,SYNTHETIC_METADATA
IMG-0359-1,MPLADS-SYN-0359,images/IMG-0359-1.jpg,2026-05-26,25.311816,75.612704,Progress,SYNTHETIC_METADATA
IMG-0359-2,MPLADS-SYN-0359,images/IMG-0359-2.jpg,2026-07-12,25.312436,75.612613,Progress,SYNTHETIC_METADATA
IMG-0360-1,MPLADS-SYN-0360,images/IMG-0360-1.jpg,2026-03-22,20.16614,86.077359,Progress,SYNTHETIC_METADATA
IMG-0360-2,MPLADS-SYN-0360,images/IMG-0360-2.jpg,2026-03-23,20.165758,86.078098,Progress,SYNTHETIC_METADATA
IMG-0361-1,MPLADS-SYN-0361,images/IMG-0361-1.jpg,2026-06-05,20.560687,74.287252,Progress,SYNTHETIC_METADATA
IMG-0361-2,MPLADS-SYN-0361,images/IMG-0361-2.jpg,2026-06-26,20.560756,74.287662,Progress,SYNTHETIC_METADATA
IMG-0362-1,MPLADS-SYN-0362,images/IMG-0362-1.jpg,2026-08-24,16.924522,74.023102,Progress,SYNTHETIC_METADATA
IMG-0362-2,MPLADS-SYN-0362,images/IMG-0362-2.jpg,2026-09-24,16.924727,74.023155,Progress,SYNTHETIC_METADATA
IMG-0363-1,MPLADS-SYN-0363,images/IMG-0363-1.jpg,2026-05-22,9.911047,86.446208,Progress,SYNTHETIC_METADATA
IMG-0363-2,MPLADS-SYN-0363,images/IMG-0363-2.jpg,2026-05-02,9.911205,86.446327,Progress,SYNTHETIC_METADATA
IMG-0364-1,MPLADS-SYN-0364,images/IMG-0364-1.jpg,2026-11-18,16.350661,82.346493,Progress,SYNTHETIC_METADATA
IMG-0364-2,MPLADS-SYN-0364,images/IMG-0364-2.jpg,2026-11-15,16.350494,82.345756,Progress,SYNTHETIC_METADATA
IMG-0365-1,MPLADS-SYN-0365,images/IMG-0365-1.jpg,2026-06-04,11.632966,82.825643,Progress,SYNTHETIC_METADATA
IMG-0365-2,MPLADS-SYN-0365,images/IMG-0365-2.jpg,2026-05-21,11.633353,82.826027,Progress,SYNTHETIC_METADATA
IMG-0366-1,MPLADS-SYN-0366,images/IMG-0366-1.jpg,2026-09-13,15.24148,78.399989,Progress,SYNTHETIC_METADATA
IMG-0366-2,MPLADS-SYN-0366,images/IMG-0366-2.jpg,2026-07-31,15.241566,78.39973,Progress,SYNTHETIC_METADATA
IMG-0367-1,MPLADS-SYN-0367,images/IMG-0367-1.jpg,2026-06-22,14.944314,84.370754,Progress,SYNTHETIC_METADATA
IMG-0367-2,MPLADS-SYN-0367,images/IMG-0367-2.jpg,2026-07-13,14.944071,84.370905,Progress,SYNTHETIC_METADATA
IMG-0368-1,MPLADS-SYN-0368,images/IMG-0368-1.jpg,2026-08-28,14.146732,72.375002,Progress,SYNTHETIC_METADATA
IMG-0368-2,MPLADS-SYN-0368,images/IMG-0368-2.jpg,2026-11-25,14.146146,72.375323,Progress,SYNTHETIC_METADATA
IMG-0369-1,MPLADS-SYN-0369,images/IMG-0369-1.jpg,2026-09-12,16.322673,73.763791,Progress,SYNTHETIC_METADATA
IMG-0369-2,MPLADS-SYN-0369,images/IMG-0369-2.jpg,2027-01-04,16.322556,73.763449,Progress,SYNTHETIC_METADATA
IMG-0370-1,MPLADS-SYN-0370,images/IMG-0370-1.jpg,2026-05-18,13.184898,74.114796,Progress,SYNTHETIC_METADATA
IMG-0370-2,MPLADS-SYN-0370,images/IMG-0370-2.jpg,2026-08-24,13.18534,74.114775,Progress,SYNTHETIC_METADATA
IMG-0371-1,MPLADS-SYN-0371,images/IMG-0371-1.jpg,2026-08-03,21.018198,75.411673,Progress,SYNTHETIC_METADATA
IMG-0371-2,MPLADS-SYN-0371,images/IMG-0371-2.jpg,2026-09-08,21.018826,75.411867,Progress,SYNTHETIC_METADATA
IMG-0372-1,MPLADS-SYN-0372,images/IMG-0372-1.jpg,2026-04-24,13.649682,79.868238,Progress,SYNTHETIC_METADATA
IMG-0372-2,MPLADS-SYN-0372,images/IMG-0372-2.jpg,2026-05-05,13.64986,79.867564,Progress,SYNTHETIC_METADATA
IMG-0373-1,MPLADS-SYN-0373,images/IMG-0373-1.jpg,2026-08-01,11.056202,72.323364,Progress,SYNTHETIC_METADATA
IMG-0373-2,MPLADS-SYN-0373,images/IMG-0373-2.jpg,2026-04-01,11.056664,72.322509,Progress,SYNTHETIC_METADATA
IMG-0374-1,MPLADS-SYN-0374,images/IMG-0374-1.jpg,2026-08-21,28.290675,81.05176,Progress,SYNTHETIC_METADATA
IMG-0374-2,MPLADS-SYN-0374,images/IMG-0374-2.jpg,2026-08-06,28.289968,81.051456,Progress,SYNTHETIC_METADATA
IMG-0375-1,MPLADS-SYN-0375,images/IMG-0375-1.jpg,2026-07-18,11.368368,84.191521,Progress,SYNTHETIC_METADATA
IMG-0375-2,MPLADS-SYN-0375,images/IMG-0375-2.jpg,2026-10-06,11.367542,84.191737,Progress,SYNTHETIC_METADATA
IMG-0376-1,MPLADS-SYN-0376,images/IMG-0376-1.jpg,2026-05-09,16.909915,83.544878,Progress,SYNTHETIC_METADATA
IMG-0376-2,MPLADS-SYN-0376,images/IMG-0376-2.jpg,2026-04-24,16.909738,83.544739,Progress,SYNTHETIC_METADATA
IMG-0377-1,MPLADS-SYN-0377,images/IMG-0377-1.jpg,2026-07-08,25.594991,80.97091,Progress,SYNTHETIC_METADATA
IMG-0377-2,MPLADS-SYN-0377,images/IMG-0377-2.jpg,2026-04-15,25.594748,80.970075,Progress,SYNTHETIC_METADATA
IMG-0378-1,MPLADS-SYN-0378,images/IMG-0378-1.jpg,2026-07-19,27.538605,73.621114,Progress,SYNTHETIC_METADATA
IMG-0378-2,MPLADS-SYN-0378,images/IMG-0378-2.jpg,2026-06-10,27.537857,73.621235,Progress,SYNTHETIC_METADATA
IMG-0379-1,MPLADS-SYN-0379,images/IMG-0379-1.jpg,2026-05-28,15.000434,77.963941,Progress,SYNTHETIC_METADATA
IMG-0379-2,MPLADS-SYN-0379,images/IMG-0379-2.jpg,2026-10-04,15.000487,77.964056,Progress,SYNTHETIC_METADATA
IMG-0380-1,MPLADS-SYN-0380,images/IMG-0380-1.jpg,2026-02-22,16.029596,85.775843,Progress,SYNTHETIC_METADATA
IMG-0380-2,MPLADS-SYN-0380,images/IMG-0380-2.jpg,2026-02-24,16.029278,85.77548,Progress,SYNTHETIC_METADATA
IMG-0381-1,MPLADS-SYN-0381,images/IMG-0381-1.jpg,2026-09-19,13.162929,79.622845,Progress,SYNTHETIC_METADATA
IMG-0381-2,MPLADS-SYN-0381,images/IMG-0381-2.jpg,2026-08-11,13.163155,79.622295,Progress,SYNTHETIC_METADATA
IMG-0382-1,MPLADS-SYN-0382,images/IMG-0382-1.jpg,2027-03-16,22.108899,72.618974,Progress,SYNTHETIC_METADATA
IMG-0382-2,MPLADS-SYN-0382,images/IMG-0382-2.jpg,2026-10-16,22.109016,72.619017,Progress,SYNTHETIC_METADATA
IMG-0383-1,MPLADS-SYN-0383,images/IMG-0383-1.jpg,2026-07-27,8.712807,73.267482,Progress,SYNTHETIC_METADATA
IMG-0383-2,MPLADS-SYN-0383,images/IMG-0383-2.jpg,2026-07-01,8.712866,73.267894,Progress,SYNTHETIC_METADATA
IMG-0384-1,MPLADS-SYN-0384,images/IMG-0384-1.jpg,2026-11-28,10.454092,83.959273,Progress,SYNTHETIC_METADATA
IMG-0384-2,MPLADS-SYN-0384,images/IMG-0384-2.jpg,2026-11-01,10.453971,83.958479,Progress,SYNTHETIC_METADATA
IMG-0385-1,MPLADS-SYN-0385,images/IMG-0385-1.jpg,2026-05-29,23.292839,84.056541,Progress,SYNTHETIC_METADATA
IMG-0385-2,MPLADS-SYN-0385,images/IMG-0385-2.jpg,2026-03-06,23.293696,84.056554,Progress,SYNTHETIC_METADATA
IMG-0386-1,MPLADS-SYN-0386,images/IMG-0386-1.jpg,2026-04-03,22.040979,73.199623,Progress,SYNTHETIC_METADATA
IMG-0386-2,MPLADS-SYN-0386,images/IMG-0386-2.jpg,2026-04-20,22.04101,73.198846,Progress,SYNTHETIC_METADATA
IMG-0387-1,MPLADS-SYN-0387,images/IMG-0387-1.jpg,2026-04-16,17.256241,83.450493,Progress,SYNTHETIC_METADATA
IMG-0387-2,MPLADS-SYN-0387,images/IMG-0387-2.jpg,2026-03-27,17.256524,83.450595,Progress,SYNTHETIC_METADATA
IMG-0388-1,MPLADS-SYN-0388,images/IMG-0388-1.jpg,2026-06-14,20.684703,88.085484,Progress,SYNTHETIC_METADATA
IMG-0388-2,MPLADS-SYN-0388,images/IMG-0388-2.jpg,2026-02-05,20.6854,88.085568,Progress,SYNTHETIC_METADATA
IMG-0389-1,MPLADS-SYN-0389,images/IMG-0389-1.jpg,2026-05-30,14.997552,81.062934,Progress,SYNTHETIC_METADATA
IMG-0389-2,MPLADS-SYN-0389,images/IMG-0389-2.jpg,2026-08-07,14.997236,81.06306,Progress,SYNTHETIC_METADATA
IMG-0390-1,MPLADS-SYN-0390,images/IMG-0390-1.jpg,2026-12-07,28.467788,73.927017,Progress,SYNTHETIC_METADATA
IMG-0390-2,MPLADS-SYN-0390,images/IMG-0390-2.jpg,2026-11-17,28.468234,73.927062,Progress,SYNTHETIC_METADATA
IMG-0391-1,MPLADS-SYN-0391,images/IMG-0391-1.jpg,2026-06-06,13.770945,74.677916,Progress,SYNTHETIC_METADATA
IMG-0391-2,MPLADS-SYN-0391,images/IMG-0391-2.jpg,2026-03-13,13.770468,74.678107,Progress,SYNTHETIC_METADATA
IMG-0392-1,MPLADS-SYN-0392,images/IMG-0392-1.jpg,2026-04-26,17.577817,87.298075,Progress,SYNTHETIC_METADATA
IMG-0392-2,MPLADS-SYN-0392,images/IMG-0392-2.jpg,2026-04-19,17.577816,87.298046,Progress,SYNTHETIC_METADATA
IMG-0393-1,MPLADS-SYN-0393,images/IMG-0393-1.jpg,2026-05-20,13.127866,73.676842,Progress,SYNTHETIC_METADATA
IMG-0393-2,MPLADS-SYN-0393,images/IMG-0393-2.jpg,2026-05-07,13.127316,73.676581,Progress,SYNTHETIC_METADATA
IMG-0394-1,MPLADS-SYN-0394,images/IMG-0394-1.jpg,2026-09-14,8.598091,75.776853,Progress,SYNTHETIC_METADATA
IMG-0394-2,MPLADS-SYN-0394,images/IMG-0394-2.jpg,2026-10-09,8.597553,75.777476,Progress,SYNTHETIC_METADATA
IMG-0395-1,MPLADS-SYN-0395,images/IMG-0395-1.jpg,2026-08-20,9.491672,81.415363,Progress,SYNTHETIC_METADATA
IMG-0395-2,MPLADS-SYN-0395,images/IMG-0395-2.jpg,2026-07-12,9.491375,81.41542,Progress,SYNTHETIC_METADATA
IMG-0396-1,MPLADS-SYN-0396,images/IMG-0396-1.jpg,2026-08-08,20.905436,82.680042,Progress,SYNTHETIC_METADATA
IMG-0396-2,MPLADS-SYN-0396,images/IMG-0396-2.jpg,2026-10-20,20.905085,82.680186,Progress,SYNTHETIC_METADATA
IMG-0397-1,MPLADS-SYN-0397,images/IMG-0397-1.jpg,2026-09-17,18.908635,83.246219,Progress,SYNTHETIC_METADATA
IMG-0397-2,MPLADS-SYN-0397,images/IMG-0397-2.jpg,2026-09-25,18.908845,83.245679,Progress,SYNTHETIC_METADATA
IMG-0398-1,MPLADS-SYN-0398,images/IMG-0398-1.jpg,2026-05-11,23.156951,85.971152,Progress,SYNTHETIC_METADATA
IMG-0398-2,MPLADS-SYN-0398,images/IMG-0398-2.jpg,2026-06-13,23.156417,85.971407,Progress,SYNTHETIC_METADATA
IMG-0399-1,MPLADS-SYN-0399,images/IMG-0399-1.jpg,2026-09-23,13.889449,76.317883,Progress,SYNTHETIC_METADATA
IMG-0399-2,MPLADS-SYN-0399,images/IMG-0399-2.jpg,2026-08-15,13.889613,76.318552,Progress,SYNTHETIC_METADATA
IMG-0400-1,MPLADS-SYN-0400,images/IMG-0400-1.jpg,2026-10-01,27.675703,76.384616,Progress,SYNTHETIC_METADATA
IMG-0400-2,MPLADS-SYN-0400,images/IMG-0400-2.jpg,2026-11-25,27.67611,76.384958,Progress,SYNTHETIC_METADATA
IMG-0401-1,MPLADS-SYN-0401,images/IMG-0401-1.jpg,2026-07-05,18.291347,77.024762,Progress,SYNTHETIC_METADATA
IMG-0401-2,MPLADS-SYN-0401,images/IMG-0401-2.jpg,2026-10-19,18.291173,77.024642,Progress,SYNTHETIC_METADATA
IMG-0402-1,MPLADS-SYN-0402,images/IMG-0402-1.jpg,2026-06-10,15.909452,82.229682,Progress,SYNTHETIC_METADATA
IMG-0402-2,MPLADS-SYN-0402,images/IMG-0402-2.jpg,2026-07-07,15.909634,82.229685,Progress,SYNTHETIC_METADATA
IMG-0403-1,MPLADS-SYN-0403,images/IMG-0403-1.jpg,2026-04-26,20.793212,72.973491,Progress,SYNTHETIC_METADATA
IMG-0403-2,MPLADS-SYN-0403,images/IMG-0403-2.jpg,2026-04-20,20.793453,72.97301,Progress,SYNTHETIC_METADATA
IMG-0404-1,MPLADS-SYN-0404,images/IMG-0404-1.jpg,2026-12-16,24.741621,86.105333,Progress,SYNTHETIC_METADATA
IMG-0404-2,MPLADS-SYN-0404,images/IMG-0404-2.jpg,2026-11-08,24.741269,86.105309,Progress,SYNTHETIC_METADATA
IMG-0405-1,MPLADS-SYN-0405,images/IMG-0405-1.jpg,2026-09-25,19.396824,77.08304,Progress,SYNTHETIC_METADATA
IMG-0405-2,MPLADS-SYN-0405,images/IMG-0405-2.jpg,2026-08-31,19.397074,77.082727,Progress,SYNTHETIC_METADATA
IMG-0406-1,MPLADS-SYN-0406,images/IMG-0406-1.jpg,2026-05-17,21.842501,88.039142,Progress,SYNTHETIC_METADATA
IMG-0406-2,MPLADS-SYN-0406,images/IMG-0406-2.jpg,2026-05-31,21.842168,88.039721,Progress,SYNTHETIC_METADATA
IMG-0407-1,MPLADS-SYN-0407,images/IMG-0407-1.jpg,2026-04-12,8.467877,74.461602,Progress,SYNTHETIC_METADATA
IMG-0407-2,MPLADS-SYN-0407,images/IMG-0407-2.jpg,2026-04-21,8.468464,74.46167,Progress,SYNTHETIC_METADATA
IMG-0408-1,MPLADS-SYN-0408,images/IMG-0408-1.jpg,2026-05-16,23.292945,73.472083,Progress,SYNTHETIC_METADATA
IMG-0408-2,MPLADS-SYN-0408,images/IMG-0408-2.jpg,2026-04-16,23.293709,73.472008,Progress,SYNTHETIC_METADATA
IMG-0409-1,MPLADS-SYN-0409,images/IMG-0409-1.jpg,2026-08-21,25.626528,81.511042,Progress,SYNTHETIC_METADATA
IMG-0409-2,MPLADS-SYN-0409,images/IMG-0409-2.jpg,2026-09-02,25.626574,81.511012,Progress,SYNTHETIC_METADATA
IMG-0410-1,MPLADS-SYN-0410,images/IMG-0410-1.jpg,2026-08-20,8.554506,87.534681,Progress,SYNTHETIC_METADATA
IMG-0410-2,MPLADS-SYN-0410,images/IMG-0410-2.jpg,2026-07-07,8.553896,87.534518,Progress,SYNTHETIC_METADATA
IMG-0411-1,MPLADS-SYN-0411,images/IMG-0411-1.jpg,2026-12-22,20.769243,78.119668,Progress,SYNTHETIC_METADATA
IMG-0411-2,MPLADS-SYN-0411,images/IMG-0411-2.jpg,2027-01-05,20.769094,78.119249,Progress,SYNTHETIC_METADATA
IMG-0412-1,MPLADS-SYN-0412,images/IMG-0412-1.jpg,2026-07-04,9.731276,80.388167,Progress,SYNTHETIC_METADATA
IMG-0412-2,MPLADS-SYN-0412,images/IMG-0412-2.jpg,2026-06-12,9.730843,80.38792,Progress,SYNTHETIC_METADATA
IMG-0413-1,MPLADS-SYN-0413,images/IMG-0413-1.jpg,2026-03-01,25.879573,75.305558,Progress,SYNTHETIC_METADATA
IMG-0413-2,MPLADS-SYN-0413,images/IMG-0413-2.jpg,2026-01-26,25.879741,75.305584,Progress,SYNTHETIC_METADATA
IMG-0414-1,MPLADS-SYN-0414,images/IMG-0414-1.jpg,2026-08-16,27.299835,73.121051,Progress,SYNTHETIC_METADATA
IMG-0414-2,MPLADS-SYN-0414,images/IMG-0414-2.jpg,2026-07-21,27.300455,73.121402,Progress,SYNTHETIC_METADATA
IMG-0415-1,MPLADS-SYN-0415,images/IMG-0415-1.jpg,2026-08-09,17.941747,87.717174,Progress,SYNTHETIC_METADATA
IMG-0415-2,MPLADS-SYN-0415,images/IMG-0415-2.jpg,2026-08-22,17.941181,87.717446,Progress,SYNTHETIC_METADATA
IMG-0416-1,MPLADS-SYN-0416,images/IMG-0416-1.jpg,2026-09-21,27.731617,84.06038,Progress,SYNTHETIC_METADATA
IMG-0416-2,MPLADS-SYN-0416,images/IMG-0416-2.jpg,2026-09-04,27.731986,84.060666,Progress,SYNTHETIC_METADATA
IMG-0417-1,MPLADS-SYN-0417,images/IMG-0417-1.jpg,2026-06-19,24.751814,76.462008,Progress,SYNTHETIC_METADATA
IMG-0417-2,MPLADS-SYN-0417,images/IMG-0417-2.jpg,2026-03-30,24.751402,76.46204,Progress,SYNTHETIC_METADATA
IMG-0418-1,MPLADS-SYN-0418,images/IMG-0418-1.jpg,2027-01-12,16.161868,76.832026,Progress,SYNTHETIC_METADATA
IMG-0418-2,MPLADS-SYN-0418,images/IMG-0418-2.jpg,2027-01-19,16.162703,76.832302,Progress,SYNTHETIC_METADATA
IMG-0419-1,MPLADS-SYN-0419,images/IMG-0419-1.jpg,2026-05-24,28.19273,78.520519,Progress,SYNTHETIC_METADATA
IMG-0419-2,MPLADS-SYN-0419,images/IMG-0419-2.jpg,2026-04-27,28.192597,78.521092,Progress,SYNTHETIC_METADATA
IMG-0420-1,MPLADS-SYN-0420,images/IMG-0420-1.jpg,2026-08-07,15.386425,87.77636,Progress,SYNTHETIC_METADATA
IMG-0420-2,MPLADS-SYN-0420,images/IMG-0420-2.jpg,2027-02-20,15.386977,87.776733,Progress,SYNTHETIC_METADATA
IMG-0421-1,MPLADS-SYN-0421,images/IMG-0421-1.jpg,2026-06-05,19.037128,85.278215,Progress,SYNTHETIC_METADATA
IMG-0421-2,MPLADS-SYN-0421,images/IMG-0421-2.jpg,2026-06-14,19.037199,85.278873,Progress,SYNTHETIC_METADATA
IMG-0422-1,MPLADS-SYN-0422,images/IMG-0422-1.jpg,2026-07-17,16.421507,83.704815,Progress,SYNTHETIC_METADATA
IMG-0422-2,MPLADS-SYN-0422,images/IMG-0422-2.jpg,2026-10-02,16.421111,83.704248,Progress,SYNTHETIC_METADATA
IMG-0423-1,MPLADS-SYN-0423,images/IMG-0423-1.jpg,2026-08-15,24.015501,85.287128,Progress,SYNTHETIC_METADATA
IMG-0423-2,MPLADS-SYN-0423,images/IMG-0423-2.jpg,2026-09-24,24.015748,85.287247,Progress,SYNTHETIC_METADATA
IMG-0424-1,MPLADS-SYN-0424,images/IMG-0424-1.jpg,2026-03-09,11.625935,83.70132,Progress,SYNTHETIC_METADATA
IMG-0424-2,MPLADS-SYN-0424,images/IMG-0424-2.jpg,2026-03-18,11.626282,83.701179,Progress,SYNTHETIC_METADATA
IMG-0425-1,MPLADS-SYN-0425,images/IMG-0425-1.jpg,2026-04-10,23.076263,86.594586,Progress,SYNTHETIC_METADATA
IMG-0425-2,MPLADS-SYN-0425,images/IMG-0425-2.jpg,2026-02-02,23.075634,86.59466,Progress,SYNTHETIC_METADATA
IMG-0426-1,MPLADS-SYN-0426,images/IMG-0426-1.jpg,2026-05-01,23.665348,76.007516,Progress,SYNTHETIC_METADATA
IMG-0426-2,MPLADS-SYN-0426,images/IMG-0426-2.jpg,2026-04-21,23.665605,76.007299,Progress,SYNTHETIC_METADATA
IMG-0427-1,MPLADS-SYN-0427,images/IMG-0427-1.jpg,2026-12-17,26.553021,85.902255,Progress,SYNTHETIC_METADATA
IMG-0427-2,MPLADS-SYN-0427,images/IMG-0427-2.jpg,2026-10-27,26.552935,85.902478,Progress,SYNTHETIC_METADATA
IMG-0428-1,MPLADS-SYN-0428,images/IMG-0428-1.jpg,2026-01-29,22.413302,85.818979,Progress,SYNTHETIC_METADATA
IMG-0428-2,MPLADS-SYN-0428,images/IMG-0428-2.jpg,2026-03-12,22.412758,85.818543,Progress,SYNTHETIC_METADATA
IMG-0429-1,MPLADS-SYN-0429,images/IMG-0429-1.jpg,2026-01-18,15.911856,79.160769,Progress,SYNTHETIC_METADATA
IMG-0429-2,MPLADS-SYN-0429,images/IMG-0429-2.jpg,2026-03-10,15.911542,79.160797,Progress,SYNTHETIC_METADATA
IMG-0430-1,MPLADS-SYN-0430,images/IMG-0430-1.jpg,2026-07-27,12.07088,84.755564,Progress,SYNTHETIC_METADATA
IMG-0430-2,MPLADS-SYN-0430,images/IMG-0430-2.jpg,2026-08-25,12.070435,84.755663,Progress,SYNTHETIC_METADATA
IMG-0431-1,MPLADS-SYN-0431,images/IMG-0431-1.jpg,2026-04-23,16.813181,81.045803,Progress,SYNTHETIC_METADATA
IMG-0431-2,MPLADS-SYN-0431,images/IMG-0431-2.jpg,2026-04-21,16.812832,81.045452,Progress,SYNTHETIC_METADATA
IMG-0432-1,MPLADS-SYN-0432,images/IMG-0432-1.jpg,2026-03-17,26.063777,84.606181,Progress,SYNTHETIC_METADATA
IMG-0432-2,MPLADS-SYN-0432,images/IMG-0432-2.jpg,2026-05-17,26.063825,84.6056,Progress,SYNTHETIC_METADATA
IMG-0433-1,MPLADS-SYN-0433,images/IMG-0433-1.jpg,2026-04-08,20.046078,79.413004,Progress,SYNTHETIC_METADATA
IMG-0433-2,MPLADS-SYN-0433,images/IMG-0433-2.jpg,2026-06-22,20.046425,79.413556,Progress,SYNTHETIC_METADATA
IMG-0434-1,MPLADS-SYN-0434,images/IMG-0434-1.jpg,2027-01-24,20.526242,86.642948,Progress,SYNTHETIC_METADATA
IMG-0434-2,MPLADS-SYN-0434,images/IMG-0434-2.jpg,2026-09-05,20.52566,86.642371,Progress,SYNTHETIC_METADATA
IMG-0435-1,MPLADS-SYN-0435,images/IMG-0435-1.jpg,2026-05-06,16.761743,84.334363,Progress,SYNTHETIC_METADATA
IMG-0435-2,MPLADS-SYN-0435,images/IMG-0435-2.jpg,2026-05-13,16.761488,84.334627,Progress,SYNTHETIC_METADATA
IMG-0436-1,MPLADS-SYN-0436,images/IMG-0436-1.jpg,2026-11-07,23.01996,87.829409,Progress,SYNTHETIC_METADATA
IMG-0436-2,MPLADS-SYN-0436,images/IMG-0436-2.jpg,2026-11-09,23.020335,87.829292,Progress,SYNTHETIC_METADATA
IMG-0437-1,MPLADS-SYN-0437,images/IMG-0437-1.jpg,2026-05-19,19.216925,87.966646,Progress,SYNTHETIC_METADATA
IMG-0437-2,MPLADS-SYN-0437,images/IMG-0437-2.jpg,2026-08-10,19.217233,87.96643,Progress,SYNTHETIC_METADATA
IMG-0438-1,MPLADS-SYN-0438,images/IMG-0438-1.jpg,2026-02-25,17.485527,80.374419,Progress,SYNTHETIC_METADATA
IMG-0438-2,MPLADS-SYN-0438,images/IMG-0438-2.jpg,2026-02-25,17.485511,80.373603,Progress,SYNTHETIC_METADATA
IMG-0439-1,MPLADS-SYN-0439,images/IMG-0439-1.jpg,2027-01-07,14.549621,77.564604,Progress,SYNTHETIC_METADATA
IMG-0439-2,MPLADS-SYN-0439,images/IMG-0439-2.jpg,2027-02-01,14.549417,77.56499,Progress,SYNTHETIC_METADATA
IMG-0440-1,MPLADS-SYN-0440,images/IMG-0440-1.jpg,2026-06-03,20.53684,88.043062,Progress,SYNTHETIC_METADATA
IMG-0440-2,MPLADS-SYN-0440,images/IMG-0440-2.jpg,2026-05-06,20.537259,88.042559,Progress,SYNTHETIC_METADATA
IMG-0441-1,MPLADS-SYN-0441,images/IMG-0441-1.jpg,2026-05-01,19.690342,76.767666,Progress,SYNTHETIC_METADATA
IMG-0441-2,MPLADS-SYN-0441,images/IMG-0441-2.jpg,2026-04-22,19.690819,76.768178,Progress,SYNTHETIC_METADATA
IMG-0442-1,MPLADS-SYN-0442,images/IMG-0442-1.jpg,2026-03-03,8.655398,72.657682,Progress,SYNTHETIC_METADATA
IMG-0442-2,MPLADS-SYN-0442,images/IMG-0442-2.jpg,2026-03-11,8.654774,72.657634,Progress,SYNTHETIC_METADATA
IMG-0443-1,MPLADS-SYN-0443,images/IMG-0443-1.jpg,2026-08-30,12.734718,85.911936,Progress,SYNTHETIC_METADATA
IMG-0443-2,MPLADS-SYN-0443,images/IMG-0443-2.jpg,2026-09-25,12.733882,85.911899,Progress,SYNTHETIC_METADATA
IMG-0444-1,MPLADS-SYN-0444,images/IMG-0444-1.jpg,2026-04-04,8.087665,78.039776,Progress,SYNTHETIC_METADATA
IMG-0444-2,MPLADS-SYN-0444,images/IMG-0444-2.jpg,2026-04-09,8.08796,78.03947,Progress,SYNTHETIC_METADATA
IMG-0445-1,MPLADS-SYN-0445,images/IMG-0445-1.jpg,2026-09-29,19.299724,82.147704,Progress,SYNTHETIC_METADATA
IMG-0445-2,MPLADS-SYN-0445,images/IMG-0445-2.jpg,2026-08-15,19.299731,82.14867,Progress,SYNTHETIC_METADATA
IMG-0446-1,MPLADS-SYN-0446,images/IMG-0446-1.jpg,2026-11-22,22.256676,73.703469,Progress,SYNTHETIC_METADATA
IMG-0446-2,MPLADS-SYN-0446,images/IMG-0446-2.jpg,2027-01-07,22.256502,73.703652,Progress,SYNTHETIC_METADATA
IMG-0447-1,MPLADS-SYN-0447,images/IMG-0447-1.jpg,2026-05-28,20.466897,86.199828,Progress,SYNTHETIC_METADATA
IMG-0447-2,MPLADS-SYN-0447,images/IMG-0447-2.jpg,2026-06-03,20.466389,86.200163,Progress,SYNTHETIC_METADATA
IMG-0448-1,MPLADS-SYN-0448,images/IMG-0448-1.jpg,2026-06-11,15.422206,72.997755,Progress,SYNTHETIC_METADATA
IMG-0448-2,MPLADS-SYN-0448,images/IMG-0448-2.jpg,2026-05-24,15.422482,72.99739,Progress,SYNTHETIC_METADATA
IMG-0449-1,MPLADS-SYN-0449,images/IMG-0449-1.jpg,2026-02-01,20.662709,84.208656,Progress,SYNTHETIC_METADATA
IMG-0449-2,MPLADS-SYN-0449,images/IMG-0449-2.jpg,2026-04-29,20.663199,84.208715,Progress,SYNTHETIC_METADATA
IMG-0450-1,MPLADS-SYN-0450,images/IMG-0450-1.jpg,2027-01-19,24.348139,76.426431,Progress,SYNTHETIC_METADATA
IMG-0450-2,MPLADS-SYN-0450,images/IMG-0450-2.jpg,2026-11-23,24.348572,76.426041,Progress,SYNTHETIC_METADATA
IMG-0451-1,MPLADS-SYN-0451,images/IMG-0451-1.jpg,2026-08-07,22.707196,88.289966,Progress,SYNTHETIC_METADATA
IMG-0451-2,MPLADS-SYN-0451,images/IMG-0451-2.jpg,2026-08-02,22.706978,88.290058,Progress,SYNTHETIC_METADATA
IMG-0452-1,MPLADS-SYN-0452,images/IMG-0452-1.jpg,2026-10-20,11.206988,77.98549,Progress,SYNTHETIC_METADATA
IMG-0452-2,MPLADS-SYN-0452,images/IMG-0452-2.jpg,2026-08-21,11.207002,77.985473,Progress,SYNTHETIC_METADATA
IMG-0453-1,MPLADS-SYN-0453,images/IMG-0453-1.jpg,2026-08-07,28.173334,72.599926,Progress,SYNTHETIC_METADATA
IMG-0453-2,MPLADS-SYN-0453,images/IMG-0453-2.jpg,2026-09-14,28.173563,72.599702,Progress,SYNTHETIC_METADATA
IMG-0454-1,MPLADS-SYN-0454,images/IMG-0454-1.jpg,2026-12-13,15.65724,82.154016,Progress,SYNTHETIC_METADATA
IMG-0454-2,MPLADS-SYN-0454,images/IMG-0454-2.jpg,2027-01-03,15.657819,82.153155,Progress,SYNTHETIC_METADATA
IMG-0455-1,MPLADS-SYN-0455,images/IMG-0455-1.jpg,2026-07-04,25.00988,75.298347,Progress,SYNTHETIC_METADATA
IMG-0455-2,MPLADS-SYN-0455,images/IMG-0455-2.jpg,2026-05-10,25.009811,75.298114,Progress,SYNTHETIC_METADATA
IMG-0456-1,MPLADS-SYN-0456,images/IMG-0456-1.jpg,2026-02-11,13.986789,88.452554,Progress,SYNTHETIC_METADATA
IMG-0456-2,MPLADS-SYN-0456,images/IMG-0456-2.jpg,2026-03-31,13.986533,88.45311,Progress,SYNTHETIC_METADATA
IMG-0457-1,MPLADS-SYN-0457,images/IMG-0457-1.jpg,2026-08-12,14.64073,72.223283,Progress,SYNTHETIC_METADATA
IMG-0457-2,MPLADS-SYN-0457,images/IMG-0457-2.jpg,2026-08-20,14.641317,72.223477,Progress,SYNTHETIC_METADATA
IMG-0458-1,MPLADS-SYN-0458,images/IMG-0458-1.jpg,2026-10-23,19.675893,83.063896,Progress,SYNTHETIC_METADATA
IMG-0458-2,MPLADS-SYN-0458,images/IMG-0458-2.jpg,2026-07-10,19.675947,83.06324,Progress,SYNTHETIC_METADATA
IMG-0459-1,MPLADS-SYN-0459,images/IMG-0459-1.jpg,2026-09-08,17.304547,72.599551,Progress,SYNTHETIC_METADATA
IMG-0459-2,MPLADS-SYN-0459,images/IMG-0459-2.jpg,2027-01-23,17.305302,72.599676,Progress,SYNTHETIC_METADATA
IMG-0460-1,MPLADS-SYN-0460,images/IMG-0460-1.jpg,2026-03-26,8.482109,77.759778,Progress,SYNTHETIC_METADATA
IMG-0460-2,MPLADS-SYN-0460,images/IMG-0460-2.jpg,2026-04-16,8.482614,77.760305,Progress,SYNTHETIC_METADATA
IMG-0461-1,MPLADS-SYN-0461,images/IMG-0461-1.jpg,2026-09-09,12.566596,75.397077,Progress,SYNTHETIC_METADATA
IMG-0461-2,MPLADS-SYN-0461,images/IMG-0461-2.jpg,2026-10-01,12.565921,75.397635,Progress,SYNTHETIC_METADATA
IMG-0462-1,MPLADS-SYN-0462,images/IMG-0462-1.jpg,2026-08-07,19.67272,81.957573,Progress,SYNTHETIC_METADATA
IMG-0462-2,MPLADS-SYN-0462,images/IMG-0462-2.jpg,2026-06-30,19.672485,81.957864,Progress,SYNTHETIC_METADATA
IMG-0463-1,MPLADS-SYN-0463,images/IMG-0463-1.jpg,2026-09-29,10.360871,79.898812,Progress,SYNTHETIC_METADATA
IMG-0463-2,MPLADS-SYN-0463,images/IMG-0463-2.jpg,2026-09-09,10.360509,79.899487,Progress,SYNTHETIC_METADATA
IMG-0464-1,MPLADS-SYN-0464,images/IMG-0464-1.jpg,2026-06-04,16.06592,77.877693,Progress,SYNTHETIC_METADATA
IMG-0464-2,MPLADS-SYN-0464,images/IMG-0464-2.jpg,2026-07-19,16.066345,77.877627,Progress,SYNTHETIC_METADATA
IMG-0465-1,MPLADS-SYN-0465,images/IMG-0465-1.jpg,2026-10-17,23.20025,83.133955,Progress,SYNTHETIC_METADATA
IMG-0465-2,MPLADS-SYN-0465,images/IMG-0465-2.jpg,2026-11-19,23.199314,83.133881,Progress,SYNTHETIC_METADATA
IMG-0466-1,MPLADS-SYN-0466,images/IMG-0466-1.jpg,2026-08-17,17.193592,77.556588,Progress,SYNTHETIC_METADATA
IMG-0466-2,MPLADS-SYN-0466,images/IMG-0466-2.jpg,2026-06-04,17.193015,77.556915,Progress,SYNTHETIC_METADATA
IMG-0467-1,MPLADS-SYN-0467,images/IMG-0467-1.jpg,2026-08-10,12.444376,83.826292,Progress,SYNTHETIC_METADATA
IMG-0467-2,MPLADS-SYN-0467,images/IMG-0467-2.jpg,2026-06-15,12.444515,83.825741,Progress,SYNTHETIC_METADATA
IMG-0468-1,MPLADS-SYN-0468,images/IMG-0468-1.jpg,2026-12-07,11.041394,80.345065,Progress,SYNTHETIC_METADATA
IMG-0468-2,MPLADS-SYN-0468,images/IMG-0468-2.jpg,2027-02-06,11.040775,80.345711,Progress,SYNTHETIC_METADATA
IMG-0469-1,MPLADS-SYN-0469,images/IMG-0469-1.jpg,2026-02-24,17.936852,83.443957,Progress,SYNTHETIC_METADATA
IMG-0469-2,MPLADS-SYN-0469,images/IMG-0469-2.jpg,2026-03-12,17.936604,83.443844,Progress,SYNTHETIC_METADATA
IMG-0470-1,MPLADS-SYN-0470,images/IMG-0470-1.jpg,2026-05-23,24.737508,75.338567,Progress,SYNTHETIC_METADATA
IMG-0470-2,MPLADS-SYN-0470,images/IMG-0470-2.jpg,2026-05-11,24.737441,75.338594,Progress,SYNTHETIC_METADATA
IMG-0471-1,MPLADS-SYN-0471,images/IMG-0471-1.jpg,2026-10-01,11.280514,77.918102,Progress,SYNTHETIC_METADATA
IMG-0471-2,MPLADS-SYN-0471,images/IMG-0471-2.jpg,2026-11-06,11.280532,77.918884,Progress,SYNTHETIC_METADATA
IMG-0472-1,MPLADS-SYN-0472,images/IMG-0472-1.jpg,2026-08-10,21.710886,77.604512,Progress,SYNTHETIC_METADATA
IMG-0472-2,MPLADS-SYN-0472,images/IMG-0472-2.jpg,2026-06-24,21.711086,77.604138,Progress,SYNTHETIC_METADATA
IMG-0473-1,MPLADS-SYN-0473,images/IMG-0473-1.jpg,2026-08-28,19.948087,80.758943,Progress,SYNTHETIC_METADATA
IMG-0473-2,MPLADS-SYN-0473,images/IMG-0473-2.jpg,2026-08-31,19.948837,80.759141,Progress,SYNTHETIC_METADATA
IMG-0474-1,MPLADS-SYN-0474,images/IMG-0474-1.jpg,2026-05-15,13.184849,75.579312,Progress,SYNTHETIC_METADATA
IMG-0474-2,MPLADS-SYN-0474,images/IMG-0474-2.jpg,2026-02-09,13.185029,75.579507,Progress,SYNTHETIC_METADATA
IMG-0475-1,MPLADS-SYN-0475,images/IMG-0475-1.jpg,2026-05-11,8.95138,85.358863,Progress,SYNTHETIC_METADATA
IMG-0475-2,MPLADS-SYN-0475,images/IMG-0475-2.jpg,2026-05-13,8.951308,85.35823,Progress,SYNTHETIC_METADATA
IMG-0476-1,MPLADS-SYN-0476,images/IMG-0476-1.jpg,2026-08-13,8.016941,73.227329,Progress,SYNTHETIC_METADATA
IMG-0476-2,MPLADS-SYN-0476,images/IMG-0476-2.jpg,2026-11-15,8.017277,73.226979,Progress,SYNTHETIC_METADATA
IMG-0477-1,MPLADS-SYN-0477,images/IMG-0477-1.jpg,2026-12-07,21.544831,74.940581,Progress,SYNTHETIC_METADATA
IMG-0477-2,MPLADS-SYN-0477,images/IMG-0477-2.jpg,2026-04-30,21.545139,74.940346,Progress,SYNTHETIC_METADATA
IMG-0478-1,MPLADS-SYN-0478,images/IMG-0478-1.jpg,2026-09-23,16.124852,72.356086,Progress,SYNTHETIC_METADATA
IMG-0478-2,MPLADS-SYN-0478,images/IMG-0478-2.jpg,2026-05-12,16.125616,72.355963,Progress,SYNTHETIC_METADATA
IMG-0479-1,MPLADS-SYN-0479,images/IMG-0479-1.jpg,2026-02-09,8.801286,78.60346,Progress,SYNTHETIC_METADATA
IMG-0479-2,MPLADS-SYN-0479,images/IMG-0479-2.jpg,2026-03-14,8.800748,78.603969,Progress,SYNTHETIC_METADATA
IMG-0480-1,MPLADS-SYN-0480,images/IMG-0480-1.jpg,2026-03-22,23.57526,78.65479,Progress,SYNTHETIC_METADATA
IMG-0480-2,MPLADS-SYN-0480,images/IMG-0480-2.jpg,2026-03-01,23.57488,78.654172,Progress,SYNTHETIC_METADATA
IMG-0481-1,MPLADS-SYN-0481,images/IMG-0481-1.jpg,2026-04-07,15.030395,78.962186,Progress,SYNTHETIC_METADATA
IMG-0481-2,MPLADS-SYN-0481,images/IMG-0481-2.jpg,2026-04-13,15.030226,78.961724,Progress,SYNTHETIC_METADATA
IMG-0482-1,MPLADS-SYN-0482,images/IMG-0482-1.jpg,2026-07-25,18.026703,73.350342,Progress,SYNTHETIC_METADATA
IMG-0482-2,MPLADS-SYN-0482,images/IMG-0482-2.jpg,2026-05-16,18.026209,73.350457,Progress,SYNTHETIC_METADATA
IMG-0483-1,MPLADS-SYN-0483,images/IMG-0483-1.jpg,2026-06-21,20.606129,79.402129,Progress,SYNTHETIC_METADATA
IMG-0483-2,MPLADS-SYN-0483,images/IMG-0483-2.jpg,2026-04-17,20.605967,79.402071,Progress,SYNTHETIC_METADATA
IMG-0484-1,MPLADS-SYN-0484,images/IMG-0484-1.jpg,2026-07-16,12.912344,82.631176,Progress,SYNTHETIC_METADATA
IMG-0484-2,MPLADS-SYN-0484,images/IMG-0484-2.jpg,2026-07-23,12.912598,82.631297,Progress,SYNTHETIC_METADATA
IMG-0485-1,MPLADS-SYN-0485,images/IMG-0485-1.jpg,2027-01-05,24.586385,81.716364,Progress,SYNTHETIC_METADATA
IMG-0485-2,MPLADS-SYN-0485,images/IMG-0485-2.jpg,2026-11-17,24.585643,81.716235,Progress,SYNTHETIC_METADATA
IMG-0486-1,MPLADS-SYN-0486,images/IMG-0486-1.jpg,2026-09-05,23.91795,76.908997,Progress,SYNTHETIC_METADATA
IMG-0486-2,MPLADS-SYN-0486,images/IMG-0486-2.jpg,2026-06-06,23.917618,76.909463,Progress,SYNTHETIC_METADATA
IMG-0487-1,MPLADS-SYN-0487,images/IMG-0487-1.jpg,2026-09-06,24.193073,85.11383,Progress,SYNTHETIC_METADATA
IMG-0487-2,MPLADS-SYN-0487,images/IMG-0487-2.jpg,2026-08-04,24.192753,85.114644,Progress,SYNTHETIC_METADATA
IMG-0488-1,MPLADS-SYN-0488,images/IMG-0488-1.jpg,2026-06-20,14.418234,80.325967,Progress,SYNTHETIC_METADATA
IMG-0488-2,MPLADS-SYN-0488,images/IMG-0488-2.jpg,2026-09-01,14.418486,80.326075,Progress,SYNTHETIC_METADATA
IMG-0489-1,MPLADS-SYN-0489,images/IMG-0489-1.jpg,2026-04-23,12.234924,73.149446,Progress,SYNTHETIC_METADATA
IMG-0489-2,MPLADS-SYN-0489,images/IMG-0489-2.jpg,2026-06-08,12.234808,73.149586,Progress,SYNTHETIC_METADATA
IMG-0490-1,MPLADS-SYN-0490,images/IMG-0490-1.jpg,2026-08-17,13.949094,78.482465,Progress,SYNTHETIC_METADATA
IMG-0490-2,MPLADS-SYN-0490,images/IMG-0490-2.jpg,2026-07-15,13.94847,78.483014,Progress,SYNTHETIC_METADATA
IMG-0491-1,MPLADS-SYN-0491,images/IMG-0491-1.jpg,2026-04-27,19.210817,74.233779,Progress,SYNTHETIC_METADATA
IMG-0491-2,MPLADS-SYN-0491,images/IMG-0491-2.jpg,2026-02-09,19.21076,74.23326,Progress,SYNTHETIC_METADATA
IMG-0492-1,MPLADS-SYN-0492,images/IMG-0492-1.jpg,2026-10-23,22.491845,85.713969,Progress,SYNTHETIC_METADATA
IMG-0492-2,MPLADS-SYN-0492,images/IMG-0492-2.jpg,2026-11-10,22.491415,85.713844,Progress,SYNTHETIC_METADATA
IMG-0493-1,MPLADS-SYN-0493,images/IMG-0493-1.jpg,2026-08-11,20.40353,82.274313,Progress,SYNTHETIC_METADATA
IMG-0493-2,MPLADS-SYN-0493,images/IMG-0493-2.jpg,2026-05-28,20.402885,82.274621,Progress,SYNTHETIC_METADATA
IMG-0494-1,MPLADS-SYN-0494,images/IMG-0494-1.jpg,2026-07-17,13.550145,88.464399,Progress,SYNTHETIC_METADATA
IMG-0494-2,MPLADS-SYN-0494,images/IMG-0494-2.jpg,2026-10-30,13.549527,88.464124,Progress,SYNTHETIC_METADATA
IMG-0495-1,MPLADS-SYN-0495,images/IMG-0495-1.jpg,2026-10-21,22.09443,75.548912,Progress,SYNTHETIC_METADATA
IMG-0495-2,MPLADS-SYN-0495,images/IMG-0495-2.jpg,2026-09-23,22.09436,75.549186,Progress,SYNTHETIC_METADATA
IMG-0496-1,MPLADS-SYN-0496,images/IMG-0496-1.jpg,2026-03-05,11.518881,73.542703,Progress,SYNTHETIC_METADATA
IMG-0496-2,MPLADS-SYN-0496,images/IMG-0496-2.jpg,2026-02-23,11.519461,73.543409,Progress,SYNTHETIC_METADATA
IMG-0497-1,MPLADS-SYN-0497,images/IMG-0497-1.jpg,2026-07-25,12.400584,81.697112,Progress,SYNTHETIC_METADATA
IMG-0497-2,MPLADS-SYN-0497,images/IMG-0497-2.jpg,2026-10-04,12.400673,81.697307,Progress,SYNTHETIC_METADATA
IMG-0498-1,MPLADS-SYN-0498,images/IMG-0498-1.jpg,2026-06-23,9.863627,85.289829,Progress,SYNTHETIC_METADATA
IMG-0498-2,MPLADS-SYN-0498,images/IMG-0498-2.jpg,2026-03-23,9.863421,85.289284,Progress,SYNTHETIC_METADATA
IMG-0499-1,MPLADS-SYN-0499,images/IMG-0499-1.jpg,2026-10-27,10.620728,75.256293,Progress,SYNTHETIC_METADATA
IMG-0499-2,MPLADS-SYN-0499,images/IMG-0499-2.jpg,2026-07-13,10.620581,75.256486,Progress,SYNTHETIC_METADATA
IMG-0500-1,MPLADS-SYN-0500,images/IMG-0500-1.jpg,2026-10-09,28.378111,79.4822,Progress,SYNTHETIC_METADATA
IMG-0500-2,MPLADS-SYN-0500,images/IMG-0500-2.jpg,2026-08-05,28.378754,79.482078,Progress,SYNTHETIC_METADATA
IMG-0501-1,MPLADS-SYN-0501,images/IMG-0501-1.jpg,2026-03-31,27.934912,80.4984,Progress,SYNTHETIC_METADATA
IMG-0501-2,MPLADS-SYN-0501,images/IMG-0501-2.jpg,2026-06-09,27.934787,80.498407,Progress,SYNTHETIC_METADATA
IMG-0502-1,MPLADS-SYN-0502,images/IMG-0502-1.jpg,2026-01-28,13.473482,82.625212,Progress,SYNTHETIC_METADATA
IMG-0502-2,MPLADS-SYN-0502,images/IMG-0502-2.jpg,2026-01-25,13.473617,82.625818,Progress,SYNTHETIC_METADATA
IMG-0503-1,MPLADS-SYN-0503,images/IMG-0503-1.jpg,2026-07-12,20.333263,75.614308,Progress,SYNTHETIC_METADATA
IMG-0503-2,MPLADS-SYN-0503,images/IMG-0503-2.jpg,2026-08-14,20.333323,75.614056,Progress,SYNTHETIC_METADATA
IMG-0504-1,MPLADS-SYN-0504,images/IMG-0504-1.jpg,2026-06-18,27.898549,77.040283,Progress,SYNTHETIC_METADATA
IMG-0504-2,MPLADS-SYN-0504,images/IMG-0504-2.jpg,2026-07-02,27.898117,77.040602,Progress,SYNTHETIC_METADATA
IMG-0505-1,MPLADS-SYN-0505,images/IMG-0505-1.jpg,2026-07-30,27.605676,82.252932,Progress,SYNTHETIC_METADATA
IMG-0505-2,MPLADS-SYN-0505,images/IMG-0505-2.jpg,2026-08-15,27.606362,82.252927,Progress,SYNTHETIC_METADATA
IMG-0506-1,MPLADS-SYN-0506,images/IMG-0506-1.jpg,2026-04-20,21.06258,85.917451,Progress,SYNTHETIC_METADATA
IMG-0506-2,MPLADS-SYN-0506,images/IMG-0506-2.jpg,2026-04-06,21.0626,85.917857,Progress,SYNTHETIC_METADATA
IMG-0507-1,MPLADS-SYN-0507,images/IMG-0507-1.jpg,2026-03-06,24.710745,78.122601,Progress,SYNTHETIC_METADATA
IMG-0507-2,MPLADS-SYN-0507,images/IMG-0507-2.jpg,2026-04-25,24.711263,78.123066,Progress,SYNTHETIC_METADATA
IMG-0508-1,MPLADS-SYN-0508,images/IMG-0508-1.jpg,2026-02-02,10.393623,73.764412,Progress,SYNTHETIC_METADATA
IMG-0508-2,MPLADS-SYN-0508,images/IMG-0508-2.jpg,2026-03-12,10.393755,73.76414,Progress,SYNTHETIC_METADATA
IMG-0509-1,MPLADS-SYN-0509,images/IMG-0509-1.jpg,2026-10-16,23.977214,81.879228,Progress,SYNTHETIC_METADATA
IMG-0509-2,MPLADS-SYN-0509,images/IMG-0509-2.jpg,2026-09-19,23.977547,81.878887,Progress,SYNTHETIC_METADATA
IMG-0510-1,MPLADS-SYN-0510,images/IMG-0510-1.jpg,2026-07-25,8.644884,74.799876,Progress,SYNTHETIC_METADATA
IMG-0510-2,MPLADS-SYN-0510,images/IMG-0510-2.jpg,2026-07-18,8.645634,74.800716,Progress,SYNTHETIC_METADATA
IMG-0511-1,MPLADS-SYN-0511,images/IMG-0511-1.jpg,2026-03-25,28.074604,87.757552,Progress,SYNTHETIC_METADATA
IMG-0511-2,MPLADS-SYN-0511,images/IMG-0511-2.jpg,2026-03-06,28.074328,87.757099,Progress,SYNTHETIC_METADATA
IMG-0512-1,MPLADS-SYN-0512,images/IMG-0512-1.jpg,2026-07-21,26.697583,78.939738,Progress,SYNTHETIC_METADATA
IMG-0512-2,MPLADS-SYN-0512,images/IMG-0512-2.jpg,2026-08-28,26.697267,78.940254,Progress,SYNTHETIC_METADATA
IMG-0513-1,MPLADS-SYN-0513,images/IMG-0513-1.jpg,2026-09-07,25.272602,78.101466,Progress,SYNTHETIC_METADATA
IMG-0513-2,MPLADS-SYN-0513,images/IMG-0513-2.jpg,2026-08-02,25.272808,78.101717,Progress,SYNTHETIC_METADATA
IMG-0514-1,MPLADS-SYN-0514,images/IMG-0514-1.jpg,2026-04-13,16.085985,80.713743,Progress,SYNTHETIC_METADATA
IMG-0514-2,MPLADS-SYN-0514,images/IMG-0514-2.jpg,2026-05-08,16.085734,80.713468,Progress,SYNTHETIC_METADATA
IMG-0515-1,MPLADS-SYN-0515,images/IMG-0515-1.jpg,2026-08-21,20.451777,78.706037,Progress,SYNTHETIC_METADATA
IMG-0515-2,MPLADS-SYN-0515,images/IMG-0515-2.jpg,2026-11-23,20.451249,78.705967,Progress,SYNTHETIC_METADATA
IMG-0516-1,MPLADS-SYN-0516,images/IMG-0516-1.jpg,2026-09-22,18.253854,86.549913,Progress,SYNTHETIC_METADATA
IMG-0516-2,MPLADS-SYN-0516,images/IMG-0516-2.jpg,2026-09-22,18.253535,86.549956,Progress,SYNTHETIC_METADATA
IMG-0517-1,MPLADS-SYN-0517,images/IMG-0517-1.jpg,2026-06-04,19.34547,72.534348,Progress,SYNTHETIC_METADATA
IMG-0517-2,MPLADS-SYN-0517,images/IMG-0517-2.jpg,2026-06-03,19.34586,72.534686,Progress,SYNTHETIC_METADATA
IMG-0518-1,MPLADS-SYN-0518,images/IMG-0518-1.jpg,2026-09-21,8.221377,72.542935,Progress,SYNTHETIC_METADATA
IMG-0518-2,MPLADS-SYN-0518,images/IMG-0518-2.jpg,2026-10-12,8.220605,72.542923,Progress,SYNTHETIC_METADATA
IMG-0519-1,MPLADS-SYN-0519,images/IMG-0519-1.jpg,2026-08-13,11.281258,81.447762,Progress,SYNTHETIC_METADATA
IMG-0519-2,MPLADS-SYN-0519,images/IMG-0519-2.jpg,2026-11-14,11.281593,81.448113,Progress,SYNTHETIC_METADATA
IMG-0520-1,MPLADS-SYN-0520,images/IMG-0520-1.jpg,2026-04-03,11.40086,84.732397,Progress,SYNTHETIC_METADATA
IMG-0520-2,MPLADS-SYN-0520,images/IMG-0520-2.jpg,2026-03-02,11.400757,84.732084,Progress,SYNTHETIC_METADATA
IMG-0521-1,MPLADS-SYN-0521,images/IMG-0521-1.jpg,2026-04-29,13.048583,87.166218,Progress,SYNTHETIC_METADATA
IMG-0521-2,MPLADS-SYN-0521,images/IMG-0521-2.jpg,2026-06-04,13.048638,87.165732,Progress,SYNTHETIC_METADATA
IMG-0522-1,MPLADS-SYN-0522,images/IMG-0522-1.jpg,2026-02-07,25.772968,82.575524,Progress,SYNTHETIC_METADATA
IMG-0522-2,MPLADS-SYN-0522,images/IMG-0522-2.jpg,2026-03-15,25.772387,82.575443,Progress,SYNTHETIC_METADATA
IMG-0523-1,MPLADS-SYN-0523,images/IMG-0523-1.jpg,2026-08-01,11.916524,83.634624,Progress,SYNTHETIC_METADATA
IMG-0523-2,MPLADS-SYN-0523,images/IMG-0523-2.jpg,2026-07-16,11.916668,83.634611,Progress,SYNTHETIC_METADATA
IMG-0524-1,MPLADS-SYN-0524,images/IMG-0524-1.jpg,2026-07-18,21.846263,83.556464,Progress,SYNTHETIC_METADATA
IMG-0524-2,MPLADS-SYN-0524,images/IMG-0524-2.jpg,2026-06-28,21.846036,83.556964,Progress,SYNTHETIC_METADATA
IMG-0525-1,MPLADS-SYN-0525,images/IMG-0525-1.jpg,2026-10-12,25.005286,80.9349,Progress,SYNTHETIC_METADATA
IMG-0525-2,MPLADS-SYN-0525,images/IMG-0525-2.jpg,2026-09-15,25.005565,80.934569,Progress,SYNTHETIC_METADATA
IMG-0526-1,MPLADS-SYN-0526,images/IMG-0526-1.jpg,2026-03-13,9.787131,81.400834,Progress,SYNTHETIC_METADATA
IMG-0526-2,MPLADS-SYN-0526,images/IMG-0526-2.jpg,2026-04-22,9.787504,81.400205,Progress,SYNTHETIC_METADATA
IMG-0527-1,MPLADS-SYN-0527,images/IMG-0527-1.jpg,2026-06-02,16.606987,72.3514,Progress,SYNTHETIC_METADATA
IMG-0527-2,MPLADS-SYN-0527,images/IMG-0527-2.jpg,2026-05-02,16.607663,72.350532,Progress,SYNTHETIC_METADATA
IMG-0528-1,MPLADS-SYN-0528,images/IMG-0528-1.jpg,2026-06-12,13.658047,85.482651,Progress,SYNTHETIC_METADATA
IMG-0528-2,MPLADS-SYN-0528,images/IMG-0528-2.jpg,2026-05-02,13.658945,85.482937,Progress,SYNTHETIC_METADATA
IMG-0529-1,MPLADS-SYN-0529,images/IMG-0529-1.jpg,2026-07-28,13.883811,75.616695,Progress,SYNTHETIC_METADATA
IMG-0529-2,MPLADS-SYN-0529,images/IMG-0529-2.jpg,2026-08-31,13.884344,75.616242,Progress,SYNTHETIC_METADATA
IMG-0530-1,MPLADS-SYN-0530,images/IMG-0530-1.jpg,2026-09-01,27.344329,74.877637,Progress,SYNTHETIC_METADATA
IMG-0530-2,MPLADS-SYN-0530,images/IMG-0530-2.jpg,2026-07-31,27.344112,74.877176,Progress,SYNTHETIC_METADATA
IMG-0531-1,MPLADS-SYN-0531,images/IMG-0531-1.jpg,2026-05-23,9.786034,78.151038,Progress,SYNTHETIC_METADATA
IMG-0531-2,MPLADS-SYN-0531,images/IMG-0531-2.jpg,2026-02-27,9.785959,78.150193,Progress,SYNTHETIC_METADATA
IMG-0532-1,MPLADS-SYN-0532,images/IMG-0532-1.jpg,2026-05-05,21.214724,82.987194,Progress,SYNTHETIC_METADATA
IMG-0532-2,MPLADS-SYN-0532,images/IMG-0532-2.jpg,2026-04-16,21.214435,82.987137,Progress,SYNTHETIC_METADATA
IMG-0533-1,MPLADS-SYN-0533,images/IMG-0533-1.jpg,2026-08-31,14.456047,88.405501,Progress,SYNTHETIC_METADATA
IMG-0533-2,MPLADS-SYN-0533,images/IMG-0533-2.jpg,2026-09-14,14.455971,88.405316,Progress,SYNTHETIC_METADATA
IMG-0534-1,MPLADS-SYN-0534,images/IMG-0534-1.jpg,2026-08-11,27.075121,80.093397,Progress,SYNTHETIC_METADATA
IMG-0534-2,MPLADS-SYN-0534,images/IMG-0534-2.jpg,2026-05-12,27.074878,80.093944,Progress,SYNTHETIC_METADATA
IMG-0535-1,MPLADS-SYN-0535,images/IMG-0535-1.jpg,2026-05-07,17.003542,72.033042,Progress,SYNTHETIC_METADATA
IMG-0535-2,MPLADS-SYN-0535,images/IMG-0535-2.jpg,2026-05-25,17.003762,72.032892,Progress,SYNTHETIC_METADATA
IMG-0536-1,MPLADS-SYN-0536,images/IMG-0536-1.jpg,2026-09-10,8.03056,87.501255,Progress,SYNTHETIC_METADATA
IMG-0536-2,MPLADS-SYN-0536,images/IMG-0536-2.jpg,2026-06-12,8.030532,87.501285,Progress,SYNTHETIC_METADATA
IMG-0537-1,MPLADS-SYN-0537,images/IMG-0537-1.jpg,2026-09-15,17.572254,76.547241,Progress,SYNTHETIC_METADATA
IMG-0537-2,MPLADS-SYN-0537,images/IMG-0537-2.jpg,2026-08-18,17.571692,76.547967,Progress,SYNTHETIC_METADATA
IMG-0538-1,MPLADS-SYN-0538,images/IMG-0538-1.jpg,2026-11-01,13.188325,88.472226,Progress,SYNTHETIC_METADATA
IMG-0538-2,MPLADS-SYN-0538,images/IMG-0538-2.jpg,2026-08-30,13.188594,88.472071,Progress,SYNTHETIC_METADATA
IMG-0539-1,MPLADS-SYN-0539,images/IMG-0539-1.jpg,2026-11-21,13.245235,84.439245,Progress,SYNTHETIC_METADATA
IMG-0539-2,MPLADS-SYN-0539,images/IMG-0539-2.jpg,2026-11-11,13.244339,84.43921,Progress,SYNTHETIC_METADATA
IMG-0540-1,MPLADS-SYN-0540,images/IMG-0540-1.jpg,2026-03-14,15.932619,74.735334,Progress,SYNTHETIC_METADATA
IMG-0540-2,MPLADS-SYN-0540,images/IMG-0540-2.jpg,2026-04-25,15.932442,74.735263,Progress,SYNTHETIC_METADATA
IMG-0541-1,MPLADS-SYN-0541,images/IMG-0541-1.jpg,2026-06-22,12.102929,80.710098,Progress,SYNTHETIC_METADATA
IMG-0541-2,MPLADS-SYN-0541,images/IMG-0541-2.jpg,2026-07-07,12.102564,80.710159,Progress,SYNTHETIC_METADATA
IMG-0542-1,MPLADS-SYN-0542,images/IMG-0542-1.jpg,2026-12-09,15.866692,74.63602,Progress,SYNTHETIC_METADATA
IMG-0542-2,MPLADS-SYN-0542,images/IMG-0542-2.jpg,2026-11-27,15.866414,74.636451,Progress,SYNTHETIC_METADATA
IMG-0543-1,MPLADS-SYN-0543,images/IMG-0543-1.jpg,2026-09-06,11.349141,75.721718,Progress,SYNTHETIC_METADATA
IMG-0543-2,MPLADS-SYN-0543,images/IMG-0543-2.jpg,2026-08-07,11.349241,75.721473,Progress,SYNTHETIC_METADATA
IMG-0544-1,MPLADS-SYN-0544,images/IMG-0544-1.jpg,2026-08-10,25.461928,77.123872,Progress,SYNTHETIC_METADATA
IMG-0544-2,MPLADS-SYN-0544,images/IMG-0544-2.jpg,2026-06-11,25.461558,77.123136,Progress,SYNTHETIC_METADATA
IMG-0545-1,MPLADS-SYN-0545,images/IMG-0545-1.jpg,2026-09-05,20.403303,73.210892,Progress,SYNTHETIC_METADATA
IMG-0545-2,MPLADS-SYN-0545,images/IMG-0545-2.jpg,2026-07-09,20.402558,73.210984,Progress,SYNTHETIC_METADATA
IMG-0546-1,MPLADS-SYN-0546,images/IMG-0546-1.jpg,2026-04-08,15.621241,85.542772,Progress,SYNTHETIC_METADATA
IMG-0546-2,MPLADS-SYN-0546,images/IMG-0546-2.jpg,2026-05-30,15.620608,85.543017,Progress,SYNTHETIC_METADATA
IMG-0547-1,MPLADS-SYN-0547,images/IMG-0547-1.jpg,2027-01-23,28.070386,83.807834,Progress,SYNTHETIC_METADATA
IMG-0547-2,MPLADS-SYN-0547,images/IMG-0547-2.jpg,2026-12-03,28.070782,83.808211,Progress,SYNTHETIC_METADATA
IMG-0548-1,MPLADS-SYN-0548,images/IMG-0548-1.jpg,2026-09-24,27.515822,77.995401,Progress,SYNTHETIC_METADATA
IMG-0548-2,MPLADS-SYN-0548,images/IMG-0548-2.jpg,2026-09-22,27.515944,77.995047,Progress,SYNTHETIC_METADATA
IMG-0549-1,MPLADS-SYN-0549,images/IMG-0549-1.jpg,2026-08-10,10.826523,78.342447,Progress,SYNTHETIC_METADATA
IMG-0549-2,MPLADS-SYN-0549,images/IMG-0549-2.jpg,2026-07-30,10.826439,78.341989,Progress,SYNTHETIC_METADATA
IMG-0550-1,MPLADS-SYN-0550,images/IMG-0550-1.jpg,2026-06-06,28.262709,72.96836,Progress,SYNTHETIC_METADATA
IMG-0550-2,MPLADS-SYN-0550,images/IMG-0550-2.jpg,2026-05-13,28.262495,72.968373,Progress,SYNTHETIC_METADATA
IMG-0551-1,MPLADS-SYN-0551,images/IMG-0551-1.jpg,2026-04-23,10.476322,81.041912,Progress,SYNTHETIC_METADATA
IMG-0551-2,MPLADS-SYN-0551,images/IMG-0551-2.jpg,2026-03-09,10.475753,81.04289,Progress,SYNTHETIC_METADATA
IMG-0552-1,MPLADS-SYN-0552,images/IMG-0552-1.jpg,2026-06-11,12.723501,83.976483,Progress,SYNTHETIC_METADATA
IMG-0552-2,MPLADS-SYN-0552,images/IMG-0552-2.jpg,2026-05-28,12.723273,83.976108,Progress,SYNTHETIC_METADATA
IMG-0553-1,MPLADS-SYN-0553,images/IMG-0553-1.jpg,2026-08-31,16.294149,75.544193,Progress,SYNTHETIC_METADATA
IMG-0553-2,MPLADS-SYN-0553,images/IMG-0553-2.jpg,2026-11-23,16.294365,75.544023,Progress,SYNTHETIC_METADATA
IMG-0554-1,MPLADS-SYN-0554,images/IMG-0554-1.jpg,2026-05-17,13.926653,72.658149,Progress,SYNTHETIC_METADATA
IMG-0554-2,MPLADS-SYN-0554,images/IMG-0554-2.jpg,2026-06-30,13.926581,72.658377,Progress,SYNTHETIC_METADATA
IMG-0555-1,MPLADS-SYN-0555,images/IMG-0555-1.jpg,2026-12-03,20.11522,74.464413,Progress,SYNTHETIC_METADATA
IMG-0555-2,MPLADS-SYN-0555,images/IMG-0555-2.jpg,2026-12-08,20.114939,74.463916,Progress,SYNTHETIC_METADATA
IMG-0556-1,MPLADS-SYN-0556,images/IMG-0556-1.jpg,2026-06-27,27.576073,78.630025,Progress,SYNTHETIC_METADATA
IMG-0556-2,MPLADS-SYN-0556,images/IMG-0556-2.jpg,2026-06-12,27.576276,78.630109,Progress,SYNTHETIC_METADATA
IMG-0557-1,MPLADS-SYN-0557,images/IMG-0557-1.jpg,2026-04-15,8.819909,83.659034,Progress,SYNTHETIC_METADATA
IMG-0557-2,MPLADS-SYN-0557,images/IMG-0557-2.jpg,2026-03-17,8.819998,83.658338,Progress,SYNTHETIC_METADATA
IMG-0558-1,MPLADS-SYN-0558,images/IMG-0558-1.jpg,2026-08-23,27.158491,80.805505,Progress,SYNTHETIC_METADATA
IMG-0558-2,MPLADS-SYN-0558,images/IMG-0558-2.jpg,2026-06-24,27.158761,80.805539,Progress,SYNTHETIC_METADATA
IMG-0559-1,MPLADS-SYN-0559,images/IMG-0559-1.jpg,2026-11-16,27.936581,76.787209,Progress,SYNTHETIC_METADATA
IMG-0559-2,MPLADS-SYN-0559,images/IMG-0559-2.jpg,2026-10-09,27.937359,76.787387,Progress,SYNTHETIC_METADATA
IMG-0560-1,MPLADS-SYN-0560,images/IMG-0560-1.jpg,2026-03-23,16.552045,78.33944,Progress,SYNTHETIC_METADATA
IMG-0560-2,MPLADS-SYN-0560,images/IMG-0560-2.jpg,2026-03-19,16.552515,78.339509,Progress,SYNTHETIC_METADATA
IMG-0561-1,MPLADS-SYN-0561,images/IMG-0561-1.jpg,2026-10-09,11.589584,76.235094,Progress,SYNTHETIC_METADATA
IMG-0561-2,MPLADS-SYN-0561,images/IMG-0561-2.jpg,2026-08-04,11.58961,76.235471,Progress,SYNTHETIC_METADATA
IMG-0562-1,MPLADS-SYN-0562,images/IMG-0562-1.jpg,2026-02-20,14.821901,72.799979,Progress,SYNTHETIC_METADATA
IMG-0562-2,MPLADS-SYN-0562,images/IMG-0562-2.jpg,2026-02-08,14.821937,72.800707,Progress,SYNTHETIC_METADATA
IMG-0563-1,MPLADS-SYN-0563,images/IMG-0563-1.jpg,2026-09-01,13.149872,72.31118,Progress,SYNTHETIC_METADATA
IMG-0563-2,MPLADS-SYN-0563,images/IMG-0563-2.jpg,2026-10-06,13.149444,72.310432,Progress,SYNTHETIC_METADATA
IMG-0564-1,MPLADS-SYN-0564,images/IMG-0564-1.jpg,2026-12-14,21.454193,73.100427,Progress,SYNTHETIC_METADATA
IMG-0564-2,MPLADS-SYN-0564,images/IMG-0564-2.jpg,2026-12-29,21.453983,73.100795,Progress,SYNTHETIC_METADATA
IMG-0565-1,MPLADS-SYN-0565,images/IMG-0565-1.jpg,2026-06-24,15.616529,88.198098,Progress,SYNTHETIC_METADATA
IMG-0565-2,MPLADS-SYN-0565,images/IMG-0565-2.jpg,2026-10-05,15.616378,88.198558,Progress,SYNTHETIC_METADATA
IMG-0566-1,MPLADS-SYN-0566,images/IMG-0566-1.jpg,2026-01-25,13.590841,85.191081,Progress,SYNTHETIC_METADATA
IMG-0566-2,MPLADS-SYN-0566,images/IMG-0566-2.jpg,2026-05-31,13.591102,85.190848,Progress,SYNTHETIC_METADATA
IMG-0567-1,MPLADS-SYN-0567,images/IMG-0567-1.jpg,2026-06-27,12.209661,72.377372,Progress,SYNTHETIC_METADATA
IMG-0567-2,MPLADS-SYN-0567,images/IMG-0567-2.jpg,2026-10-22,12.209997,72.376981,Progress,SYNTHETIC_METADATA
IMG-0568-1,MPLADS-SYN-0568,images/IMG-0568-1.jpg,2026-08-21,26.88709,76.00319,Progress,SYNTHETIC_METADATA
IMG-0568-2,MPLADS-SYN-0568,images/IMG-0568-2.jpg,2026-09-23,26.887082,76.003283,Progress,SYNTHETIC_METADATA
IMG-0569-1,MPLADS-SYN-0569,images/IMG-0569-1.jpg,2026-06-15,14.325452,79.975967,Progress,SYNTHETIC_METADATA
IMG-0569-2,MPLADS-SYN-0569,images/IMG-0569-2.jpg,2026-06-10,14.325735,79.975848,Progress,SYNTHETIC_METADATA
IMG-0570-1,MPLADS-SYN-0570,images/IMG-0570-1.jpg,2026-04-10,14.545964,75.607628,Progress,SYNTHETIC_METADATA
IMG-0570-2,MPLADS-SYN-0570,images/IMG-0570-2.jpg,2026-03-01,14.545659,75.607519,Progress,SYNTHETIC_METADATA
IMG-0571-1,MPLADS-SYN-0571,images/IMG-0571-1.jpg,2026-08-19,13.978135,78.341125,Progress,SYNTHETIC_METADATA
IMG-0571-2,MPLADS-SYN-0571,images/IMG-0571-2.jpg,2026-10-19,13.978623,78.340533,Progress,SYNTHETIC_METADATA
IMG-0572-1,MPLADS-SYN-0572,images/IMG-0572-1.jpg,2026-12-13,20.111334,85.485524,Progress,SYNTHETIC_METADATA
IMG-0572-2,MPLADS-SYN-0572,images/IMG-0572-2.jpg,2026-11-24,20.111864,85.485338,Progress,SYNTHETIC_METADATA
IMG-0573-1,MPLADS-SYN-0573,images/IMG-0573-1.jpg,2026-05-24,10.75611,86.009397,Progress,SYNTHETIC_METADATA
IMG-0573-2,MPLADS-SYN-0573,images/IMG-0573-2.jpg,2026-06-10,10.756141,86.008629,Progress,SYNTHETIC_METADATA
IMG-0574-1,MPLADS-SYN-0574,images/IMG-0574-1.jpg,2026-10-05,9.363209,81.645608,Progress,SYNTHETIC_METADATA
IMG-0574-2,MPLADS-SYN-0574,images/IMG-0574-2.jpg,2026-10-03,9.363305,81.645082,Progress,SYNTHETIC_METADATA
IMG-0575-1,MPLADS-SYN-0575,images/IMG-0575-1.jpg,2026-05-25,27.611944,73.090327,Progress,SYNTHETIC_METADATA
IMG-0575-2,MPLADS-SYN-0575,images/IMG-0575-2.jpg,2026-06-03,27.612372,73.09047,Progress,SYNTHETIC_METADATA
IMG-0576-1,MPLADS-SYN-0576,images/IMG-0576-1.jpg,2026-03-21,18.964323,74.818942,Progress,SYNTHETIC_METADATA
IMG-0576-2,MPLADS-SYN-0576,images/IMG-0576-2.jpg,2026-02-17,18.964548,74.818252,Progress,SYNTHETIC_METADATA
IMG-0577-1,MPLADS-SYN-0577,images/IMG-0577-1.jpg,2026-08-26,8.38714,77.386362,Progress,SYNTHETIC_METADATA
IMG-0577-2,MPLADS-SYN-0577,images/IMG-0577-2.jpg,2026-08-14,8.386936,77.385822,Progress,SYNTHETIC_METADATA
IMG-0578-1,MPLADS-SYN-0578,images/IMG-0578-1.jpg,2026-01-10,13.248206,77.061414,Progress,SYNTHETIC_METADATA
IMG-0578-2,MPLADS-SYN-0578,images/IMG-0578-2.jpg,2026-03-06,13.248462,77.061098,Progress,SYNTHETIC_METADATA
IMG-0579-1,MPLADS-SYN-0579,images/IMG-0579-1.jpg,2026-09-23,26.550437,85.545872,Progress,SYNTHETIC_METADATA
IMG-0579-2,MPLADS-SYN-0579,images/IMG-0579-2.jpg,2026-11-30,26.550389,85.545493,Progress,SYNTHETIC_METADATA
IMG-0580-1,MPLADS-SYN-0580,images/IMG-0580-1.jpg,2026-07-25,14.514945,75.849653,Progress,SYNTHETIC_METADATA
IMG-0580-2,MPLADS-SYN-0580,images/IMG-0580-2.jpg,2026-10-19,14.514334,75.850115,Progress,SYNTHETIC_METADATA
IMG-0581-1,MPLADS-SYN-0581,images/IMG-0581-1.jpg,2026-11-28,19.59308,81.739197,Progress,SYNTHETIC_METADATA
IMG-0581-2,MPLADS-SYN-0581,images/IMG-0581-2.jpg,2026-08-01,19.593332,81.738696,Progress,SYNTHETIC_METADATA
IMG-0582-1,MPLADS-SYN-0582,images/IMG-0582-1.jpg,2026-06-08,10.415804,88.156512,Progress,SYNTHETIC_METADATA
IMG-0582-2,MPLADS-SYN-0582,images/IMG-0582-2.jpg,2026-05-09,10.415726,88.156763,Progress,SYNTHETIC_METADATA
IMG-0583-1,MPLADS-SYN-0583,images/IMG-0583-1.jpg,2026-11-14,9.813172,78.765124,Progress,SYNTHETIC_METADATA
IMG-0583-2,MPLADS-SYN-0583,images/IMG-0583-2.jpg,2026-09-20,9.813296,78.764741,Progress,SYNTHETIC_METADATA
IMG-0584-1,MPLADS-SYN-0584,images/IMG-0584-1.jpg,2026-05-28,16.899909,81.908521,Progress,SYNTHETIC_METADATA
IMG-0584-2,MPLADS-SYN-0584,images/IMG-0584-2.jpg,2026-06-04,16.900045,81.90857,Progress,SYNTHETIC_METADATA
IMG-0585-1,MPLADS-SYN-0585,images/IMG-0585-1.jpg,2026-04-03,16.722502,83.47374,Progress,SYNTHETIC_METADATA
IMG-0585-2,MPLADS-SYN-0585,images/IMG-0585-2.jpg,2026-02-17,16.721879,83.473387,Progress,SYNTHETIC_METADATA
IMG-0586-1,MPLADS-SYN-0586,images/IMG-0586-1.jpg,2026-05-01,25.228345,79.579382,Progress,SYNTHETIC_METADATA
IMG-0586-2,MPLADS-SYN-0586,images/IMG-0586-2.jpg,2026-03-08,25.227465,79.579497,Progress,SYNTHETIC_METADATA
IMG-0587-1,MPLADS-SYN-0587,images/IMG-0587-1.jpg,2026-05-24,21.600926,87.936376,Progress,SYNTHETIC_METADATA
IMG-0587-2,MPLADS-SYN-0587,images/IMG-0587-2.jpg,2026-05-16,21.6014,87.935425,Progress,SYNTHETIC_METADATA
IMG-0588-1,MPLADS-SYN-0588,images/IMG-0588-1.jpg,2026-11-21,18.349896,86.627921,Progress,SYNTHETIC_METADATA
IMG-0588-2,MPLADS-SYN-0588,images/IMG-0588-2.jpg,2026-08-29,18.349509,86.627747,Progress,SYNTHETIC_METADATA
IMG-0589-1,MPLADS-SYN-0589,images/IMG-0589-1.jpg,2026-07-24,21.78251,88.306516,Progress,SYNTHETIC_METADATA
IMG-0589-2,MPLADS-SYN-0589,images/IMG-0589-2.jpg,2026-08-29,21.7825,88.306403,Progress,SYNTHETIC_METADATA
IMG-0590-1,MPLADS-SYN-0590,images/IMG-0590-1.jpg,2026-06-17,12.677669,86.683873,Progress,SYNTHETIC_METADATA
IMG-0590-2,MPLADS-SYN-0590,images/IMG-0590-2.jpg,2026-11-20,12.67799,86.683206,Progress,SYNTHETIC_METADATA
IMG-0591-1,MPLADS-SYN-0591,images/IMG-0591-1.jpg,2026-03-12,19.390961,85.197974,Progress,SYNTHETIC_METADATA
IMG-0591-2,MPLADS-SYN-0591,images/IMG-0591-2.jpg,2026-05-31,19.391644,85.197758,Progress,SYNTHETIC_METADATA
IMG-0592-1,MPLADS-SYN-0592,images/IMG-0592-1.jpg,2026-10-09,24.076674,81.773605,Progress,SYNTHETIC_METADATA
IMG-0592-2,MPLADS-SYN-0592,images/IMG-0592-2.jpg,2026-07-12,24.07688,81.774281,Progress,SYNTHETIC_METADATA
IMG-0593-1,MPLADS-SYN-0593,images/IMG-0593-1.jpg,2026-06-15,20.627095,74.652249,Progress,SYNTHETIC_METADATA
IMG-0593-2,MPLADS-SYN-0593,images/IMG-0593-2.jpg,2026-08-09,20.627034,74.652402,Progress,SYNTHETIC_METADATA
IMG-0594-1,MPLADS-SYN-0594,images/IMG-0594-1.jpg,2026-06-12,25.098495,81.291471,Progress,SYNTHETIC_METADATA
IMG-0594-2,MPLADS-SYN-0594,images/IMG-0594-2.jpg,2026-07-03,25.09891,81.290827,Progress,SYNTHETIC_METADATA
IMG-0595-1,MPLADS-SYN-0595,images/IMG-0595-1.jpg,2026-05-11,8.541586,73.435363,Progress,SYNTHETIC_METADATA
IMG-0595-2,MPLADS-SYN-0595,images/IMG-0595-2.jpg,2026-05-19,8.541673,73.435797,Progress,SYNTHETIC_METADATA
IMG-0596-1,MPLADS-SYN-0596,images/IMG-0596-1.jpg,2026-07-26,17.987461,81.960981,Progress,SYNTHETIC_METADATA
IMG-0596-2,MPLADS-SYN-0596,images/IMG-0596-2.jpg,2026-09-15,17.987847,81.961512,Progress,SYNTHETIC_METADATA
IMG-0597-1,MPLADS-SYN-0597,images/IMG-0597-1.jpg,2026-06-13,23.171737,82.146615,Progress,SYNTHETIC_METADATA
IMG-0597-2,MPLADS-SYN-0597,images/IMG-0597-2.jpg,2026-09-05,23.17137,82.146618,Progress,SYNTHETIC_METADATA
IMG-0598-1,MPLADS-SYN-0598,images/IMG-0598-1.jpg,2026-09-09,19.052794,81.664973,Progress,SYNTHETIC_METADATA
IMG-0598-2,MPLADS-SYN-0598,images/IMG-0598-2.jpg,2026-05-19,19.052534,81.665365,Progress,SYNTHETIC_METADATA
IMG-0599-1,MPLADS-SYN-0599,images/IMG-0599-1.jpg,2026-10-18,10.117202,82.875696,Progress,SYNTHETIC_METADATA
IMG-0599-2,MPLADS-SYN-0599,images/IMG-0599-2.jpg,2026-10-27,10.117643,82.875199,Progress,SYNTHETIC_METADATA
IMG-0600-1,MPLADS-SYN-0600,images/IMG-0600-1.jpg,2026-08-22,15.491773,78.472515,Progress,SYNTHETIC_METADATA
IMG-0600-2,MPLADS-SYN-0600,images/IMG-0600-2.jpg,2026-07-03,15.491662,78.47171,Progress,SYNTHETIC_METADATA
IMG-0601-1,MPLADS-SYN-0601,images/IMG-0601-1.jpg,2026-06-27,22.394211,82.129526,Progress,SYNTHETIC_METADATA
IMG-0601-2,MPLADS-SYN-0601,images/IMG-0601-2.jpg,2026-04-13,22.394018,82.129532,Progress,SYNTHETIC_METADATA
IMG-0602-1,MPLADS-SYN-0602,images/IMG-0602-1.jpg,2026-03-22,21.953394,87.622985,Progress,SYNTHETIC_METADATA
IMG-0602-2,MPLADS-SYN-0602,images/IMG-0602-2.jpg,2026-05-23,21.953006,87.622533,Progress,SYNTHETIC_METADATA
IMG-0603-1,MPLADS-SYN-0603,images/IMG-0603-1.jpg,2026-07-24,15.81129,87.625038,Progress,SYNTHETIC_METADATA
IMG-0603-2,MPLADS-SYN-0603,images/IMG-0603-2.jpg,2026-09-12,15.811457,87.625318,Progress,SYNTHETIC_METADATA
IMG-0604-1,MPLADS-SYN-0604,images/IMG-0604-1.jpg,2026-04-12,22.665624,86.760673,Progress,SYNTHETIC_METADATA
IMG-0604-2,MPLADS-SYN-0604,images/IMG-0604-2.jpg,2026-05-04,22.665617,86.760235,Progress,SYNTHETIC_METADATA
IMG-0605-1,MPLADS-SYN-0605,images/IMG-0605-1.jpg,2026-09-04,10.113977,78.654733,Progress,SYNTHETIC_METADATA
IMG-0605-2,MPLADS-SYN-0605,images/IMG-0605-2.jpg,2026-09-25,10.11344,78.654626,Progress,SYNTHETIC_METADATA
IMG-0606-1,MPLADS-SYN-0606,images/IMG-0606-1.jpg,2026-07-05,21.194657,73.104572,Progress,SYNTHETIC_METADATA
IMG-0606-2,MPLADS-SYN-0606,images/IMG-0606-2.jpg,2026-07-27,21.19399,73.10472,Progress,SYNTHETIC_METADATA
IMG-0607-1,MPLADS-SYN-0607,images/IMG-0607-1.jpg,2027-01-28,21.271104,76.207879,Progress,SYNTHETIC_METADATA
IMG-0607-2,MPLADS-SYN-0607,images/IMG-0607-2.jpg,2027-01-31,21.270655,76.207903,Progress,SYNTHETIC_METADATA
IMG-0608-1,MPLADS-SYN-0608,images/IMG-0608-1.jpg,2026-04-11,9.500469,85.65006,Progress,SYNTHETIC_METADATA
IMG-0608-2,MPLADS-SYN-0608,images/IMG-0608-2.jpg,2026-04-20,9.500162,85.65008,Progress,SYNTHETIC_METADATA
IMG-0609-1,MPLADS-SYN-0609,images/IMG-0609-1.jpg,2026-07-20,8.329208,82.147382,Progress,SYNTHETIC_METADATA
IMG-0609-2,MPLADS-SYN-0609,images/IMG-0609-2.jpg,2026-07-04,8.329681,82.146972,Progress,SYNTHETIC_METADATA
IMG-0610-1,MPLADS-SYN-0610,images/IMG-0610-1.jpg,2026-04-14,8.670024,78.62227,Progress,SYNTHETIC_METADATA
IMG-0610-2,MPLADS-SYN-0610,images/IMG-0610-2.jpg,2026-04-22,8.670706,78.622359,Progress,SYNTHETIC_METADATA
IMG-0611-1,MPLADS-SYN-0611,images/IMG-0611-1.jpg,2026-05-02,24.754183,78.726771,Progress,SYNTHETIC_METADATA
IMG-0611-2,MPLADS-SYN-0611,images/IMG-0611-2.jpg,2026-04-14,24.754199,78.726614,Progress,SYNTHETIC_METADATA
IMG-0612-1,MPLADS-SYN-0612,images/IMG-0612-1.jpg,2026-03-03,9.168584,82.642061,Progress,SYNTHETIC_METADATA
IMG-0612-2,MPLADS-SYN-0612,images/IMG-0612-2.jpg,2026-04-20,9.168747,82.642369,Progress,SYNTHETIC_METADATA
IMG-0613-1,MPLADS-SYN-0613,images/IMG-0613-1.jpg,2026-05-17,22.478794,82.450391,Progress,SYNTHETIC_METADATA
IMG-0613-2,MPLADS-SYN-0613,images/IMG-0613-2.jpg,2026-02-21,22.478786,82.450513,Progress,SYNTHETIC_METADATA
IMG-0614-1,MPLADS-SYN-0614,images/IMG-0614-1.jpg,2026-07-12,16.655241,75.840894,Progress,SYNTHETIC_METADATA
IMG-0614-2,MPLADS-SYN-0614,images/IMG-0614-2.jpg,2026-04-21,16.654858,75.840776,Progress,SYNTHETIC_METADATA
IMG-0615-1,MPLADS-SYN-0615,images/IMG-0615-1.jpg,2026-02-09,12.958087,77.247294,Progress,SYNTHETIC_METADATA
IMG-0615-2,MPLADS-SYN-0615,images/IMG-0615-2.jpg,2026-04-06,12.957294,77.246794,Progress,SYNTHETIC_METADATA
IMG-0616-1,MPLADS-SYN-0616,images/IMG-0616-1.jpg,2026-07-22,25.781486,77.789678,Progress,SYNTHETIC_METADATA
IMG-0616-2,MPLADS-SYN-0616,images/IMG-0616-2.jpg,2026-03-20,25.781843,77.789679,Progress,SYNTHETIC_METADATA
IMG-0617-1,MPLADS-SYN-0617,images/IMG-0617-1.jpg,2026-07-29,11.504205,84.445195,Progress,SYNTHETIC_METADATA
IMG-0617-2,MPLADS-SYN-0617,images/IMG-0617-2.jpg,2026-09-16,11.503438,84.444768,Progress,SYNTHETIC_METADATA
IMG-0618-1,MPLADS-SYN-0618,images/IMG-0618-1.jpg,2027-02-17,22.294615,77.389189,Progress,SYNTHETIC_METADATA
IMG-0618-2,MPLADS-SYN-0618,images/IMG-0618-2.jpg,2026-10-20,22.294654,77.389483,Progress,SYNTHETIC_METADATA
IMG-0619-1,MPLADS-SYN-0619,images/IMG-0619-1.jpg,2026-10-28,25.012567,80.539962,Progress,SYNTHETIC_METADATA
IMG-0619-2,MPLADS-SYN-0619,images/IMG-0619-2.jpg,2026-11-02,25.011903,80.540651,Progress,SYNTHETIC_METADATA
IMG-0620-1,MPLADS-SYN-0620,images/IMG-0620-1.jpg,2026-08-24,12.04047,74.841147,Progress,SYNTHETIC_METADATA
IMG-0620-2,MPLADS-SYN-0620,images/IMG-0620-2.jpg,2026-08-26,12.039854,74.841938,Progress,SYNTHETIC_METADATA
IMG-0621-1,MPLADS-SYN-0621,images/IMG-0621-1.jpg,2026-08-19,25.064656,77.454786,Progress,SYNTHETIC_METADATA
IMG-0621-2,MPLADS-SYN-0621,images/IMG-0621-2.jpg,2026-10-05,25.064783,77.454887,Progress,SYNTHETIC_METADATA
IMG-0622-1,MPLADS-SYN-0622,images/IMG-0622-1.jpg,2026-04-14,9.607509,82.981995,Progress,SYNTHETIC_METADATA
IMG-0622-2,MPLADS-SYN-0622,images/IMG-0622-2.jpg,2026-06-03,9.607415,82.981443,Progress,SYNTHETIC_METADATA
IMG-0623-1,MPLADS-SYN-0623,images/IMG-0623-1.jpg,2026-02-05,18.47931,84.928798,Progress,SYNTHETIC_METADATA
IMG-0623-2,MPLADS-SYN-0623,images/IMG-0623-2.jpg,2026-02-20,18.478642,84.928075,Progress,SYNTHETIC_METADATA
IMG-0624-1,MPLADS-SYN-0624,images/IMG-0624-1.jpg,2026-06-04,9.172003,78.093702,Progress,SYNTHETIC_METADATA
IMG-0624-2,MPLADS-SYN-0624,images/IMG-0624-2.jpg,2026-03-10,9.172464,78.093762,Progress,SYNTHETIC_METADATA
IMG-0625-1,MPLADS-SYN-0625,images/IMG-0625-1.jpg,2026-09-29,19.982923,87.653903,Progress,SYNTHETIC_METADATA
IMG-0625-2,MPLADS-SYN-0625,images/IMG-0625-2.jpg,2026-10-09,19.982819,87.653469,Progress,SYNTHETIC_METADATA
IMG-0626-1,MPLADS-SYN-0626,images/IMG-0626-1.jpg,2026-08-09,25.433623,84.217513,Progress,SYNTHETIC_METADATA
IMG-0626-2,MPLADS-SYN-0626,images/IMG-0626-2.jpg,2026-08-09,25.434294,84.21771,Progress,SYNTHETIC_METADATA
IMG-0627-1,MPLADS-SYN-0627,images/IMG-0627-1.jpg,2026-08-02,9.972963,73.246326,Progress,SYNTHETIC_METADATA
IMG-0627-2,MPLADS-SYN-0627,images/IMG-0627-2.jpg,2026-04-28,9.972826,73.24608,Progress,SYNTHETIC_METADATA
IMG-0628-1,MPLADS-SYN-0628,images/IMG-0628-1.jpg,2026-12-05,12.869825,81.328409,Progress,SYNTHETIC_METADATA
IMG-0628-2,MPLADS-SYN-0628,images/IMG-0628-2.jpg,2026-11-28,12.870298,81.327936,Progress,SYNTHETIC_METADATA
IMG-0629-1,MPLADS-SYN-0629,images/IMG-0629-1.jpg,2026-04-21,23.446659,82.266501,Progress,SYNTHETIC_METADATA
IMG-0629-2,MPLADS-SYN-0629,images/IMG-0629-2.jpg,2026-04-01,23.446675,82.266432,Progress,SYNTHETIC_METADATA
IMG-0630-1,MPLADS-SYN-0630,images/IMG-0630-1.jpg,2026-09-12,11.400586,74.306207,Progress,SYNTHETIC_METADATA
IMG-0630-2,MPLADS-SYN-0630,images/IMG-0630-2.jpg,2026-11-24,11.400004,74.306219,Progress,SYNTHETIC_METADATA
IMG-0631-1,MPLADS-SYN-0631,images/IMG-0631-1.jpg,2026-08-20,8.558149,76.129364,Progress,SYNTHETIC_METADATA
IMG-0631-2,MPLADS-SYN-0631,images/IMG-0631-2.jpg,2026-12-13,8.557484,76.129301,Progress,SYNTHETIC_METADATA
IMG-0632-1,MPLADS-SYN-0632,images/IMG-0632-1.jpg,2026-07-10,15.730803,87.454531,Progress,SYNTHETIC_METADATA
IMG-0632-2,MPLADS-SYN-0632,images/IMG-0632-2.jpg,2026-06-11,15.731301,87.45456,Progress,SYNTHETIC_METADATA
IMG-0633-1,MPLADS-SYN-0633,images/IMG-0633-1.jpg,2026-03-12,10.181942,74.050038,Progress,SYNTHETIC_METADATA
IMG-0633-2,MPLADS-SYN-0633,images/IMG-0633-2.jpg,2026-04-05,10.18225,74.049929,Progress,SYNTHETIC_METADATA
IMG-0634-1,MPLADS-SYN-0634,images/IMG-0634-1.jpg,2026-01-29,8.971157,84.599107,Progress,SYNTHETIC_METADATA
IMG-0634-2,MPLADS-SYN-0634,images/IMG-0634-2.jpg,2026-07-15,8.971005,84.599118,Progress,SYNTHETIC_METADATA
IMG-0635-1,MPLADS-SYN-0635,images/IMG-0635-1.jpg,2026-08-29,15.005399,78.947825,Progress,SYNTHETIC_METADATA
IMG-0635-2,MPLADS-SYN-0635,images/IMG-0635-2.jpg,2026-08-27,15.005619,78.947711,Progress,SYNTHETIC_METADATA
IMG-0636-1,MPLADS-SYN-0636,images/IMG-0636-1.jpg,2026-09-12,23.105574,84.790012,Progress,SYNTHETIC_METADATA
IMG-0636-2,MPLADS-SYN-0636,images/IMG-0636-2.jpg,2026-12-25,23.105699,84.790235,Progress,SYNTHETIC_METADATA
IMG-0637-1,MPLADS-SYN-0637,images/IMG-0637-1.jpg,2026-06-12,26.857371,77.043366,Progress,SYNTHETIC_METADATA
IMG-0637-2,MPLADS-SYN-0637,images/IMG-0637-2.jpg,2026-07-08,26.857229,77.043379,Progress,SYNTHETIC_METADATA
IMG-0638-1,MPLADS-SYN-0638,images/IMG-0638-1.jpg,2026-06-14,17.004117,77.791933,Progress,SYNTHETIC_METADATA
IMG-0638-2,MPLADS-SYN-0638,images/IMG-0638-2.jpg,2026-08-28,17.004091,77.791796,Progress,SYNTHETIC_METADATA
IMG-0639-1,MPLADS-SYN-0639,images/IMG-0639-1.jpg,2026-09-07,20.298712,84.793259,Progress,SYNTHETIC_METADATA
IMG-0639-2,MPLADS-SYN-0639,images/IMG-0639-2.jpg,2026-10-05,20.299117,84.793607,Progress,SYNTHETIC_METADATA
IMG-0640-1,MPLADS-SYN-0640,images/IMG-0640-1.jpg,2026-07-03,26.502206,76.197996,Progress,SYNTHETIC_METADATA
IMG-0640-2,MPLADS-SYN-0640,images/IMG-0640-2.jpg,2026-05-05,26.501931,76.197937,Progress,SYNTHETIC_METADATA
IMG-0641-1,MPLADS-SYN-0641,images/IMG-0641-1.jpg,2026-04-30,13.301713,74.056321,Progress,SYNTHETIC_METADATA
IMG-0641-2,MPLADS-SYN-0641,images/IMG-0641-2.jpg,2026-03-15,13.301118,74.056172,Progress,SYNTHETIC_METADATA
IMG-0642-1,MPLADS-SYN-0642,images/IMG-0642-1.jpg,2026-06-25,8.001202,77.588939,Progress,SYNTHETIC_METADATA
IMG-0642-2,MPLADS-SYN-0642,images/IMG-0642-2.jpg,2026-10-03,8.001413,77.588734,Progress,SYNTHETIC_METADATA
IMG-0643-1,MPLADS-SYN-0643,images/IMG-0643-1.jpg,2026-05-26,17.668563,83.599327,Progress,SYNTHETIC_METADATA
IMG-0643-2,MPLADS-SYN-0643,images/IMG-0643-2.jpg,2026-09-21,17.668243,83.59915,Progress,SYNTHETIC_METADATA
IMG-0644-1,MPLADS-SYN-0644,images/IMG-0644-1.jpg,2026-09-15,20.512715,75.438478,Progress,SYNTHETIC_METADATA
IMG-0644-2,MPLADS-SYN-0644,images/IMG-0644-2.jpg,2026-11-11,20.512582,75.438752,Progress,SYNTHETIC_METADATA
IMG-0645-1,MPLADS-SYN-0645,images/IMG-0645-1.jpg,2026-09-10,26.166197,74.855857,Progress,SYNTHETIC_METADATA
IMG-0645-2,MPLADS-SYN-0645,images/IMG-0645-2.jpg,2026-05-23,26.166372,74.855763,Progress,SYNTHETIC_METADATA
IMG-0646-1,MPLADS-SYN-0646,images/IMG-0646-1.jpg,2026-08-17,8.46172,86.298408,Progress,SYNTHETIC_METADATA
IMG-0646-2,MPLADS-SYN-0646,images/IMG-0646-2.jpg,2026-08-08,8.461817,86.298252,Progress,SYNTHETIC_METADATA
IMG-0647-1,MPLADS-SYN-0647,images/IMG-0647-1.jpg,2026-11-03,13.043105,87.738449,Progress,SYNTHETIC_METADATA
IMG-0647-2,MPLADS-SYN-0647,images/IMG-0647-2.jpg,2027-01-27,13.042851,87.737793,Progress,SYNTHETIC_METADATA
IMG-0648-1,MPLADS-SYN-0648,images/IMG-0648-1.jpg,2026-08-16,14.395389,77.055883,Progress,SYNTHETIC_METADATA
IMG-0648-2,MPLADS-SYN-0648,images/IMG-0648-2.jpg,2026-10-02,14.395155,77.056217,Progress,SYNTHETIC_METADATA
IMG-0649-1,MPLADS-SYN-0649,images/IMG-0649-1.jpg,2026-09-28,9.123063,73.108943,Progress,SYNTHETIC_METADATA
IMG-0649-2,MPLADS-SYN-0649,images/IMG-0649-2.jpg,2026-10-07,9.122967,73.109562,Progress,SYNTHETIC_METADATA
IMG-0650-1,MPLADS-SYN-0650,images/IMG-0650-1.jpg,2026-10-12,18.186306,76.990488,Progress,SYNTHETIC_METADATA
IMG-0650-2,MPLADS-SYN-0650,images/IMG-0650-2.jpg,2026-08-04,18.186771,76.990388,Progress,SYNTHETIC_METADATA
IMG-0651-1,MPLADS-SYN-0651,images/IMG-0651-1.jpg,2026-07-01,20.726904,75.549653,Progress,SYNTHETIC_METADATA
IMG-0651-2,MPLADS-SYN-0651,images/IMG-0651-2.jpg,2026-04-10,20.726885,75.550171,Progress,SYNTHETIC_METADATA
IMG-0652-1,MPLADS-SYN-0652,images/IMG-0652-1.jpg,2026-08-14,25.404083,87.712051,Progress,SYNTHETIC_METADATA
IMG-0652-2,MPLADS-SYN-0652,images/IMG-0652-2.jpg,2026-10-10,25.404424,87.712811,Progress,SYNTHETIC_METADATA
IMG-0653-1,MPLADS-SYN-0653,images/IMG-0653-1.jpg,2026-04-16,27.920165,87.142416,Progress,SYNTHETIC_METADATA
IMG-0653-2,MPLADS-SYN-0653,images/IMG-0653-2.jpg,2026-04-16,27.920284,87.141878,Progress,SYNTHETIC_METADATA
IMG-0654-1,MPLADS-SYN-0654,images/IMG-0654-1.jpg,2026-03-10,19.658058,74.295863,Progress,SYNTHETIC_METADATA
IMG-0654-2,MPLADS-SYN-0654,images/IMG-0654-2.jpg,2026-03-21,19.658248,74.296414,Progress,SYNTHETIC_METADATA
IMG-0655-1,MPLADS-SYN-0655,images/IMG-0655-1.jpg,2026-06-02,24.522983,72.724238,Progress,SYNTHETIC_METADATA
IMG-0655-2,MPLADS-SYN-0655,images/IMG-0655-2.jpg,2026-07-05,24.523108,72.724985,Progress,SYNTHETIC_METADATA
IMG-0656-1,MPLADS-SYN-0656,images/IMG-0656-1.jpg,2026-09-04,22.293475,87.036444,Progress,SYNTHETIC_METADATA
IMG-0656-2,MPLADS-SYN-0656,images/IMG-0656-2.jpg,2026-11-04,22.294125,87.036844,Progress,SYNTHETIC_METADATA
IMG-0657-1,MPLADS-SYN-0657,images/IMG-0657-1.jpg,2026-07-24,23.446619,76.284028,Progress,SYNTHETIC_METADATA
IMG-0657-2,MPLADS-SYN-0657,images/IMG-0657-2.jpg,2026-06-06,23.446481,76.28332,Progress,SYNTHETIC_METADATA
IMG-0658-1,MPLADS-SYN-0658,images/IMG-0658-1.jpg,2026-07-26,18.542004,79.046709,Progress,SYNTHETIC_METADATA
IMG-0658-2,MPLADS-SYN-0658,images/IMG-0658-2.jpg,2026-08-15,18.541679,79.047259,Progress,SYNTHETIC_METADATA
IMG-0659-1,MPLADS-SYN-0659,images/IMG-0659-1.jpg,2026-07-30,14.62664,73.984506,Progress,SYNTHETIC_METADATA
IMG-0659-2,MPLADS-SYN-0659,images/IMG-0659-2.jpg,2026-08-24,14.626077,73.98496,Progress,SYNTHETIC_METADATA
IMG-0660-1,MPLADS-SYN-0660,images/IMG-0660-1.jpg,2026-04-22,21.370157,74.561604,Progress,SYNTHETIC_METADATA
IMG-0660-2,MPLADS-SYN-0660,images/IMG-0660-2.jpg,2026-02-05,21.370686,74.561183,Progress,SYNTHETIC_METADATA
IMG-0661-1,MPLADS-SYN-0661,images/IMG-0661-1.jpg,2026-04-30,17.933616,76.411188,Progress,SYNTHETIC_METADATA
IMG-0661-2,MPLADS-SYN-0661,images/IMG-0661-2.jpg,2026-04-16,17.93345,76.411199,Progress,SYNTHETIC_METADATA
IMG-0662-1,MPLADS-SYN-0662,images/IMG-0662-1.jpg,2026-03-24,13.326416,87.549673,Progress,SYNTHETIC_METADATA
IMG-0662-2,MPLADS-SYN-0662,images/IMG-0662-2.jpg,2026-04-30,13.325939,87.549292,Progress,SYNTHETIC_METADATA
IMG-0663-1,MPLADS-SYN-0663,images/IMG-0663-1.jpg,2026-08-13,23.5661,84.539506,Progress,SYNTHETIC_METADATA
IMG-0663-2,MPLADS-SYN-0663,images/IMG-0663-2.jpg,2026-10-11,23.566348,84.539233,Progress,SYNTHETIC_METADATA
IMG-0664-1,MPLADS-SYN-0664,images/IMG-0664-1.jpg,2026-05-04,25.601001,72.887636,Progress,SYNTHETIC_METADATA
IMG-0664-2,MPLADS-SYN-0664,images/IMG-0664-2.jpg,2026-02-25,25.601376,72.887494,Progress,SYNTHETIC_METADATA
IMG-0665-1,MPLADS-SYN-0665,images/IMG-0665-1.jpg,2026-09-22,13.218957,75.683236,Progress,SYNTHETIC_METADATA
IMG-0665-2,MPLADS-SYN-0665,images/IMG-0665-2.jpg,2026-10-04,13.218431,75.683293,Progress,SYNTHETIC_METADATA
IMG-0666-1,MPLADS-SYN-0666,images/IMG-0666-1.jpg,2026-05-20,14.18997,72.031152,Progress,SYNTHETIC_METADATA
IMG-0666-2,MPLADS-SYN-0666,images/IMG-0666-2.jpg,2026-05-08,14.190169,72.030575,Progress,SYNTHETIC_METADATA
IMG-0667-1,MPLADS-SYN-0667,images/IMG-0667-1.jpg,2026-07-14,16.865346,81.856524,Progress,SYNTHETIC_METADATA
IMG-0667-2,MPLADS-SYN-0667,images/IMG-0667-2.jpg,2026-07-16,16.865606,81.856416,Progress,SYNTHETIC_METADATA
IMG-0668-1,MPLADS-SYN-0668,images/IMG-0668-1.jpg,2026-04-24,11.381535,82.482165,Progress,SYNTHETIC_METADATA
IMG-0668-2,MPLADS-SYN-0668,images/IMG-0668-2.jpg,2026-05-13,11.381591,82.481902,Progress,SYNTHETIC_METADATA
IMG-0669-1,MPLADS-SYN-0669,images/IMG-0669-1.jpg,2026-10-02,24.610506,83.091225,Progress,SYNTHETIC_METADATA
IMG-0669-2,MPLADS-SYN-0669,images/IMG-0669-2.jpg,2026-08-14,24.610378,83.091804,Progress,SYNTHETIC_METADATA
IMG-0670-1,MPLADS-SYN-0670,images/IMG-0670-1.jpg,2026-05-07,10.960293,75.39979,Progress,SYNTHETIC_METADATA
IMG-0670-2,MPLADS-SYN-0670,images/IMG-0670-2.jpg,2026-04-24,10.95989,75.400657,Progress,SYNTHETIC_METADATA
IMG-0671-1,MPLADS-SYN-0671,images/IMG-0671-1.jpg,2026-08-12,16.927458,88.026964,Progress,SYNTHETIC_METADATA
IMG-0671-2,MPLADS-SYN-0671,images/IMG-0671-2.jpg,2026-05-20,16.927356,88.026938,Progress,SYNTHETIC_METADATA
IMG-0672-1,MPLADS-SYN-0672,images/IMG-0672-1.jpg,2026-06-10,24.08448,76.127681,Progress,SYNTHETIC_METADATA
IMG-0672-2,MPLADS-SYN-0672,images/IMG-0672-2.jpg,2026-06-29,24.084429,76.127598,Progress,SYNTHETIC_METADATA
IMG-0673-1,MPLADS-SYN-0673,images/IMG-0673-1.jpg,2026-02-13,19.713306,87.331885,Progress,SYNTHETIC_METADATA
IMG-0673-2,MPLADS-SYN-0673,images/IMG-0673-2.jpg,2026-04-10,19.713635,87.331789,Progress,SYNTHETIC_METADATA
IMG-0674-1,MPLADS-SYN-0674,images/IMG-0674-1.jpg,2026-07-08,9.778804,77.451544,Progress,SYNTHETIC_METADATA
IMG-0674-2,MPLADS-SYN-0674,images/IMG-0674-2.jpg,2026-08-09,9.778883,77.451744,Progress,SYNTHETIC_METADATA
IMG-0675-1,MPLADS-SYN-0675,images/IMG-0675-1.jpg,2026-09-23,19.451539,73.902834,Progress,SYNTHETIC_METADATA
IMG-0675-2,MPLADS-SYN-0675,images/IMG-0675-2.jpg,2026-09-14,19.45157,73.902917,Progress,SYNTHETIC_METADATA
IMG-0676-1,MPLADS-SYN-0676,images/IMG-0676-1.jpg,2026-07-17,8.885219,77.006914,Progress,SYNTHETIC_METADATA
IMG-0676-2,MPLADS-SYN-0676,images/IMG-0676-2.jpg,2026-08-05,8.885668,77.006916,Progress,SYNTHETIC_METADATA
IMG-0677-1,MPLADS-SYN-0677,images/IMG-0677-1.jpg,2026-06-26,19.889481,82.046077,Progress,SYNTHETIC_METADATA
IMG-0677-2,MPLADS-SYN-0677,images/IMG-0677-2.jpg,2026-07-16,19.889539,82.046179,Progress,SYNTHETIC_METADATA
IMG-0678-1,MPLADS-SYN-0678,images/IMG-0678-1.jpg,2026-07-11,24.099467,72.910763,Progress,SYNTHETIC_METADATA
IMG-0678-2,MPLADS-SYN-0678,images/IMG-0678-2.jpg,2026-07-05,24.099219,72.910847,Progress,SYNTHETIC_METADATA
IMG-0679-1,MPLADS-SYN-0679,images/IMG-0679-1.jpg,2026-03-15,26.038896,77.331933,Progress,SYNTHETIC_METADATA
IMG-0679-2,MPLADS-SYN-0679,images/IMG-0679-2.jpg,2026-06-27,26.039332,77.331262,Progress,SYNTHETIC_METADATA
IMG-0680-1,MPLADS-SYN-0680,images/IMG-0680-1.jpg,2026-12-17,19.159169,72.452224,Progress,SYNTHETIC_METADATA
IMG-0680-2,MPLADS-SYN-0680,images/IMG-0680-2.jpg,2026-12-19,19.159624,72.452289,Progress,SYNTHETIC_METADATA
IMG-0681-1,MPLADS-SYN-0681,images/IMG-0681-1.jpg,2026-04-22,18.384345,79.771652,Progress,SYNTHETIC_METADATA
IMG-0681-2,MPLADS-SYN-0681,images/IMG-0681-2.jpg,2026-07-02,18.384084,79.771987,Progress,SYNTHETIC_METADATA
IMG-0682-1,MPLADS-SYN-0682,images/IMG-0682-1.jpg,2027-02-15,23.988482,77.865869,Progress,SYNTHETIC_METADATA
IMG-0682-2,MPLADS-SYN-0682,images/IMG-0682-2.jpg,2027-03-09,23.987926,77.865703,Progress,SYNTHETIC_METADATA
IMG-0683-1,MPLADS-SYN-0683,images/IMG-0683-1.jpg,2026-09-08,18.896467,80.253236,Progress,SYNTHETIC_METADATA
IMG-0683-2,MPLADS-SYN-0683,images/IMG-0683-2.jpg,2026-10-06,18.896604,80.253097,Progress,SYNTHETIC_METADATA
IMG-0684-1,MPLADS-SYN-0684,images/IMG-0684-1.jpg,2026-07-17,26.746867,85.374027,Progress,SYNTHETIC_METADATA
IMG-0684-2,MPLADS-SYN-0684,images/IMG-0684-2.jpg,2026-05-17,26.747056,85.374159,Progress,SYNTHETIC_METADATA
IMG-0685-1,MPLADS-SYN-0685,images/IMG-0685-1.jpg,2027-01-26,26.942452,79.165475,Progress,SYNTHETIC_METADATA
IMG-0685-2,MPLADS-SYN-0685,images/IMG-0685-2.jpg,2027-02-07,26.941619,79.164564,Progress,SYNTHETIC_METADATA
IMG-0686-1,MPLADS-SYN-0686,images/IMG-0686-1.jpg,2026-07-23,10.612227,86.5034,Progress,SYNTHETIC_METADATA
IMG-0686-2,MPLADS-SYN-0686,images/IMG-0686-2.jpg,2026-09-27,10.612578,86.503509,Progress,SYNTHETIC_METADATA
IMG-0687-1,MPLADS-SYN-0687,images/IMG-0687-1.jpg,2026-07-12,26.015924,82.462967,Progress,SYNTHETIC_METADATA
IMG-0687-2,MPLADS-SYN-0687,images/IMG-0687-2.jpg,2026-11-20,26.014961,82.462887,Progress,SYNTHETIC_METADATA
IMG-0688-1,MPLADS-SYN-0688,images/IMG-0688-1.jpg,2026-07-22,22.754221,74.363385,Progress,SYNTHETIC_METADATA
IMG-0688-2,MPLADS-SYN-0688,images/IMG-0688-2.jpg,2026-06-16,22.754032,74.363423,Progress,SYNTHETIC_METADATA
IMG-0689-1,MPLADS-SYN-0689,images/IMG-0689-1.jpg,2026-08-17,11.755628,88.357217,Progress,SYNTHETIC_METADATA
IMG-0689-2,MPLADS-SYN-0689,images/IMG-0689-2.jpg,2026-09-17,11.755797,88.357466,Progress,SYNTHETIC_METADATA
IMG-0690-1,MPLADS-SYN-0690,images/IMG-0690-1.jpg,2026-09-13,13.095387,74.178771,Progress,SYNTHETIC_METADATA
IMG-0690-2,MPLADS-SYN-0690,images/IMG-0690-2.jpg,2026-08-08,13.095042,74.179452,Progress,SYNTHETIC_METADATA
IMG-0691-1,MPLADS-SYN-0691,images/IMG-0691-1.jpg,2026-08-19,22.667422,75.682659,Progress,SYNTHETIC_METADATA
IMG-0691-2,MPLADS-SYN-0691,images/IMG-0691-2.jpg,2026-05-01,22.667643,75.683468,Progress,SYNTHETIC_METADATA
IMG-0692-1,MPLADS-SYN-0692,images/IMG-0692-1.jpg,2026-10-22,16.610141,79.349295,Progress,SYNTHETIC_METADATA
IMG-0692-2,MPLADS-SYN-0692,images/IMG-0692-2.jpg,2026-10-22,16.610985,79.349409,Progress,SYNTHETIC_METADATA
IMG-0693-1,MPLADS-SYN-0693,images/IMG-0693-1.jpg,2026-08-15,11.285949,79.897344,Progress,SYNTHETIC_METADATA
IMG-0693-2,MPLADS-SYN-0693,images/IMG-0693-2.jpg,2026-10-11,11.286851,79.897464,Progress,SYNTHETIC_METADATA
IMG-0694-1,MPLADS-SYN-0694,images/IMG-0694-1.jpg,2026-10-05,15.944268,76.346774,Progress,SYNTHETIC_METADATA
IMG-0694-2,MPLADS-SYN-0694,images/IMG-0694-2.jpg,2026-05-28,15.943845,76.346217,Progress,SYNTHETIC_METADATA
IMG-0695-1,MPLADS-SYN-0695,images/IMG-0695-1.jpg,2026-04-21,17.883433,75.992741,Progress,SYNTHETIC_METADATA
IMG-0695-2,MPLADS-SYN-0695,images/IMG-0695-2.jpg,2026-06-29,17.883365,75.991775,Progress,SYNTHETIC_METADATA
IMG-0696-1,MPLADS-SYN-0696,images/IMG-0696-1.jpg,2027-01-12,18.668848,79.892265,Progress,SYNTHETIC_METADATA
IMG-0696-2,MPLADS-SYN-0696,images/IMG-0696-2.jpg,2026-11-08,18.669272,79.892034,Progress,SYNTHETIC_METADATA
IMG-0697-1,MPLADS-SYN-0697,images/IMG-0697-1.jpg,2026-05-10,24.368441,74.586584,Progress,SYNTHETIC_METADATA
IMG-0697-2,MPLADS-SYN-0697,images/IMG-0697-2.jpg,2026-04-20,24.368006,74.58649,Progress,SYNTHETIC_METADATA
IMG-0698-1,MPLADS-SYN-0698,images/IMG-0698-1.jpg,2026-07-10,18.807425,76.84914,Progress,SYNTHETIC_METADATA
IMG-0698-2,MPLADS-SYN-0698,images/IMG-0698-2.jpg,2026-06-15,18.807232,76.850006,Progress,SYNTHETIC_METADATA
IMG-0699-1,MPLADS-SYN-0699,images/IMG-0699-1.jpg,2026-08-08,26.861497,85.001351,Progress,SYNTHETIC_METADATA
IMG-0699-2,MPLADS-SYN-0699,images/IMG-0699-2.jpg,2026-08-20,26.861475,85.001343,Progress,SYNTHETIC_METADATA
IMG-0700-1,MPLADS-SYN-0700,images/IMG-0700-1.jpg,2026-02-06,12.744803,77.195398,Progress,SYNTHETIC_METADATA
IMG-0700-2,MPLADS-SYN-0700,images/IMG-0700-2.jpg,2026-03-19,12.744945,77.195528,Progress,SYNTHETIC_METADATA
IMG-0701-1,MPLADS-SYN-0701,images/IMG-0701-1.jpg,2026-10-12,19.902652,87.198708,Progress,SYNTHETIC_METADATA
IMG-0701-2,MPLADS-SYN-0701,images/IMG-0701-2.jpg,2026-11-13,19.902947,87.197813,Progress,SYNTHETIC_METADATA
IMG-0702-1,MPLADS-SYN-0702,images/IMG-0702-1.jpg,2026-02-27,16.324313,77.482894,Progress,SYNTHETIC_METADATA
IMG-0702-2,MPLADS-SYN-0702,images/IMG-0702-2.jpg,2026-01-30,16.324025,77.48255,Progress,SYNTHETIC_METADATA
IMG-0703-1,MPLADS-SYN-0703,images/IMG-0703-1.jpg,2026-02-16,22.421747,78.981775,Progress,SYNTHETIC_METADATA
IMG-0703-2,MPLADS-SYN-0703,images/IMG-0703-2.jpg,2026-05-13,22.421172,78.981049,Progress,SYNTHETIC_METADATA
IMG-0704-1,MPLADS-SYN-0704,images/IMG-0704-1.jpg,2026-10-06,22.746566,83.841236,Progress,SYNTHETIC_METADATA
IMG-0704-2,MPLADS-SYN-0704,images/IMG-0704-2.jpg,2026-11-28,22.746906,83.840836,Progress,SYNTHETIC_METADATA
IMG-0705-1,MPLADS-SYN-0705,images/IMG-0705-1.jpg,2026-04-10,17.481226,74.067478,Progress,SYNTHETIC_METADATA
IMG-0705-2,MPLADS-SYN-0705,images/IMG-0705-2.jpg,2026-06-12,17.481552,74.067203,Progress,SYNTHETIC_METADATA
IMG-0706-1,MPLADS-SYN-0706,images/IMG-0706-1.jpg,2026-04-29,9.135513,85.496483,Progress,SYNTHETIC_METADATA
IMG-0706-2,MPLADS-SYN-0706,images/IMG-0706-2.jpg,2026-07-07,9.135471,85.496872,Progress,SYNTHETIC_METADATA
IMG-0707-1,MPLADS-SYN-0707,images/IMG-0707-1.jpg,2026-04-18,13.379325,74.060464,Progress,SYNTHETIC_METADATA
IMG-0707-2,MPLADS-SYN-0707,images/IMG-0707-2.jpg,2026-05-08,13.379515,74.059993,Progress,SYNTHETIC_METADATA
IMG-0708-1,MPLADS-SYN-0708,images/IMG-0708-1.jpg,2026-06-26,26.717853,82.056697,Progress,SYNTHETIC_METADATA
IMG-0708-2,MPLADS-SYN-0708,images/IMG-0708-2.jpg,2026-07-12,26.718094,82.056237,Progress,SYNTHETIC_METADATA
IMG-0709-1,MPLADS-SYN-0709,images/IMG-0709-1.jpg,2026-06-28,13.708055,87.863738,Progress,SYNTHETIC_METADATA
IMG-0709-2,MPLADS-SYN-0709,images/IMG-0709-2.jpg,2026-06-23,13.707149,87.863891,Progress,SYNTHETIC_METADATA
IMG-0710-1,MPLADS-SYN-0710,images/IMG-0710-1.jpg,2026-05-07,8.461451,74.404837,Progress,SYNTHETIC_METADATA
IMG-0710-2,MPLADS-SYN-0710,images/IMG-0710-2.jpg,2026-07-27,8.461353,74.404548,Progress,SYNTHETIC_METADATA
IMG-0711-1,MPLADS-SYN-0711,images/IMG-0711-1.jpg,2026-04-12,8.295697,72.709342,Progress,SYNTHETIC_METADATA
IMG-0711-2,MPLADS-SYN-0711,images/IMG-0711-2.jpg,2026-06-19,8.295901,72.708905,Progress,SYNTHETIC_METADATA
IMG-0712-1,MPLADS-SYN-0712,images/IMG-0712-1.jpg,2026-03-31,19.283399,74.272164,Progress,SYNTHETIC_METADATA
IMG-0712-2,MPLADS-SYN-0712,images/IMG-0712-2.jpg,2026-03-11,19.282983,74.272409,Progress,SYNTHETIC_METADATA
IMG-0713-1,MPLADS-SYN-0713,images/IMG-0713-1.jpg,2026-10-17,8.057748,86.922727,Progress,SYNTHETIC_METADATA
IMG-0713-2,MPLADS-SYN-0713,images/IMG-0713-2.jpg,2026-08-20,8.057793,86.923017,Progress,SYNTHETIC_METADATA
IMG-0714-1,MPLADS-SYN-0714,images/IMG-0714-1.jpg,2026-07-07,10.041714,78.451379,Progress,SYNTHETIC_METADATA
IMG-0714-2,MPLADS-SYN-0714,images/IMG-0714-2.jpg,2026-07-08,10.041198,78.45112,Progress,SYNTHETIC_METADATA
IMG-0715-1,MPLADS-SYN-0715,images/IMG-0715-1.jpg,2027-01-08,11.334041,82.900879,Progress,SYNTHETIC_METADATA
IMG-0715-2,MPLADS-SYN-0715,images/IMG-0715-2.jpg,2026-10-02,11.334551,82.900835,Progress,SYNTHETIC_METADATA
IMG-0716-1,MPLADS-SYN-0716,images/IMG-0716-1.jpg,2026-12-20,27.872182,72.328372,Progress,SYNTHETIC_METADATA
IMG-0716-2,MPLADS-SYN-0716,images/IMG-0716-2.jpg,2026-09-07,27.871689,72.327577,Progress,SYNTHETIC_METADATA
IMG-0717-1,MPLADS-SYN-0717,images/IMG-0717-1.jpg,2026-07-21,27.916872,79.29544,Progress,SYNTHETIC_METADATA
IMG-0717-2,MPLADS-SYN-0717,images/IMG-0717-2.jpg,2026-06-19,27.91673,79.295515,Progress,SYNTHETIC_METADATA
IMG-0718-1,MPLADS-SYN-0718,images/IMG-0718-1.jpg,2026-05-24,22.975218,81.441779,Progress,SYNTHETIC_METADATA
IMG-0718-2,MPLADS-SYN-0718,images/IMG-0718-2.jpg,2026-05-17,22.975499,81.442124,Progress,SYNTHETIC_METADATA
IMG-0719-1,MPLADS-SYN-0719,images/IMG-0719-1.jpg,2026-09-03,27.741535,79.456348,Progress,SYNTHETIC_METADATA
IMG-0719-2,MPLADS-SYN-0719,images/IMG-0719-2.jpg,2026-06-14,27.742143,79.456338,Progress,SYNTHETIC_METADATA
IMG-0720-1,MPLADS-SYN-0720,images/IMG-0720-1.jpg,2026-07-01,18.020426,87.761633,Progress,SYNTHETIC_METADATA
IMG-0720-2,MPLADS-SYN-0720,images/IMG-0720-2.jpg,2026-08-09,18.020147,87.761599,Progress,SYNTHETIC_METADATA
IMG-0721-1,MPLADS-SYN-0721,images/IMG-0721-1.jpg,2026-06-04,11.252188,75.925526,Progress,SYNTHETIC_METADATA
IMG-0721-2,MPLADS-SYN-0721,images/IMG-0721-2.jpg,2026-08-20,11.251525,75.925203,Progress,SYNTHETIC_METADATA
IMG-0722-1,MPLADS-SYN-0722,images/IMG-0722-1.jpg,2026-09-24,11.023069,83.170139,Progress,SYNTHETIC_METADATA
IMG-0722-2,MPLADS-SYN-0722,images/IMG-0722-2.jpg,2026-08-11,11.022948,83.170346,Progress,SYNTHETIC_METADATA
IMG-0723-1,MPLADS-SYN-0723,images/IMG-0723-1.jpg,2026-06-30,18.007701,86.154301,Progress,SYNTHETIC_METADATA
IMG-0723-2,MPLADS-SYN-0723,images/IMG-0723-2.jpg,2026-07-04,18.006856,86.154397,Progress,SYNTHETIC_METADATA
IMG-0724-1,MPLADS-SYN-0724,images/IMG-0724-1.jpg,2026-07-24,8.792441,75.418407,Progress,SYNTHETIC_METADATA
IMG-0724-2,MPLADS-SYN-0724,images/IMG-0724-2.jpg,2026-05-15,8.792518,75.418885,Progress,SYNTHETIC_METADATA
IMG-0725-1,MPLADS-SYN-0725,images/IMG-0725-1.jpg,2026-05-17,17.497587,84.351781,Progress,SYNTHETIC_METADATA
IMG-0725-2,MPLADS-SYN-0725,images/IMG-0725-2.jpg,2026-07-18,17.497751,84.351499,Progress,SYNTHETIC_METADATA
IMG-0726-1,MPLADS-SYN-0726,images/IMG-0726-1.jpg,2026-08-31,26.165389,87.688284,Progress,SYNTHETIC_METADATA
IMG-0726-2,MPLADS-SYN-0726,images/IMG-0726-2.jpg,2026-08-08,26.165435,87.687985,Progress,SYNTHETIC_METADATA
IMG-0727-1,MPLADS-SYN-0727,images/IMG-0727-1.jpg,2026-10-31,22.502271,84.472438,Progress,SYNTHETIC_METADATA
IMG-0727-2,MPLADS-SYN-0727,images/IMG-0727-2.jpg,2026-05-26,22.502231,84.472361,Progress,SYNTHETIC_METADATA
IMG-0728-1,MPLADS-SYN-0728,images/IMG-0728-1.jpg,2026-03-24,28.030192,81.17978,Progress,SYNTHETIC_METADATA
IMG-0728-2,MPLADS-SYN-0728,images/IMG-0728-2.jpg,2026-04-28,28.031109,81.180133,Progress,SYNTHETIC_METADATA
IMG-0729-1,MPLADS-SYN-0729,images/IMG-0729-1.jpg,2026-06-12,14.713756,73.111177,Progress,SYNTHETIC_METADATA
IMG-0729-2,MPLADS-SYN-0729,images/IMG-0729-2.jpg,2026-06-12,14.714343,73.112051,Progress,SYNTHETIC_METADATA
IMG-0730-1,MPLADS-SYN-0730,images/IMG-0730-1.jpg,2027-03-16,25.632442,77.507352,Progress,SYNTHETIC_METADATA
IMG-0730-2,MPLADS-SYN-0730,images/IMG-0730-2.jpg,2027-04-08,25.631903,77.507009,Progress,SYNTHETIC_METADATA
IMG-0731-1,MPLADS-SYN-0731,images/IMG-0731-1.jpg,2026-09-28,26.803582,85.818467,Progress,SYNTHETIC_METADATA
IMG-0731-2,MPLADS-SYN-0731,images/IMG-0731-2.jpg,2026-04-15,26.803068,85.818009,Progress,SYNTHETIC_METADATA
IMG-0732-1,MPLADS-SYN-0732,images/IMG-0732-1.jpg,2026-10-19,23.679019,77.235732,Progress,SYNTHETIC_METADATA
IMG-0732-2,MPLADS-SYN-0732,images/IMG-0732-2.jpg,2026-10-06,23.679837,77.235841,Progress,SYNTHETIC_METADATA
IMG-0733-1,MPLADS-SYN-0733,images/IMG-0733-1.jpg,2026-09-11,24.864072,80.531496,Progress,SYNTHETIC_METADATA
IMG-0733-2,MPLADS-SYN-0733,images/IMG-0733-2.jpg,2026-09-13,24.864338,80.531308,Progress,SYNTHETIC_METADATA
IMG-0734-1,MPLADS-SYN-0734,images/IMG-0734-1.jpg,2026-09-11,27.285008,77.455689,Progress,SYNTHETIC_METADATA
IMG-0734-2,MPLADS-SYN-0734,images/IMG-0734-2.jpg,2026-10-29,27.284397,77.455357,Progress,SYNTHETIC_METADATA
IMG-0735-1,MPLADS-SYN-0735,images/IMG-0735-1.jpg,2026-09-06,16.650073,85.007018,Progress,SYNTHETIC_METADATA
IMG-0735-2,MPLADS-SYN-0735,images/IMG-0735-2.jpg,2026-10-30,16.649828,85.00775,Progress,SYNTHETIC_METADATA
IMG-0736-1,MPLADS-SYN-0736,images/IMG-0736-1.jpg,2026-09-24,15.218781,75.102776,Progress,SYNTHETIC_METADATA
IMG-0736-2,MPLADS-SYN-0736,images/IMG-0736-2.jpg,2026-07-15,15.218804,75.102701,Progress,SYNTHETIC_METADATA
IMG-0737-1,MPLADS-SYN-0737,images/IMG-0737-1.jpg,2026-04-07,26.755257,80.634349,Progress,SYNTHETIC_METADATA
IMG-0737-2,MPLADS-SYN-0737,images/IMG-0737-2.jpg,2026-05-12,26.755284,80.634664,Progress,SYNTHETIC_METADATA
IMG-0738-1,MPLADS-SYN-0738,images/IMG-0738-1.jpg,2026-05-28,23.944955,75.071365,Progress,SYNTHETIC_METADATA
IMG-0738-2,MPLADS-SYN-0738,images/IMG-0738-2.jpg,2026-08-30,23.945021,75.071498,Progress,SYNTHETIC_METADATA
IMG-0739-1,MPLADS-SYN-0739,images/IMG-0739-1.jpg,2026-07-05,23.725642,72.923148,Progress,SYNTHETIC_METADATA
IMG-0739-2,MPLADS-SYN-0739,images/IMG-0739-2.jpg,2026-09-17,23.725805,72.923403,Progress,SYNTHETIC_METADATA
IMG-0740-1,MPLADS-SYN-0740,images/IMG-0740-1.jpg,2026-12-24,27.563807,77.934839,Progress,SYNTHETIC_METADATA
IMG-0740-2,MPLADS-SYN-0740,images/IMG-0740-2.jpg,2027-01-15,27.563915,77.934315,Progress,SYNTHETIC_METADATA
IMG-0741-1,MPLADS-SYN-0741,images/IMG-0741-1.jpg,2026-08-22,13.72022,74.634312,Progress,SYNTHETIC_METADATA
IMG-0741-2,MPLADS-SYN-0741,images/IMG-0741-2.jpg,2026-12-02,13.720025,74.634779,Progress,SYNTHETIC_METADATA
IMG-0742-1,MPLADS-SYN-0742,images/IMG-0742-1.jpg,2026-04-01,13.744569,85.333661,Progress,SYNTHETIC_METADATA
IMG-0742-2,MPLADS-SYN-0742,images/IMG-0742-2.jpg,2026-05-10,13.744059,85.333984,Progress,SYNTHETIC_METADATA
IMG-0743-1,MPLADS-SYN-0743,images/IMG-0743-1.jpg,2026-05-20,15.072257,74.647651,Progress,SYNTHETIC_METADATA
IMG-0743-2,MPLADS-SYN-0743,images/IMG-0743-2.jpg,2026-09-08,15.072099,74.647751,Progress,SYNTHETIC_METADATA
IMG-0744-1,MPLADS-SYN-0744,images/IMG-0744-1.jpg,2026-04-07,22.939881,83.272905,Progress,SYNTHETIC_METADATA
IMG-0744-2,MPLADS-SYN-0744,images/IMG-0744-2.jpg,2026-03-24,22.940234,83.272615,Progress,SYNTHETIC_METADATA
IMG-0745-1,MPLADS-SYN-0745,images/IMG-0745-1.jpg,2026-06-03,8.167305,81.136349,Progress,SYNTHETIC_METADATA
IMG-0745-2,MPLADS-SYN-0745,images/IMG-0745-2.jpg,2026-04-22,8.166894,81.135947,Progress,SYNTHETIC_METADATA
IMG-0746-1,MPLADS-SYN-0746,images/IMG-0746-1.jpg,2026-04-09,22.583332,81.543842,Progress,SYNTHETIC_METADATA
IMG-0746-2,MPLADS-SYN-0746,images/IMG-0746-2.jpg,2026-02-01,22.583408,81.543751,Progress,SYNTHETIC_METADATA
IMG-0747-1,MPLADS-SYN-0747,images/IMG-0747-1.jpg,2026-06-09,27.641882,73.264506,Progress,SYNTHETIC_METADATA
IMG-0747-2,MPLADS-SYN-0747,images/IMG-0747-2.jpg,2026-09-15,27.642544,73.264588,Progress,SYNTHETIC_METADATA
IMG-0748-1,MPLADS-SYN-0748,images/IMG-0748-1.jpg,2026-06-24,17.463675,72.224991,Progress,SYNTHETIC_METADATA
IMG-0748-2,MPLADS-SYN-0748,images/IMG-0748-2.jpg,2026-07-21,17.463798,72.225495,Progress,SYNTHETIC_METADATA
IMG-0749-1,MPLADS-SYN-0749,images/IMG-0749-1.jpg,2026-07-25,23.010635,85.872316,Progress,SYNTHETIC_METADATA
IMG-0749-2,MPLADS-SYN-0749,images/IMG-0749-2.jpg,2026-05-14,23.010201,85.872081,Progress,SYNTHETIC_METADATA
IMG-0750-1,MPLADS-SYN-0750,images/IMG-0750-1.jpg,2026-05-03,8.667177,83.465121,Progress,SYNTHETIC_METADATA
IMG-0750-2,MPLADS-SYN-0750,images/IMG-0750-2.jpg,2026-04-16,8.666724,83.464998,Progress,SYNTHETIC_METADATA
IMG-0751-1,MPLADS-SYN-0751,images/IMG-0751-1.jpg,2026-06-19,11.654263,73.860058,Progress,SYNTHETIC_METADATA
IMG-0751-2,MPLADS-SYN-0751,images/IMG-0751-2.jpg,2026-06-18,11.654059,73.860105,Progress,SYNTHETIC_METADATA
IMG-0752-1,MPLADS-SYN-0752,images/IMG-0752-1.jpg,2026-09-20,24.542545,75.273443,Progress,SYNTHETIC_METADATA
IMG-0752-2,MPLADS-SYN-0752,images/IMG-0752-2.jpg,2026-05-25,24.542763,75.273828,Progress,SYNTHETIC_METADATA
IMG-0753-1,MPLADS-SYN-0753,images/IMG-0753-1.jpg,2026-08-10,25.173884,82.410809,Progress,SYNTHETIC_METADATA
IMG-0753-2,MPLADS-SYN-0753,images/IMG-0753-2.jpg,2026-07-22,25.173602,82.41104,Progress,SYNTHETIC_METADATA
IMG-0754-1,MPLADS-SYN-0754,images/IMG-0754-1.jpg,2026-07-05,22.282113,85.902628,Progress,SYNTHETIC_METADATA
IMG-0754-2,MPLADS-SYN-0754,images/IMG-0754-2.jpg,2026-07-13,22.282553,85.902583,Progress,SYNTHETIC_METADATA
IMG-0755-1,MPLADS-SYN-0755,images/IMG-0755-1.jpg,2026-08-03,13.819367,82.825839,Progress,SYNTHETIC_METADATA
IMG-0755-2,MPLADS-SYN-0755,images/IMG-0755-2.jpg,2026-05-14,13.819691,82.826025,Progress,SYNTHETIC_METADATA
IMG-0756-1,MPLADS-SYN-0756,images/IMG-0756-1.jpg,2026-09-19,27.487154,79.794294,Progress,SYNTHETIC_METADATA
IMG-0756-2,MPLADS-SYN-0756,images/IMG-0756-2.jpg,2026-09-02,27.48736,79.793567,Progress,SYNTHETIC_METADATA
IMG-0757-1,MPLADS-SYN-0757,images/IMG-0757-1.jpg,2026-06-14,23.776999,80.51657,Progress,SYNTHETIC_METADATA
IMG-0757-2,MPLADS-SYN-0757,images/IMG-0757-2.jpg,2026-06-03,23.777416,80.517202,Progress,SYNTHETIC_METADATA
IMG-0758-1,MPLADS-SYN-0758,images/IMG-0758-1.jpg,2026-03-30,16.444649,72.3225,Progress,SYNTHETIC_METADATA
IMG-0758-2,MPLADS-SYN-0758,images/IMG-0758-2.jpg,2026-06-11,16.444794,72.322475,Progress,SYNTHETIC_METADATA
IMG-0759-1,MPLADS-SYN-0759,images/IMG-0759-1.jpg,2026-12-11,27.759818,86.686604,Progress,SYNTHETIC_METADATA
IMG-0759-2,MPLADS-SYN-0759,images/IMG-0759-2.jpg,2026-12-30,27.759896,86.687148,Progress,SYNTHETIC_METADATA
IMG-0760-1,MPLADS-SYN-0760,images/IMG-0760-1.jpg,2026-12-01,19.836126,72.058118,Progress,SYNTHETIC_METADATA
IMG-0760-2,MPLADS-SYN-0760,images/IMG-0760-2.jpg,2026-11-30,19.836868,72.057383,Progress,SYNTHETIC_METADATA
IMG-0761-1,MPLADS-SYN-0761,images/IMG-0761-1.jpg,2026-07-22,17.532451,84.286693,Progress,SYNTHETIC_METADATA
IMG-0761-2,MPLADS-SYN-0761,images/IMG-0761-2.jpg,2026-08-10,17.532143,84.286817,Progress,SYNTHETIC_METADATA
IMG-0762-1,MPLADS-SYN-0762,images/IMG-0762-1.jpg,2026-05-21,12.703692,79.780098,Progress,SYNTHETIC_METADATA
IMG-0762-2,MPLADS-SYN-0762,images/IMG-0762-2.jpg,2026-04-25,12.70321,79.780421,Progress,SYNTHETIC_METADATA
IMG-0763-1,MPLADS-SYN-0763,images/IMG-0763-1.jpg,2026-09-01,15.916262,78.097259,Progress,SYNTHETIC_METADATA
IMG-0763-2,MPLADS-SYN-0763,images/IMG-0763-2.jpg,2026-09-02,15.916037,78.097456,Progress,SYNTHETIC_METADATA
IMG-0764-1,MPLADS-SYN-0764,images/IMG-0764-1.jpg,2026-02-07,26.659028,79.734689,Progress,SYNTHETIC_METADATA
IMG-0764-2,MPLADS-SYN-0764,images/IMG-0764-2.jpg,2026-06-11,26.658836,79.734289,Progress,SYNTHETIC_METADATA
IMG-0765-1,MPLADS-SYN-0765,images/IMG-0765-1.jpg,2026-03-16,14.865987,77.121573,Progress,SYNTHETIC_METADATA
IMG-0765-2,MPLADS-SYN-0765,images/IMG-0765-2.jpg,2026-03-08,14.865972,77.121569,Progress,SYNTHETIC_METADATA
IMG-0766-1,MPLADS-SYN-0766,images/IMG-0766-1.jpg,2026-08-12,17.454816,83.876669,Progress,SYNTHETIC_METADATA
IMG-0766-2,MPLADS-SYN-0766,images/IMG-0766-2.jpg,2026-07-17,17.454702,83.877085,Progress,SYNTHETIC_METADATA
IMG-0767-1,MPLADS-SYN-0767,images/IMG-0767-1.jpg,2026-04-07,26.828063,76.828531,Progress,SYNTHETIC_METADATA
IMG-0767-2,MPLADS-SYN-0767,images/IMG-0767-2.jpg,2026-03-06,26.828612,76.828432,Progress,SYNTHETIC_METADATA
IMG-0768-1,MPLADS-SYN-0768,images/IMG-0768-1.jpg,2026-07-05,18.416466,82.212888,Progress,SYNTHETIC_METADATA
IMG-0768-2,MPLADS-SYN-0768,images/IMG-0768-2.jpg,2026-08-08,18.416284,82.212562,Progress,SYNTHETIC_METADATA
IMG-0769-1,MPLADS-SYN-0769,images/IMG-0769-1.jpg,2026-05-31,20.041354,72.9672,Progress,SYNTHETIC_METADATA
IMG-0769-2,MPLADS-SYN-0769,images/IMG-0769-2.jpg,2026-06-20,20.041626,72.966973,Progress,SYNTHETIC_METADATA
IMG-0770-1,MPLADS-SYN-0770,images/IMG-0770-1.jpg,2027-01-13,10.05886,75.686603,Progress,SYNTHETIC_METADATA
IMG-0770-2,MPLADS-SYN-0770,images/IMG-0770-2.jpg,2027-01-01,10.05862,75.686583,Progress,SYNTHETIC_METADATA
IMG-0771-1,MPLADS-SYN-0771,images/IMG-0771-1.jpg,2026-11-09,24.665789,85.374543,Progress,SYNTHETIC_METADATA
IMG-0771-2,MPLADS-SYN-0771,images/IMG-0771-2.jpg,2026-06-30,24.666331,85.374009,Progress,SYNTHETIC_METADATA
IMG-0772-1,MPLADS-SYN-0772,images/IMG-0772-1.jpg,2026-10-22,12.370277,86.400465,Progress,SYNTHETIC_METADATA
IMG-0772-2,MPLADS-SYN-0772,images/IMG-0772-2.jpg,2026-08-16,12.370639,86.401235,Progress,SYNTHETIC_METADATA
IMG-0773-1,MPLADS-SYN-0773,images/IMG-0773-1.jpg,2026-05-14,8.98556,82.613628,Progress,SYNTHETIC_METADATA
IMG-0773-2,MPLADS-SYN-0773,images/IMG-0773-2.jpg,2026-03-24,8.985705,82.613513,Progress,SYNTHETIC_METADATA
IMG-0774-1,MPLADS-SYN-0774,images/IMG-0774-1.jpg,2026-01-24,11.347505,73.073698,Progress,SYNTHETIC_METADATA
IMG-0774-2,MPLADS-SYN-0774,images/IMG-0774-2.jpg,2026-04-12,11.347514,73.074598,Progress,SYNTHETIC_METADATA
IMG-0775-1,MPLADS-SYN-0775,images/IMG-0775-1.jpg,2026-08-01,22.026865,82.522127,Progress,SYNTHETIC_METADATA
IMG-0775-2,MPLADS-SYN-0775,images/IMG-0775-2.jpg,2026-10-02,22.027264,82.521713,Progress,SYNTHETIC_METADATA
IMG-0776-1,MPLADS-SYN-0776,images/IMG-0776-1.jpg,2026-11-06,10.762372,84.907792,Progress,SYNTHETIC_METADATA
IMG-0776-2,MPLADS-SYN-0776,images/IMG-0776-2.jpg,2026-11-02,10.762259,84.907903,Progress,SYNTHETIC_METADATA
IMG-0777-1,MPLADS-SYN-0777,images/IMG-0777-1.jpg,2026-07-08,22.694384,74.433912,Progress,SYNTHETIC_METADATA
IMG-0777-2,MPLADS-SYN-0777,images/IMG-0777-2.jpg,2026-08-14,22.693886,74.434154,Progress,SYNTHETIC_METADATA
IMG-0778-1,MPLADS-SYN-0778,images/IMG-0778-1.jpg,2026-03-17,26.887542,81.547479,Progress,SYNTHETIC_METADATA
IMG-0778-2,MPLADS-SYN-0778,images/IMG-0778-2.jpg,2026-07-17,26.888254,81.548127,Progress,SYNTHETIC_METADATA
IMG-0779-1,MPLADS-SYN-0779,images/IMG-0779-1.jpg,2026-03-02,25.661204,74.683013,Progress,SYNTHETIC_METADATA
IMG-0779-2,MPLADS-SYN-0779,images/IMG-0779-2.jpg,2026-02-27,25.660633,74.683276,Progress,SYNTHETIC_METADATA
IMG-0780-1,MPLADS-SYN-0780,images/IMG-0780-1.jpg,2026-05-20,19.357284,80.699506,Progress,SYNTHETIC_METADATA
IMG-0780-2,MPLADS-SYN-0780,images/IMG-0780-2.jpg,2026-04-24,19.357369,80.699707,Progress,SYNTHETIC_METADATA
IMG-0781-1,MPLADS-SYN-0781,images/IMG-0781-1.jpg,2026-07-06,26.90093,77.864953,Progress,SYNTHETIC_METADATA
IMG-0781-2,MPLADS-SYN-0781,images/IMG-0781-2.jpg,2026-05-29,26.900839,77.865255,Progress,SYNTHETIC_METADATA
IMG-0782-1,MPLADS-SYN-0782,images/IMG-0782-1.jpg,2026-07-10,20.292847,78.010885,Progress,SYNTHETIC_METADATA
IMG-0782-2,MPLADS-SYN-0782,images/IMG-0782-2.jpg,2026-07-27,20.292915,78.010439,Progress,SYNTHETIC_METADATA
IMG-0783-1,MPLADS-SYN-0783,images/IMG-0783-1.jpg,2026-06-05,8.839243,86.517655,Progress,SYNTHETIC_METADATA
IMG-0783-2,MPLADS-SYN-0783,images/IMG-0783-2.jpg,2026-05-29,8.839244,86.517517,Progress,SYNTHETIC_METADATA
IMG-0784-1,MPLADS-SYN-0784,images/IMG-0784-1.jpg,2026-10-12,13.359432,85.042808,Progress,SYNTHETIC_METADATA
IMG-0784-2,MPLADS-SYN-0784,images/IMG-0784-2.jpg,2026-09-19,13.359125,85.041981,Progress,SYNTHETIC_METADATA
IMG-0785-1,MPLADS-SYN-0785,images/IMG-0785-1.jpg,2026-10-15,17.713608,83.674166,Progress,SYNTHETIC_METADATA
IMG-0785-2,MPLADS-SYN-0785,images/IMG-0785-2.jpg,2026-06-06,17.713703,83.674051,Progress,SYNTHETIC_METADATA
IMG-0786-1,MPLADS-SYN-0786,images/IMG-0786-1.jpg,2026-07-03,25.085301,77.091456,Progress,SYNTHETIC_METADATA
IMG-0786-2,MPLADS-SYN-0786,images/IMG-0786-2.jpg,2026-11-28,25.085313,77.091682,Progress,SYNTHETIC_METADATA
IMG-0787-1,MPLADS-SYN-0787,images/IMG-0787-1.jpg,2026-08-31,23.542362,76.315634,Progress,SYNTHETIC_METADATA
IMG-0787-2,MPLADS-SYN-0787,images/IMG-0787-2.jpg,2026-10-24,23.541502,76.315851,Progress,SYNTHETIC_METADATA
IMG-0788-1,MPLADS-SYN-0788,images/IMG-0788-1.jpg,2026-07-27,15.932475,81.33698,Progress,SYNTHETIC_METADATA
IMG-0788-2,MPLADS-SYN-0788,images/IMG-0788-2.jpg,2026-07-21,15.932398,81.337522,Progress,SYNTHETIC_METADATA
IMG-0789-1,MPLADS-SYN-0789,images/IMG-0789-1.jpg,2026-11-24,27.452641,87.111103,Progress,SYNTHETIC_METADATA
IMG-0789-2,MPLADS-SYN-0789,images/IMG-0789-2.jpg,2026-10-26,27.452074,87.110737,Progress,SYNTHETIC_METADATA
IMG-0790-1,MPLADS-SYN-0790,images/IMG-0790-1.jpg,2026-06-07,18.150425,81.908611,Progress,SYNTHETIC_METADATA
IMG-0790-2,MPLADS-SYN-0790,images/IMG-0790-2.jpg,2026-07-24,18.151153,81.908535,Progress,SYNTHETIC_METADATA
IMG-0791-1,MPLADS-SYN-0791,images/IMG-0791-1.jpg,2026-02-02,22.795473,78.37404,Progress,SYNTHETIC_METADATA
IMG-0791-2,MPLADS-SYN-0791,images/IMG-0791-2.jpg,2026-03-30,22.795189,78.374107,Progress,SYNTHETIC_METADATA
IMG-0792-1,MPLADS-SYN-0792,images/IMG-0792-1.jpg,2026-06-05,11.67066,80.071868,Progress,SYNTHETIC_METADATA
IMG-0792-2,MPLADS-SYN-0792,images/IMG-0792-2.jpg,2026-06-23,11.670474,80.072614,Progress,SYNTHETIC_METADATA
IMG-0793-1,MPLADS-SYN-0793,images/IMG-0793-1.jpg,2026-06-09,17.642888,79.139279,Progress,SYNTHETIC_METADATA
IMG-0793-2,MPLADS-SYN-0793,images/IMG-0793-2.jpg,2026-06-28,17.642175,79.139312,Progress,SYNTHETIC_METADATA
IMG-0794-1,MPLADS-SYN-0794,images/IMG-0794-1.jpg,2026-09-01,18.818115,84.562624,Progress,SYNTHETIC_METADATA
IMG-0794-2,MPLADS-SYN-0794,images/IMG-0794-2.jpg,2026-07-10,18.818353,84.562591,Progress,SYNTHETIC_METADATA
IMG-0795-1,MPLADS-SYN-0795,images/IMG-0795-1.jpg,2026-08-26,13.472611,76.308125,Progress,SYNTHETIC_METADATA
IMG-0795-2,MPLADS-SYN-0795,images/IMG-0795-2.jpg,2026-08-12,13.4735,76.307883,Progress,SYNTHETIC_METADATA
IMG-0796-1,MPLADS-SYN-0796,images/IMG-0796-1.jpg,2026-02-05,10.405869,77.82797,Progress,SYNTHETIC_METADATA
IMG-0796-2,MPLADS-SYN-0796,images/IMG-0796-2.jpg,2026-06-06,10.405247,77.828071,Progress,SYNTHETIC_METADATA
IMG-0797-1,MPLADS-SYN-0797,images/IMG-0797-1.jpg,2026-04-16,14.712131,80.683629,Progress,SYNTHETIC_METADATA
IMG-0797-2,MPLADS-SYN-0797,images/IMG-0797-2.jpg,2026-06-08,14.712401,80.683163,Progress,SYNTHETIC_METADATA
IMG-0798-1,MPLADS-SYN-0798,images/IMG-0798-1.jpg,2026-03-05,13.775525,84.200889,Progress,SYNTHETIC_METADATA
IMG-0798-2,MPLADS-SYN-0798,images/IMG-0798-2.jpg,2026-04-24,13.775161,84.20121,Progress,SYNTHETIC_METADATA
IMG-0799-1,MPLADS-SYN-0799,images/IMG-0799-1.jpg,2026-06-13,10.58698,80.486476,Progress,SYNTHETIC_METADATA
IMG-0799-2,MPLADS-SYN-0799,images/IMG-0799-2.jpg,2026-06-11,10.587261,80.485805,Progress,SYNTHETIC_METADATA
IMG-0800-1,MPLADS-SYN-0800,images/IMG-0800-1.jpg,2026-04-13,13.401758,84.115383,Progress,SYNTHETIC_METADATA
IMG-0800-2,MPLADS-SYN-0800,images/IMG-0800-2.jpg,2026-04-16,13.402326,84.115221,Progress,SYNTHETIC_METADATA
IMG-0801-1,MPLADS-SYN-0801,images/IMG-0801-1.jpg,2026-07-22,23.668068,78.843639,Progress,SYNTHETIC_METADATA
IMG-0801-2,MPLADS-SYN-0801,images/IMG-0801-2.jpg,2026-11-25,23.667674,78.843451,Progress,SYNTHETIC_METADATA
IMG-0802-1,MPLADS-SYN-0802,images/IMG-0802-1.jpg,2027-01-12,28.15788,81.014024,Progress,SYNTHETIC_METADATA
IMG-0802-2,MPLADS-SYN-0802,images/IMG-0802-2.jpg,2026-12-02,28.158076,81.014307,Progress,SYNTHETIC_METADATA
IMG-0803-1,MPLADS-SYN-0803,images/IMG-0803-1.jpg,2026-05-02,18.634337,87.570158,Progress,SYNTHETIC_METADATA
IMG-0803-2,MPLADS-SYN-0803,images/IMG-0803-2.jpg,2026-06-13,18.634845,87.570275,Progress,SYNTHETIC_METADATA
IMG-0804-1,MPLADS-SYN-0804,images/IMG-0804-1.jpg,2026-08-11,19.268448,79.319925,Progress,SYNTHETIC_METADATA
IMG-0804-2,MPLADS-SYN-0804,images/IMG-0804-2.jpg,2026-06-25,19.268503,79.320281,Progress,SYNTHETIC_METADATA
IMG-0805-1,MPLADS-SYN-0805,images/IMG-0805-1.jpg,2026-08-31,25.215365,81.512969,Progress,SYNTHETIC_METADATA
IMG-0805-2,MPLADS-SYN-0805,images/IMG-0805-2.jpg,2026-08-05,25.215835,81.513274,Progress,SYNTHETIC_METADATA
IMG-0806-1,MPLADS-SYN-0806,images/IMG-0806-1.jpg,2027-03-03,26.177063,77.565399,Progress,SYNTHETIC_METADATA
IMG-0806-2,MPLADS-SYN-0806,images/IMG-0806-2.jpg,2026-10-16,26.176777,77.565922,Progress,SYNTHETIC_METADATA
IMG-0807-1,MPLADS-SYN-0807,images/IMG-0807-1.jpg,2026-04-14,19.220668,72.819578,Progress,SYNTHETIC_METADATA
IMG-0807-2,MPLADS-SYN-0807,images/IMG-0807-2.jpg,2026-06-01,19.220686,72.819504,Progress,SYNTHETIC_METADATA
IMG-0808-1,MPLADS-SYN-0808,images/IMG-0808-1.jpg,2026-04-29,15.202573,82.237043,Progress,SYNTHETIC_METADATA
IMG-0808-2,MPLADS-SYN-0808,images/IMG-0808-2.jpg,2026-04-04,15.20294,82.236814,Progress,SYNTHETIC_METADATA
IMG-0809-1,MPLADS-SYN-0809,images/IMG-0809-1.jpg,2026-03-18,13.102591,73.435752,Progress,SYNTHETIC_METADATA
IMG-0809-2,MPLADS-SYN-0809,images/IMG-0809-2.jpg,2026-03-05,13.102844,73.435217,Progress,SYNTHETIC_METADATA
IMG-0810-1,MPLADS-SYN-0810,images/IMG-0810-1.jpg,2026-02-22,25.331421,87.139197,Progress,SYNTHETIC_METADATA
IMG-0810-2,MPLADS-SYN-0810,images/IMG-0810-2.jpg,2026-02-25,25.331934,87.139066,Progress,SYNTHETIC_METADATA
IMG-0811-1,MPLADS-SYN-0811,images/IMG-0811-1.jpg,2026-04-10,10.978289,73.786037,Progress,SYNTHETIC_METADATA
IMG-0811-2,MPLADS-SYN-0811,images/IMG-0811-2.jpg,2026-04-12,10.977844,73.786611,Progress,SYNTHETIC_METADATA
IMG-0812-1,MPLADS-SYN-0812,images/IMG-0812-1.jpg,2026-07-25,8.133491,79.952849,Progress,SYNTHETIC_METADATA
IMG-0812-2,MPLADS-SYN-0812,images/IMG-0812-2.jpg,2026-06-29,8.133394,79.952929,Progress,SYNTHETIC_METADATA
IMG-0813-1,MPLADS-SYN-0813,images/IMG-0813-1.jpg,2026-08-03,12.853899,83.375836,Progress,SYNTHETIC_METADATA
IMG-0813-2,MPLADS-SYN-0813,images/IMG-0813-2.jpg,2026-07-16,12.85395,83.3753,Progress,SYNTHETIC_METADATA
IMG-0814-1,MPLADS-SYN-0814,images/IMG-0814-1.jpg,2026-08-25,16.034909,86.344322,Progress,SYNTHETIC_METADATA
IMG-0814-2,MPLADS-SYN-0814,images/IMG-0814-2.jpg,2026-09-09,16.035187,86.344404,Progress,SYNTHETIC_METADATA
IMG-0815-1,MPLADS-SYN-0815,images/IMG-0815-1.jpg,2026-08-01,15.067342,85.926095,Progress,SYNTHETIC_METADATA
IMG-0815-2,MPLADS-SYN-0815,images/IMG-0815-2.jpg,2026-10-18,15.066696,85.92624,Progress,SYNTHETIC_METADATA
IMG-0816-1,MPLADS-SYN-0816,images/IMG-0816-1.jpg,2026-04-08,26.482416,73.982317,Progress,SYNTHETIC_METADATA
IMG-0816-2,MPLADS-SYN-0816,images/IMG-0816-2.jpg,2026-07-12,26.482592,73.981848,Progress,SYNTHETIC_METADATA
IMG-0817-1,MPLADS-SYN-0817,images/IMG-0817-1.jpg,2026-07-06,27.374742,82.800564,Progress,SYNTHETIC_METADATA
IMG-0817-2,MPLADS-SYN-0817,images/IMG-0817-2.jpg,2027-01-08,27.375084,82.801045,Progress,SYNTHETIC_METADATA
IMG-0818-1,MPLADS-SYN-0818,images/IMG-0818-1.jpg,2026-09-09,25.283906,74.935581,Progress,SYNTHETIC_METADATA
IMG-0818-2,MPLADS-SYN-0818,images/IMG-0818-2.jpg,2026-09-16,25.283188,74.936089,Progress,SYNTHETIC_METADATA
IMG-0819-1,MPLADS-SYN-0819,images/IMG-0819-1.jpg,2026-09-01,23.539676,82.698,Progress,SYNTHETIC_METADATA
IMG-0819-2,MPLADS-SYN-0819,images/IMG-0819-2.jpg,2026-09-12,23.539411,82.69826,Progress,SYNTHETIC_METADATA
IMG-0820-1,MPLADS-SYN-0820,images/IMG-0820-1.jpg,2026-08-30,19.010838,77.35418,Progress,SYNTHETIC_METADATA
IMG-0820-2,MPLADS-SYN-0820,images/IMG-0820-2.jpg,2026-07-31,19.010959,77.354829,Progress,SYNTHETIC_METADATA
IMG-0821-1,MPLADS-SYN-0821,images/IMG-0821-1.jpg,2026-07-26,9.827697,83.824057,Progress,SYNTHETIC_METADATA
IMG-0821-2,MPLADS-SYN-0821,images/IMG-0821-2.jpg,2026-12-24,9.827987,83.824804,Progress,SYNTHETIC_METADATA
IMG-0822-1,MPLADS-SYN-0822,images/IMG-0822-1.jpg,2026-05-09,17.681398,72.818207,Progress,SYNTHETIC_METADATA
IMG-0822-2,MPLADS-SYN-0822,images/IMG-0822-2.jpg,2026-04-23,17.681767,72.818356,Progress,SYNTHETIC_METADATA
IMG-0823-1,MPLADS-SYN-0823,images/IMG-0823-1.jpg,2026-05-13,15.3731,85.259315,Progress,SYNTHETIC_METADATA
IMG-0823-2,MPLADS-SYN-0823,images/IMG-0823-2.jpg,2026-06-04,15.372617,85.259795,Progress,SYNTHETIC_METADATA
IMG-0824-1,MPLADS-SYN-0824,images/IMG-0824-1.jpg,2026-04-06,18.52135,77.970183,Progress,SYNTHETIC_METADATA
IMG-0824-2,MPLADS-SYN-0824,images/IMG-0824-2.jpg,2026-03-28,18.521321,77.969984,Progress,SYNTHETIC_METADATA
IMG-0825-1,MPLADS-SYN-0825,images/IMG-0825-1.jpg,2026-04-14,11.826051,85.18802,Progress,SYNTHETIC_METADATA
IMG-0825-2,MPLADS-SYN-0825,images/IMG-0825-2.jpg,2026-04-17,11.825707,85.188718,Progress,SYNTHETIC_METADATA
IMG-0826-1,MPLADS-SYN-0826,images/IMG-0826-1.jpg,2026-09-24,28.480964,74.608257,Progress,SYNTHETIC_METADATA
IMG-0826-2,MPLADS-SYN-0826,images/IMG-0826-2.jpg,2026-07-28,28.480926,74.608461,Progress,SYNTHETIC_METADATA
IMG-0827-1,MPLADS-SYN-0827,images/IMG-0827-1.jpg,2026-03-15,21.801144,85.264744,Progress,SYNTHETIC_METADATA
IMG-0827-2,MPLADS-SYN-0827,images/IMG-0827-2.jpg,2026-02-17,21.800973,85.264109,Progress,SYNTHETIC_METADATA
IMG-0828-1,MPLADS-SYN-0828,images/IMG-0828-1.jpg,2026-08-22,21.285823,88.008646,Progress,SYNTHETIC_METADATA
IMG-0828-2,MPLADS-SYN-0828,images/IMG-0828-2.jpg,2026-05-11,21.285955,88.008877,Progress,SYNTHETIC_METADATA
IMG-0829-1,MPLADS-SYN-0829,images/IMG-0829-1.jpg,2026-03-07,22.825555,81.100918,Progress,SYNTHETIC_METADATA
IMG-0829-2,MPLADS-SYN-0829,images/IMG-0829-2.jpg,2026-04-18,22.825729,81.100743,Progress,SYNTHETIC_METADATA
IMG-0830-1,MPLADS-SYN-0830,images/IMG-0830-1.jpg,2026-05-21,21.51916,77.847089,Progress,SYNTHETIC_METADATA
IMG-0830-2,MPLADS-SYN-0830,images/IMG-0830-2.jpg,2026-10-31,21.518339,77.847523,Progress,SYNTHETIC_METADATA
IMG-0831-1,MPLADS-SYN-0831,images/IMG-0831-1.jpg,2026-05-13,23.205342,86.05107,Progress,SYNTHETIC_METADATA
IMG-0831-2,MPLADS-SYN-0831,images/IMG-0831-2.jpg,2026-08-03,23.205131,86.052003,Progress,SYNTHETIC_METADATA
IMG-0832-1,MPLADS-SYN-0832,images/IMG-0832-1.jpg,2026-04-25,8.486386,73.439128,Progress,SYNTHETIC_METADATA
IMG-0832-2,MPLADS-SYN-0832,images/IMG-0832-2.jpg,2026-05-08,8.486442,73.439895,Progress,SYNTHETIC_METADATA
IMG-0833-1,MPLADS-SYN-0833,images/IMG-0833-1.jpg,2026-07-09,14.892833,77.509937,Progress,SYNTHETIC_METADATA
IMG-0833-2,MPLADS-SYN-0833,images/IMG-0833-2.jpg,2026-06-07,14.892783,77.509892,Progress,SYNTHETIC_METADATA
IMG-0834-1,MPLADS-SYN-0834,images/IMG-0834-1.jpg,2026-09-18,10.396774,76.172797,Progress,SYNTHETIC_METADATA
IMG-0834-2,MPLADS-SYN-0834,images/IMG-0834-2.jpg,2026-09-09,10.396856,76.172592,Progress,SYNTHETIC_METADATA
IMG-0835-1,MPLADS-SYN-0835,images/IMG-0835-1.jpg,2026-05-27,14.482311,72.513274,Progress,SYNTHETIC_METADATA
IMG-0835-2,MPLADS-SYN-0835,images/IMG-0835-2.jpg,2026-05-19,14.482071,72.513564,Progress,SYNTHETIC_METADATA
IMG-0836-1,MPLADS-SYN-0836,images/IMG-0836-1.jpg,2026-01-29,8.187747,76.574388,Progress,SYNTHETIC_METADATA
IMG-0836-2,MPLADS-SYN-0836,images/IMG-0836-2.jpg,2026-03-16,8.187521,76.57394,Progress,SYNTHETIC_METADATA
IMG-0837-1,MPLADS-SYN-0837,images/IMG-0837-1.jpg,2026-02-04,17.496285,72.775124,Progress,SYNTHETIC_METADATA
IMG-0837-2,MPLADS-SYN-0837,images/IMG-0837-2.jpg,2026-05-04,17.496528,72.775207,Progress,SYNTHETIC_METADATA
IMG-0838-1,MPLADS-SYN-0838,images/IMG-0838-1.jpg,2026-06-26,24.688177,87.218031,Progress,SYNTHETIC_METADATA
IMG-0838-2,MPLADS-SYN-0838,images/IMG-0838-2.jpg,2026-05-26,24.688842,87.218565,Progress,SYNTHETIC_METADATA
IMG-0839-1,MPLADS-SYN-0839,images/IMG-0839-1.jpg,2026-08-05,21.121406,72.458435,Progress,SYNTHETIC_METADATA
IMG-0839-2,MPLADS-SYN-0839,images/IMG-0839-2.jpg,2026-07-07,21.121808,72.457982,Progress,SYNTHETIC_METADATA
IMG-0840-1,MPLADS-SYN-0840,images/IMG-0840-1.jpg,2026-09-20,23.867003,86.485075,Progress,SYNTHETIC_METADATA
IMG-0840-2,MPLADS-SYN-0840,images/IMG-0840-2.jpg,2026-09-08,23.866241,86.48526,Progress,SYNTHETIC_METADATA
IMG-0841-1,MPLADS-SYN-0841,images/IMG-0841-1.jpg,2027-03-07,20.011313,86.561438,Progress,SYNTHETIC_METADATA
IMG-0841-2,MPLADS-SYN-0841,images/IMG-0841-2.jpg,2026-12-01,20.011443,86.561571,Progress,SYNTHETIC_METADATA
IMG-0842-1,MPLADS-SYN-0842,images/IMG-0842-1.jpg,2026-08-03,10.486517,86.618021,Progress,SYNTHETIC_METADATA
IMG-0842-2,MPLADS-SYN-0842,images/IMG-0842-2.jpg,2026-08-08,10.486496,86.618498,Progress,SYNTHETIC_METADATA
IMG-0843-1,MPLADS-SYN-0843,images/IMG-0843-1.jpg,2026-11-02,19.9817,76.067276,Progress,SYNTHETIC_METADATA
IMG-0843-2,MPLADS-SYN-0843,images/IMG-0843-2.jpg,2026-10-29,19.982381,76.067848,Progress,SYNTHETIC_METADATA
IMG-0844-1,MPLADS-SYN-0844,images/IMG-0844-1.jpg,2026-07-09,12.371815,87.922567,Progress,SYNTHETIC_METADATA
IMG-0844-2,MPLADS-SYN-0844,images/IMG-0844-2.jpg,2026-04-18,12.371722,87.922624,Progress,SYNTHETIC_METADATA
IMG-0845-1,MPLADS-SYN-0845,images/IMG-0845-1.jpg,2026-05-03,24.288652,75.01194,Progress,SYNTHETIC_METADATA
IMG-0845-2,MPLADS-SYN-0845,images/IMG-0845-2.jpg,2026-08-29,24.289211,75.0127,Progress,SYNTHETIC_METADATA
IMG-0846-1,MPLADS-SYN-0846,images/IMG-0846-1.jpg,2026-10-19,13.097282,87.99851,Progress,SYNTHETIC_METADATA
IMG-0846-2,MPLADS-SYN-0846,images/IMG-0846-2.jpg,2026-12-20,13.096681,87.998662,Progress,SYNTHETIC_METADATA
IMG-0847-1,MPLADS-SYN-0847,images/IMG-0847-1.jpg,2026-03-22,22.682017,72.003799,Progress,SYNTHETIC_METADATA
IMG-0847-2,MPLADS-SYN-0847,images/IMG-0847-2.jpg,2026-02-14,22.681424,72.004588,Progress,SYNTHETIC_METADATA
IMG-0848-1,MPLADS-SYN-0848,images/IMG-0848-1.jpg,2026-03-26,27.572189,84.115047,Progress,SYNTHETIC_METADATA
IMG-0848-2,MPLADS-SYN-0848,images/IMG-0848-2.jpg,2026-05-19,27.571848,84.115456,Progress,SYNTHETIC_METADATA
IMG-0849-1,MPLADS-SYN-0849,images/IMG-0849-1.jpg,2026-10-03,21.57324,87.069776,Progress,SYNTHETIC_METADATA
IMG-0849-2,MPLADS-SYN-0849,images/IMG-0849-2.jpg,2026-05-11,21.57356,87.069836,Progress,SYNTHETIC_METADATA
IMG-0850-1,MPLADS-SYN-0850,images/IMG-0850-1.jpg,2026-06-18,21.388808,79.425561,Progress,SYNTHETIC_METADATA
IMG-0850-2,MPLADS-SYN-0850,images/IMG-0850-2.jpg,2026-04-10,21.389421,79.425675,Progress,SYNTHETIC_METADATA
IMG-0851-1,MPLADS-SYN-0851,images/IMG-0851-1.jpg,2026-04-18,15.466595,86.701761,Progress,SYNTHETIC_METADATA
IMG-0851-2,MPLADS-SYN-0851,images/IMG-0851-2.jpg,2026-08-21,15.466531,86.70164,Progress,SYNTHETIC_METADATA
IMG-0852-1,MPLADS-SYN-0852,images/IMG-0852-1.jpg,2026-08-02,16.316065,82.794702,Progress,SYNTHETIC_METADATA
IMG-0852-2,MPLADS-SYN-0852,images/IMG-0852-2.jpg,2026-06-15,16.315774,82.794953,Progress,SYNTHETIC_METADATA
IMG-0853-1,MPLADS-SYN-0853,images/IMG-0853-1.jpg,2026-09-23,26.584366,86.718251,Progress,SYNTHETIC_METADATA
IMG-0853-2,MPLADS-SYN-0853,images/IMG-0853-2.jpg,2026-11-10,26.583841,86.718284,Progress,SYNTHETIC_METADATA
IMG-0854-1,MPLADS-SYN-0854,images/IMG-0854-1.jpg,2026-06-13,8.488053,79.60683,Progress,SYNTHETIC_METADATA
IMG-0854-2,MPLADS-SYN-0854,images/IMG-0854-2.jpg,2026-07-04,8.488365,79.606828,Progress,SYNTHETIC_METADATA
IMG-0855-1,MPLADS-SYN-0855,images/IMG-0855-1.jpg,2026-05-24,15.232097,72.139128,Progress,SYNTHETIC_METADATA
IMG-0855-2,MPLADS-SYN-0855,images/IMG-0855-2.jpg,2026-10-11,15.232028,72.138482,Progress,SYNTHETIC_METADATA
IMG-0856-1,MPLADS-SYN-0856,images/IMG-0856-1.jpg,2026-05-25,22.05463,72.572868,Progress,SYNTHETIC_METADATA
IMG-0856-2,MPLADS-SYN-0856,images/IMG-0856-2.jpg,2026-09-05,22.053971,72.572088,Progress,SYNTHETIC_METADATA
IMG-0857-1,MPLADS-SYN-0857,images/IMG-0857-1.jpg,2026-12-06,13.936241,74.532162,Progress,SYNTHETIC_METADATA
IMG-0857-2,MPLADS-SYN-0857,images/IMG-0857-2.jpg,2026-10-09,13.936076,74.532458,Progress,SYNTHETIC_METADATA
IMG-0858-1,MPLADS-SYN-0858,images/IMG-0858-1.jpg,2026-12-23,27.362982,78.38671,Progress,SYNTHETIC_METADATA
IMG-0858-2,MPLADS-SYN-0858,images/IMG-0858-2.jpg,2027-03-02,27.363629,78.387115,Progress,SYNTHETIC_METADATA
IMG-0859-1,MPLADS-SYN-0859,images/IMG-0859-1.jpg,2026-10-27,21.93366,88.447556,Progress,SYNTHETIC_METADATA
IMG-0859-2,MPLADS-SYN-0859,images/IMG-0859-2.jpg,2026-11-24,21.933533,88.446984,Progress,SYNTHETIC_METADATA
IMG-0860-1,MPLADS-SYN-0860,images/IMG-0860-1.jpg,2026-08-02,8.748081,74.568471,Progress,SYNTHETIC_METADATA
IMG-0860-2,MPLADS-SYN-0860,images/IMG-0860-2.jpg,2026-07-30,8.747993,74.568813,Progress,SYNTHETIC_METADATA
IMG-0861-1,MPLADS-SYN-0861,images/IMG-0861-1.jpg,2026-03-24,14.197165,84.997413,Progress,SYNTHETIC_METADATA
IMG-0861-2,MPLADS-SYN-0861,images/IMG-0861-2.jpg,2026-05-12,14.196335,84.998034,Progress,SYNTHETIC_METADATA
IMG-0862-1,MPLADS-SYN-0862,images/IMG-0862-1.jpg,2026-08-07,19.830511,86.354058,Progress,SYNTHETIC_METADATA
IMG-0862-2,MPLADS-SYN-0862,images/IMG-0862-2.jpg,2026-07-25,19.83095,86.354434,Progress,SYNTHETIC_METADATA
IMG-0863-1,MPLADS-SYN-0863,images/IMG-0863-1.jpg,2026-04-12,28.221387,77.71958,Progress,SYNTHETIC_METADATA
IMG-0863-2,MPLADS-SYN-0863,images/IMG-0863-2.jpg,2026-09-21,28.221056,77.71911,Progress,SYNTHETIC_METADATA
IMG-0864-1,MPLADS-SYN-0864,images/IMG-0864-1.jpg,2026-07-12,18.255063,77.266197,Progress,SYNTHETIC_METADATA
IMG-0864-2,MPLADS-SYN-0864,images/IMG-0864-2.jpg,2026-05-24,18.254533,77.265864,Progress,SYNTHETIC_METADATA
IMG-0865-1,MPLADS-SYN-0865,images/IMG-0865-1.jpg,2026-10-13,13.621806,78.949097,Progress,SYNTHETIC_METADATA
IMG-0865-2,MPLADS-SYN-0865,images/IMG-0865-2.jpg,2026-10-03,13.621638,78.948956,Progress,SYNTHETIC_METADATA
IMG-0866-1,MPLADS-SYN-0866,images/IMG-0866-1.jpg,2026-04-20,22.459365,79.386878,Progress,SYNTHETIC_METADATA
IMG-0866-2,MPLADS-SYN-0866,images/IMG-0866-2.jpg,2026-03-22,22.459096,79.387035,Progress,SYNTHETIC_METADATA
IMG-0867-1,MPLADS-SYN-0867,images/IMG-0867-1.jpg,2026-03-03,17.977393,74.952378,Progress,SYNTHETIC_METADATA
IMG-0867-2,MPLADS-SYN-0867,images/IMG-0867-2.jpg,2026-01-28,17.976691,74.952952,Progress,SYNTHETIC_METADATA
IMG-0868-1,MPLADS-SYN-0868,images/IMG-0868-1.jpg,2026-08-26,19.520879,79.119001,Progress,SYNTHETIC_METADATA
IMG-0868-2,MPLADS-SYN-0868,images/IMG-0868-2.jpg,2026-08-25,19.520995,79.118822,Progress,SYNTHETIC_METADATA
IMG-0869-1,MPLADS-SYN-0869,images/IMG-0869-1.jpg,2027-02-01,17.708341,72.905084,Progress,SYNTHETIC_METADATA
IMG-0869-2,MPLADS-SYN-0869,images/IMG-0869-2.jpg,2026-11-22,17.708764,72.905178,Progress,SYNTHETIC_METADATA
IMG-0870-1,MPLADS-SYN-0870,images/IMG-0870-1.jpg,2026-11-20,15.38428,80.582667,Progress,SYNTHETIC_METADATA
IMG-0870-2,MPLADS-SYN-0870,images/IMG-0870-2.jpg,2026-06-20,15.384639,80.582328,Progress,SYNTHETIC_METADATA
IMG-0871-1,MPLADS-SYN-0871,images/IMG-0871-1.jpg,2026-03-24,12.408878,80.269479,Progress,SYNTHETIC_METADATA
IMG-0871-2,MPLADS-SYN-0871,images/IMG-0871-2.jpg,2026-05-09,12.409104,80.26912,Progress,SYNTHETIC_METADATA
IMG-0872-1,MPLADS-SYN-0872,images/IMG-0872-1.jpg,2026-08-25,10.156792,81.600315,Progress,SYNTHETIC_METADATA
IMG-0872-2,MPLADS-SYN-0872,images/IMG-0872-2.jpg,2026-01-10,10.156209,81.599904,Progress,SYNTHETIC_METADATA
IMG-0873-1,MPLADS-SYN-0873,images/IMG-0873-1.jpg,2026-07-30,25.825836,87.396387,Progress,SYNTHETIC_METADATA
IMG-0873-2,MPLADS-SYN-0873,images/IMG-0873-2.jpg,2026-06-09,25.825776,87.39563,Progress,SYNTHETIC_METADATA
IMG-0874-1,MPLADS-SYN-0874,images/IMG-0874-1.jpg,2026-04-14,18.128743,72.438516,Progress,SYNTHETIC_METADATA
IMG-0874-2,MPLADS-SYN-0874,images/IMG-0874-2.jpg,2026-04-03,18.129185,72.43875,Progress,SYNTHETIC_METADATA
IMG-0875-1,MPLADS-SYN-0875,images/IMG-0875-1.jpg,2026-04-13,18.698865,84.858094,Progress,SYNTHETIC_METADATA
IMG-0875-2,MPLADS-SYN-0875,images/IMG-0875-2.jpg,2026-03-25,18.698803,84.858382,Progress,SYNTHETIC_METADATA
IMG-0876-1,MPLADS-SYN-0876,images/IMG-0876-1.jpg,2026-12-08,27.061686,74.269065,Progress,SYNTHETIC_METADATA
IMG-0876-2,MPLADS-SYN-0876,images/IMG-0876-2.jpg,2026-12-26,27.062009,74.269831,Progress,SYNTHETIC_METADATA
IMG-0877-1,MPLADS-SYN-0877,images/IMG-0877-1.jpg,2026-10-30,25.585452,81.351299,Progress,SYNTHETIC_METADATA
IMG-0877-2,MPLADS-SYN-0877,images/IMG-0877-2.jpg,2026-10-10,25.584679,81.351279,Progress,SYNTHETIC_METADATA
IMG-0878-1,MPLADS-SYN-0878,images/IMG-0878-1.jpg,2026-05-25,9.539788,86.841694,Progress,SYNTHETIC_METADATA
IMG-0878-2,MPLADS-SYN-0878,images/IMG-0878-2.jpg,2026-06-19,9.540036,86.841814,Progress,SYNTHETIC_METADATA
IMG-0879-1,MPLADS-SYN-0879,images/IMG-0879-1.jpg,2026-06-03,26.332969,82.10463,Progress,SYNTHETIC_METADATA
IMG-0879-2,MPLADS-SYN-0879,images/IMG-0879-2.jpg,2026-05-09,26.332641,82.105003,Progress,SYNTHETIC_METADATA
IMG-0880-1,MPLADS-SYN-0880,images/IMG-0880-1.jpg,2026-06-22,20.930623,72.932894,Progress,SYNTHETIC_METADATA
IMG-0880-2,MPLADS-SYN-0880,images/IMG-0880-2.jpg,2026-05-15,20.930999,72.932979,Progress,SYNTHETIC_METADATA
IMG-0881-1,MPLADS-SYN-0881,images/IMG-0881-1.jpg,2026-03-04,13.435726,81.50191,Progress,SYNTHETIC_METADATA
IMG-0881-2,MPLADS-SYN-0881,images/IMG-0881-2.jpg,2026-03-18,13.435002,81.501845,Progress,SYNTHETIC_METADATA
IMG-0882-1,MPLADS-SYN-0882,images/IMG-0882-1.jpg,2026-07-27,18.830159,80.18164,Progress,SYNTHETIC_METADATA
IMG-0882-2,MPLADS-SYN-0882,images/IMG-0882-2.jpg,2026-07-03,18.829925,80.181403,Progress,SYNTHETIC_METADATA
IMG-0883-1,MPLADS-SYN-0883,images/IMG-0883-1.jpg,2026-09-10,21.95178,88.145001,Progress,SYNTHETIC_METADATA
IMG-0883-2,MPLADS-SYN-0883,images/IMG-0883-2.jpg,2026-10-08,21.950904,88.144741,Progress,SYNTHETIC_METADATA
IMG-0884-1,MPLADS-SYN-0884,images/IMG-0884-1.jpg,2026-01-15,8.045972,83.998047,Progress,SYNTHETIC_METADATA
IMG-0884-2,MPLADS-SYN-0884,images/IMG-0884-2.jpg,2026-02-28,8.04574,83.998243,Progress,SYNTHETIC_METADATA
IMG-0885-1,MPLADS-SYN-0885,images/IMG-0885-1.jpg,2026-04-01,13.704402,76.449795,Progress,SYNTHETIC_METADATA
IMG-0885-2,MPLADS-SYN-0885,images/IMG-0885-2.jpg,2026-04-06,13.704773,76.449535,Progress,SYNTHETIC_METADATA
IMG-0886-1,MPLADS-SYN-0886,images/IMG-0886-1.jpg,2026-03-03,20.407506,84.040724,Progress,SYNTHETIC_METADATA
IMG-0886-2,MPLADS-SYN-0886,images/IMG-0886-2.jpg,2026-03-23,20.407669,84.040974,Progress,SYNTHETIC_METADATA
IMG-0887-1,MPLADS-SYN-0887,images/IMG-0887-1.jpg,2026-08-04,9.248478,77.759077,Progress,SYNTHETIC_METADATA
IMG-0887-2,MPLADS-SYN-0887,images/IMG-0887-2.jpg,2026-03-29,9.247731,77.75915,Progress,SYNTHETIC_METADATA
IMG-0888-1,MPLADS-SYN-0888,images/IMG-0888-1.jpg,2026-05-19,23.596163,88.368897,Progress,SYNTHETIC_METADATA
IMG-0888-2,MPLADS-SYN-0888,images/IMG-0888-2.jpg,2026-07-18,23.595919,88.369414,Progress,SYNTHETIC_METADATA
IMG-0889-1,MPLADS-SYN-0889,images/IMG-0889-1.jpg,2026-10-15,20.608447,78.883994,Progress,SYNTHETIC_METADATA
IMG-0889-2,MPLADS-SYN-0889,images/IMG-0889-2.jpg,2026-08-26,20.608246,78.883846,Progress,SYNTHETIC_METADATA
IMG-0890-1,MPLADS-SYN-0890,images/IMG-0890-1.jpg,2026-09-09,23.128919,83.176907,Progress,SYNTHETIC_METADATA
IMG-0890-2,MPLADS-SYN-0890,images/IMG-0890-2.jpg,2026-08-30,23.128693,83.176642,Progress,SYNTHETIC_METADATA
IMG-0891-1,MPLADS-SYN-0891,images/IMG-0891-1.jpg,2026-09-10,14.125008,82.188599,Progress,SYNTHETIC_METADATA
IMG-0891-2,MPLADS-SYN-0891,images/IMG-0891-2.jpg,2026-09-06,14.125113,82.188575,Progress,SYNTHETIC_METADATA
IMG-0892-1,MPLADS-SYN-0892,images/IMG-0892-1.jpg,2026-08-03,24.405308,78.972739,Progress,SYNTHETIC_METADATA
IMG-0892-2,MPLADS-SYN-0892,images/IMG-0892-2.jpg,2026-09-06,24.405732,78.972341,Progress,SYNTHETIC_METADATA
IMG-0893-1,MPLADS-SYN-0893,images/IMG-0893-1.jpg,2026-12-29,17.473014,73.84233,Progress,SYNTHETIC_METADATA
IMG-0893-2,MPLADS-SYN-0893,images/IMG-0893-2.jpg,2026-09-25,17.472818,73.842328,Progress,SYNTHETIC_METADATA
IMG-0894-1,MPLADS-SYN-0894,images/IMG-0894-1.jpg,2027-02-25,8.923097,86.739425,Progress,SYNTHETIC_METADATA
IMG-0894-2,MPLADS-SYN-0894,images/IMG-0894-2.jpg,2026-10-27,8.923335,86.739641,Progress,SYNTHETIC_METADATA
IMG-0895-1,MPLADS-SYN-0895,images/IMG-0895-1.jpg,2026-10-28,10.613721,83.306677,Progress,SYNTHETIC_METADATA
IMG-0895-2,MPLADS-SYN-0895,images/IMG-0895-2.jpg,2026-08-22,10.613865,83.306399,Progress,SYNTHETIC_METADATA
IMG-0896-1,MPLADS-SYN-0896,images/IMG-0896-1.jpg,2026-06-16,8.290441,81.383517,Progress,SYNTHETIC_METADATA
IMG-0896-2,MPLADS-SYN-0896,images/IMG-0896-2.jpg,2026-06-30,8.290435,81.383325,Progress,SYNTHETIC_METADATA
IMG-0897-1,MPLADS-SYN-0897,images/IMG-0897-1.jpg,2026-11-06,28.303148,84.202593,Progress,SYNTHETIC_METADATA
IMG-0897-2,MPLADS-SYN-0897,images/IMG-0897-2.jpg,2026-08-28,28.302854,84.202066,Progress,SYNTHETIC_METADATA
IMG-0898-1,MPLADS-SYN-0898,images/IMG-0898-1.jpg,2026-07-17,8.348413,80.648939,Progress,SYNTHETIC_METADATA
IMG-0898-2,MPLADS-SYN-0898,images/IMG-0898-2.jpg,2026-09-08,8.34843,80.648388,Progress,SYNTHETIC_METADATA
IMG-0899-1,MPLADS-SYN-0899,images/IMG-0899-1.jpg,2026-04-15,22.242875,78.285056,Progress,SYNTHETIC_METADATA
IMG-0899-2,MPLADS-SYN-0899,images/IMG-0899-2.jpg,2026-05-10,22.242668,78.285041,Progress,SYNTHETIC_METADATA
IMG-0900-1,MPLADS-SYN-0900,images/IMG-0900-1.jpg,2026-10-16,16.041425,83.880882,Progress,SYNTHETIC_METADATA
IMG-0900-2,MPLADS-SYN-0900,images/IMG-0900-2.jpg,2026-10-13,16.041714,83.881023,Progress,SYNTHETIC_METADATA
IMG-0901-1,MPLADS-SYN-0901,images/IMG-0901-1.jpg,2026-10-09,9.374649,83.566985,Progress,SYNTHETIC_METADATA
IMG-0901-2,MPLADS-SYN-0901,images/IMG-0901-2.jpg,2026-09-11,9.374717,83.567141,Progress,SYNTHETIC_METADATA
IMG-0902-1,MPLADS-SYN-0902,images/IMG-0902-1.jpg,2026-10-26,8.486159,86.147594,Progress,SYNTHETIC_METADATA
IMG-0902-2,MPLADS-SYN-0902,images/IMG-0902-2.jpg,2026-10-29,8.485655,86.147297,Progress,SYNTHETIC_METADATA
IMG-0903-1,MPLADS-SYN-0903,images/IMG-0903-1.jpg,2026-10-23,15.86394,72.25139,Progress,SYNTHETIC_METADATA
IMG-0903-2,MPLADS-SYN-0903,images/IMG-0903-2.jpg,2026-12-14,15.86422,72.251668,Progress,SYNTHETIC_METADATA
IMG-0904-1,MPLADS-SYN-0904,images/IMG-0904-1.jpg,2026-11-24,19.876151,83.492725,Progress,SYNTHETIC_METADATA
IMG-0904-2,MPLADS-SYN-0904,images/IMG-0904-2.jpg,2026-12-12,19.876003,83.492312,Progress,SYNTHETIC_METADATA
IMG-0905-1,MPLADS-SYN-0905,images/IMG-0905-1.jpg,2026-04-27,28.111206,74.254143,Progress,SYNTHETIC_METADATA
IMG-0905-2,MPLADS-SYN-0905,images/IMG-0905-2.jpg,2026-02-10,28.11046,74.253444,Progress,SYNTHETIC_METADATA
IMG-0906-1,MPLADS-SYN-0906,images/IMG-0906-1.jpg,2026-06-19,22.536504,82.407934,Progress,SYNTHETIC_METADATA
IMG-0906-2,MPLADS-SYN-0906,images/IMG-0906-2.jpg,2026-11-10,22.536209,82.408594,Progress,SYNTHETIC_METADATA
IMG-0907-1,MPLADS-SYN-0907,images/IMG-0907-1.jpg,2026-07-26,19.115654,79.386484,Progress,SYNTHETIC_METADATA
IMG-0907-2,MPLADS-SYN-0907,images/IMG-0907-2.jpg,2026-07-28,19.116268,79.386567,Progress,SYNTHETIC_METADATA
IMG-0908-1,MPLADS-SYN-0908,images/IMG-0908-1.jpg,2026-03-09,19.464432,81.09062,Progress,SYNTHETIC_METADATA
IMG-0908-2,MPLADS-SYN-0908,images/IMG-0908-2.jpg,2026-02-15,19.464167,81.090704,Progress,SYNTHETIC_METADATA
IMG-0909-1,MPLADS-SYN-0909,images/IMG-0909-1.jpg,2026-10-26,11.480005,84.534225,Progress,SYNTHETIC_METADATA
IMG-0909-2,MPLADS-SYN-0909,images/IMG-0909-2.jpg,2026-12-21,11.479859,84.534259,Progress,SYNTHETIC_METADATA
IMG-0910-1,MPLADS-SYN-0910,images/IMG-0910-1.jpg,2026-02-21,15.488916,73.719589,Progress,SYNTHETIC_METADATA
IMG-0910-2,MPLADS-SYN-0910,images/IMG-0910-2.jpg,2026-03-25,15.488209,73.720191,Progress,SYNTHETIC_METADATA
IMG-0911-1,MPLADS-SYN-0911,images/IMG-0911-1.jpg,2026-08-09,13.006575,82.290737,Progress,SYNTHETIC_METADATA
IMG-0911-2,MPLADS-SYN-0911,images/IMG-0911-2.jpg,2026-10-25,13.006313,82.290654,Progress,SYNTHETIC_METADATA
IMG-0912-1,MPLADS-SYN-0912,images/IMG-0912-1.jpg,2026-05-14,12.287099,81.182153,Progress,SYNTHETIC_METADATA
IMG-0912-2,MPLADS-SYN-0912,images/IMG-0912-2.jpg,2026-09-17,12.286509,81.182404,Progress,SYNTHETIC_METADATA
IMG-0913-1,MPLADS-SYN-0913,images/IMG-0913-1.jpg,2026-04-10,9.753228,84.636352,Progress,SYNTHETIC_METADATA
IMG-0913-2,MPLADS-SYN-0913,images/IMG-0913-2.jpg,2026-06-19,9.753093,84.635991,Progress,SYNTHETIC_METADATA
IMG-0914-1,MPLADS-SYN-0914,images/IMG-0914-1.jpg,2026-07-05,22.047171,80.643566,Progress,SYNTHETIC_METADATA
IMG-0914-2,MPLADS-SYN-0914,images/IMG-0914-2.jpg,2026-06-28,22.047345,80.643717,Progress,SYNTHETIC_METADATA
IMG-0915-1,MPLADS-SYN-0915,images/IMG-0915-1.jpg,2026-10-20,25.598658,83.216815,Progress,SYNTHETIC_METADATA
IMG-0915-2,MPLADS-SYN-0915,images/IMG-0915-2.jpg,2026-04-27,25.598416,83.21719,Progress,SYNTHETIC_METADATA
IMG-0916-1,MPLADS-SYN-0916,images/IMG-0916-1.jpg,2026-04-05,20.555977,77.535605,Progress,SYNTHETIC_METADATA
IMG-0916-2,MPLADS-SYN-0916,images/IMG-0916-2.jpg,2026-03-01,20.556252,77.535272,Progress,SYNTHETIC_METADATA
IMG-0917-1,MPLADS-SYN-0917,images/IMG-0917-1.jpg,2026-04-12,11.462751,82.910603,Progress,SYNTHETIC_METADATA
IMG-0917-2,MPLADS-SYN-0917,images/IMG-0917-2.jpg,2026-08-15,11.463275,82.909977,Progress,SYNTHETIC_METADATA
IMG-0918-1,MPLADS-SYN-0918,images/IMG-0918-1.jpg,2026-03-25,18.434506,86.182597,Progress,SYNTHETIC_METADATA
IMG-0918-2,MPLADS-SYN-0918,images/IMG-0918-2.jpg,2026-03-07,18.434459,86.18228,Progress,SYNTHETIC_METADATA
IMG-0919-1,MPLADS-SYN-0919,images/IMG-0919-1.jpg,2026-07-07,24.688346,85.007547,Progress,SYNTHETIC_METADATA
IMG-0919-2,MPLADS-SYN-0919,images/IMG-0919-2.jpg,2026-05-27,24.688537,85.006918,Progress,SYNTHETIC_METADATA
IMG-0920-1,MPLADS-SYN-0920,images/IMG-0920-1.jpg,2026-08-13,14.456315,81.192495,Progress,SYNTHETIC_METADATA
IMG-0920-2,MPLADS-SYN-0920,images/IMG-0920-2.jpg,2026-05-30,14.456368,81.19248,Progress,SYNTHETIC_METADATA
IMG-0921-1,MPLADS-SYN-0921,images/IMG-0921-1.jpg,2026-08-04,12.492274,78.243969,Progress,SYNTHETIC_METADATA
IMG-0921-2,MPLADS-SYN-0921,images/IMG-0921-2.jpg,2026-07-21,12.491637,78.24446,Progress,SYNTHETIC_METADATA
IMG-0922-1,MPLADS-SYN-0922,images/IMG-0922-1.jpg,2027-01-15,27.174468,75.580866,Progress,SYNTHETIC_METADATA
IMG-0922-2,MPLADS-SYN-0922,images/IMG-0922-2.jpg,2026-12-01,27.174239,75.581451,Progress,SYNTHETIC_METADATA
IMG-0923-1,MPLADS-SYN-0923,images/IMG-0923-1.jpg,2026-05-11,9.906619,76.189852,Progress,SYNTHETIC_METADATA
IMG-0923-2,MPLADS-SYN-0923,images/IMG-0923-2.jpg,2026-06-07,9.906612,76.190072,Progress,SYNTHETIC_METADATA
IMG-0924-1,MPLADS-SYN-0924,images/IMG-0924-1.jpg,2026-04-17,8.413698,85.370739,Progress,SYNTHETIC_METADATA
IMG-0924-2,MPLADS-SYN-0924,images/IMG-0924-2.jpg,2026-07-01,8.414077,85.370827,Progress,SYNTHETIC_METADATA
IMG-0925-1,MPLADS-SYN-0925,images/IMG-0925-1.jpg,2026-05-31,25.24066,81.683033,Progress,SYNTHETIC_METADATA
IMG-0925-2,MPLADS-SYN-0925,images/IMG-0925-2.jpg,2026-05-27,25.240361,81.68329,Progress,SYNTHETIC_METADATA
IMG-0926-1,MPLADS-SYN-0926,images/IMG-0926-1.jpg,2026-03-26,9.212148,84.114751,Progress,SYNTHETIC_METADATA
IMG-0926-2,MPLADS-SYN-0926,images/IMG-0926-2.jpg,2026-06-18,9.211942,84.115188,Progress,SYNTHETIC_METADATA
IMG-0927-1,MPLADS-SYN-0927,images/IMG-0927-1.jpg,2026-08-20,22.396252,87.510092,Progress,SYNTHETIC_METADATA
IMG-0927-2,MPLADS-SYN-0927,images/IMG-0927-2.jpg,2026-08-03,22.395901,87.510789,Progress,SYNTHETIC_METADATA
IMG-0928-1,MPLADS-SYN-0928,images/IMG-0928-1.jpg,2026-03-27,18.13159,77.809691,Progress,SYNTHETIC_METADATA
IMG-0928-2,MPLADS-SYN-0928,images/IMG-0928-2.jpg,2026-10-05,18.131095,77.809667,Progress,SYNTHETIC_METADATA
IMG-0929-1,MPLADS-SYN-0929,images/IMG-0929-1.jpg,2026-06-25,14.333829,78.946993,Progress,SYNTHETIC_METADATA
IMG-0929-2,MPLADS-SYN-0929,images/IMG-0929-2.jpg,2026-05-15,14.334396,78.9468,Progress,SYNTHETIC_METADATA
IMG-0930-1,MPLADS-SYN-0930,images/IMG-0930-1.jpg,2026-10-10,12.803114,82.475877,Progress,SYNTHETIC_METADATA
IMG-0930-2,MPLADS-SYN-0930,images/IMG-0930-2.jpg,2026-09-21,12.803666,82.476205,Progress,SYNTHETIC_METADATA
IMG-0931-1,MPLADS-SYN-0931,images/IMG-0931-1.jpg,2026-04-13,8.618369,72.183564,Progress,SYNTHETIC_METADATA
IMG-0931-2,MPLADS-SYN-0931,images/IMG-0931-2.jpg,2026-05-06,8.618121,72.184018,Progress,SYNTHETIC_METADATA
IMG-0932-1,MPLADS-SYN-0932,images/IMG-0932-1.jpg,2026-06-27,25.120121,74.849152,Progress,SYNTHETIC_METADATA
IMG-0932-2,MPLADS-SYN-0932,images/IMG-0932-2.jpg,2026-09-18,25.119313,74.849038,Progress,SYNTHETIC_METADATA
IMG-0933-1,MPLADS-SYN-0933,images/IMG-0933-1.jpg,2026-04-03,9.481902,81.213318,Progress,SYNTHETIC_METADATA
IMG-0933-2,MPLADS-SYN-0933,images/IMG-0933-2.jpg,2026-02-19,9.482025,81.212639,Progress,SYNTHETIC_METADATA
IMG-0934-1,MPLADS-SYN-0934,images/IMG-0934-1.jpg,2026-05-26,24.884044,79.130154,Progress,SYNTHETIC_METADATA
IMG-0934-2,MPLADS-SYN-0934,images/IMG-0934-2.jpg,2026-07-15,24.883904,79.130294,Progress,SYNTHETIC_METADATA
IMG-0935-1,MPLADS-SYN-0935,images/IMG-0935-1.jpg,2026-11-02,24.059982,76.346644,Progress,SYNTHETIC_METADATA
IMG-0935-2,MPLADS-SYN-0935,images/IMG-0935-2.jpg,2026-07-26,24.060564,76.347157,Progress,SYNTHETIC_METADATA
IMG-0936-1,MPLADS-SYN-0936,images/IMG-0936-1.jpg,2026-02-23,22.482075,81.297906,Progress,SYNTHETIC_METADATA
IMG-0936-2,MPLADS-SYN-0936,images/IMG-0936-2.jpg,2026-04-16,22.482426,81.298093,Progress,SYNTHETIC_METADATA
IMG-0937-1,MPLADS-SYN-0937,images/IMG-0937-1.jpg,2026-06-12,21.844275,79.818244,Progress,SYNTHETIC_METADATA
IMG-0937-2,MPLADS-SYN-0937,images/IMG-0937-2.jpg,2026-08-13,21.844447,79.81863,Progress,SYNTHETIC_METADATA
IMG-0938-1,MPLADS-SYN-0938,images/IMG-0938-1.jpg,2026-02-12,9.802811,79.496403,Progress,SYNTHETIC_METADATA
IMG-0938-2,MPLADS-SYN-0938,images/IMG-0938-2.jpg,2026-03-21,9.802506,79.496942,Progress,SYNTHETIC_METADATA
IMG-0939-1,MPLADS-SYN-0939,images/IMG-0939-1.jpg,2026-12-26,17.648959,82.65746,Progress,SYNTHETIC_METADATA
IMG-0939-2,MPLADS-SYN-0939,images/IMG-0939-2.jpg,2026-08-31,17.648997,82.657204,Progress,SYNTHETIC_METADATA
IMG-0940-1,MPLADS-SYN-0940,images/IMG-0940-1.jpg,2026-10-26,8.982172,88.419628,Progress,SYNTHETIC_METADATA
IMG-0940-2,MPLADS-SYN-0940,images/IMG-0940-2.jpg,2026-10-09,8.981727,88.419703,Progress,SYNTHETIC_METADATA
IMG-0941-1,MPLADS-SYN-0941,images/IMG-0941-1.jpg,2026-05-19,14.9772,74.158607,Progress,SYNTHETIC_METADATA
IMG-0941-2,MPLADS-SYN-0941,images/IMG-0941-2.jpg,2026-07-21,14.976945,74.158028,Progress,SYNTHETIC_METADATA
IMG-0942-1,MPLADS-SYN-0942,images/IMG-0942-1.jpg,2026-10-13,27.533679,77.481206,Progress,SYNTHETIC_METADATA
IMG-0942-2,MPLADS-SYN-0942,images/IMG-0942-2.jpg,2026-10-10,27.533193,77.480696,Progress,SYNTHETIC_METADATA
IMG-0943-1,MPLADS-SYN-0943,images/IMG-0943-1.jpg,2026-02-27,10.012295,83.505537,Progress,SYNTHETIC_METADATA
IMG-0943-2,MPLADS-SYN-0943,images/IMG-0943-2.jpg,2026-03-17,10.012529,83.505671,Progress,SYNTHETIC_METADATA
IMG-0944-1,MPLADS-SYN-0944,images/IMG-0944-1.jpg,2026-07-21,21.377064,86.266401,Progress,SYNTHETIC_METADATA
IMG-0944-2,MPLADS-SYN-0944,images/IMG-0944-2.jpg,2026-07-29,21.377377,86.266219,Progress,SYNTHETIC_METADATA
IMG-0945-1,MPLADS-SYN-0945,images/IMG-0945-1.jpg,2026-06-01,17.867896,76.359252,Progress,SYNTHETIC_METADATA
IMG-0945-2,MPLADS-SYN-0945,images/IMG-0945-2.jpg,2026-09-05,17.868459,76.359297,Progress,SYNTHETIC_METADATA
IMG-0946-1,MPLADS-SYN-0946,images/IMG-0946-1.jpg,2026-06-26,22.116111,82.765105,Progress,SYNTHETIC_METADATA
IMG-0946-2,MPLADS-SYN-0946,images/IMG-0946-2.jpg,2026-04-20,22.115308,82.765672,Progress,SYNTHETIC_METADATA
IMG-0947-1,MPLADS-SYN-0947,images/IMG-0947-1.jpg,2026-06-29,10.974226,87.272332,Progress,SYNTHETIC_METADATA
IMG-0947-2,MPLADS-SYN-0947,images/IMG-0947-2.jpg,2026-05-08,10.97435,87.272052,Progress,SYNTHETIC_METADATA
IMG-0948-1,MPLADS-SYN-0948,images/IMG-0948-1.jpg,2026-02-02,20.050408,81.985309,Progress,SYNTHETIC_METADATA
IMG-0948-2,MPLADS-SYN-0948,images/IMG-0948-2.jpg,2026-01-31,20.050241,81.98474,Progress,SYNTHETIC_METADATA
IMG-0949-1,MPLADS-SYN-0949,images/IMG-0949-1.jpg,2026-06-15,14.887957,81.900565,Progress,SYNTHETIC_METADATA
IMG-0949-2,MPLADS-SYN-0949,images/IMG-0949-2.jpg,2026-05-29,14.888156,81.900261,Progress,SYNTHETIC_METADATA
IMG-0950-1,MPLADS-SYN-0950,images/IMG-0950-1.jpg,2026-08-28,13.67835,77.939194,Progress,SYNTHETIC_METADATA
IMG-0950-2,MPLADS-SYN-0950,images/IMG-0950-2.jpg,2026-08-25,13.678143,77.939098,Progress,SYNTHETIC_METADATA
IMG-0951-1,MPLADS-SYN-0951,images/IMG-0951-1.jpg,2026-09-04,27.807087,76.185155,Progress,SYNTHETIC_METADATA
IMG-0951-2,MPLADS-SYN-0951,images/IMG-0951-2.jpg,2026-08-11,27.80693,76.18472,Progress,SYNTHETIC_METADATA
IMG-0952-1,MPLADS-SYN-0952,images/IMG-0952-1.jpg,2026-10-06,14.62409,74.715797,Progress,SYNTHETIC_METADATA
IMG-0952-2,MPLADS-SYN-0952,images/IMG-0952-2.jpg,2026-11-19,14.624453,74.715542,Progress,SYNTHETIC_METADATA
IMG-0953-1,MPLADS-SYN-0953,images/IMG-0953-1.jpg,2026-07-23,15.479176,82.130698,Progress,SYNTHETIC_METADATA
IMG-0953-2,MPLADS-SYN-0953,images/IMG-0953-2.jpg,2026-08-12,15.478851,82.130603,Progress,SYNTHETIC_METADATA
IMG-0954-1,MPLADS-SYN-0954,images/IMG-0954-1.jpg,2026-03-22,19.536891,80.565598,Progress,SYNTHETIC_METADATA
IMG-0954-2,MPLADS-SYN-0954,images/IMG-0954-2.jpg,2026-04-28,19.536704,80.565607,Progress,SYNTHETIC_METADATA
IMG-0955-1,MPLADS-SYN-0955,images/IMG-0955-1.jpg,2026-09-16,25.984235,75.213441,Progress,SYNTHETIC_METADATA
IMG-0955-2,MPLADS-SYN-0955,images/IMG-0955-2.jpg,2026-10-30,25.984294,75.213107,Progress,SYNTHETIC_METADATA
IMG-0956-1,MPLADS-SYN-0956,images/IMG-0956-1.jpg,2026-12-10,24.214746,84.441893,Progress,SYNTHETIC_METADATA
IMG-0956-2,MPLADS-SYN-0956,images/IMG-0956-2.jpg,2026-12-15,24.214565,84.442409,Progress,SYNTHETIC_METADATA
IMG-0957-1,MPLADS-SYN-0957,images/IMG-0957-1.jpg,2026-10-22,18.266238,72.118014,Progress,SYNTHETIC_METADATA
IMG-0957-2,MPLADS-SYN-0957,images/IMG-0957-2.jpg,2026-09-26,18.266375,72.118187,Progress,SYNTHETIC_METADATA
IMG-0958-1,MPLADS-SYN-0958,images/IMG-0958-1.jpg,2026-10-14,27.358844,87.458067,Progress,SYNTHETIC_METADATA
IMG-0958-2,MPLADS-SYN-0958,images/IMG-0958-2.jpg,2026-09-29,27.359031,87.458534,Progress,SYNTHETIC_METADATA
IMG-0959-1,MPLADS-SYN-0959,images/IMG-0959-1.jpg,2026-07-12,14.887558,78.826643,Progress,SYNTHETIC_METADATA
IMG-0959-2,MPLADS-SYN-0959,images/IMG-0959-2.jpg,2026-03-19,14.887082,78.827538,Progress,SYNTHETIC_METADATA
IMG-0960-1,MPLADS-SYN-0960,images/IMG-0960-1.jpg,2026-10-05,10.396956,78.253067,Progress,SYNTHETIC_METADATA
IMG-0960-2,MPLADS-SYN-0960,images/IMG-0960-2.jpg,2026-12-12,10.3977,78.25316,Progress,SYNTHETIC_METADATA
IMG-0961-1,MPLADS-SYN-0961,images/IMG-0961-1.jpg,2026-06-30,22.268513,86.778189,Progress,SYNTHETIC_METADATA
IMG-0961-2,MPLADS-SYN-0961,images/IMG-0961-2.jpg,2026-08-26,22.2681,86.778051,Progress,SYNTHETIC_METADATA
IMG-0962-1,MPLADS-SYN-0962,images/IMG-0962-1.jpg,2026-08-17,14.481522,76.976079,Progress,SYNTHETIC_METADATA
IMG-0962-2,MPLADS-SYN-0962,images/IMG-0962-2.jpg,2026-11-04,14.481526,76.975906,Progress,SYNTHETIC_METADATA
IMG-0963-1,MPLADS-SYN-0963,images/IMG-0963-1.jpg,2026-05-23,16.24986,80.259944,Progress,SYNTHETIC_METADATA
IMG-0963-2,MPLADS-SYN-0963,images/IMG-0963-2.jpg,2026-06-02,16.249449,80.259312,Progress,SYNTHETIC_METADATA
IMG-0964-1,MPLADS-SYN-0964,images/IMG-0964-1.jpg,2027-01-24,20.973856,81.893236,Progress,SYNTHETIC_METADATA
IMG-0964-2,MPLADS-SYN-0964,images/IMG-0964-2.jpg,2026-12-26,20.974183,81.8931,Progress,SYNTHETIC_METADATA
IMG-0965-1,MPLADS-SYN-0965,images/IMG-0965-1.jpg,2026-06-22,10.541244,77.812646,Progress,SYNTHETIC_METADATA
IMG-0965-2,MPLADS-SYN-0965,images/IMG-0965-2.jpg,2026-07-27,10.541333,77.812654,Progress,SYNTHETIC_METADATA
IMG-0966-1,MPLADS-SYN-0966,images/IMG-0966-1.jpg,2026-03-22,26.914961,83.502472,Progress,SYNTHETIC_METADATA
IMG-0966-2,MPLADS-SYN-0966,images/IMG-0966-2.jpg,2026-03-02,26.914479,83.502656,Progress,SYNTHETIC_METADATA
IMG-0967-1,MPLADS-SYN-0967,images/IMG-0967-1.jpg,2027-04-08,14.031172,83.318875,Progress,SYNTHETIC_METADATA
IMG-0967-2,MPLADS-SYN-0967,images/IMG-0967-2.jpg,2026-08-31,14.031407,83.318727,Progress,SYNTHETIC_METADATA
IMG-0968-1,MPLADS-SYN-0968,images/IMG-0968-1.jpg,2026-03-22,27.298993,84.013531,Progress,SYNTHETIC_METADATA
IMG-0968-2,MPLADS-SYN-0968,images/IMG-0968-2.jpg,2026-03-21,27.298154,84.013329,Progress,SYNTHETIC_METADATA
IMG-0969-1,MPLADS-SYN-0969,images/IMG-0969-1.jpg,2026-05-15,13.938956,72.624445,Progress,SYNTHETIC_METADATA
IMG-0969-2,MPLADS-SYN-0969,images/IMG-0969-2.jpg,2026-07-21,13.939293,72.625256,Progress,SYNTHETIC_METADATA
IMG-0970-1,MPLADS-SYN-0970,images/IMG-0970-1.jpg,2026-07-13,21.173023,75.03459,Progress,SYNTHETIC_METADATA
IMG-0970-2,MPLADS-SYN-0970,images/IMG-0970-2.jpg,2026-02-22,21.17247,75.035225,Progress,SYNTHETIC_METADATA
IMG-0971-1,MPLADS-SYN-0971,images/IMG-0971-1.jpg,2026-05-08,18.529907,77.384656,Progress,SYNTHETIC_METADATA
IMG-0971-2,MPLADS-SYN-0971,images/IMG-0971-2.jpg,2026-06-11,18.530322,77.38522,Progress,SYNTHETIC_METADATA
IMG-0972-1,MPLADS-SYN-0972,images/IMG-0972-1.jpg,2026-03-25,14.381309,81.902186,Progress,SYNTHETIC_METADATA
IMG-0972-2,MPLADS-SYN-0972,images/IMG-0972-2.jpg,2026-08-04,14.381744,81.902835,Progress,SYNTHETIC_METADATA
IMG-0973-1,MPLADS-SYN-0973,images/IMG-0973-1.jpg,2026-06-03,15.68247,78.940598,Progress,SYNTHETIC_METADATA
IMG-0973-2,MPLADS-SYN-0973,images/IMG-0973-2.jpg,2026-05-14,15.682188,78.939755,Progress,SYNTHETIC_METADATA
IMG-0974-1,MPLADS-SYN-0974,images/IMG-0974-1.jpg,2026-03-25,10.481918,85.099943,Progress,SYNTHETIC_METADATA
IMG-0974-2,MPLADS-SYN-0974,images/IMG-0974-2.jpg,2026-03-25,10.482208,85.099707,Progress,SYNTHETIC_METADATA
IMG-0975-1,MPLADS-SYN-0975,images/IMG-0975-1.jpg,2026-06-02,16.680467,74.78118,Progress,SYNTHETIC_METADATA
IMG-0975-2,MPLADS-SYN-0975,images/IMG-0975-2.jpg,2026-06-03,16.680438,74.780984,Progress,SYNTHETIC_METADATA
IMG-0976-1,MPLADS-SYN-0976,images/IMG-0976-1.jpg,2026-02-18,13.289886,83.934268,Progress,SYNTHETIC_METADATA
IMG-0976-2,MPLADS-SYN-0976,images/IMG-0976-2.jpg,2026-03-05,13.290344,83.935056,Progress,SYNTHETIC_METADATA
IMG-0977-1,MPLADS-SYN-0977,images/IMG-0977-1.jpg,2026-06-06,10.122392,74.07488,Progress,SYNTHETIC_METADATA
IMG-0977-2,MPLADS-SYN-0977,images/IMG-0977-2.jpg,2026-09-20,10.12213,74.074044,Progress,SYNTHETIC_METADATA
IMG-0978-1,MPLADS-SYN-0978,images/IMG-0978-1.jpg,2026-04-06,25.991584,82.871179,Progress,SYNTHETIC_METADATA
IMG-0978-2,MPLADS-SYN-0978,images/IMG-0978-2.jpg,2026-03-12,25.991426,82.871424,Progress,SYNTHETIC_METADATA
IMG-0979-1,MPLADS-SYN-0979,images/IMG-0979-1.jpg,2026-07-27,22.166605,75.517488,Progress,SYNTHETIC_METADATA
IMG-0979-2,MPLADS-SYN-0979,images/IMG-0979-2.jpg,2026-09-25,22.166295,75.517848,Progress,SYNTHETIC_METADATA
IMG-0980-1,MPLADS-SYN-0980,images/IMG-0980-1.jpg,2026-04-29,15.607966,82.797584,Progress,SYNTHETIC_METADATA
IMG-0980-2,MPLADS-SYN-0980,images/IMG-0980-2.jpg,2026-06-25,15.60802,82.797411,Progress,SYNTHETIC_METADATA
IMG-0981-1,MPLADS-SYN-0981,images/IMG-0981-1.jpg,2026-07-10,20.279054,79.971249,Progress,SYNTHETIC_METADATA
IMG-0981-2,MPLADS-SYN-0981,images/IMG-0981-2.jpg,2026-12-10,20.279071,79.971317,Progress,SYNTHETIC_METADATA
IMG-0982-1,MPLADS-SYN-0982,images/IMG-0982-1.jpg,2026-05-12,21.45032,78.49688,Progress,SYNTHETIC_METADATA
IMG-0982-2,MPLADS-SYN-0982,images/IMG-0982-2.jpg,2026-02-22,21.451103,78.496681,Progress,SYNTHETIC_METADATA
IMG-0983-1,MPLADS-SYN-0983,images/IMG-0983-1.jpg,2026-09-25,21.336167,75.837002,Progress,SYNTHETIC_METADATA
IMG-0983-2,MPLADS-SYN-0983,images/IMG-0983-2.jpg,2026-11-04,21.336748,75.836134,Progress,SYNTHETIC_METADATA
IMG-0984-1,MPLADS-SYN-0984,images/IMG-0984-1.jpg,2026-06-07,11.73364,75.479381,Progress,SYNTHETIC_METADATA
IMG-0984-2,MPLADS-SYN-0984,images/IMG-0984-2.jpg,2026-05-01,11.733445,75.478876,Progress,SYNTHETIC_METADATA
IMG-0985-1,MPLADS-SYN-0985,images/IMG-0985-1.jpg,2026-04-21,25.549717,86.955205,Progress,SYNTHETIC_METADATA
IMG-0985-2,MPLADS-SYN-0985,images/IMG-0985-2.jpg,2026-04-14,25.550017,86.955201,Progress,SYNTHETIC_METADATA
IMG-0986-1,MPLADS-SYN-0986,images/IMG-0986-1.jpg,2026-05-08,9.385597,73.761048,Progress,SYNTHETIC_METADATA
IMG-0986-2,MPLADS-SYN-0986,images/IMG-0986-2.jpg,2026-04-17,9.385737,73.760646,Progress,SYNTHETIC_METADATA
IMG-0987-1,MPLADS-SYN-0987,images/IMG-0987-1.jpg,2026-09-01,10.668057,75.374043,Progress,SYNTHETIC_METADATA
IMG-0987-2,MPLADS-SYN-0987,images/IMG-0987-2.jpg,2027-01-10,10.668904,75.373375,Progress,SYNTHETIC_METADATA
IMG-0988-1,MPLADS-SYN-0988,images/IMG-0988-1.jpg,2026-08-28,16.233052,84.631093,Progress,SYNTHETIC_METADATA
IMG-0988-2,MPLADS-SYN-0988,images/IMG-0988-2.jpg,2026-10-03,16.232565,84.631716,Progress,SYNTHETIC_METADATA
IMG-0989-1,MPLADS-SYN-0989,images/IMG-0989-1.jpg,2026-04-16,18.605399,72.744099,Progress,SYNTHETIC_METADATA
IMG-0989-2,MPLADS-SYN-0989,images/IMG-0989-2.jpg,2026-03-23,18.60576,72.744297,Progress,SYNTHETIC_METADATA
IMG-0990-1,MPLADS-SYN-0990,images/IMG-0990-1.jpg,2026-10-09,17.771647,85.41001,Progress,SYNTHETIC_METADATA
IMG-0990-2,MPLADS-SYN-0990,images/IMG-0990-2.jpg,2026-09-05,17.772485,85.409782,Progress,SYNTHETIC_METADATA
IMG-0991-1,MPLADS-SYN-0991,images/IMG-0991-1.jpg,2026-04-27,21.242795,85.181435,Progress,SYNTHETIC_METADATA
IMG-0991-2,MPLADS-SYN-0991,images/IMG-0991-2.jpg,2026-05-16,21.243077,85.181575,Progress,SYNTHETIC_METADATA
IMG-0992-1,MPLADS-SYN-0992,images/IMG-0992-1.jpg,2026-06-03,14.482985,78.963693,Progress,SYNTHETIC_METADATA
IMG-0992-2,MPLADS-SYN-0992,images/IMG-0992-2.jpg,2026-03-22,14.483184,78.964193,Progress,SYNTHETIC_METADATA
IMG-0993-1,MPLADS-SYN-0993,images/IMG-0993-1.jpg,2026-08-24,27.898307,82.91166,Progress,SYNTHETIC_METADATA
IMG-0993-2,MPLADS-SYN-0993,images/IMG-0993-2.jpg,2026-10-25,27.898449,82.911196,Progress,SYNTHETIC_METADATA
IMG-0994-1,MPLADS-SYN-0994,images/IMG-0994-1.jpg,2026-05-17,20.970404,76.485525,Progress,SYNTHETIC_METADATA
IMG-0994-2,MPLADS-SYN-0994,images/IMG-0994-2.jpg,2026-05-02,20.970834,76.485605,Progress,SYNTHETIC_METADATA
IMG-0995-1,MPLADS-SYN-0995,images/IMG-0995-1.jpg,2026-03-14,11.034685,73.839991,Progress,SYNTHETIC_METADATA
IMG-0995-2,MPLADS-SYN-0995,images/IMG-0995-2.jpg,2026-05-06,11.033835,73.840289,Progress,SYNTHETIC_METADATA
IMG-0996-1,MPLADS-SYN-0996,images/IMG-0996-1.jpg,2026-10-05,12.357913,86.70196,Progress,SYNTHETIC_METADATA
IMG-0996-2,MPLADS-SYN-0996,images/IMG-0996-2.jpg,2026-09-02,12.35787,86.702011,Progress,SYNTHETIC_METADATA
IMG-0997-1,MPLADS-SYN-0997,images/IMG-0997-1.jpg,2027-03-29,12.961187,77.581737,Progress,SYNTHETIC_METADATA
IMG-0997-2,MPLADS-SYN-0997,images/IMG-0997-2.jpg,2026-12-07,12.961846,77.580879,Progress,SYNTHETIC_METADATA
IMG-0998-1,MPLADS-SYN-0998,images/IMG-0998-1.jpg,2026-07-09,25.940069,76.359527,Progress,SYNTHETIC_METADATA
IMG-0998-2,MPLADS-SYN-0998,images/IMG-0998-2.jpg,2026-08-27,25.94021,76.359702,Progress,SYNTHETIC_METADATA
IMG-0999-1,MPLADS-SYN-0999,images/IMG-0999-1.jpg,2026-01-11,15.147595,82.115188,Progress,SYNTHETIC_METADATA
IMG-0999-2,MPLADS-SYN-0999,images/IMG-0999-2.jpg,2026-06-07,15.148144,82.115717,Progress,SYNTHETIC_METADATA
IMG-1000-1,MPLADS-SYN-1000,images/IMG-1000-1.jpg,2026-08-21,28.314222,80.949623,Progress,SYNTHETIC_METADATA
IMG-1000-2,MPLADS-SYN-1000,images/IMG-1000-2.jpg,2026-08-23,28.31372,80.949567,Progress,SYNTHETIC_METADATA
